,week,intercept,coef_Week,coef_high_score,coef_average,coef_score_1,coef_score_2,coef_score_3,coef_Event_BB,coef_Event_FX,coef_Event_UB,coef_Event_VT
0,5,4.411254745350968,0.07339353095944326,0.06651419732008476,-0.5941415449633666,0.3993991577210718,0.3169385730969784,0.32996055168315785,-0.006074041007199171,0.001362435692022312,-0.0188130163683486,0.02352462168352537
1,6,4.783759593055559,-0.00183030218615062,0.28438918433959515,-0.034319561294716576,0.10923720016598622,0.08199364354546658,0.06756094524476106,-0.00774769688074295,0.0076074323479400794,-0.011790941760515585,0.011931206293318545
2,7,3.55091998403032,0.0017870704854145386,0.3727472781769924,0.29805015997323014,0.026080009988760318,-0.012033147176483912,-0.05198418088020114,-0.013978752518238024,0.010625116602494863,-0.006965431697565388,0.010319067613307673
3,8,3.248898320894482,-0.0033139805694948816,0.3901109173613265,0.3951686454296926,-0.008279857729001364,-0.053767936521861084,-0.05692359559675496,-0.021170002250324685,0.018102234731167323,-0.010378688792527976,0.013446456311685237
4,9,2.8947785169642906,-0.0029846161864407216,0.4647469078843057,0.30063861777714723,0.0008386579557875607,-0.03175304646574808,-0.03278127148787313,-0.022254756923011085,0.012351630496980084,-0.0078682155505607,0.017771341976592046
5,10,2.7019903327110697,-0.0015913780541186077,0.47547445157925095,0.308808359888133,0.009410310191662602,-0.042452996495652116,-0.030702176384647343,-0.023992038971210702,0.011264441621951799,-0.0034843230360064098,0.01621192038526771
