Date,Opponent,VT,UB,BB,FX,AA,HomeAway,Team,GymnastID,Name
"Sun, Jan-23-2022",Centenary College,,9.1500,,,,A,Air Force,30177,Grace Bardes
"Fri, Jan-28-2022",Alaska,,9.5500,,,,H,Air Force,30177,Grace Bardes
"Sun, Jan-30-2022","Alaska, UC Davis",,9.5000,,,,H,Air Force,30177,Grace Bardes
"Fri, Feb-04-2022",Sacramento State,,9.6750,,,,A,Air Force,30177,Grace Bardes
"Fri, Feb-11-2022",San Jose State,,8.8750,,,,A,Air Force,30177,Grace Bardes
"Sun, Feb-20-2022","Alaska, Texas Woman's, UC Davis",,9.6500,,,,A,Air Force,30177,Grace Bardes
"Fri, Feb-25-2022",Sacramento State,,9.6250,,,,H,Air Force,30177,Grace Bardes
"Sun, Feb-27-2022",Denver,,9.6750,,,,A,Air Force,30177,Grace Bardes
"Fri, Mar-04-2022",San Jose State,,9.8000,,,,H,Air Force,30177,Grace Bardes
"Sun, Mar-06-2022","Oklahoma, S.E. Missouri, Texas Woman's",,9.7250,,,,A,Air Force,30177,Grace Bardes
"Fri, Mar-11-2022",Alaska,,9.5000,,,,A,Air Force,30177,Grace Bardes
"Sat, Mar-19-2022","Alaska, Sacramento State, San Jose State, UC Davis",,9.6000,,,,A,Air Force,30177,Grace Bardes
"Fri, Apr-08-2022",,,9.6000,,,,A,Air Force,30177,Grace Bardes
"Sat, Apr-09-2022",,,8.9000,,,,A,Air Force,30177,Grace Bardes
"Fri, Jan-14-2022",Utah State,9.5500,9.4250,,,,A,Air Force,31652,Amber Boll
"Sun, Jan-23-2022",Centenary College,9.6000,9.6250,,,,A,Air Force,31652,Amber Boll
"Fri, Jan-28-2022",Alaska,9.6500,9.8000,9.1250,,,H,Air Force,31652,Amber Boll
"Sun, Jan-30-2022","Alaska, UC Davis",9.3750,9.8750,,,,H,Air Force,31652,Amber Boll
"Fri, Feb-04-2022",Sacramento State,,9.6500,,,,A,Air Force,31652,Amber Boll
"Fri, Feb-11-2022",San Jose State,9.5000,9.8250,,,,A,Air Force,31652,Amber Boll
"Sun, Feb-20-2022","Alaska, Texas Woman's, UC Davis",9.7500,9.2250,9.2000,,,A,Air Force,31652,Amber Boll
"Fri, Feb-25-2022",Sacramento State,9.7250,9.7500,,,,H,Air Force,31652,Amber Boll
"Sun, Feb-27-2022",Denver,9.8000,9.7750,,,,A,Air Force,31652,Amber Boll
"Fri, Mar-04-2022",San Jose State,9.5750,9.8500,9.8250,,,H,Air Force,31652,Amber Boll
"Sun, Mar-06-2022","Oklahoma, S.E. Missouri, Texas Woman's",9.7750,9.7000,9.6750,,,A,Air Force,31652,Amber Boll
"Fri, Mar-11-2022",Alaska,9.7750,9.5500,9.5500,,,A,Air Force,31652,Amber Boll
"Fri, Apr-08-2022",,9.8000,9.7000,,,,A,Air Force,31652,Amber Boll
"Sat, Apr-09-2022",,9.7500,9.8000,,,,A,Air Force,31652,Amber Boll
"Sun, Apr-10-2022",,9.6000,,,,,A,Air Force,31652,Amber Boll
"Fri, Jan-14-2022",Utah State,9.5500,,9.1750,9.6750,,A,Air Force,31653,Velandra Brochi
"Sun, Jan-23-2022",Centenary College,9.7750,,9.4500,9.7250,,A,Air Force,31653,Velandra Brochi
"Fri, Jan-28-2022",Alaska,9.6500,,,9.6750,,H,Air Force,31653,Velandra Brochi
"Sun, Jan-30-2022","Alaska, UC Davis",9.6250,,9.6750,9.8750,,H,Air Force,31653,Velandra Brochi
"Fri, Feb-04-2022",Sacramento State,9.6750,,9.8000,9.7750,,A,Air Force,31653,Velandra Brochi
"Fri, Feb-11-2022",San Jose State,9.4250,9.2000,9.8500,9.6500,38.1250,A,Air Force,31653,Velandra Brochi
"Sun, Feb-20-2022","Alaska, Texas Woman's, UC Davis",9.6750,9.6000,9.7500,9.6250,38.6500,A,Air Force,31653,Velandra Brochi
"Fri, Feb-25-2022",Sacramento State,9.6500,9.7000,9.6500,,,H,Air Force,31653,Velandra Brochi
"Sun, Feb-27-2022",Denver,9.7500,9.6500,9.6750,9.7250,38.8000,A,Air Force,31653,Velandra Brochi
"Fri, Mar-04-2022",San Jose State,9.6250,9.7750,9.8000,9.7750,38.9750,H,Air Force,31653,Velandra Brochi
"Sun, Mar-06-2022","Oklahoma, S.E. Missouri, Texas Woman's",9.7750,9.8000,9.7500,9.6750,39.0000,A,Air Force,31653,Velandra Brochi
"Fri, Mar-11-2022",Alaska,9.7000,9.7750,9.7250,9.7000,38.9000,A,Air Force,31653,Velandra Brochi
"Sat, Mar-19-2022","Alaska, Sacramento State, San Jose State, UC Davis",9.6750,9.7000,9.6250,,,A,Air Force,31653,Velandra Brochi
"Fri, Apr-08-2022",,9.7250,9.6000,9.6500,9.8000,38.7750,A,Air Force,31653,Velandra Brochi
"Sat, Apr-09-2022",,9.7500,9.7500,9.7750,9.7500,39.0250,A,Air Force,31653,Velandra Brochi
"Fri, Jan-14-2022",Utah State,,,9.7000,,,A,Air Force,30178,Pixie Brock
"Fri, Jan-14-2022",Utah State,,,9.7500,,,A,Air Force,30582,Briona Carswell
"Fri, Jan-28-2022",Alaska,,,9.8000,,,H,Air Force,30582,Briona Carswell
"Sun, Jan-30-2022","Alaska, UC Davis",,,9.6750,9.9000,,H,Air Force,30582,Briona Carswell
"Fri, Feb-04-2022",Sacramento State,,,9.8500,9.6000,,A,Air Force,30582,Briona Carswell
"Fri, Feb-11-2022",San Jose State,,,9.8500,9.8000,,A,Air Force,30582,Briona Carswell
"Sun, Feb-20-2022","Alaska, Texas Woman's, UC Davis",,,9.8250,9.7250,,A,Air Force,30582,Briona Carswell
"Fri, Feb-25-2022",Sacramento State,,,9.2250,9.6000,,H,Air Force,30582,Briona Carswell
"Sun, Feb-27-2022",Denver,,,9.6750,,,A,Air Force,30582,Briona Carswell
"Sat, Mar-19-2022","Alaska, Sacramento State, San Jose State, UC Davis",,,9.8250,9.7500,,A,Air Force,30582,Briona Carswell
"Fri, Apr-08-2022",,,,9.7500,,,A,Air Force,30582,Briona Carswell
"Sat, Apr-09-2022",,,,9.9000,,,A,Air Force,30582,Briona Carswell
"Fri, Jan-14-2022",Utah State,9.0750,,,,,A,Air Force,31657,Madeline Kinsey
"Sun, Jan-30-2022","Alaska, UC Davis",9.5500,,,,,H,Air Force,31657,Madeline Kinsey
"Fri, Feb-04-2022",Sacramento State,9.5750,,,,,A,Air Force,31657,Madeline Kinsey
"Fri, Feb-25-2022",Sacramento State,9.3750,,,,,H,Air Force,31657,Madeline Kinsey
"Fri, Mar-11-2022",Alaska,,,,8.7500,,A,Air Force,31657,Madeline Kinsey
"Fri, Jan-14-2022",Utah State,9.7500,9.6250,,9.7000,,A,Air Force,31658,Ayla McKean
"Sun, Jan-23-2022",Centenary College,9.7250,9.7500,9.5000,9.5250,38.5000,A,Air Force,31658,Ayla McKean
"Fri, Jan-28-2022",Alaska,9.6750,9.8250,9.7750,9.8250,39.1000,H,Air Force,31658,Ayla McKean
"Sun, Jan-30-2022","Alaska, UC Davis",9.7500,9.8000,8.9750,9.8500,38.3750,H,Air Force,31658,Ayla McKean
"Fri, Feb-04-2022",Sacramento State,9.6750,9.7500,9.8750,9.8000,39.1000,A,Air Force,31658,Ayla McKean
"Fri, Feb-11-2022",San Jose State,9.6250,9.7750,9.2250,9.8000,38.4250,A,Air Force,31658,Ayla McKean
"Sun, Feb-20-2022","Alaska, Texas Woman's, UC Davis",9.8000,9.7000,9.6750,9.8750,39.0500,A,Air Force,31658,Ayla McKean
"Fri, Feb-25-2022",Sacramento State,9.7500,9.8000,9.0750,9.7250,38.3500,H,Air Force,31658,Ayla McKean
"Sun, Feb-27-2022",Denver,9.8250,9.7250,9.6500,9.7250,38.9250,A,Air Force,31658,Ayla McKean
"Fri, Mar-04-2022",San Jose State,9.7250,9.7500,9.7750,9.8000,39.0500,H,Air Force,31658,Ayla McKean
"Sun, Mar-06-2022","Oklahoma, S.E. Missouri, Texas Woman's",9.8000,9.8500,9.7500,9.7500,39.1500,A,Air Force,31658,Ayla McKean
"Fri, Mar-11-2022",Alaska,9.7500,9.8250,9.6750,9.6500,38.9000,A,Air Force,31658,Ayla McKean
"Sat, Mar-19-2022","Alaska, Sacramento State, San Jose State, UC Davis",9.5750,9.7750,9.7500,9.7250,38.8250,A,Air Force,31658,Ayla McKean
"Fri, Apr-08-2022",,9.4750,9.6500,9.7500,9.7750,38.6500,A,Air Force,31658,Ayla McKean
"Sat, Apr-09-2022",,9.7500,9.8000,9.7750,9.7750,39.1000,A,Air Force,31658,Ayla McKean
"Fri, Feb-04-2022",Sacramento State,9.1250,,,,,A,Air Force,31659,Gabriella Meccia
"Sun, Feb-20-2022","Alaska, Texas Woman's, UC Davis",9.6750,,,,,A,Air Force,31659,Gabriella Meccia
"Fri, Feb-25-2022",Sacramento State,9.7250,,,,,H,Air Force,31659,Gabriella Meccia
"Sun, Feb-27-2022",Denver,9.7500,,,,,A,Air Force,31659,Gabriella Meccia
"Fri, Mar-04-2022",San Jose State,9.7000,,,,,H,Air Force,31659,Gabriella Meccia
"Sun, Mar-06-2022","Oklahoma, S.E. Missouri, Texas Woman's",9.7000,,,,,A,Air Force,31659,Gabriella Meccia
"Fri, Mar-11-2022",Alaska,9.5000,,,,,A,Air Force,31659,Gabriella Meccia
"Fri, Apr-08-2022",,9.7500,,,,,A,Air Force,31659,Gabriella Meccia
"Sat, Apr-09-2022",,9.4500,,,,,A,Air Force,31659,Gabriella Meccia
"Fri, Jan-14-2022",Utah State,,,,9.6000,,A,Air Force,30182,Natalie Meyer
"Sun, Jan-23-2022",Centenary College,9.5250,,,8.9750,,A,Air Force,30182,Natalie Meyer
"Fri, Jan-28-2022",Alaska,,,,8.6000,,H,Air Force,30182,Natalie Meyer
"Fri, Feb-25-2022",Sacramento State,,,,9.7000,,H,Air Force,30182,Natalie Meyer
"Sun, Feb-27-2022",Denver,,,,9.7000,,A,Air Force,30182,Natalie Meyer
"Fri, Mar-04-2022",San Jose State,,,,9.8000,,H,Air Force,30182,Natalie Meyer
"Sun, Mar-06-2022","Oklahoma, S.E. Missouri, Texas Woman's",,,,9.7750,,A,Air Force,30182,Natalie Meyer
"Fri, Mar-11-2022",Alaska,,,,9.7250,,A,Air Force,30182,Natalie Meyer
"Sat, Mar-19-2022","Alaska, Sacramento State, San Jose State, UC Davis",,,,9.6000,,A,Air Force,30182,Natalie Meyer
"Fri, Apr-08-2022",,,,,9.4750,,A,Air Force,30182,Natalie Meyer
"Sat, Apr-09-2022",,,,,9.4250,,A,Air Force,30182,Natalie Meyer
"Fri, Jan-14-2022",Utah State,9.5750,9.0750,,,,A,Air Force,30800,Grace Nelson
"Sun, Jan-23-2022",Centenary College,,8.8750,,,,A,Air Force,30800,Grace Nelson
"Fri, Jan-28-2022",Alaska,9.5000,9.6000,,,,H,Air Force,30800,Grace Nelson
"Sun, Jan-30-2022","Alaska, UC Davis",9.6750,9.8000,,,,H,Air Force,30800,Grace Nelson
"Fri, Feb-04-2022",Sacramento State,9.0250,9.5250,,,,A,Air Force,30800,Grace Nelson
"Fri, Feb-11-2022",San Jose State,9.6250,9.6000,,,,A,Air Force,30800,Grace Nelson
"Sun, Feb-20-2022","Alaska, Texas Woman's, UC Davis",8.9000,8.9250,,,,A,Air Force,30800,Grace Nelson
"Fri, Feb-25-2022",Sacramento State,,9.1500,,,,H,Air Force,30800,Grace Nelson
"Sun, Feb-27-2022",Denver,,9.7250,,,,A,Air Force,30800,Grace Nelson
"Fri, Mar-04-2022",San Jose State,,9.8250,,,,H,Air Force,30800,Grace Nelson
"Sun, Mar-06-2022","Oklahoma, S.E. Missouri, Texas Woman's",,9.7250,,,,A,Air Force,30800,Grace Nelson
"Fri, Mar-11-2022",Alaska,,8.9500,,,,A,Air Force,30800,Grace Nelson
"Sat, Mar-19-2022","Alaska, Sacramento State, San Jose State, UC Davis",9.5500,9.5250,,,,A,Air Force,30800,Grace Nelson
"Fri, Apr-08-2022",,,8.7750,,,,A,Air Force,30800,Grace Nelson
"Fri, Jan-14-2022",Utah State,9.5000,9.6500,9.8000,9.5250,38.4750,A,Air Force,31661,Genevieve Sabado
"Sun, Jan-23-2022",Centenary College,9.5000,9.8000,9.7000,9.8250,38.8250,A,Air Force,31661,Genevieve Sabado
"Fri, Jan-28-2022",Alaska,9.6250,9.7000,9.8500,9.7250,38.9000,H,Air Force,31661,Genevieve Sabado
"Sun, Jan-30-2022","Alaska, UC Davis",9.6000,9.7250,9.7000,9.8000,38.8250,H,Air Force,31661,Genevieve Sabado
"Fri, Feb-04-2022",Sacramento State,9.7500,9.8250,9.8500,9.8750,39.3000,A,Air Force,31661,Genevieve Sabado
"Fri, Feb-11-2022",San Jose State,9.0250,9.6750,9.9000,9.8250,38.4250,A,Air Force,31661,Genevieve Sabado
"Sun, Feb-20-2022","Alaska, Texas Woman's, UC Davis",9.5000,9.8000,9.2000,9.8250,38.3250,A,Air Force,31661,Genevieve Sabado
"Fri, Feb-25-2022",Sacramento State,9.6500,9.7500,9.8000,9.8250,39.0250,H,Air Force,31661,Genevieve Sabado
"Sun, Feb-27-2022",Denver,9.7500,9.7500,9.6000,9.8250,38.9250,A,Air Force,31661,Genevieve Sabado
"Fri, Mar-04-2022",San Jose State,9.6500,9.7750,9.8500,9.6750,38.9500,H,Air Force,31661,Genevieve Sabado
"Sun, Mar-06-2022","Oklahoma, S.E. Missouri, Texas Woman's",9.7500,9.8250,9.8500,9.8000,39.2250,A,Air Force,31661,Genevieve Sabado
"Fri, Mar-11-2022",Alaska,9.6000,9.8000,9.7750,9.8750,39.0500,A,Air Force,31661,Genevieve Sabado
"Sat, Mar-19-2022","Alaska, Sacramento State, San Jose State, UC Davis",9.6500,9.6750,9.7250,9.8000,38.8500,A,Air Force,31661,Genevieve Sabado
"Fri, Apr-08-2022",,9.7000,9.7250,9.8250,9.7000,38.9500,A,Air Force,31661,Genevieve Sabado
"Sat, Apr-09-2022",,9.7000,9.8500,9.7500,9.9000,39.2000,A,Air Force,31661,Genevieve Sabado
"Fri, Jan-14-2022",Utah State,,9.1000,,,,A,Air Force,30802,Elizabeth Shearns
"Sun, Jan-23-2022",Centenary College,,9.4500,,,,A,Air Force,30802,Elizabeth Shearns
"Fri, Jan-28-2022",Alaska,,9.6250,,,,H,Air Force,30802,Elizabeth Shearns
"Sun, Jan-30-2022","Alaska, UC Davis",,9.7750,,,,H,Air Force,30802,Elizabeth Shearns
"Fri, Feb-04-2022",Sacramento State,,7.7500,,,,A,Air Force,30802,Elizabeth Shearns
"Fri, Jan-14-2022",Utah State,,,9.8000,,,A,Air Force,30184,Valerie Smith
"Sun, Jan-23-2022",Centenary College,,,9.3750,,,A,Air Force,30184,Valerie Smith
"Fri, Jan-28-2022",Alaska,,,9.6750,,,H,Air Force,30184,Valerie Smith
"Sun, Jan-30-2022","Alaska, UC Davis",,,9.7250,,,H,Air Force,30184,Valerie Smith
"Fri, Feb-04-2022",Sacramento State,,,9.2750,,,A,Air Force,30184,Valerie Smith
"Fri, Feb-11-2022",San Jose State,,,9.0500,,,A,Air Force,30184,Valerie Smith
"Sun, Feb-20-2022","Alaska, Texas Woman's, UC Davis",,,9.7000,,,A,Air Force,30184,Valerie Smith
"Fri, Feb-25-2022",Sacramento State,,,9.7500,,,H,Air Force,30184,Valerie Smith
"Sun, Feb-27-2022",Denver,,,9.7000,,,A,Air Force,30184,Valerie Smith
"Fri, Mar-04-2022",San Jose State,,,9.7750,,,H,Air Force,30184,Valerie Smith
"Sun, Mar-06-2022","Oklahoma, S.E. Missouri, Texas Woman's",,,9.8500,,,A,Air Force,30184,Valerie Smith
"Fri, Mar-11-2022",Alaska,,,9.5250,,,A,Air Force,30184,Valerie Smith
"Sat, Mar-19-2022","Alaska, Sacramento State, San Jose State, UC Davis",,,9.0250,,,A,Air Force,30184,Valerie Smith
"Fri, Apr-08-2022",,,,9.8750,,,A,Air Force,30184,Valerie Smith
"Sat, Apr-09-2022",,,,9.7750,,,A,Air Force,30184,Valerie Smith
"Sun, Apr-10-2022",,,,9.2000,,,A,Air Force,30184,Valerie Smith
"Fri, Jan-14-2022",Utah State,,,,9.7250,,A,Air Force,30185,Cameo Stapleton
"Sun, Jan-23-2022",Centenary College,,,9.5750,9.8250,,A,Air Force,30185,Cameo Stapleton
"Fri, Jan-28-2022",Alaska,,,,9.8750,,H,Air Force,30185,Cameo Stapleton
"Sun, Jan-30-2022","Alaska, UC Davis",,,,9.1000,,H,Air Force,30185,Cameo Stapleton
"Fri, Feb-04-2022",Sacramento State,,,,9.9000,,A,Air Force,30185,Cameo Stapleton
"Fri, Feb-11-2022",San Jose State,,,,9.7000,,A,Air Force,30185,Cameo Stapleton
"Sun, Feb-20-2022","Alaska, Texas Woman's, UC Davis",,,,9.8500,,A,Air Force,30185,Cameo Stapleton
"Fri, Feb-25-2022",Sacramento State,,,,9.8000,,H,Air Force,30185,Cameo Stapleton
"Sun, Feb-27-2022",Denver,,,,9.7750,,A,Air Force,30185,Cameo Stapleton
"Fri, Mar-04-2022",San Jose State,,,,9.8000,,H,Air Force,30185,Cameo Stapleton
"Sun, Mar-06-2022","Oklahoma, S.E. Missouri, Texas Woman's",,,,9.8250,,A,Air Force,30185,Cameo Stapleton
"Fri, Mar-11-2022",Alaska,,,,9.8750,,A,Air Force,30185,Cameo Stapleton
"Sat, Mar-19-2022","Alaska, Sacramento State, San Jose State, UC Davis",,,,9.8000,,A,Air Force,30185,Cameo Stapleton
"Fri, Apr-08-2022",,,,,9.7250,,A,Air Force,30185,Cameo Stapleton
"Sat, Apr-09-2022",,,,,9.8000,,A,Air Force,30185,Cameo Stapleton
"Fri, Jan-14-2022",Utah State,,7.5000,9.7500,9.6750,,A,Air Force,30186,Daija Stevenson
"Sun, Jan-23-2022",Centenary College,,,9.6500,9.7500,,A,Air Force,30186,Daija Stevenson
"Fri, Jan-28-2022",Alaska,9.6250,,9.7000,8.7000,,H,Air Force,30186,Daija Stevenson
"Sun, Jan-30-2022","Alaska, UC Davis",,,9.8250,9.7000,,H,Air Force,30186,Daija Stevenson
"Fri, Feb-04-2022",Sacramento State,,,9.1500,9.7750,,A,Air Force,30186,Daija Stevenson
"Fri, Feb-11-2022",San Jose State,,,8.3000,9.8000,,A,Air Force,30186,Daija Stevenson
"Sun, Feb-20-2022","Alaska, Texas Woman's, UC Davis",,,,9.7500,,A,Air Force,30186,Daija Stevenson
"Fri, Feb-25-2022",Sacramento State,,,9.8000,9.8000,,H,Air Force,30186,Daija Stevenson
"Sun, Feb-27-2022",Denver,,,9.6250,9.7500,,A,Air Force,30186,Daija Stevenson
"Fri, Mar-04-2022",San Jose State,,,9.8000,9.7750,,H,Air Force,30186,Daija Stevenson
"Sun, Mar-06-2022","Oklahoma, S.E. Missouri, Texas Woman's",,,9.8500,9.7750,,A,Air Force,30186,Daija Stevenson
"Sat, Mar-19-2022","Alaska, Sacramento State, San Jose State, UC Davis",9.6750,,9.5000,9.7750,,A,Air Force,30186,Daija Stevenson
"Fri, Apr-08-2022",,,,9.0000,9.7500,,A,Air Force,30186,Daija Stevenson
"Sat, Apr-09-2022",,,9.7750,,9.8500,,A,Air Force,30186,Daija Stevenson
"Sun, Jan-23-2022",Centenary College,9.5250,,,,,A,Air Force,31663,Tessa Volpe
"Fri, Feb-11-2022",San Jose State,9.4000,,,,,A,Air Force,31663,Tessa Volpe
"Sun, Feb-27-2022",Denver,9.7250,,,,,A,Air Force,31663,Tessa Volpe
"Fri, Mar-04-2022",San Jose State,9.6750,,,,,H,Air Force,31663,Tessa Volpe
"Sun, Mar-06-2022","Oklahoma, S.E. Missouri, Texas Woman's",9.7000,,,,,A,Air Force,31663,Tessa Volpe
"Fri, Mar-11-2022",Alaska,9.6250,,,,,A,Air Force,31663,Tessa Volpe
"Sat, Mar-19-2022","Alaska, Sacramento State, San Jose State, UC Davis",9.0000,,,,,A,Air Force,31663,Tessa Volpe
"Fri, Apr-08-2022",,9.7000,,,,,A,Air Force,31663,Tessa Volpe
"Sat, Apr-09-2022",,9.6750,,,,,A,Air Force,31663,Tessa Volpe
"Fri, Mar-11-2022",Alaska,,,9.7500,,,A,Air Force,31664,Leilani Zander
"Sat, Mar-19-2022","Alaska, Sacramento State, San Jose State, UC Davis",,9.6000,,,,A,Air Force,31664,Leilani Zander
"Sat, Apr-09-2022",,,,9.7000,,,A,Air Force,31664,Leilani Zander
"Sun, Jan-09-2022",Oklahoma,9.8000,9.8500,9.5250,9.4500,38.6250,A,Alabama,30804,Shania Adams
"Sun, Jan-16-2022",Florida,9.7000,9.8500,,,,A,Alabama,30804,Shania Adams
"Fri, Jan-21-2022",Kentucky,,9.3500,,,,H,Alabama,30804,Shania Adams
"Fri, Jan-28-2022",Auburn,,9.7750,,,,A,Alabama,30804,Shania Adams
"Fri, Feb-04-2022","North Carolina, Western Michigan",9.9500,9.8750,9.9000,,,H,Alabama,30804,Shania Adams
"Fri, Feb-11-2022",Georgia,9.3000,9.8250,,,,H,Alabama,30804,Shania Adams
"Fri, Feb-18-2022",LSU,,9.3500,,,,A,Alabama,30804,Shania Adams
"Fri, Feb-25-2022",Missouri,,9.3500,,,,H,Alabama,30804,Shania Adams
"Sat, Mar-19-2022","Arkansas, Auburn, Florida, Georgia, Kentucky, LSU, Missouri",,9.9500,,,,A,Alabama,30804,Shania Adams
"Thu, Mar-31-2022",,,9.9000,9.9000,,,A,Alabama,30804,Shania Adams
"Sat, Apr-02-2022",,,9.8500,9.9500,,,A,Alabama,30804,Shania Adams
"Thu, Apr-14-2022",,,,9.9000,,,A,Alabama,30804,Shania Adams
"Sun, Jan-09-2022",Oklahoma,,9.8500,9.8500,9.8750,,A,Alabama,30786,Luisa Blanco
"Sun, Jan-16-2022",Florida,,9.9250,9.9500,9.9000,,A,Alabama,30786,Luisa Blanco
"Fri, Jan-21-2022",Kentucky,,9.9250,9.9250,,,H,Alabama,30786,Luisa Blanco
"Fri, Jan-28-2022",Auburn,9.2750,9.9250,9.9750,9.8500,39.0250,A,Alabama,30786,Luisa Blanco
"Fri, Feb-04-2022","North Carolina, Western Michigan",9.9000,9.9500,9.9500,9.8750,39.6750,H,Alabama,30786,Luisa Blanco
"Fri, Feb-11-2022",Georgia,9.8000,9.9500,9.8500,9.9000,39.5000,H,Alabama,30786,Luisa Blanco
"Fri, Feb-18-2022",LSU,,9.9000,9.9750,9.7500,,A,Alabama,30786,Luisa Blanco
"Fri, Feb-25-2022",Missouri,9.9250,9.9500,9.9000,9.9500,39.7250,H,Alabama,30786,Luisa Blanco
"Fri, Mar-04-2022",Arkansas,9.8250,9.9750,9.8750,9.9500,39.6250,H,Alabama,30786,Luisa Blanco
"Sun, Mar-06-2022","Arkansas, Auburn, Georgia",9.9500,9.9250,9.6250,,,A,Alabama,30786,Luisa Blanco
"Sat, Mar-19-2022","Arkansas, Auburn, Florida, Georgia, Kentucky, LSU, Missouri",9.8500,9.9500,9.3750,9.8750,39.0500,A,Alabama,30786,Luisa Blanco
"Thu, Mar-31-2022",,,9.9000,,,,A,Alabama,30786,Luisa Blanco
"Sat, Apr-02-2022",,,9.8250,,,,A,Alabama,30786,Luisa Blanco
"Thu, Apr-14-2022",,9.9125,9.8750,9.9375,,,A,Alabama,30786,Luisa Blanco
"Sun, Jan-09-2022",Oklahoma,,,9.8500,,,A,Alabama,30787,Ella Burgess
"Sun, Jan-16-2022",Florida,,,9.7750,,,A,Alabama,30787,Ella Burgess
"Fri, Jan-21-2022",Kentucky,,,9.2000,,,H,Alabama,30787,Ella Burgess
"Fri, Jan-28-2022",Auburn,,,9.9000,,,A,Alabama,30787,Ella Burgess
"Fri, Feb-04-2022","North Carolina, Western Michigan",,,9.8750,,,H,Alabama,30787,Ella Burgess
"Fri, Feb-11-2022",Georgia,,,9.8250,,,H,Alabama,30787,Ella Burgess
"Fri, Feb-18-2022",LSU,,,9.9000,,,A,Alabama,30787,Ella Burgess
"Fri, Feb-25-2022",Missouri,,,9.9000,,,H,Alabama,30787,Ella Burgess
"Fri, Mar-04-2022",Arkansas,,,9.9000,,,H,Alabama,30787,Ella Burgess
"Sun, Mar-06-2022","Arkansas, Auburn, Georgia",,,9.9000,,,A,Alabama,30787,Ella Burgess
"Sat, Mar-19-2022","Arkansas, Auburn, Florida, Georgia, Kentucky, LSU, Missouri",,,9.9000,,,A,Alabama,30787,Ella Burgess
"Thu, Mar-31-2022",,,,9.9000,,,A,Alabama,30787,Ella Burgess
"Sat, Apr-02-2022",,,,9.9500,,,A,Alabama,30787,Ella Burgess
"Thu, Apr-14-2022",,,,9.8875,,,A,Alabama,30787,Ella Burgess
"Sun, Jan-09-2022",Oklahoma,9.8500,9.8500,9.7250,,,A,Alabama,30343,Makarri Doggette
"Sun, Jan-16-2022",Florida,9.8750,9.9250,9.7500,,,A,Alabama,30343,Makarri Doggette
"Fri, Jan-21-2022",Kentucky,9.9250,9.9500,9.8000,,,H,Alabama,30343,Makarri Doggette
"Fri, Jan-28-2022",Auburn,9.8250,9.4250,9.7000,,,A,Alabama,30343,Makarri Doggette
"Fri, Feb-04-2022","North Carolina, Western Michigan",9.7500,9.9500,,9.9000,,H,Alabama,30343,Makarri Doggette
"Fri, Feb-11-2022",Georgia,9.8250,9.9250,,9.0000,,H,Alabama,30343,Makarri Doggette
"Fri, Feb-25-2022",Missouri,,9.9000,,,,H,Alabama,30343,Makarri Doggette
"Fri, Mar-04-2022",Arkansas,,9.9500,,,,H,Alabama,30343,Makarri Doggette
"Sun, Mar-06-2022","Arkansas, Auburn, Georgia",,9.9000,,,,A,Alabama,30343,Makarri Doggette
"Sat, Mar-19-2022","Arkansas, Auburn, Florida, Georgia, Kentucky, LSU, Missouri",,9.9500,,,,A,Alabama,30343,Makarri Doggette
"Thu, Mar-31-2022",,,9.9000,,,,A,Alabama,30343,Makarri Doggette
"Sat, Apr-02-2022",,,9.9500,,,,A,Alabama,30343,Makarri Doggette
"Thu, Apr-14-2022",,,9.8625,,,,A,Alabama,30343,Makarri Doggette
"Sun, Jan-09-2022",Oklahoma,9.7250,9.8250,9.7500,9.5750,38.8750,A,Alabama,29844,Emily Gaskins
"Sun, Jan-16-2022",Florida,,9.7500,,,,A,Alabama,29844,Emily Gaskins
"Fri, Feb-04-2022","North Carolina, Western Michigan",,9.5250,,,,H,Alabama,29844,Emily Gaskins
"Fri, Feb-11-2022",Georgia,,9.7750,,9.8750,,H,Alabama,29844,Emily Gaskins
"Fri, Feb-18-2022",LSU,,9.8500,,9.0500,,A,Alabama,29844,Emily Gaskins
"Fri, Mar-04-2022",Arkansas,,9.9000,,9.9000,,H,Alabama,29844,Emily Gaskins
"Sun, Mar-06-2022","Arkansas, Auburn, Georgia",,9.9000,,9.7750,,A,Alabama,29844,Emily Gaskins
"Sat, Mar-19-2022","Arkansas, Auburn, Florida, Georgia, Kentucky, LSU, Missouri",,9.4250,,9.8750,,A,Alabama,29844,Emily Gaskins
"Thu, Mar-31-2022",,9.8250,,,9.8500,,A,Alabama,29844,Emily Gaskins
"Sat, Apr-02-2022",,9.9000,,,9.9500,,A,Alabama,29844,Emily Gaskins
"Thu, Apr-14-2022",,,9.8000,,9.8625,,A,Alabama,29844,Emily Gaskins
"Sun, Jan-09-2022",Oklahoma,9.8000,,,9.8500,,A,Alabama,25061,Lexi Graber
"Sun, Jan-16-2022",Florida,9.8250,,,9.9250,,A,Alabama,25061,Lexi Graber
"Fri, Jan-21-2022",Kentucky,9.8000,,9.9000,9.9500,,H,Alabama,25061,Lexi Graber
"Fri, Jan-28-2022",Auburn,9.7250,,9.9250,9.9250,,A,Alabama,25061,Lexi Graber
"Fri, Feb-04-2022","North Carolina, Western Michigan",,,9.8500,9.9000,,H,Alabama,25061,Lexi Graber
"Fri, Feb-11-2022",Georgia,9.8750,,9.7750,9.9250,,H,Alabama,25061,Lexi Graber
"Fri, Feb-18-2022",LSU,9.9750,,9.9000,9.9250,,A,Alabama,25061,Lexi Graber
"Fri, Feb-25-2022",Missouri,9.8500,,9.9000,9.9750,,H,Alabama,25061,Lexi Graber
"Fri, Mar-04-2022",Arkansas,9.7750,,9.9500,9.9750,,H,Alabama,25061,Lexi Graber
"Sun, Mar-06-2022","Arkansas, Auburn, Georgia",9.8750,,9.8750,9.9500,,A,Alabama,25061,Lexi Graber
"Sat, Mar-19-2022","Arkansas, Auburn, Florida, Georgia, Kentucky, LSU, Missouri",9.9000,,9.9000,9.9250,,A,Alabama,25061,Lexi Graber
"Thu, Mar-31-2022",,9.9000,,9.8250,9.9500,,A,Alabama,25061,Lexi Graber
"Sat, Apr-02-2022",,9.8250,,9.8500,9.9500,,A,Alabama,25061,Lexi Graber
"Thu, Apr-14-2022",,9.8000,,9.8750,9.9250,,A,Alabama,25061,Lexi Graber
"Sun, Jan-16-2022",Florida,9.7500,,9.8750,9.8500,,A,Alabama,31247,Lilly Hudson
"Fri, Jan-21-2022",Kentucky,9.7750,9.8750,9.9250,9.9500,39.5250,H,Alabama,31247,Lilly Hudson
"Fri, Jan-28-2022",Auburn,,9.7750,9.9250,9.9000,,A,Alabama,31247,Lilly Hudson
"Fri, Feb-04-2022","North Carolina, Western Michigan",,,9.9000,9.9000,,H,Alabama,31247,Lilly Hudson
"Fri, Feb-11-2022",Georgia,,9.9000,9.8750,9.9500,,H,Alabama,31247,Lilly Hudson
"Fri, Feb-18-2022",LSU,9.8750,9.8500,9.9250,9.9000,39.5500,A,Alabama,31247,Lilly Hudson
"Fri, Feb-25-2022",Missouri,9.8250,9.8250,9.2250,9.8750,38.7500,H,Alabama,31247,Lilly Hudson
"Fri, Mar-04-2022",Arkansas,9.8000,9.9250,9.7750,,,H,Alabama,31247,Lilly Hudson
"Sun, Mar-06-2022","Arkansas, Auburn, Georgia",9.8250,9.8500,9.8750,9.9500,39.5000,A,Alabama,31247,Lilly Hudson
"Sat, Mar-19-2022","Arkansas, Auburn, Florida, Georgia, Kentucky, LSU, Missouri",9.9000,9.9000,9.8750,9.8500,39.5250,A,Alabama,31247,Lilly Hudson
"Thu, Mar-31-2022",,9.8000,9.9000,9.8500,9.9500,39.5000,A,Alabama,31247,Lilly Hudson
"Sat, Apr-02-2022",,9.9500,9.9000,9.9500,9.7000,39.5000,A,Alabama,31247,Lilly Hudson
"Thu, Apr-14-2022",,9.7000,9.7875,9.6000,9.9125,39.0000,A,Alabama,31247,Lilly Hudson
"Thu, Mar-31-2022",,,,,9.8750,,A,Alabama,29846,Griffin James
"Sat, Apr-02-2022",,,,,9.9250,,A,Alabama,29846,Griffin James
"Sun, Jan-09-2022",Oklahoma,,9.8750,,9.1500,,A,Alabama,30806,Cameron Machado
"Sun, Jan-16-2022",Florida,,9.8500,,,,A,Alabama,30806,Cameron Machado
"Fri, Jan-21-2022",Kentucky,,9.9250,,9.9250,,H,Alabama,30806,Cameron Machado
"Fri, Jan-28-2022",Auburn,,9.8500,,9.8250,,A,Alabama,30806,Cameron Machado
"Fri, Feb-04-2022","North Carolina, Western Michigan",,9.9000,,9.8500,,H,Alabama,30806,Cameron Machado
"Fri, Feb-11-2022",Georgia,,9.9000,9.7000,9.8500,,H,Alabama,30806,Cameron Machado
"Fri, Feb-18-2022",LSU,,9.8750,,9.8500,,A,Alabama,30806,Cameron Machado
"Fri, Feb-25-2022",Missouri,,9.8250,,9.0750,,H,Alabama,30806,Cameron Machado
"Fri, Mar-04-2022",Arkansas,,9.9000,,,,H,Alabama,30806,Cameron Machado
"Sun, Mar-06-2022","Arkansas, Auburn, Georgia",,9.9500,,9.9250,,A,Alabama,30806,Cameron Machado
"Sat, Mar-19-2022","Arkansas, Auburn, Florida, Georgia, Kentucky, LSU, Missouri",,9.9250,,9.0750,,A,Alabama,30806,Cameron Machado
"Thu, Mar-31-2022",,,9.9000,,9.8750,,A,Alabama,30806,Cameron Machado
"Sat, Apr-02-2022",,,9.8500,,9.9000,,A,Alabama,30806,Cameron Machado
"Thu, Apr-14-2022",,,9.8500,,9.8750,,A,Alabama,30806,Cameron Machado
"Sun, Jan-16-2022",Florida,,,,9.8250,,A,Alabama,30303,Sania Mitchell
"Fri, Jan-21-2022",Kentucky,,,,9.8750,,H,Alabama,30303,Sania Mitchell
"Fri, Feb-25-2022",Missouri,,,,9.8750,,H,Alabama,30303,Sania Mitchell
"Fri, Mar-04-2022",Arkansas,,,,9.9500,,H,Alabama,30303,Sania Mitchell
"Sun, Mar-06-2022","Arkansas, Auburn, Georgia",,,,9.8500,,A,Alabama,30303,Sania Mitchell
"Sun, Jan-16-2022",Florida,9.8500,,9.8000,9.7250,,A,Alabama,29851,Shallon Olsen
"Fri, Jan-21-2022",Kentucky,9.8500,,,9.8000,,H,Alabama,29851,Shallon Olsen
"Fri, Jan-28-2022",Auburn,9.9000,,,9.6750,,A,Alabama,29851,Shallon Olsen
"Fri, Feb-04-2022","North Carolina, Western Michigan",9.9000,,,9.7750,,H,Alabama,29851,Shallon Olsen
"Fri, Feb-11-2022",Georgia,9.9000,,9.9000,,,H,Alabama,29851,Shallon Olsen
"Fri, Feb-18-2022",LSU,9.9000,,9.9000,,,A,Alabama,29851,Shallon Olsen
"Fri, Feb-25-2022",Missouri,9.8500,,9.8000,9.8500,,H,Alabama,29851,Shallon Olsen
"Fri, Mar-04-2022",Arkansas,9.9000,,9.8000,9.9250,,H,Alabama,29851,Shallon Olsen
"Sun, Mar-06-2022","Arkansas, Auburn, Georgia",9.9000,,9.8500,9.8750,,A,Alabama,29851,Shallon Olsen
"Sat, Mar-19-2022","Arkansas, Auburn, Florida, Georgia, Kentucky, LSU, Missouri",9.8500,,9.8750,9.9000,,A,Alabama,29851,Shallon Olsen
"Thu, Mar-31-2022",,9.9500,,9.9500,9.8500,,A,Alabama,29851,Shallon Olsen
"Sat, Apr-02-2022",,9.8750,,9.9250,9.9250,,A,Alabama,29851,Shallon Olsen
"Thu, Apr-14-2022",,9.8750,,9.7250,9.8500,,A,Alabama,29851,Shallon Olsen
"Sun, Jan-09-2022",Oklahoma,9.7750,,,,,A,Alabama,31248,Jordyn Paradise
"Fri, Jan-21-2022",Kentucky,9.8750,,,,,H,Alabama,31248,Jordyn Paradise
"Fri, Feb-04-2022","North Carolina, Western Michigan",9.8500,,,,,H,Alabama,31248,Jordyn Paradise
"Fri, Feb-11-2022",Georgia,9.8500,,,,,H,Alabama,31248,Jordyn Paradise
"Fri, Feb-18-2022",LSU,9.8500,9.8250,,,,A,Alabama,31248,Jordyn Paradise
"Fri, Feb-25-2022",Missouri,9.8750,9.8000,,,,H,Alabama,31248,Jordyn Paradise
"Fri, Mar-04-2022",Arkansas,9.9500,9.8500,,,,H,Alabama,31248,Jordyn Paradise
"Sat, Mar-19-2022","Arkansas, Auburn, Florida, Georgia, Kentucky, LSU, Missouri",9.8500,,,,,A,Alabama,31248,Jordyn Paradise
"Thu, Mar-31-2022",,9.8750,,,,,A,Alabama,31248,Jordyn Paradise
"Sat, Apr-02-2022",,9.8250,,,,,A,Alabama,31248,Jordyn Paradise
"Thu, Apr-14-2022",,9.7625,,,,,A,Alabama,31248,Jordyn Paradise
"Sun, Jan-16-2022",Florida,9.8250,,,,,A,Alabama,30042,Kaylee Quinn
"Fri, Jan-21-2022",Kentucky,9.7500,,,,,H,Alabama,30042,Kaylee Quinn
"Fri, Jan-28-2022",Auburn,9.7500,,,,,A,Alabama,30042,Kaylee Quinn
"Fri, Feb-18-2022",LSU,9.8500,,,,,A,Alabama,30042,Kaylee Quinn
"Fri, Feb-25-2022",Missouri,9.9000,,,,,H,Alabama,30042,Kaylee Quinn
"Fri, Mar-04-2022",Arkansas,9.8250,,,,,H,Alabama,30042,Kaylee Quinn
"Sun, Mar-06-2022","Arkansas, Auburn, Georgia",9.8750,,,,,A,Alabama,30042,Kaylee Quinn
"Sat, Mar-19-2022","Arkansas, Auburn, Florida, Georgia, Kentucky, LSU, Missouri",9.8000,,,,,A,Alabama,30042,Kaylee Quinn
"Thu, Mar-31-2022",,9.8500,,,,,A,Alabama,30042,Kaylee Quinn
"Sat, Apr-02-2022",,9.9500,,,,,A,Alabama,30042,Kaylee Quinn
"Thu, Apr-14-2022",,9.7750,,,,,A,Alabama,30042,Kaylee Quinn
"Sun, Jan-09-2022",Oklahoma,9.6250,9.8000,9.9250,9.8250,39.1750,A,Alabama,30345,Mati Waligora
"Sun, Jan-16-2022",Florida,,9.8000,9.7000,9.8000,,A,Alabama,30345,Mati Waligora
"Fri, Jan-21-2022",Kentucky,,9.8750,9.7000,9.9250,,H,Alabama,30345,Mati Waligora
"Fri, Jan-28-2022",Auburn,9.8250,9.8000,9.9250,9.8250,39.3750,A,Alabama,30345,Mati Waligora
"Fri, Feb-04-2022","North Carolina, Western Michigan",9.9000,9.8000,9.2500,,,H,Alabama,30345,Mati Waligora
"Fri, Feb-18-2022",LSU,9.3750,,9.9250,9.8000,,A,Alabama,30345,Mati Waligora
"Fri, Feb-25-2022",Missouri,,,9.7750,,,H,Alabama,30345,Mati Waligora
"Fri, Mar-04-2022",Arkansas,,,9.9000,9.7500,,H,Alabama,30345,Mati Waligora
"Sun, Mar-06-2022","Arkansas, Auburn, Georgia",9.9000,9.9500,9.8250,,,A,Alabama,30345,Mati Waligora
"Sat, Mar-19-2022","Arkansas, Auburn, Florida, Georgia, Kentucky, LSU, Missouri",,,9.8250,,,A,Alabama,30345,Mati Waligora
"Thu, Mar-31-2022",,,9.9500,9.8500,,,A,Alabama,30345,Mati Waligora
"Sat, Apr-02-2022",,,9.8500,9.8000,,,A,Alabama,30345,Mati Waligora
"Thu, Apr-14-2022",,,9.8125,,9.8750,,A,Alabama,30345,Mati Waligora
"Fri, Jan-28-2022",Air Force,,9.0750,9.7250,8.2750,,A,Alaska,30807,Marcela Bonifasi
"Sun, Jan-30-2022","Air Force, UC Davis",,9.6250,9.4750,9.6250,,A,Alaska,30807,Marcela Bonifasi
"Fri, Feb-04-2022","Michigan, Rutgers",,9.6500,9.6250,9.6250,,A,Alaska,30807,Marcela Bonifasi
"Sun, Feb-06-2022","North Carolina State, Pittsburgh, West Virginia",,,,4.1000,,A,Alaska,30807,Marcela Bonifasi
"Fri, Feb-04-2022","Michigan, Rutgers",,9.3000,9.5500,9.5250,,A,Alaska,29848,Rachel Decious
"Sun, Feb-06-2022","North Carolina State, Pittsburgh, West Virginia",,9.5000,9.2250,9.5500,,A,Alaska,29848,Rachel Decious
"Fri, Feb-11-2022",Centenary College,,8.7000,9.8750,9.7000,,H,Alaska,29848,Rachel Decious
"Sun, Feb-13-2022",Centenary College,,9.8250,9.7750,9.7500,,H,Alaska,29848,Rachel Decious
"Fri, Feb-18-2022","Sacramento State, San Jose State, Texas Woman's",,9.0000,9.8500,9.7000,,A,Alaska,29848,Rachel Decious
"Sun, Feb-20-2022","Air Force, Texas Woman's, UC Davis",,9.7000,9.7500,9.7750,,A,Alaska,29848,Rachel Decious
"Fri, Mar-11-2022",Air Force,,8.3250,9.6000,9.5000,,H,Alaska,29848,Rachel Decious
"Sat, Mar-19-2022","Air Force, Sacramento State, San Jose State, UC Davis",,9.4000,9.7250,9.7500,,A,Alaska,29848,Rachel Decious
"Fri, Jan-28-2022",Air Force,9.1000,,,,,A,Alaska,30808,Montana Fairbairn
"Sun, Jan-30-2022","Air Force, UC Davis",,,9.7250,,,A,Alaska,30808,Montana Fairbairn
"Fri, Feb-04-2022","Michigan, Rutgers",,,9.0500,,,A,Alaska,30808,Montana Fairbairn
"Sun, Feb-06-2022","North Carolina State, Pittsburgh, West Virginia",,,9.7750,,,A,Alaska,30808,Montana Fairbairn
"Fri, Feb-11-2022",Centenary College,,,9.6000,,,H,Alaska,30808,Montana Fairbairn
"Sun, Feb-13-2022",Centenary College,,,9.5000,,,H,Alaska,30808,Montana Fairbairn
"Fri, Mar-11-2022",Air Force,9.4500,,9.4250,,,H,Alaska,30808,Montana Fairbairn
"Sat, Mar-19-2022","Air Force, Sacramento State, San Jose State, UC Davis",9.6250,,9.5500,,,A,Alaska,30808,Montana Fairbairn
"Fri, Jan-28-2022",Air Force,,,9.7750,,,A,Alaska,31249,Shannon Farrell
"Sun, Jan-30-2022","Air Force, UC Davis",,,9.0500,,,A,Alaska,31249,Shannon Farrell
"Fri, Feb-04-2022","Michigan, Rutgers",,,9.6250,,,A,Alaska,31249,Shannon Farrell
"Sun, Feb-06-2022","North Carolina State, Pittsburgh, West Virginia",,,9.8500,,,A,Alaska,31249,Shannon Farrell
"Fri, Feb-11-2022",Centenary College,,,9.8250,,,H,Alaska,31249,Shannon Farrell
"Sun, Feb-13-2022",Centenary College,,,9.2750,,,H,Alaska,31249,Shannon Farrell
"Fri, Feb-18-2022","Sacramento State, San Jose State, Texas Woman's",,,9.7750,,,A,Alaska,31249,Shannon Farrell
"Sun, Feb-20-2022","Air Force, Texas Woman's, UC Davis",,,9.2000,,,A,Alaska,31249,Shannon Farrell
"Fri, Mar-11-2022",Air Force,,,9.7500,,,H,Alaska,31249,Shannon Farrell
"Sat, Mar-19-2022","Air Force, Sacramento State, San Jose State, UC Davis",,,9.7250,,,A,Alaska,31249,Shannon Farrell
"Fri, Feb-04-2022","Michigan, Rutgers",9.5250,,,,,A,Alaska,30809,Silje Hildebrand
"Sun, Feb-06-2022","North Carolina State, Pittsburgh, West Virginia",9.3250,,,,,A,Alaska,30809,Silje Hildebrand
"Fri, Feb-11-2022",Centenary College,9.1000,,,,,H,Alaska,30809,Silje Hildebrand
"Sun, Feb-13-2022",Centenary College,9.3000,,,,,H,Alaska,30809,Silje Hildebrand
"Fri, Feb-18-2022","Sacramento State, San Jose State, Texas Woman's",9.4500,,,,,A,Alaska,30809,Silje Hildebrand
"Sun, Feb-20-2022","Air Force, Texas Woman's, UC Davis",9.5000,,,,,A,Alaska,30809,Silje Hildebrand
"Fri, Mar-11-2022",Air Force,9.1500,,,,,H,Alaska,30809,Silje Hildebrand
"Sat, Mar-19-2022","Air Force, Sacramento State, San Jose State, UC Davis",8.7000,,,,,A,Alaska,30809,Silje Hildebrand
"Fri, Jan-28-2022",Air Force,,9.6000,9.7000,,,A,Alaska,30810,Jessica Johnson
"Sun, Jan-30-2022","Air Force, UC Davis",,9.7500,9.4750,9.8250,,A,Alaska,30810,Jessica Johnson
"Fri, Feb-04-2022","Michigan, Rutgers",,9.6500,9.7000,9.7250,,A,Alaska,30810,Jessica Johnson
"Sun, Feb-06-2022","North Carolina State, Pittsburgh, West Virginia",,9.5500,9.8500,9.6750,,A,Alaska,30810,Jessica Johnson
"Fri, Feb-11-2022",Centenary College,,9.7500,9.8250,9.0000,,H,Alaska,30810,Jessica Johnson
"Sun, Feb-13-2022",Centenary College,,9.7000,9.7500,9.8000,,H,Alaska,30810,Jessica Johnson
"Fri, Feb-18-2022","Sacramento State, San Jose State, Texas Woman's",,9.7250,9.8500,9.0000,,A,Alaska,30810,Jessica Johnson
"Sun, Feb-20-2022","Air Force, Texas Woman's, UC Davis",,9.7250,9.6750,9.8000,,A,Alaska,30810,Jessica Johnson
"Fri, Mar-11-2022",Air Force,,9.4750,9.1000,8.1500,,H,Alaska,30810,Jessica Johnson
"Sat, Mar-19-2022","Air Force, Sacramento State, San Jose State, UC Davis",,9.3000,9.2000,9.0000,,A,Alaska,30810,Jessica Johnson
"Fri, Jan-28-2022",Air Force,9.5500,,8.8250,,,A,Alaska,30811,Brooklyn Kopsack
"Sun, Jan-30-2022","Air Force, UC Davis",9.5500,,,,,A,Alaska,30811,Brooklyn Kopsack
"Fri, Feb-04-2022","Michigan, Rutgers",9.5750,,,,,A,Alaska,30811,Brooklyn Kopsack
"Sun, Feb-06-2022","North Carolina State, Pittsburgh, West Virginia",9.5500,,,,,A,Alaska,30811,Brooklyn Kopsack
"Fri, Feb-11-2022",Centenary College,9.5250,,,,,H,Alaska,30811,Brooklyn Kopsack
"Sun, Feb-13-2022",Centenary College,9.5750,,,8.9250,,H,Alaska,30811,Brooklyn Kopsack
"Fri, Feb-18-2022","Sacramento State, San Jose State, Texas Woman's",9.6250,,9.6500,9.6750,,A,Alaska,30811,Brooklyn Kopsack
"Sun, Feb-20-2022","Air Force, Texas Woman's, UC Davis",9.5000,,9.6250,8.9500,,A,Alaska,30811,Brooklyn Kopsack
"Fri, Mar-11-2022",Air Force,9.5750,,9.4000,8.5000,,H,Alaska,30811,Brooklyn Kopsack
"Sat, Mar-19-2022","Air Force, Sacramento State, San Jose State, UC Davis",9.5000,,9.5500,9.5250,,A,Alaska,30811,Brooklyn Kopsack
"Fri, Jan-28-2022",Air Force,,9.8250,8.9750,9.6500,,A,Alaska,30812,Alyssa Manley
"Sun, Jan-30-2022","Air Force, UC Davis",9.4750,9.7500,,9.7250,,A,Alaska,30812,Alyssa Manley
"Fri, Feb-04-2022","Michigan, Rutgers",9.5250,9.7250,,9.5500,,A,Alaska,30812,Alyssa Manley
"Sun, Feb-06-2022","North Carolina State, Pittsburgh, West Virginia",9.4750,9.6750,9.2500,9.6000,38.0000,A,Alaska,30812,Alyssa Manley
"Fri, Feb-11-2022",Centenary College,9.5500,9.8000,,9.4000,,H,Alaska,30812,Alyssa Manley
"Sun, Feb-13-2022",Centenary College,9.5750,9.8500,,9.7500,,H,Alaska,30812,Alyssa Manley
"Fri, Feb-18-2022","Sacramento State, San Jose State, Texas Woman's",9.6000,9.7750,8.9250,9.5250,37.8250,A,Alaska,30812,Alyssa Manley
"Sun, Feb-20-2022","Air Force, Texas Woman's, UC Davis",9.4750,9.7000,9.7000,9.5500,38.4250,A,Alaska,30812,Alyssa Manley
"Fri, Mar-11-2022",Air Force,9.5500,9.5000,,9.8000,,H,Alaska,30812,Alyssa Manley
"Sat, Mar-19-2022","Air Force, Sacramento State, San Jose State, UC Davis",,9.6500,,9.8250,,A,Alaska,30812,Alyssa Manley
"Fri, Jan-28-2022",Air Force,9.4250,8.5750,,7.6500,,A,Alaska,30813,Allie McClure
"Sun, Jan-30-2022","Air Force, UC Davis",9.6750,8.5750,,,,A,Alaska,30813,Allie McClure
"Fri, Feb-04-2022","Michigan, Rutgers",9.6500,,,,,A,Alaska,30813,Allie McClure
"Sun, Feb-06-2022","North Carolina State, Pittsburgh, West Virginia",9.7250,7.6000,,,,A,Alaska,30813,Allie McClure
"Fri, Feb-11-2022",Centenary College,8.5750,9.0750,,,,H,Alaska,30813,Allie McClure
"Sun, Feb-13-2022",Centenary College,9.5250,9.5000,,,,H,Alaska,30813,Allie McClure
"Fri, Feb-18-2022","Sacramento State, San Jose State, Texas Woman's",9.6500,9.5000,,,,A,Alaska,30813,Allie McClure
"Sun, Feb-20-2022","Air Force, Texas Woman's, UC Davis",9.3750,9.3750,,,,A,Alaska,30813,Allie McClure
"Fri, Mar-11-2022",Air Force,9.4750,8.3000,,,,H,Alaska,30813,Allie McClure
"Sat, Mar-19-2022","Air Force, Sacramento State, San Jose State, UC Davis",9.5000,9.3500,,,,A,Alaska,30813,Allie McClure
"Fri, Jan-28-2022",Air Force,9.1000,9.4000,,8.6000,,A,Alaska,31250,Hayley Perkins
"Sun, Jan-30-2022","Air Force, UC Davis",9.3500,9.7000,,9.6750,,A,Alaska,31250,Hayley Perkins
"Fri, Feb-04-2022","Michigan, Rutgers",,9.3250,,,,A,Alaska,31250,Hayley Perkins
"Sun, Feb-06-2022","North Carolina State, Pittsburgh, West Virginia",,9.4000,,9.3000,,A,Alaska,31250,Hayley Perkins
"Fri, Feb-11-2022",Centenary College,,9.4250,,8.9250,,H,Alaska,31250,Hayley Perkins
"Sun, Feb-13-2022",Centenary College,,9.5750,,8.5000,,H,Alaska,31250,Hayley Perkins
"Fri, Feb-18-2022","Sacramento State, San Jose State, Texas Woman's",,9.6000,,9.2750,,A,Alaska,31250,Hayley Perkins
"Sun, Feb-20-2022","Air Force, Texas Woman's, UC Davis",,9.4250,,9.4500,,A,Alaska,31250,Hayley Perkins
"Fri, Mar-11-2022",Air Force,,8.7500,,9.0000,,H,Alaska,31250,Hayley Perkins
"Sat, Mar-19-2022","Air Force, Sacramento State, San Jose State, UC Davis",,8.9500,,9.3500,,A,Alaska,31250,Hayley Perkins
"Fri, Jan-28-2022",Air Force,9.5500,9.5250,,8.9000,,A,Alaska,25114,Kylie Reese
"Sun, Jan-30-2022","Air Force, UC Davis",9.7000,9.6250,8.9500,9.8000,38.0750,A,Alaska,25114,Kylie Reese
"Fri, Feb-04-2022","Michigan, Rutgers",9.6000,9.6500,,9.6500,,A,Alaska,25114,Kylie Reese
"Sun, Feb-06-2022","North Carolina State, Pittsburgh, West Virginia",,9.4750,,,,A,Alaska,25114,Kylie Reese
"Fri, Feb-11-2022",Centenary College,9.3750,9.6250,8.9500,9.5750,37.5250,H,Alaska,25114,Kylie Reese
"Sun, Feb-13-2022",Centenary College,9.5250,9.7000,8.3250,9.7000,37.2500,H,Alaska,25114,Kylie Reese
"Fri, Feb-18-2022","Sacramento State, San Jose State, Texas Woman's",9.5750,9.5500,8.6750,9.6250,37.4250,A,Alaska,25114,Kylie Reese
"Sun, Feb-20-2022","Air Force, Texas Woman's, UC Davis",9.5750,7.4500,9.4250,9.8000,36.2250,A,Alaska,25114,Kylie Reese
"Fri, Mar-11-2022",Air Force,9.5750,8.7250,,9.4000,,H,Alaska,25114,Kylie Reese
"Sat, Mar-19-2022","Air Force, Sacramento State, San Jose State, UC Davis",9.6750,9.4250,,9.5500,,A,Alaska,25114,Kylie Reese
"Fri, Jan-28-2022",Air Force,9.4250,,9.2000,9.2000,,A,Alaska,30348,Mackenzie Robinson
"Sun, Jan-30-2022","Air Force, UC Davis",9.1250,,9.6500,9.6500,,A,Alaska,30348,Mackenzie Robinson
"Fri, Feb-04-2022","Michigan, Rutgers",9.5000,,9.3750,9.0250,,A,Alaska,30348,Mackenzie Robinson
"Sun, Feb-06-2022","North Carolina State, Pittsburgh, West Virginia",9.5250,,9.6500,9.5500,,A,Alaska,30348,Mackenzie Robinson
"Fri, Feb-11-2022",Centenary College,,,9.0000,9.2250,,H,Alaska,30348,Mackenzie Robinson
"Sun, Feb-13-2022",Centenary College,9.4500,,8.9750,,,H,Alaska,30348,Mackenzie Robinson
"Fri, Mar-11-2022",Air Force,,,,,,H,Alaska,30348,Mackenzie Robinson
"Sat, Mar-19-2022","Air Force, Sacramento State, San Jose State, UC Davis",,,9.7250,,,A,Alaska,30348,Mackenzie Robinson
"Fri, Feb-11-2022",Centenary College,8.2500,,,,,H,Alaska,31252,Sydney Thomas-Lutchmedial
"Fri, Feb-18-2022","Sacramento State, San Jose State, Texas Woman's",9.5500,,,,,A,Alaska,31252,Sydney Thomas-Lutchmedial
"Sun, Feb-20-2022","Air Force, Texas Woman's, UC Davis",8.3500,,,,,A,Alaska,31252,Sydney Thomas-Lutchmedial
"Sat, Mar-19-2022","Air Force, Sacramento State, San Jose State, UC Davis",8.8000,,,,,A,Alaska,31252,Sydney Thomas-Lutchmedial
"Fri, Mar-11-2022",Air Force,,,9.0750,,,H,Alaska,30814,Emily Walker
"Fri, Jan-14-2022",Southern Utah,,,9.2000,,,A,Arizona,31096,Lara Burhans
"Fri, Jan-14-2022",Southern Utah,9.7250,,9.7750,9.7500,,A,Arizona,30815,Jessica Castles
"Sat, Jan-22-2022","Oklahoma, Stanford, Utah State",,,9.8750,9.7250,,H,Arizona,30815,Jessica Castles
"Sun, Jan-30-2022",UCLA,9.8250,,9.2500,9.7500,,A,Arizona,30815,Jessica Castles
"Sat, Feb-05-2022",Washington,9.6750,,9.8250,9.3500,,A,Arizona,30815,Jessica Castles
"Sat, Feb-12-2022",Arizona State,9.7500,,9.8500,9.8250,,H,Arizona,30815,Jessica Castles
"Fri, Mar-04-2022",Oregon State,,,9.7500,,,H,Arizona,30815,Jessica Castles
"Thu, Mar-10-2022",Sacramento State,9.8750,,9.8500,,,H,Arizona,30815,Jessica Castles
"Sat, Mar-12-2022",BYU,9.6250,,,,,A,Arizona,30815,Jessica Castles
"Sat, Mar-19-2022","Arizona State, California, Oregon State, Stanford, UCLA, Utah, Washington",9.8000,,,,,A,Arizona,30815,Jessica Castles
"Wed, Mar-30-2022",,9.6250,,9.8500,,,A,Arizona,30815,Jessica Castles
"Thu, Mar-31-2022",,9.7750,,9.8000,,,A,Arizona,30815,Jessica Castles
"Fri, Jan-14-2022",Southern Utah,,9.7000,,,,A,Arizona,30817,Elena Deets
"Sat, Jan-22-2022","Oklahoma, Stanford, Utah State",,9.8250,9.8250,,,H,Arizona,30817,Elena Deets
"Sun, Jan-30-2022",UCLA,,9.7000,9.6750,,,A,Arizona,30817,Elena Deets
"Sat, Feb-05-2022",Washington,,9.7750,9.8000,,,A,Arizona,30817,Elena Deets
"Sat, Feb-12-2022",Arizona State,,9.8250,9.8000,,,H,Arizona,30817,Elena Deets
"Mon, Feb-21-2022",California,,9.8750,9.7500,,,A,Arizona,30817,Elena Deets
"Fri, Feb-25-2022",Utah,,9.9000,9.8000,9.8500,,H,Arizona,30817,Elena Deets
"Thu, Mar-10-2022",Sacramento State,,9.8500,,,,H,Arizona,30817,Elena Deets
"Sat, Mar-12-2022",BYU,,9.7500,,9.8250,,A,Arizona,30817,Elena Deets
"Sat, Mar-19-2022","Arizona State, California, Oregon State, Stanford, UCLA, Utah, Washington",,9.8250,9.8250,9.8500,,A,Arizona,30817,Elena Deets
"Wed, Mar-30-2022",,,9.8500,,9.8250,,A,Arizona,30817,Elena Deets
"Thu, Mar-31-2022",,,9.8250,,9.9250,,A,Arizona,30817,Elena Deets
"Fri, Jan-14-2022",Southern Utah,9.7500,9.8500,9.8500,,,A,Arizona,31253,Alysen Fears
"Sat, Jan-22-2022","Oklahoma, Stanford, Utah State",9.6000,9.2750,9.7750,9.8500,38.5000,H,Arizona,31253,Alysen Fears
"Sun, Jan-30-2022",UCLA,9.7500,9.8500,9.8500,9.8000,39.2500,A,Arizona,31253,Alysen Fears
"Sat, Feb-05-2022",Washington,9.7250,9.8500,9.8250,9.8250,39.2250,A,Arizona,31253,Alysen Fears
"Sat, Feb-12-2022",Arizona State,9.7500,9.8750,9.8250,9.9000,39.3500,H,Arizona,31253,Alysen Fears
"Mon, Feb-21-2022",California,9.8000,9.7500,9.7500,9.9000,39.2000,A,Arizona,31253,Alysen Fears
"Fri, Mar-04-2022",Oregon State,,9.9000,9.7250,,,H,Arizona,31253,Alysen Fears
"Thu, Mar-10-2022",Sacramento State,,9.1750,9.7750,9.7750,,H,Arizona,31253,Alysen Fears
"Sat, Mar-12-2022",BYU,,9.8750,9.4750,9.8500,,A,Arizona,31253,Alysen Fears
"Sat, Mar-19-2022","Arizona State, California, Oregon State, Stanford, UCLA, Utah, Washington",,9.9000,9.8000,9.7500,,A,Arizona,31253,Alysen Fears
"Wed, Mar-30-2022",,,9.8500,9.8500,9.8750,,A,Arizona,31253,Alysen Fears
"Thu, Mar-31-2022",,9.7750,9.8500,9.7000,9.9000,39.2250,A,Arizona,31253,Alysen Fears
"Fri, Jan-14-2022",Southern Utah,9.8500,9.8000,9.7000,9.8500,39.2000,A,Arizona,30351,Malia Hargrove
"Sat, Jan-22-2022","Oklahoma, Stanford, Utah State",9.7250,1.0000,,,,H,Arizona,30351,Malia Hargrove
"Sun, Jan-30-2022",UCLA,9.3250,9.1750,9.2500,9.8500,37.6000,A,Arizona,30351,Malia Hargrove
"Sat, Feb-05-2022",Washington,9.7250,,9.5000,9.8500,,A,Arizona,30351,Malia Hargrove
"Sat, Feb-12-2022",Arizona State,9.8250,9.0750,,9.9000,,H,Arizona,30351,Malia Hargrove
"Mon, Feb-21-2022",California,9.7000,9.7250,9.9000,9.9250,39.2500,A,Arizona,30351,Malia Hargrove
"Fri, Feb-25-2022",Utah,9.8500,9.8250,9.9250,9.8500,39.4500,H,Arizona,30351,Malia Hargrove
"Fri, Mar-04-2022",Oregon State,9.9000,9.8500,9.1750,9.9250,38.8500,H,Arizona,30351,Malia Hargrove
"Thu, Mar-10-2022",Sacramento State,9.7250,9.8500,9.7750,9.8000,39.1500,H,Arizona,30351,Malia Hargrove
"Sat, Mar-12-2022",BYU,9.8250,9.8750,9.8750,9.8750,39.4500,A,Arizona,30351,Malia Hargrove
"Sat, Mar-19-2022","Arizona State, California, Oregon State, Stanford, UCLA, Utah, Washington",9.8750,9.9000,9.8250,9.8750,39.4750,A,Arizona,30351,Malia Hargrove
"Wed, Mar-30-2022",,9.8000,9.9000,9.8500,9.8750,39.4250,A,Arizona,30351,Malia Hargrove
"Thu, Mar-31-2022",,9.7750,9.9000,9.9000,9.9250,39.5000,A,Arizona,30351,Malia Hargrove
"Fri, Jan-14-2022",Southern Utah,9.7500,,,9.7250,,A,Arizona,30818,Caroline Herry
"Sat, Jan-22-2022","Oklahoma, Stanford, Utah State",9.7750,,,9.8750,,H,Arizona,30818,Caroline Herry
"Sun, Jan-30-2022",UCLA,9.6250,,,9.8750,,A,Arizona,30818,Caroline Herry
"Sat, Feb-05-2022",Washington,9.7500,,,9.8500,,A,Arizona,30818,Caroline Herry
"Sat, Feb-12-2022",Arizona State,9.7500,,9.7750,9.8750,,H,Arizona,30818,Caroline Herry
"Mon, Feb-21-2022",California,9.7500,,9.8000,9.9250,,A,Arizona,30818,Caroline Herry
"Fri, Feb-25-2022",Utah,9.7750,,9.8000,9.9000,,H,Arizona,30818,Caroline Herry
"Fri, Mar-04-2022",Oregon State,9.7750,,9.8250,9.8750,,H,Arizona,30818,Caroline Herry
"Thu, Mar-10-2022",Sacramento State,9.8000,,9.8250,9.9000,,H,Arizona,30818,Caroline Herry
"Sat, Mar-12-2022",BYU,9.8250,,9.9000,9.9500,,A,Arizona,30818,Caroline Herry
"Sat, Mar-19-2022","Arizona State, California, Oregon State, Stanford, UCLA, Utah, Washington",9.7250,,9.8000,9.8000,,A,Arizona,30818,Caroline Herry
"Wed, Mar-30-2022",,9.7000,,9.6500,9.9000,,A,Arizona,30818,Caroline Herry
"Thu, Mar-31-2022",,9.8000,,9.8000,9.9000,,A,Arizona,30818,Caroline Herry
"Fri, Jan-14-2022",Southern Utah,,9.8000,,,,A,Arizona,29861,Mackinzie Kane
"Sat, Jan-22-2022","Oklahoma, Stanford, Utah State",,8.4250,,,,H,Arizona,29861,Mackinzie Kane
"Sat, Feb-05-2022",Washington,,8.2000,,,,A,Arizona,29861,Mackinzie Kane
"Fri, Feb-25-2022",Utah,,9.8750,,,,H,Arizona,29861,Mackinzie Kane
"Fri, Mar-04-2022",Oregon State,,9.0000,,,,H,Arizona,29861,Mackinzie Kane
"Thu, Mar-10-2022",Sacramento State,,9.8250,,,,H,Arizona,29861,Mackinzie Kane
"Sat, Mar-12-2022",BYU,,9.8000,,,,A,Arizona,29861,Mackinzie Kane
"Sat, Mar-19-2022","Arizona State, California, Oregon State, Stanford, UCLA, Utah, Washington",,9.8000,,,,A,Arizona,29861,Mackinzie Kane
"Wed, Mar-30-2022",,,9.7750,,,,A,Arizona,29861,Mackinzie Kane
"Thu, Mar-31-2022",,,9.8250,,,,A,Arizona,29861,Mackinzie Kane
"Mon, Feb-21-2022",California,9.7250,,,,,A,Arizona,31254,Elizabeth LaRusso
"Fri, Feb-25-2022",Utah,9.7750,,,,,H,Arizona,31254,Elizabeth LaRusso
"Fri, Mar-04-2022",Oregon State,9.7250,,,9.8500,,H,Arizona,31254,Elizabeth LaRusso
"Wed, Mar-30-2022",,9.7000,,,,,A,Arizona,31254,Elizabeth LaRusso
"Fri, Jan-14-2022",Southern Utah,,,9.8250,,,A,Arizona,30352,Sirena Linton
"Sat, Jan-22-2022","Oklahoma, Stanford, Utah State",,,9.9250,,,H,Arizona,30352,Sirena Linton
"Sun, Jan-30-2022",UCLA,,9.7000,9.8250,,,A,Arizona,30352,Sirena Linton
"Sat, Feb-05-2022",Washington,,9.8250,9.9000,,,A,Arizona,30352,Sirena Linton
"Sat, Feb-12-2022",Arizona State,,9.7250,9.8750,,,H,Arizona,30352,Sirena Linton
"Mon, Feb-21-2022",California,,9.6500,9.8500,,,A,Arizona,30352,Sirena Linton
"Fri, Feb-25-2022",Utah,,9.7750,9.9250,,,H,Arizona,30352,Sirena Linton
"Fri, Mar-04-2022",Oregon State,,9.0250,9.8750,,,H,Arizona,30352,Sirena Linton
"Thu, Mar-10-2022",Sacramento State,,,9.9000,,,H,Arizona,30352,Sirena Linton
"Sat, Mar-12-2022",BYU,,,9.8750,,,A,Arizona,30352,Sirena Linton
"Sat, Mar-19-2022","Arizona State, California, Oregon State, Stanford, UCLA, Utah, Washington",,9.7500,9.9000,,,A,Arizona,30352,Sirena Linton
"Wed, Mar-30-2022",,,,9.8500,,,A,Arizona,30352,Sirena Linton
"Thu, Mar-31-2022",,,,9.9250,,,A,Arizona,30352,Sirena Linton
"Thu, Apr-14-2022",,,,9.9125,,,A,Arizona,30352,Sirena Linton
"Sat, Jan-22-2022","Oklahoma, Stanford, Utah State",9.5750,,,,,H,Arizona,30819,Halli Mayberry
"Fri, Feb-25-2022",Utah,9.7500,,,,,H,Arizona,30819,Halli Mayberry
"Fri, Mar-04-2022",Oregon State,9.8000,,,,,H,Arizona,30819,Halli Mayberry
"Thu, Mar-10-2022",Sacramento State,9.7750,,,,,H,Arizona,30819,Halli Mayberry
"Sat, Mar-12-2022",BYU,9.6750,,9.8250,,,A,Arizona,30819,Halli Mayberry
"Sat, Mar-19-2022","Arizona State, California, Oregon State, Stanford, UCLA, Utah, Washington",9.6250,,,,,A,Arizona,30819,Halli Mayberry
"Fri, Jan-14-2022",Southern Utah,,9.8250,,,,A,Arizona,30820,Bailey McCabe
"Sat, Jan-22-2022","Oklahoma, Stanford, Utah State",,9.7750,,,,H,Arizona,30820,Bailey McCabe
"Sun, Jan-30-2022",UCLA,,9.8250,,,,A,Arizona,30820,Bailey McCabe
"Sat, Feb-05-2022",Washington,,9.7750,,,,A,Arizona,30820,Bailey McCabe
"Sat, Feb-12-2022",Arizona State,,9.8250,,,,H,Arizona,30820,Bailey McCabe
"Mon, Feb-21-2022",California,,9.7250,,,,A,Arizona,30820,Bailey McCabe
"Fri, Feb-25-2022",Utah,,9.0250,,,,H,Arizona,30820,Bailey McCabe
"Fri, Mar-04-2022",Oregon State,,9.8750,,,,H,Arizona,30820,Bailey McCabe
"Thu, Mar-10-2022",Sacramento State,,9.8500,,,,H,Arizona,30820,Bailey McCabe
"Sat, Mar-12-2022",BYU,,9.2250,,,,A,Arizona,30820,Bailey McCabe
"Wed, Mar-30-2022",,,9.8250,,,,A,Arizona,30820,Bailey McCabe
"Thu, Mar-31-2022",,,9.8000,,,,A,Arizona,30820,Bailey McCabe
"Fri, Jan-14-2022",Southern Utah,9.7500,9.7750,,9.7000,,A,Arizona,31255,Emily Mueller
"Sat, Jan-22-2022","Oklahoma, Stanford, Utah State",9.8000,9.7000,9.8250,9.7500,39.0750,H,Arizona,31255,Emily Mueller
"Sun, Jan-30-2022",UCLA,9.7750,9.7500,9.9000,9.7250,39.1500,A,Arizona,31255,Emily Mueller
"Sat, Feb-05-2022",Washington,9.7500,9.8000,9.8250,9.8000,39.1750,A,Arizona,31255,Emily Mueller
"Sat, Feb-12-2022",Arizona State,9.7750,9.7500,9.8250,9.8500,39.2000,H,Arizona,31255,Emily Mueller
"Mon, Feb-21-2022",California,9.8000,9.7250,9.8000,9.7250,39.0500,A,Arizona,31255,Emily Mueller
"Fri, Feb-25-2022",Utah,9.8500,9.8250,9.8250,9.8500,39.3500,H,Arizona,31255,Emily Mueller
"Fri, Mar-04-2022",Oregon State,9.6750,9.8250,9.8250,9.9000,39.2250,H,Arizona,31255,Emily Mueller
"Thu, Mar-10-2022",Sacramento State,9.7750,9.7250,9.7500,9.8250,39.0750,H,Arizona,31255,Emily Mueller
"Sat, Mar-12-2022",BYU,9.8250,9.8000,8.9750,9.8000,38.4000,A,Arizona,31255,Emily Mueller
"Sat, Mar-19-2022","Arizona State, California, Oregon State, Stanford, UCLA, Utah, Washington",9.7500,9.7750,9.8750,9.7750,39.1750,A,Arizona,31255,Emily Mueller
"Wed, Mar-30-2022",,9.7500,8.8750,9.8750,9.8500,38.3500,A,Arizona,31255,Emily Mueller
"Thu, Mar-31-2022",,9.8000,9.8500,9.0500,9.8500,38.5500,A,Arizona,31255,Emily Mueller
"Fri, Jan-14-2022",Southern Utah,9.8250,,,8.9750,,A,Arizona,30353,Danielle Nosek
"Sat, Jan-22-2022","Oklahoma, Stanford, Utah State",9.7500,,,9.6500,,H,Arizona,30353,Danielle Nosek
"Sun, Jan-30-2022",UCLA,9.7750,,,,,A,Arizona,30353,Danielle Nosek
"Sat, Feb-05-2022",Washington,9.8000,,,,,A,Arizona,30353,Danielle Nosek
"Sat, Feb-12-2022",Arizona State,9.7750,,,,,H,Arizona,30353,Danielle Nosek
"Mon, Feb-21-2022",California,9.8000,,,9.6000,,A,Arizona,30353,Danielle Nosek
"Fri, Feb-25-2022",Utah,9.8250,,,9.8000,,H,Arizona,30353,Danielle Nosek
"Fri, Mar-04-2022",Oregon State,9.8250,,,9.8750,,H,Arizona,30353,Danielle Nosek
"Thu, Mar-10-2022",Sacramento State,9.8250,,,9.6500,,H,Arizona,30353,Danielle Nosek
"Sat, Mar-12-2022",BYU,9.7750,,,,,A,Arizona,30353,Danielle Nosek
"Sat, Mar-19-2022","Arizona State, California, Oregon State, Stanford, UCLA, Utah, Washington",9.7500,,,,,A,Arizona,30353,Danielle Nosek
"Wed, Mar-30-2022",,9.7750,,,,,A,Arizona,30353,Danielle Nosek
"Thu, Mar-31-2022",,9.7750,,,,,A,Arizona,30353,Danielle Nosek
"Fri, Jan-14-2022",Southern Utah,,,,9.8000,,A,Arizona,30354,Libby Orman
"Sat, Jan-22-2022","Oklahoma, Stanford, Utah State",,,,9.7000,,H,Arizona,30354,Libby Orman
"Sun, Jan-30-2022",UCLA,,,,9.7750,,A,Arizona,30354,Libby Orman
"Sat, Feb-05-2022",Washington,,,,9.7750,,A,Arizona,30354,Libby Orman
"Sat, Feb-12-2022",Arizona State,,,,9.5750,,H,Arizona,30354,Libby Orman
"Mon, Feb-21-2022",California,,,,9.7750,,A,Arizona,30354,Libby Orman
"Fri, Feb-25-2022",Utah,,,,9.8500,,H,Arizona,30354,Libby Orman
"Fri, Mar-04-2022",Oregon State,,,,9.7750,,H,Arizona,30354,Libby Orman
"Thu, Mar-10-2022",Sacramento State,,,,9.8000,,H,Arizona,30354,Libby Orman
"Sat, Mar-12-2022",BYU,,,,9.8250,,A,Arizona,30354,Libby Orman
"Sat, Mar-19-2022","Arizona State, California, Oregon State, Stanford, UCLA, Utah, Washington",,,,9.7500,,A,Arizona,30354,Libby Orman
"Wed, Mar-30-2022",,,,,9.7250,,A,Arizona,30354,Libby Orman
"Thu, Mar-31-2022",,,,,9.8500,,A,Arizona,30354,Libby Orman
"Fri, Jan-14-2022",Southern Utah,,,9.5500,,,A,Arizona,30355,Avery Stauffacher
"Sat, Jan-22-2022","Oklahoma, Stanford, Utah State",,,9.1500,,,H,Arizona,30355,Avery Stauffacher
"Fri, Feb-25-2022",Utah,,,8.9750,,,H,Arizona,30355,Avery Stauffacher
"Fri, Jan-21-2022",Utah,,9.8750,9.8250,,,A,Arizona State,30824,Sarah Clark
"Fri, Jan-28-2022",Washington,,9.8750,9.7750,,,H,Arizona State,30824,Sarah Clark
"Sat, Feb-05-2022",Oregon State,,9.8750,9.8500,9.7250,,A,Arizona State,30824,Sarah Clark
"Sat, Feb-12-2022",Arizona,,9.8500,9.7250,9.8750,,A,Arizona State,30824,Sarah Clark
"Sun, Feb-20-2022",UCLA,,9.9500,9.8750,9.7500,,H,Arizona State,30824,Sarah Clark
"Sun, Feb-27-2022",California,,9.8750,9.7500,9.8250,,H,Arizona State,30824,Sarah Clark
"Fri, Mar-04-2022",Stanford,,9.8500,9.8500,9.8750,,A,Arizona State,30824,Sarah Clark
"Fri, Mar-11-2022","Boise State, Oklahoma",,9.9000,9.6750,9.5000,,H,Arizona State,30824,Sarah Clark
"Sat, Mar-19-2022","Arizona, California, Oregon State, Stanford, UCLA, Utah, Washington",,9.8500,9.7750,9.7500,,A,Arizona State,30824,Sarah Clark
"Thu, Mar-31-2022",,,9.7750,9.9000,9.9000,,A,Arizona State,30824,Sarah Clark
"Fri, Jan-28-2022",Washington,,,9.8000,,,H,Arizona State,29852,Jasmine Gutierrez
"Sat, Feb-05-2022",Oregon State,,,9.8500,9.7750,,A,Arizona State,29852,Jasmine Gutierrez
"Sat, Feb-12-2022",Arizona,,,9.9000,9.7750,,A,Arizona State,29852,Jasmine Gutierrez
"Sun, Feb-20-2022",UCLA,,,9.9000,,,H,Arizona State,29852,Jasmine Gutierrez
"Sun, Feb-27-2022",California,,,9.8000,,,H,Arizona State,29852,Jasmine Gutierrez
"Fri, Mar-04-2022",Stanford,,,9.8500,,,A,Arizona State,29852,Jasmine Gutierrez
"Fri, Mar-11-2022","Boise State, Oklahoma",,,9.8250,,,H,Arizona State,29852,Jasmine Gutierrez
"Sat, Mar-19-2022","Arizona, California, Oregon State, Stanford, UCLA, Utah, Washington",,,9.8500,,,A,Arizona State,29852,Jasmine Gutierrez
"Thu, Mar-31-2022",,,,9.7500,9.9000,,A,Arizona State,29852,Jasmine Gutierrez
"Thu, Mar-31-2022",,,,9.8000,,,A,Arizona State,30825,Skye Harper
"Sat, Jan-15-2022",Michigan,9.8000,,9.8250,9.8250,,A,Arizona State,30357,Jordyn Jaslow
"Fri, Jan-21-2022",Utah,9.7250,,9.5500,9.8500,,A,Arizona State,30357,Jordyn Jaslow
"Fri, Jan-28-2022",Washington,9.7500,,,9.7750,,H,Arizona State,30357,Jordyn Jaslow
"Sat, Feb-05-2022",Oregon State,9.7750,,9.2750,9.8250,,A,Arizona State,30357,Jordyn Jaslow
"Sat, Feb-12-2022",Arizona,9.7750,,,9.7500,,A,Arizona State,30357,Jordyn Jaslow
"Sun, Feb-20-2022",UCLA,9.8000,,,9.8750,,H,Arizona State,30357,Jordyn Jaslow
"Sun, Feb-27-2022",California,9.8250,,,9.8500,,H,Arizona State,30357,Jordyn Jaslow
"Fri, Mar-04-2022",Stanford,9.9000,,,9.8250,,A,Arizona State,30357,Jordyn Jaslow
"Fri, Mar-11-2022","Boise State, Oklahoma",,,,9.8250,,H,Arizona State,30357,Jordyn Jaslow
"Sat, Mar-19-2022","Arizona, California, Oregon State, Stanford, UCLA, Utah, Washington",9.7500,,,9.8000,,A,Arizona State,30357,Jordyn Jaslow
"Thu, Mar-31-2022",,9.6750,,,9.8500,,A,Arizona State,30357,Jordyn Jaslow
"Sat, Jan-15-2022",Michigan,9.7500,9.8750,,,,A,Arizona State,30826,Jada Mangahas
"Fri, Jan-21-2022",Utah,9.8000,9.8250,,9.6500,,A,Arizona State,30826,Jada Mangahas
"Fri, Jan-28-2022",Washington,9.8250,8.6250,,9.7750,,H,Arizona State,30826,Jada Mangahas
"Sat, Feb-05-2022",Oregon State,9.8750,9.8000,,9.8500,,A,Arizona State,30826,Jada Mangahas
"Sat, Feb-12-2022",Arizona,9.8500,9.8000,,9.5750,,A,Arizona State,30826,Jada Mangahas
"Sun, Feb-20-2022",UCLA,9.8500,9.8750,,9.9500,,H,Arizona State,30826,Jada Mangahas
"Sun, Feb-27-2022",California,9.8750,9.8250,,9.9000,,H,Arizona State,30826,Jada Mangahas
"Fri, Mar-04-2022",Stanford,9.9000,9.8500,,9.9250,,A,Arizona State,30826,Jada Mangahas
"Fri, Mar-11-2022","Boise State, Oklahoma",9.8750,9.8750,,9.7750,,H,Arizona State,30826,Jada Mangahas
"Sat, Mar-19-2022","Arizona, California, Oregon State, Stanford, UCLA, Utah, Washington",9.8500,9.8250,,9.7250,,A,Arizona State,30826,Jada Mangahas
"Thu, Mar-31-2022",,9.8000,9.8250,,9.9000,,A,Arizona State,30826,Jada Mangahas
"Sat, Jan-15-2022",Michigan,,,9.8000,9.0500,,A,Arizona State,31256,Mallory Marcheli
"Sat, Jan-15-2022",Michigan,9.4750,9.7500,9.5750,,,A,Arizona State,30359,Isabel Redmond
"Thu, Mar-31-2022",,9.7500,9.8250,,,,A,Arizona State,30359,Isabel Redmond
"Fri, Jan-21-2022",Utah,,,8.9250,9.8000,,A,Arizona State,30360,Gracie Reeves
"Fri, Jan-28-2022",Washington,,,,9.6750,,H,Arizona State,30360,Gracie Reeves
"Sat, Feb-12-2022",Arizona,9.7500,9.8000,9.8000,,,A,Arizona State,30360,Gracie Reeves
"Sun, Feb-20-2022",UCLA,9.6500,9.9000,9.8750,,,H,Arizona State,30360,Gracie Reeves
"Sun, Feb-27-2022",California,9.7500,8.9000,9.7500,,,H,Arizona State,30360,Gracie Reeves
"Fri, Mar-04-2022",Stanford,9.8500,9.8750,9.8000,,,A,Arizona State,30360,Gracie Reeves
"Fri, Mar-11-2022","Boise State, Oklahoma",9.8000,9.8500,9.6750,,,H,Arizona State,30360,Gracie Reeves
"Sat, Mar-19-2022","Arizona, California, Oregon State, Stanford, UCLA, Utah, Washington",9.8000,9.8500,9.7750,,,A,Arizona State,30360,Gracie Reeves
"Thu, Mar-31-2022",,9.4000,,,,,A,Arizona State,30360,Gracie Reeves
"Sat, Jan-15-2022",Michigan,9.7500,9.8250,,,,A,Arizona State,30827,Cienna Samiley
"Fri, Jan-21-2022",Utah,9.8000,9.8250,,,,A,Arizona State,30827,Cienna Samiley
"Fri, Jan-28-2022",Washington,9.6250,9.8500,,,,H,Arizona State,30827,Cienna Samiley
"Sat, Feb-05-2022",Oregon State,9.5500,9.6750,,,,A,Arizona State,30827,Cienna Samiley
"Thu, Mar-31-2022",,,9.8000,,,,A,Arizona State,30827,Cienna Samiley
"Sat, Jan-15-2022",Michigan,9.8750,9.8500,9.8500,9.9000,39.4750,A,Arizona State,30361,Hannah Scharf
"Fri, Jan-21-2022",Utah,9.8750,9.8750,9.9000,9.8500,39.5000,A,Arizona State,30361,Hannah Scharf
"Fri, Jan-28-2022",Washington,9.8250,9.8250,9.8500,9.8750,39.3750,H,Arizona State,30361,Hannah Scharf
"Sat, Feb-05-2022",Oregon State,9.9000,9.8500,9.7750,9.8500,39.3750,A,Arizona State,30361,Hannah Scharf
"Sat, Feb-12-2022",Arizona,9.9000,9.9000,9.7750,9.7250,39.3000,A,Arizona State,30361,Hannah Scharf
"Sun, Feb-20-2022",UCLA,9.8000,9.9000,9.9000,9.9250,39.5250,H,Arizona State,30361,Hannah Scharf
"Sun, Feb-27-2022",California,9.9000,9.8250,9.9500,9.9000,39.5750,H,Arizona State,30361,Hannah Scharf
"Fri, Mar-04-2022",Stanford,9.7250,9.8750,9.9000,9.9250,39.4250,A,Arizona State,30361,Hannah Scharf
"Fri, Mar-11-2022","Boise State, Oklahoma",9.8500,9.8750,9.9000,9.9000,39.5250,H,Arizona State,30361,Hannah Scharf
"Sat, Mar-19-2022","Arizona, California, Oregon State, Stanford, UCLA, Utah, Washington",9.8500,9.8500,9.9000,9.7500,39.3500,A,Arizona State,30361,Hannah Scharf
"Thu, Mar-31-2022",,9.8250,9.8500,9.8250,9.9000,39.4000,A,Arizona State,30361,Hannah Scharf
"Fri, Mar-11-2022","Boise State, Oklahoma",9.7000,,,,,H,Arizona State,30828,Anaya Smith
"Sat, Jan-15-2022",Michigan,9.9000,9.8500,,9.8750,,A,Arizona State,31257,Alex Theodorou
"Fri, Jan-21-2022",Utah,9.8750,9.8250,9.5750,9.8250,39.1000,A,Arizona State,31257,Alex Theodorou
"Fri, Jan-28-2022",Washington,9.8000,9.7750,9.1000,9.6500,38.3250,H,Arizona State,31257,Alex Theodorou
"Sat, Feb-05-2022",Oregon State,9.8500,9.8000,,9.2000,,A,Arizona State,31257,Alex Theodorou
"Sat, Feb-12-2022",Arizona,9.9000,9.7500,,9.8250,,A,Arizona State,31257,Alex Theodorou
"Sun, Feb-20-2022",UCLA,9.9250,9.8500,,9.9000,,H,Arizona State,31257,Alex Theodorou
"Sun, Feb-27-2022",California,9.9250,9.8500,,9.8250,,H,Arizona State,31257,Alex Theodorou
"Fri, Mar-04-2022",Stanford,9.8250,9.8000,,9.8500,,A,Arizona State,31257,Alex Theodorou
"Fri, Mar-11-2022","Boise State, Oklahoma",9.8750,9.8750,,9.8250,,H,Arizona State,31257,Alex Theodorou
"Sat, Mar-19-2022","Arizona, California, Oregon State, Stanford, UCLA, Utah, Washington",9.9000,9.8500,,9.8000,,A,Arizona State,31257,Alex Theodorou
"Sat, Jan-15-2022",Michigan,,,8.6250,9.6000,,A,Arizona State,30043,Megan Thompson
"Fri, Jan-28-2022",Washington,,,9.7250,,,H,Arizona State,30043,Megan Thompson
"Sat, Feb-05-2022",Oregon State,,,9.7500,,,A,Arizona State,30043,Megan Thompson
"Sat, Feb-12-2022",Arizona,,,9.8500,,,A,Arizona State,30043,Megan Thompson
"Sun, Feb-20-2022",UCLA,,,9.7250,,,H,Arizona State,30043,Megan Thompson
"Sun, Feb-27-2022",California,,,9.7750,,,H,Arizona State,30043,Megan Thompson
"Fri, Mar-04-2022",Stanford,,,9.9000,,,A,Arizona State,30043,Megan Thompson
"Fri, Mar-11-2022","Boise State, Oklahoma",,,9.8500,,,H,Arizona State,30043,Megan Thompson
"Sat, Mar-19-2022","Arizona, California, Oregon State, Stanford, UCLA, Utah, Washington",,,9.8500,,,A,Arizona State,30043,Megan Thompson
"Thu, Mar-31-2022",,,,9.7750,,,A,Arizona State,30043,Megan Thompson
"Sat, Jan-15-2022",Michigan,,9.8250,9.8750,9.8500,,A,Arizona State,30829,Emily White
"Fri, Jan-21-2022",Utah,9.8250,9.3500,9.7750,9.7500,38.7000,A,Arizona State,30829,Emily White
"Fri, Jan-28-2022",Washington,9.6500,9.1000,9.8750,9.8750,38.5000,H,Arizona State,30829,Emily White
"Sat, Feb-05-2022",Oregon State,9.8500,9.8500,9.8750,,,A,Arizona State,30829,Emily White
"Sat, Feb-12-2022",Arizona,9.8500,9.8500,9.8500,,,A,Arizona State,30829,Emily White
"Sun, Feb-20-2022",UCLA,9.9250,9.9000,9.9000,9.8750,39.6000,H,Arizona State,30829,Emily White
"Sun, Feb-27-2022",California,9.8250,9.8500,9.9000,9.8500,39.4250,H,Arizona State,30829,Emily White
"Fri, Mar-04-2022",Stanford,9.8250,9.8000,9.9250,9.8250,39.3750,A,Arizona State,30829,Emily White
"Fri, Mar-11-2022","Boise State, Oklahoma",9.7750,9.9000,9.8500,9.7750,39.3000,H,Arizona State,30829,Emily White
"Sat, Mar-19-2022","Arizona, California, Oregon State, Stanford, UCLA, Utah, Washington",9.8500,9.8250,9.8500,9.8750,39.4000,A,Arizona State,30829,Emily White
"Thu, Mar-31-2022",,9.7500,9.8500,9.8500,9.9000,39.3500,A,Arizona State,30829,Emily White
"Fri, Jan-07-2022",Ohio State,9.8500,,9.8250,,,H,Arkansas,29867,Amanda Elswick
"Fri, Jan-14-2022",Auburn,9.9000,,9.8750,,,H,Arkansas,29867,Amanda Elswick
"Fri, Jan-28-2022",Florida,9.7000,,9.9250,,,A,Arkansas,29867,Amanda Elswick
"Sun, Feb-06-2022",S.E. Missouri,9.9000,,9.9500,,,H,Arkansas,29867,Amanda Elswick
"Fri, Feb-11-2022",Kentucky,9.8250,,9.2500,,,H,Arkansas,29867,Amanda Elswick
"Sun, Feb-20-2022","LSU, Missouri",,,9.9250,,,A,Arkansas,29867,Amanda Elswick
"Fri, Feb-25-2022",Georgia,9.9000,,9.9000,,,H,Arkansas,29867,Amanda Elswick
"Fri, Mar-04-2022",Alabama,9.8000,,9.9500,,,A,Arkansas,29867,Amanda Elswick
"Sun, Mar-06-2022","Alabama, Auburn, Georgia",9.8500,,9.7500,,,A,Arkansas,29867,Amanda Elswick
"Sun, Mar-13-2022","Denver, Nebraska, Oregon State",9.9250,,9.8750,,,A,Arkansas,29867,Amanda Elswick
"Sat, Mar-19-2022","Alabama, Auburn, Florida, Georgia, Kentucky, LSU, Missouri",9.8500,,9.8750,,,A,Arkansas,29867,Amanda Elswick
"Thu, Mar-31-2022",,9.8250,,9.7750,,,A,Arkansas,29867,Amanda Elswick
"Sat, Apr-02-2022",,9.8250,,9.9000,,,A,Arkansas,29867,Amanda Elswick
"Fri, Feb-11-2022",Kentucky,,,9.8250,,,H,Arkansas,31260,Kalyxta Gamiao
"Sun, Feb-20-2022","LSU, Missouri",,,9.8750,,,A,Arkansas,31260,Kalyxta Gamiao
"Fri, Feb-25-2022",Georgia,,,9.8500,,,H,Arkansas,31260,Kalyxta Gamiao
"Fri, Mar-04-2022",Alabama,,,9.7750,,,A,Arkansas,31260,Kalyxta Gamiao
"Sun, Mar-06-2022","Alabama, Auburn, Georgia",,,9.8500,,,A,Arkansas,31260,Kalyxta Gamiao
"Sun, Mar-13-2022","Denver, Nebraska, Oregon State",,,9.8500,,,A,Arkansas,31260,Kalyxta Gamiao
"Sat, Mar-19-2022","Alabama, Auburn, Florida, Georgia, Kentucky, LSU, Missouri",,,9.6750,,,A,Arkansas,31260,Kalyxta Gamiao
"Thu, Mar-31-2022",,,,9.7750,,,A,Arkansas,31260,Kalyxta Gamiao
"Sat, Apr-02-2022",,,,9.1000,,,A,Arkansas,31260,Kalyxta Gamiao
"Fri, Jan-07-2022",Ohio State,,9.7750,9.7750,,,H,Arkansas,30762,Kiara Gianfagna
"Fri, Jan-14-2022",Auburn,,,9.8250,,,H,Arkansas,30762,Kiara Gianfagna
"Fri, Jan-28-2022",Florida,,9.6250,9.8000,,,A,Arkansas,30762,Kiara Gianfagna
"Sun, Feb-06-2022",S.E. Missouri,,,9.6000,,,H,Arkansas,30762,Kiara Gianfagna
"Fri, Feb-11-2022",Kentucky,,,9.8500,,,H,Arkansas,30762,Kiara Gianfagna
"Sun, Feb-20-2022","LSU, Missouri",,9.8250,,,,A,Arkansas,30762,Kiara Gianfagna
"Fri, Mar-04-2022",Alabama,,9.3500,9.7750,,,A,Arkansas,30762,Kiara Gianfagna
"Sun, Mar-06-2022","Alabama, Auburn, Georgia",,,9.8500,,,A,Arkansas,30762,Kiara Gianfagna
"Sun, Mar-13-2022","Denver, Nebraska, Oregon State",,,9.8250,,,A,Arkansas,30762,Kiara Gianfagna
"Sat, Mar-19-2022","Alabama, Auburn, Florida, Georgia, Kentucky, LSU, Missouri",,,9.8250,,,A,Arkansas,30762,Kiara Gianfagna
"Thu, Mar-31-2022",,,,9.8000,,,A,Arkansas,30762,Kiara Gianfagna
"Sat, Apr-02-2022",,,,9.8250,,,A,Arkansas,30762,Kiara Gianfagna
"Fri, Jan-07-2022",Ohio State,9.8250,9.8500,9.8250,9.8500,39.3500,H,Arkansas,29869,Kennedy Hambrick
"Fri, Jan-14-2022",Auburn,9.7750,9.9250,9.9500,9.8750,39.5250,H,Arkansas,29869,Kennedy Hambrick
"Fri, Jan-28-2022",Florida,9.8500,9.8500,9.9250,9.8500,39.4750,A,Arkansas,29869,Kennedy Hambrick
"Sun, Feb-06-2022",S.E. Missouri,9.9250,9.5250,9.9750,9.9500,39.3750,H,Arkansas,29869,Kennedy Hambrick
"Sun, Feb-20-2022","LSU, Missouri",9.6000,,9.9000,9.8250,,A,Arkansas,29869,Kennedy Hambrick
"Fri, Feb-25-2022",Georgia,9.8500,9.3500,9.6750,9.9250,38.8000,H,Arkansas,29869,Kennedy Hambrick
"Fri, Mar-04-2022",Alabama,9.8250,9.9000,9.8750,,,A,Arkansas,29869,Kennedy Hambrick
"Sun, Mar-06-2022","Alabama, Auburn, Georgia",9.9000,9.9250,9.7750,8.9000,38.5000,A,Arkansas,29869,Kennedy Hambrick
"Sun, Mar-13-2022","Denver, Nebraska, Oregon State",9.9250,9.8000,9.6500,9.8750,39.2500,A,Arkansas,29869,Kennedy Hambrick
"Sat, Mar-19-2022","Alabama, Auburn, Florida, Georgia, Kentucky, LSU, Missouri",9.8250,9.8500,9.8000,9.8000,39.2750,A,Arkansas,29869,Kennedy Hambrick
"Thu, Mar-31-2022",,9.9000,9.9000,9.8750,9.9000,39.5750,A,Arkansas,29869,Kennedy Hambrick
"Sat, Apr-02-2022",,9.8750,9.2250,9.9000,9.8750,38.8750,A,Arkansas,29869,Kennedy Hambrick
"Thu, Apr-14-2022",,9.8625,9.8625,9.8875,9.7125,39.3250,A,Arkansas,29869,Kennedy Hambrick
"Fri, Jan-07-2022",Ohio State,9.7750,,,9.8000,,H,Arkansas,30763,Madison Hickey
"Fri, Jan-14-2022",Auburn,,,,9.8250,,H,Arkansas,30763,Madison Hickey
"Fri, Jan-28-2022",Florida,,,,9.7750,,A,Arkansas,30763,Madison Hickey
"Sun, Feb-06-2022",S.E. Missouri,,,,9.9000,,H,Arkansas,30763,Madison Hickey
"Fri, Feb-11-2022",Kentucky,,,,9.8500,,H,Arkansas,30763,Madison Hickey
"Fri, Mar-04-2022",Alabama,,,,9.0250,,A,Arkansas,30763,Madison Hickey
"Sun, Mar-06-2022","Alabama, Auburn, Georgia",,,,9.6750,,A,Arkansas,30763,Madison Hickey
"Sun, Mar-13-2022","Denver, Nebraska, Oregon State",,,,9.8500,,A,Arkansas,30763,Madison Hickey
"Sat, Mar-19-2022","Alabama, Auburn, Florida, Georgia, Kentucky, LSU, Missouri",,,,9.8250,,A,Arkansas,30763,Madison Hickey
"Sat, Apr-02-2022",,,,,9.7000,,A,Arkansas,30763,Madison Hickey
"Fri, Jan-07-2022",Ohio State,,,,9.8000,,H,Arkansas,31262,Maddie Jones
"Sun, Feb-06-2022",S.E. Missouri,,9.8500,,9.8750,,H,Arkansas,31262,Maddie Jones
"Fri, Feb-11-2022",Kentucky,,9.8500,,9.9000,,H,Arkansas,31262,Maddie Jones
"Sun, Feb-20-2022","LSU, Missouri",,9.9250,,9.8250,,A,Arkansas,31262,Maddie Jones
"Fri, Feb-25-2022",Georgia,,9.8500,,9.8750,,H,Arkansas,31262,Maddie Jones
"Fri, Mar-04-2022",Alabama,,9.0250,,9.8750,,A,Arkansas,31262,Maddie Jones
"Sun, Mar-06-2022","Alabama, Auburn, Georgia",,9.8250,,9.9250,,A,Arkansas,31262,Maddie Jones
"Sun, Mar-13-2022","Denver, Nebraska, Oregon State",,9.8250,,9.8750,,A,Arkansas,31262,Maddie Jones
"Sat, Mar-19-2022","Alabama, Auburn, Florida, Georgia, Kentucky, LSU, Missouri",,9.7750,,9.8750,,A,Arkansas,31262,Maddie Jones
"Thu, Mar-31-2022",,,9.9000,,9.9000,,A,Arkansas,31262,Maddie Jones
"Sat, Apr-02-2022",,,9.8250,,9.8500,,A,Arkansas,31262,Maddie Jones
"Fri, Jan-07-2022",Ohio State,9.8000,9.6500,,9.0500,,H,Arkansas,30830,Emma Kelley
"Sun, Feb-06-2022",S.E. Missouri,9.7750,,,,,H,Arkansas,30830,Emma Kelley
"Fri, Feb-11-2022",Kentucky,9.6750,9.1750,,,,H,Arkansas,30830,Emma Kelley
"Sun, Feb-20-2022","LSU, Missouri",9.7500,,,,,A,Arkansas,30830,Emma Kelley
"Sun, Mar-13-2022","Denver, Nebraska, Oregon State",9.7750,,,,,A,Arkansas,30830,Emma Kelley
"Sat, Mar-19-2022","Alabama, Auburn, Florida, Georgia, Kentucky, LSU, Missouri",9.7000,,,,,A,Arkansas,30830,Emma Kelley
"Thu, Mar-31-2022",,9.7500,,,,,A,Arkansas,30830,Emma Kelley
"Sat, Apr-02-2022",,9.7750,,,,,A,Arkansas,30830,Emma Kelley
"Fri, Jan-07-2022",Ohio State,,,9.3500,9.8750,,H,Arkansas,29870,Bailey Lovett
"Fri, Jan-14-2022",Auburn,,,9.9000,9.8750,,H,Arkansas,29870,Bailey Lovett
"Fri, Jan-28-2022",Florida,,,9.9250,9.9000,,A,Arkansas,29870,Bailey Lovett
"Sun, Feb-06-2022",S.E. Missouri,,,9.7750,9.9250,,H,Arkansas,29870,Bailey Lovett
"Fri, Feb-11-2022",Kentucky,,,9.8500,9.9000,,H,Arkansas,29870,Bailey Lovett
"Sun, Feb-20-2022","LSU, Missouri",,,9.8250,9.9000,,A,Arkansas,29870,Bailey Lovett
"Fri, Feb-25-2022",Georgia,,,9.9000,9.8750,,H,Arkansas,29870,Bailey Lovett
"Fri, Mar-04-2022",Alabama,,,9.8500,9.8750,,A,Arkansas,29870,Bailey Lovett
"Sun, Mar-06-2022","Alabama, Auburn, Georgia",,,9.7750,9.8750,,A,Arkansas,29870,Bailey Lovett
"Sun, Mar-13-2022","Denver, Nebraska, Oregon State",,,9.8000,9.8750,,A,Arkansas,29870,Bailey Lovett
"Sat, Mar-19-2022","Alabama, Auburn, Florida, Georgia, Kentucky, LSU, Missouri",,,9.6500,9.8500,,A,Arkansas,29870,Bailey Lovett
"Thu, Mar-31-2022",,,,9.8500,9.9250,,A,Arkansas,29870,Bailey Lovett
"Sat, Apr-02-2022",,,,9.8250,9.9250,,A,Arkansas,29870,Bailey Lovett
"Fri, Jan-07-2022",Ohio State,,9.8000,,,,H,Arkansas,24573,Maggie O'Hara
"Fri, Jan-14-2022",Auburn,,9.9500,,,,H,Arkansas,24573,Maggie O'Hara
"Fri, Jan-28-2022",Florida,,9.0250,,,,A,Arkansas,24573,Maggie O'Hara
"Sun, Feb-06-2022",S.E. Missouri,,9.3750,,,,H,Arkansas,24573,Maggie O'Hara
"Fri, Feb-11-2022",Kentucky,,9.9250,,,,H,Arkansas,24573,Maggie O'Hara
"Sun, Feb-20-2022","LSU, Missouri",,9.8000,9.6750,,,A,Arkansas,24573,Maggie O'Hara
"Fri, Feb-25-2022",Georgia,,9.3250,9.7750,,,H,Arkansas,24573,Maggie O'Hara
"Fri, Mar-04-2022",Alabama,,9.8750,,,,A,Arkansas,24573,Maggie O'Hara
"Sun, Mar-06-2022","Alabama, Auburn, Georgia",,9.9000,,,,A,Arkansas,24573,Maggie O'Hara
"Sun, Mar-13-2022","Denver, Nebraska, Oregon State",,9.8000,,,,A,Arkansas,24573,Maggie O'Hara
"Sat, Mar-19-2022","Alabama, Auburn, Florida, Georgia, Kentucky, LSU, Missouri",,9.8500,,,,A,Arkansas,24573,Maggie O'Hara
"Thu, Mar-31-2022",,,9.8500,,,,A,Arkansas,24573,Maggie O'Hara
"Sat, Apr-02-2022",,,9.9000,9.8000,,,A,Arkansas,24573,Maggie O'Hara
"Fri, Jan-07-2022",Ohio State,9.8250,,,9.7750,,H,Arkansas,29872,Savannah Pennese
"Fri, Jan-14-2022",Auburn,9.7750,,,9.8750,,H,Arkansas,29872,Savannah Pennese
"Fri, Jan-28-2022",Florida,9.7750,,,,,A,Arkansas,29872,Savannah Pennese
"Sun, Feb-06-2022",S.E. Missouri,9.7500,,,,,H,Arkansas,29872,Savannah Pennese
"Fri, Feb-11-2022",Kentucky,9.7500,,,9.8750,,H,Arkansas,29872,Savannah Pennese
"Sun, Feb-20-2022","LSU, Missouri",9.8250,,,9.7250,,A,Arkansas,29872,Savannah Pennese
"Fri, Feb-25-2022",Georgia,9.8000,,,9.1000,,H,Arkansas,29872,Savannah Pennese
"Fri, Mar-04-2022",Alabama,9.8250,,,9.8500,,A,Arkansas,29872,Savannah Pennese
"Sun, Mar-06-2022","Alabama, Auburn, Georgia",9.7000,,,,,A,Arkansas,29872,Savannah Pennese
"Sun, Mar-13-2022","Denver, Nebraska, Oregon State",9.9250,,,9.8000,,A,Arkansas,29872,Savannah Pennese
"Sat, Mar-19-2022","Alabama, Auburn, Florida, Georgia, Kentucky, LSU, Missouri",9.8500,,,,,A,Arkansas,29872,Savannah Pennese
"Thu, Mar-31-2022",,9.8000,,,9.8500,,A,Arkansas,29872,Savannah Pennese
"Sat, Apr-02-2022",,9.5250,,,9.8500,,A,Arkansas,29872,Savannah Pennese
"Fri, Jan-07-2022",Ohio State,,9.1500,,,,H,Arkansas,30833,Jensen Scalzo
"Fri, Jan-14-2022",Auburn,,9.9000,,,,H,Arkansas,30833,Jensen Scalzo
"Fri, Jan-28-2022",Florida,,9.7750,,,,A,Arkansas,30833,Jensen Scalzo
"Sun, Feb-06-2022",S.E. Missouri,,9.9000,,,,H,Arkansas,30833,Jensen Scalzo
"Fri, Feb-11-2022",Kentucky,,9.8000,,,,H,Arkansas,30833,Jensen Scalzo
"Sun, Feb-20-2022","LSU, Missouri",,9.9000,,,,A,Arkansas,30833,Jensen Scalzo
"Fri, Feb-25-2022",Georgia,,9.8250,,,,H,Arkansas,30833,Jensen Scalzo
"Fri, Mar-04-2022",Alabama,,9.8750,,,,A,Arkansas,30833,Jensen Scalzo
"Sun, Mar-06-2022","Alabama, Auburn, Georgia",,9.8750,,,,A,Arkansas,30833,Jensen Scalzo
"Sun, Mar-13-2022","Denver, Nebraska, Oregon State",,9.7750,,,,A,Arkansas,30833,Jensen Scalzo
"Sat, Mar-19-2022","Alabama, Auburn, Florida, Georgia, Kentucky, LSU, Missouri",,9.8000,,,,A,Arkansas,30833,Jensen Scalzo
"Thu, Mar-31-2022",,,9.8500,,,,A,Arkansas,30833,Jensen Scalzo
"Sat, Apr-02-2022",,,9.8000,,,,A,Arkansas,30833,Jensen Scalzo
"Fri, Jan-07-2022",Ohio State,9.7000,,9.8250,,,H,Arkansas,31263,Makenzie Sedlacek
"Fri, Jan-14-2022",Auburn,9.8000,9.7000,9.7500,,,H,Arkansas,31263,Makenzie Sedlacek
"Fri, Jan-28-2022",Florida,9.7750,,9.7500,9.8500,,A,Arkansas,31263,Makenzie Sedlacek
"Sun, Feb-06-2022",S.E. Missouri,9.8500,,9.2750,9.9000,,H,Arkansas,31263,Makenzie Sedlacek
"Fri, Feb-11-2022",Kentucky,9.8000,,9.6250,9.8500,,H,Arkansas,31263,Makenzie Sedlacek
"Sun, Feb-20-2022","LSU, Missouri",9.9000,,,9.7000,,A,Arkansas,31263,Makenzie Sedlacek
"Fri, Feb-25-2022",Georgia,9.7500,,,9.8750,,H,Arkansas,31263,Makenzie Sedlacek
"Fri, Mar-04-2022",Alabama,9.8250,,,9.8750,,A,Arkansas,31263,Makenzie Sedlacek
"Sun, Mar-06-2022","Alabama, Auburn, Georgia",9.9000,,,9.6500,,A,Arkansas,31263,Makenzie Sedlacek
"Fri, Jan-07-2022",Ohio State,,8.1000,9.8000,,,H,Arkansas,24512,Sarah Shaffer
"Fri, Jan-14-2022",Auburn,,9.9250,,9.8000,,H,Arkansas,24512,Sarah Shaffer
"Fri, Jan-28-2022",Florida,9.8500,9.7250,,9.6750,,A,Arkansas,24512,Sarah Shaffer
"Sun, Feb-06-2022",S.E. Missouri,,9.9250,,,,H,Arkansas,24512,Sarah Shaffer
"Fri, Feb-11-2022",Kentucky,9.8750,9.3250,,,,H,Arkansas,24512,Sarah Shaffer
"Sun, Feb-20-2022","LSU, Missouri",9.7250,9.9000,,,,A,Arkansas,24512,Sarah Shaffer
"Fri, Feb-25-2022",Georgia,9.8500,9.2500,,9.8250,,H,Arkansas,24512,Sarah Shaffer
"Fri, Mar-04-2022",Alabama,9.8000,,,,,A,Arkansas,24512,Sarah Shaffer
"Sun, Mar-06-2022","Alabama, Auburn, Georgia",9.7000,9.9500,,,,A,Arkansas,24512,Sarah Shaffer
"Sun, Mar-13-2022","Denver, Nebraska, Oregon State",9.9250,9.8000,,,,A,Arkansas,24512,Sarah Shaffer
"Sat, Mar-19-2022","Alabama, Auburn, Florida, Georgia, Kentucky, LSU, Missouri",9.8750,9.8250,,9.8750,,A,Arkansas,24512,Sarah Shaffer
"Thu, Mar-31-2022",,9.8000,9.9500,,9.8000,,A,Arkansas,24512,Sarah Shaffer
"Sat, Apr-02-2022",,9.8000,9.8500,,9.9000,,A,Arkansas,24512,Sarah Shaffer
"Thu, Apr-14-2022",,,9.8750,,,,A,Arkansas,24512,Sarah Shaffer
"Fri, Jan-14-2022",Auburn,9.8000,9.8500,9.6750,9.8500,39.1750,H,Arkansas,31261,Leah Smith
"Fri, Jan-28-2022",Florida,9.7750,9.8000,9.9000,9.8250,39.3000,A,Arkansas,31261,Leah Smith
"Sun, Feb-06-2022",S.E. Missouri,9.8500,9.8500,9.8500,9.8750,39.4250,H,Arkansas,31261,Leah Smith
"Fri, Feb-11-2022",Kentucky,9.8250,9.8250,9.3500,,,H,Arkansas,31261,Leah Smith
"Sun, Feb-20-2022","LSU, Missouri",9.8500,9.3000,9.8000,9.8000,38.7500,A,Arkansas,31261,Leah Smith
"Fri, Feb-25-2022",Georgia,9.8500,9.8000,9.9000,,,H,Arkansas,31261,Leah Smith
"Fri, Mar-04-2022",Alabama,9.8750,9.8250,9.8250,9.2750,38.8000,A,Arkansas,31261,Leah Smith
"Sun, Mar-06-2022","Alabama, Auburn, Georgia",9.8750,9.8500,9.8000,9.9000,39.4250,A,Arkansas,31261,Leah Smith
"Sun, Mar-13-2022","Denver, Nebraska, Oregon State",9.8000,9.8500,9.7000,9.8750,39.2250,A,Arkansas,31261,Leah Smith
"Sat, Mar-19-2022","Alabama, Auburn, Florida, Georgia, Kentucky, LSU, Missouri",9.8500,9.8250,9.5000,9.6500,38.8250,A,Arkansas,31261,Leah Smith
"Thu, Mar-31-2022",,,9.8000,9.6750,5.2000,,A,Arkansas,31261,Leah Smith
"Sat, Apr-02-2022",,,9.8500,,,,A,Arkansas,31261,Leah Smith
"Fri, Jan-14-2022",Auburn,9.3000,,,,,H,Arkansas,31258,Cami Weaver
"Fri, Feb-11-2022",Missouri,,,,9.0000,,H,Auburn,31264,Ananda Brown
"Fri, Jan-07-2022","Bowling Green, North Carolina, North Carolina State",,9.8000,9.8500,9.7500,,A,Auburn,30362,Aria Brusch
"Fri, Jan-14-2022",Arkansas,,9.9000,9.8500,9.8250,,A,Auburn,30362,Aria Brusch
"Fri, Jan-21-2022",Iowa State,,9.8750,9.8750,9.9000,,H,Auburn,30362,Aria Brusch
"Fri, Jan-28-2022",Alabama,,9.8500,9.8500,9.8750,,H,Auburn,30362,Aria Brusch
"Sat, Feb-05-2022",LSU,,9.8500,9.8750,9.7000,,A,Auburn,30362,Aria Brusch
"Fri, Feb-25-2022",Kentucky,,9.9500,,,,H,Auburn,30362,Aria Brusch
"Fri, Mar-04-2022",Florida,,9.8750,9.9250,,,H,Auburn,30362,Aria Brusch
"Sun, Mar-06-2022","Alabama, Arkansas, Georgia",,9.9250,9.8250,,,A,Auburn,30362,Aria Brusch
"Sat, Mar-12-2022","Michigan, West Virginia",,9.8750,9.8750,,,A,Auburn,30362,Aria Brusch
"Sat, Mar-19-2022","Alabama, Arkansas, Florida, Georgia, Kentucky, LSU, Missouri",,9.9500,9.1750,9.8500,,A,Auburn,30362,Aria Brusch
"Thu, Mar-31-2022",,,9.8250,9.8250,9.7750,,A,Auburn,30362,Aria Brusch
"Sat, Apr-02-2022",,,9.8500,9.8750,9.8500,,A,Auburn,30362,Aria Brusch
"Thu, Apr-14-2022",,,9.8875,9.8500,9.8625,,A,Auburn,30362,Aria Brusch
"Sat, Apr-16-2022",,,9.8375,9.7875,9.8000,,A,Auburn,30362,Aria Brusch
"Fri, Jan-21-2022",Iowa State,9.7250,,,,,H,Auburn,24954,Jada Glenn
"Fri, Jan-07-2022","Bowling Green, North Carolina, North Carolina State",9.8750,9.8250,,9.8750,,A,Auburn,29879,Derrian Gobourne
"Fri, Jan-14-2022",Arkansas,9.8750,9.8500,,9.9250,,A,Auburn,29879,Derrian Gobourne
"Fri, Jan-21-2022",Iowa State,9.8500,9.9000,,9.9750,,H,Auburn,29879,Derrian Gobourne
"Fri, Jan-28-2022",Alabama,9.8250,9.9250,,9.9500,,H,Auburn,29879,Derrian Gobourne
"Sat, Feb-05-2022",LSU,9.9500,9.8750,,9.9250,,A,Auburn,29879,Derrian Gobourne
"Fri, Feb-11-2022",Missouri,9.9000,9.8500,,9.8750,,H,Auburn,29879,Derrian Gobourne
"Fri, Feb-18-2022",Georgia,9.9000,9.8500,,9.8750,,A,Auburn,29879,Derrian Gobourne
"Fri, Feb-25-2022",Kentucky,9.8750,9.7000,,9.9750,,H,Auburn,29879,Derrian Gobourne
"Fri, Mar-04-2022",Florida,9.9000,9.9000,,10.0000,,H,Auburn,29879,Derrian Gobourne
"Sun, Mar-06-2022","Alabama, Arkansas, Georgia",9.8500,9.9750,,9.9000,,A,Auburn,29879,Derrian Gobourne
"Sat, Mar-12-2022","Michigan, West Virginia",9.8500,9.9250,,9.9500,,A,Auburn,29879,Derrian Gobourne
"Sat, Mar-19-2022","Alabama, Arkansas, Florida, Georgia, Kentucky, LSU, Missouri",9.7500,9.9500,,9.9500,,A,Auburn,29879,Derrian Gobourne
"Thu, Mar-31-2022",,9.8500,9.8500,,9.9500,,A,Auburn,29879,Derrian Gobourne
"Sat, Apr-02-2022",,9.8500,9.9000,,9.9750,,A,Auburn,29879,Derrian Gobourne
"Thu, Apr-14-2022",,9.8750,9.9500,,9.9625,,A,Auburn,29879,Derrian Gobourne
"Sat, Apr-16-2022",,9.8875,9.9375,,9.9375,,A,Auburn,29879,Derrian Gobourne
"Fri, Jan-07-2022","Bowling Green, North Carolina, North Carolina State",9.8250,,,9.8500,,A,Auburn,31265,Sophia Groth
"Fri, Jan-14-2022",Arkansas,9.8750,,9.9000,9.8500,,A,Auburn,31265,Sophia Groth
"Fri, Jan-21-2022",Iowa State,9.8750,,9.9000,9.8500,,H,Auburn,31265,Sophia Groth
"Fri, Jan-28-2022",Alabama,9.8500,,9.8250,9.9000,,H,Auburn,31265,Sophia Groth
"Sat, Feb-05-2022",LSU,9.9000,,9.9500,9.9000,,A,Auburn,31265,Sophia Groth
"Fri, Feb-11-2022",Missouri,9.8500,,9.9000,9.9250,,H,Auburn,31265,Sophia Groth
"Fri, Feb-18-2022",Georgia,9.8250,9.7750,9.9500,9.8750,39.4250,A,Auburn,31265,Sophia Groth
"Fri, Feb-25-2022",Kentucky,9.8250,9.8750,9.9500,9.7500,39.4000,H,Auburn,31265,Sophia Groth
"Fri, Mar-04-2022",Florida,9.8500,9.9250,9.9500,9.9750,39.7000,H,Auburn,31265,Sophia Groth
"Sun, Mar-06-2022","Alabama, Arkansas, Georgia",,9.9000,9.9250,9.8750,,A,Auburn,31265,Sophia Groth
"Sat, Mar-12-2022","Michigan, West Virginia",9.8250,9.7500,9.9500,9.8750,39.4000,A,Auburn,31265,Sophia Groth
"Sat, Mar-19-2022","Alabama, Arkansas, Florida, Georgia, Kentucky, LSU, Missouri",9.7500,9.8750,9.9500,9.7750,39.3500,A,Auburn,31265,Sophia Groth
"Thu, Mar-31-2022",,9.7500,9.7000,9.9500,9.9000,39.3000,A,Auburn,31265,Sophia Groth
"Sat, Apr-02-2022",,9.8000,9.7500,9.9500,9.9000,39.4000,A,Auburn,31265,Sophia Groth
"Thu, Apr-14-2022",,9.8000,9.8375,9.9250,9.9000,39.4625,A,Auburn,31265,Sophia Groth
"Sat, Apr-16-2022",,9.7875,9.8875,9.8000,9.8625,39.3375,A,Auburn,31265,Sophia Groth
"Fri, Jan-07-2022","Bowling Green, North Carolina, North Carolina State",,,9.7500,,,A,Auburn,30835,Olivia Hollingsworth
"Fri, Jan-14-2022",Arkansas,,,9.8250,,,A,Auburn,30835,Olivia Hollingsworth
"Fri, Jan-21-2022",Iowa State,,,9.8750,,,H,Auburn,30835,Olivia Hollingsworth
"Fri, Jan-28-2022",Alabama,,,9.7500,,,H,Auburn,30835,Olivia Hollingsworth
"Sat, Feb-05-2022",LSU,,,9.8750,,,A,Auburn,30835,Olivia Hollingsworth
"Fri, Feb-11-2022",Missouri,,,9.7750,,,H,Auburn,30835,Olivia Hollingsworth
"Fri, Feb-18-2022",Georgia,,,9.1750,,,A,Auburn,30835,Olivia Hollingsworth
"Fri, Feb-25-2022",Kentucky,,,9.8250,,,H,Auburn,30835,Olivia Hollingsworth
"Fri, Mar-04-2022",Florida,,,9.9000,,,H,Auburn,30835,Olivia Hollingsworth
"Sun, Mar-06-2022","Alabama, Arkansas, Georgia",,,9.7750,,,A,Auburn,30835,Olivia Hollingsworth
"Sat, Mar-12-2022","Michigan, West Virginia",,,9.7500,,,A,Auburn,30835,Olivia Hollingsworth
"Sat, Mar-19-2022","Alabama, Arkansas, Florida, Georgia, Kentucky, LSU, Missouri",,,9.7750,,,A,Auburn,30835,Olivia Hollingsworth
"Thu, Mar-31-2022",,,,9.7000,,,A,Auburn,30835,Olivia Hollingsworth
"Sat, Apr-02-2022",,,,9.8500,,,A,Auburn,30835,Olivia Hollingsworth
"Thu, Apr-14-2022",,,,9.8375,,,A,Auburn,30835,Olivia Hollingsworth
"Sat, Apr-16-2022",,,,9.8375,,,A,Auburn,30835,Olivia Hollingsworth
"Fri, Jan-07-2022","Bowling Green, North Carolina, North Carolina State",9.8750,,,9.6000,,A,Auburn,31266,Sara Hubbard
"Fri, Jan-14-2022",Arkansas,9.7500,,,,,A,Auburn,31266,Sara Hubbard
"Fri, Jan-21-2022",Iowa State,9.8500,,,9.8000,,H,Auburn,31266,Sara Hubbard
"Fri, Jan-28-2022",Alabama,9.8000,,,,,H,Auburn,31266,Sara Hubbard
"Sat, Feb-05-2022",LSU,9.8250,,,,,A,Auburn,31266,Sara Hubbard
"Fri, Feb-11-2022",Missouri,9.8000,,,,,H,Auburn,31266,Sara Hubbard
"Fri, Feb-18-2022",Georgia,9.8500,,,9.8000,,A,Auburn,31266,Sara Hubbard
"Fri, Feb-25-2022",Kentucky,9.8750,,,9.9000,,H,Auburn,31266,Sara Hubbard
"Fri, Mar-04-2022",Florida,9.9000,,,9.7250,,H,Auburn,31266,Sara Hubbard
"Sun, Mar-06-2022","Alabama, Arkansas, Georgia",9.8250,,,,,A,Auburn,31266,Sara Hubbard
"Sat, Mar-12-2022","Michigan, West Virginia",9.8750,,,9.6750,,A,Auburn,31266,Sara Hubbard
"Sat, Mar-19-2022","Alabama, Arkansas, Florida, Georgia, Kentucky, LSU, Missouri",9.8250,,,,,A,Auburn,31266,Sara Hubbard
"Thu, Mar-31-2022",,9.8500,,,,,A,Auburn,31266,Sara Hubbard
"Sat, Apr-02-2022",,9.8500,,,,,A,Auburn,31266,Sara Hubbard
"Thu, Apr-14-2022",,9.9000,,,,,A,Auburn,31266,Sara Hubbard
"Sat, Apr-16-2022",,9.8625,,,,,A,Auburn,31266,Sara Hubbard
"Fri, Jan-07-2022","Bowling Green, North Carolina, North Carolina State",,9.7750,9.8750,,,A,Auburn,31267,Sunisa Lee
"Fri, Jan-14-2022",Arkansas,,9.9500,9.8750,9.8750,,A,Auburn,31267,Sunisa Lee
"Fri, Jan-21-2022",Iowa State,,9.9000,9.4250,,,H,Auburn,31267,Sunisa Lee
"Fri, Jan-28-2022",Alabama,9.8750,9.9250,9.9750,9.9250,39.7000,H,Auburn,31267,Sunisa Lee
"Sat, Feb-05-2022",LSU,9.9000,10.0000,9.9750,9.9500,39.8250,A,Auburn,31267,Sunisa Lee
"Fri, Feb-11-2022",Missouri,9.8500,9.9000,9.9000,9.9250,39.5750,H,Auburn,31267,Sunisa Lee
"Fri, Feb-18-2022",Georgia,9.9250,9.9250,9.9750,9.9500,39.7750,A,Auburn,31267,Sunisa Lee
"Fri, Feb-25-2022",Kentucky,9.8250,9.9750,10.0000,9.9750,39.7750,H,Auburn,31267,Sunisa Lee
"Fri, Mar-04-2022",Florida,9.8750,9.9500,10.0000,9.9750,39.8000,H,Auburn,31267,Sunisa Lee
"Sun, Mar-06-2022","Alabama, Arkansas, Georgia",9.9250,9.8750,9.9750,9.9250,39.7000,A,Auburn,31267,Sunisa Lee
"Sat, Mar-12-2022","Michigan, West Virginia",9.8750,9.9750,9.7250,9.7750,39.3500,A,Auburn,31267,Sunisa Lee
"Sat, Mar-19-2022","Alabama, Arkansas, Florida, Georgia, Kentucky, LSU, Missouri",9.8750,10.0000,9.4500,9.9500,39.2750,A,Auburn,31267,Sunisa Lee
"Thu, Mar-31-2022",,9.8250,9.9500,9.9750,9.9000,39.6500,A,Auburn,31267,Sunisa Lee
"Sat, Apr-02-2022",,9.8750,9.7250,10.0000,9.9500,39.5500,A,Auburn,31267,Sunisa Lee
"Thu, Apr-14-2022",,9.8500,9.9125,9.9625,9.9500,39.6750,A,Auburn,31267,Sunisa Lee
"Sat, Apr-16-2022",,9.8625,9.9125,9.9000,9.9500,39.6250,A,Auburn,31267,Sunisa Lee
"Fri, Jan-07-2022","Bowling Green, North Carolina, North Carolina State",,,9.1750,9.6000,,A,Auburn,30363,Morgan Leigh Oldham
"Fri, Jan-21-2022",Iowa State,,,,9.6750,,H,Auburn,30363,Morgan Leigh Oldham
"Fri, Jan-07-2022","Bowling Green, North Carolina, North Carolina State",,,9.7000,,,A,Auburn,30836,Gabby McLaughlin
"Fri, Jan-14-2022",Arkansas,9.7750,,9.9250,,,A,Auburn,30836,Gabby McLaughlin
"Fri, Jan-21-2022",Iowa State,,,9.9000,,,H,Auburn,30836,Gabby McLaughlin
"Fri, Jan-28-2022",Alabama,,,9.9250,,,H,Auburn,30836,Gabby McLaughlin
"Sat, Feb-05-2022",LSU,,,9.7250,,,A,Auburn,30836,Gabby McLaughlin
"Fri, Feb-11-2022",Missouri,,,9.9750,,,H,Auburn,30836,Gabby McLaughlin
"Fri, Feb-18-2022",Georgia,,,9.6500,,,A,Auburn,30836,Gabby McLaughlin
"Fri, Feb-25-2022",Kentucky,9.7750,,9.9250,,,H,Auburn,30836,Gabby McLaughlin
"Fri, Mar-04-2022",Florida,,,9.9500,,,H,Auburn,30836,Gabby McLaughlin
"Sun, Mar-06-2022","Alabama, Arkansas, Georgia",9.7250,,9.8000,,,A,Auburn,30836,Gabby McLaughlin
"Sat, Mar-12-2022","Michigan, West Virginia",,,9.2750,,,A,Auburn,30836,Gabby McLaughlin
"Sat, Mar-19-2022","Alabama, Arkansas, Florida, Georgia, Kentucky, LSU, Missouri",,,9.9000,,,A,Auburn,30836,Gabby McLaughlin
"Thu, Mar-31-2022",,,,9.8750,,,A,Auburn,30836,Gabby McLaughlin
"Sat, Apr-02-2022",,,,9.9000,,,A,Auburn,30836,Gabby McLaughlin
"Thu, Apr-14-2022",,,,9.9000,,,A,Auburn,30836,Gabby McLaughlin
"Sat, Apr-16-2022",,,,9.8250,,,A,Auburn,30836,Gabby McLaughlin
"Fri, Jan-07-2022","Bowling Green, North Carolina, North Carolina State",,9.7500,,,,A,Auburn,30365,Adeline Sabados
"Fri, Jan-14-2022",Arkansas,,8.9250,,,,A,Auburn,30365,Adeline Sabados
"Sat, Feb-05-2022",LSU,,9.7750,,,,A,Auburn,30365,Adeline Sabados
"Fri, Feb-11-2022",Missouri,,9.8250,,,,H,Auburn,30365,Adeline Sabados
"Fri, Feb-18-2022",Georgia,,9.8000,,,,A,Auburn,30365,Adeline Sabados
"Fri, Feb-25-2022",Kentucky,,9.8500,,,,H,Auburn,30365,Adeline Sabados
"Fri, Mar-04-2022",Florida,,9.8750,,,,H,Auburn,30365,Adeline Sabados
"Sun, Mar-06-2022","Alabama, Arkansas, Georgia",,9.8750,,9.8250,,A,Auburn,30365,Adeline Sabados
"Sat, Mar-12-2022","Michigan, West Virginia",,9.7500,,,,A,Auburn,30365,Adeline Sabados
"Sat, Mar-19-2022","Alabama, Arkansas, Florida, Georgia, Kentucky, LSU, Missouri",,9.8000,,,,A,Auburn,30365,Adeline Sabados
"Thu, Mar-31-2022",,,9.8250,,,,A,Auburn,30365,Adeline Sabados
"Sat, Apr-02-2022",,,9.8500,,,,A,Auburn,30365,Adeline Sabados
"Thu, Apr-14-2022",,,9.8000,,,,A,Auburn,30365,Adeline Sabados
"Sat, Apr-16-2022",,,9.8250,,,,A,Auburn,30365,Adeline Sabados
"Fri, Jan-14-2022",Arkansas,,9.9000,,,,A,Auburn,30366,Piper Smith
"Fri, Jan-21-2022",Iowa State,,9.7250,,,,H,Auburn,30366,Piper Smith
"Fri, Jan-28-2022",Alabama,,9.8250,,,,H,Auburn,30366,Piper Smith
"Fri, Feb-11-2022",Missouri,,9.1250,9.9000,,,H,Auburn,30366,Piper Smith
"Fri, Feb-18-2022",Georgia,,8.0750,9.8250,,,A,Auburn,30366,Piper Smith
"Fri, Feb-25-2022",Kentucky,,,9.2250,,,H,Auburn,30366,Piper Smith
"Fri, Jan-07-2022","Bowling Green, North Carolina, North Carolina State",9.8250,9.6750,9.7750,9.8500,39.1250,A,Auburn,30367,Cassie Stevens
"Fri, Jan-14-2022",Arkansas,9.8000,9.8000,9.8250,9.8000,39.2250,A,Auburn,30367,Cassie Stevens
"Fri, Jan-21-2022",Iowa State,,9.8500,9.8250,,,H,Auburn,30367,Cassie Stevens
"Fri, Jan-28-2022",Alabama,9.7750,9.8250,9.8750,9.8750,39.3500,H,Auburn,30367,Cassie Stevens
"Sat, Feb-05-2022",LSU,,9.8500,9.8750,9.8750,,A,Auburn,30367,Cassie Stevens
"Fri, Feb-11-2022",Missouri,,9.8500,9.9500,9.8250,,H,Auburn,30367,Cassie Stevens
"Fri, Feb-18-2022",Georgia,,9.8000,9.8000,9.8750,,A,Auburn,30367,Cassie Stevens
"Fri, Feb-25-2022",Kentucky,,9.9250,9.7000,9.9000,,H,Auburn,30367,Cassie Stevens
"Fri, Mar-04-2022",Florida,9.9750,9.9000,9.8750,9.9250,39.6750,H,Auburn,30367,Cassie Stevens
"Sun, Mar-06-2022","Alabama, Arkansas, Georgia",9.9000,9.8250,9.9000,9.8500,39.4750,A,Auburn,30367,Cassie Stevens
"Sat, Mar-12-2022","Michigan, West Virginia",9.9000,9.8500,9.8500,9.7750,39.3750,A,Auburn,30367,Cassie Stevens
"Sat, Mar-19-2022","Alabama, Arkansas, Florida, Georgia, Kentucky, LSU, Missouri",9.8750,9.9000,9.8250,9.8750,39.4750,A,Auburn,30367,Cassie Stevens
"Thu, Mar-31-2022",,9.9250,9.8500,9.8500,9.8500,39.4750,A,Auburn,30367,Cassie Stevens
"Sat, Apr-02-2022",,9.9000,9.8500,9.9000,9.7500,39.4000,A,Auburn,30367,Cassie Stevens
"Thu, Apr-14-2022",,9.7875,9.8500,9.8375,9.9000,39.3750,A,Auburn,30367,Cassie Stevens
"Sat, Apr-16-2022",,9.9375,9.8500,9.8375,9.8250,39.4500,A,Auburn,30367,Cassie Stevens
"Fri, Jan-07-2022","Bowling Green, North Carolina, North Carolina State",9.8000,,,,,A,Auburn,30838,Tara Walsh
"Fri, Jan-21-2022",Iowa State,9.8000,,,,,H,Auburn,30838,Tara Walsh
"Sat, Feb-05-2022",LSU,9.8250,,,,,A,Auburn,30838,Tara Walsh
"Fri, Feb-11-2022",Missouri,9.7750,,,,,H,Auburn,30838,Tara Walsh
"Fri, Feb-18-2022",Georgia,9.7750,,,,,A,Auburn,30838,Tara Walsh
"Fri, Jan-07-2022","Bowling Green, North Carolina, North Carolina State",9.9500,9.6750,,,,A,Auburn,24958,Drew Watson
"Fri, Jan-14-2022",Arkansas,9.8250,,,9.8500,,A,Auburn,24958,Drew Watson
"Fri, Jan-21-2022",Iowa State,9.8750,9.8500,,9.8250,,H,Auburn,24958,Drew Watson
"Fri, Jan-28-2022",Alabama,9.8250,9.7750,,9.9000,,H,Auburn,24958,Drew Watson
"Sat, Feb-05-2022",LSU,9.9000,9.7500,,9.7250,,A,Auburn,24958,Drew Watson
"Fri, Feb-11-2022",Missouri,9.9250,9.8000,,9.8500,,H,Auburn,24958,Drew Watson
"Fri, Feb-18-2022",Georgia,9.9000,,,9.8500,,A,Auburn,24958,Drew Watson
"Fri, Feb-25-2022",Kentucky,9.8750,,,9.9250,,H,Auburn,24958,Drew Watson
"Fri, Mar-04-2022",Florida,9.8250,,,9.9250,,H,Auburn,24958,Drew Watson
"Sun, Mar-06-2022","Alabama, Arkansas, Georgia",9.8500,,,9.8750,,A,Auburn,24958,Drew Watson
"Sat, Mar-12-2022","Michigan, West Virginia",9.9250,,,9.8500,,A,Auburn,24958,Drew Watson
"Sat, Mar-19-2022","Alabama, Arkansas, Florida, Georgia, Kentucky, LSU, Missouri",9.9000,,,9.8000,,A,Auburn,24958,Drew Watson
"Thu, Mar-31-2022",,9.9000,,,9.7750,,A,Auburn,24958,Drew Watson
"Sat, Apr-02-2022",,9.9750,,,9.8250,,A,Auburn,24958,Drew Watson
"Thu, Apr-14-2022",,9.9250,,,9.6500,,A,Auburn,24958,Drew Watson
"Sat, Apr-16-2022",,9.7750,,,9.8125,,A,Auburn,24958,Drew Watson
"Fri, Jan-28-2022","Eastern Michigan, UW-Oshkosh, Western Michigan",,,,9.8000,,A,Ball State,31270,Erica Cooper
"Sun, Jan-30-2022","Central Michigan, Illinois State",,,,9.8500,,H,Ball State,31270,Erica Cooper
"Fri, Feb-04-2022","Southern Utah, Utah State",,,,9.7000,,A,Ball State,31270,Erica Cooper
"Sun, Feb-13-2022",Bowling Green,,,9.4750,9.0000,,H,Ball State,31270,Erica Cooper
"Sun, Feb-20-2022",Eastern Michigan,,,,9.8750,,H,Ball State,31270,Erica Cooper
"Fri, Feb-25-2022",Northern Illinois,,,,9.8500,,A,Ball State,31270,Erica Cooper
"Sun, Mar-06-2022",West Virginia,,,,9.8500,,A,Ball State,31270,Erica Cooper
"Fri, Mar-11-2022",Central Michigan,,,,9.8000,,A,Ball State,31270,Erica Cooper
"Sat, Mar-19-2022","Bowling Green, Central Michigan, Eastern Michigan, Kent State, Northern Illinois, Western Michigan",,,,9.8500,,A,Ball State,31270,Erica Cooper
"Fri, Jan-07-2022","Illinois State, Missouri, S.E. Missouri",9.6000,9.4750,9.0750,9.7500,37.9000,A,Ball State,29883,Sandra Elsadek
"Fri, Jan-14-2022",Kentucky,9.7500,,9.7500,9.7000,,A,Ball State,29883,Sandra Elsadek
"Sun, Jan-16-2022",Western Michigan,9.8250,,9.6500,9.7250,,A,Ball State,29883,Sandra Elsadek
"Sun, Jan-23-2022",Kent State,9.7000,,9.5000,9.7250,,H,Ball State,29883,Sandra Elsadek
"Fri, Jan-28-2022","Eastern Michigan, UW-Oshkosh, Western Michigan",9.6000,,9.7250,9.6000,,A,Ball State,29883,Sandra Elsadek
"Sun, Jan-30-2022","Central Michigan, Illinois State",9.8250,,9.7750,9.8250,,H,Ball State,29883,Sandra Elsadek
"Fri, Feb-04-2022","Southern Utah, Utah State",9.7500,,9.6000,9.7500,,A,Ball State,29883,Sandra Elsadek
"Sun, Feb-13-2022",Bowling Green,8.0500,9.8250,9.7500,9.8000,37.4250,H,Ball State,29883,Sandra Elsadek
"Sun, Feb-20-2022",Eastern Michigan,9.6500,9.8250,9.6750,9.8500,39.0000,H,Ball State,29883,Sandra Elsadek
"Fri, Feb-25-2022",Northern Illinois,9.6750,9.3750,9.6500,9.7500,38.4500,A,Ball State,29883,Sandra Elsadek
"Sun, Mar-06-2022",West Virginia,9.7000,9.7750,9.8000,9.7000,38.9750,A,Ball State,29883,Sandra Elsadek
"Fri, Mar-11-2022",Central Michigan,9.6750,9.4750,9.1250,9.7250,38.0000,A,Ball State,29883,Sandra Elsadek
"Sat, Mar-19-2022","Bowling Green, Central Michigan, Eastern Michigan, Kent State, Northern Illinois, Western Michigan",9.7250,9.8500,9.8000,8.7250,38.1000,A,Ball State,29883,Sandra Elsadek
"Fri, Jan-07-2022","Illinois State, Missouri, S.E. Missouri",,9.6750,,9.5750,,A,Ball State,30585,Grace Evans
"Fri, Jan-14-2022",Kentucky,,9.7250,,,,A,Ball State,30585,Grace Evans
"Sun, Jan-16-2022",Western Michigan,,9.7750,,9.7250,,A,Ball State,30585,Grace Evans
"Sun, Jan-23-2022",Kent State,,9.6250,,,,H,Ball State,30585,Grace Evans
"Fri, Jan-28-2022","Eastern Michigan, UW-Oshkosh, Western Michigan",,9.7000,,9.3500,,A,Ball State,30585,Grace Evans
"Sun, Jan-30-2022","Central Michigan, Illinois State",,9.7250,,9.7250,,H,Ball State,30585,Grace Evans
"Fri, Feb-04-2022","Southern Utah, Utah State",,9.0250,,,,A,Ball State,30585,Grace Evans
"Sun, Feb-20-2022",Eastern Michigan,,9.7750,,,,H,Ball State,30585,Grace Evans
"Fri, Feb-25-2022",Northern Illinois,,9.7250,,,,A,Ball State,30585,Grace Evans
"Sun, Mar-06-2022",West Virginia,,9.8000,,,,A,Ball State,30585,Grace Evans
"Fri, Mar-11-2022",Central Michigan,,9.1500,9.7750,,,A,Ball State,30585,Grace Evans
"Sat, Mar-19-2022","Bowling Green, Central Michigan, Eastern Michigan, Kent State, Northern Illinois, Western Michigan",,8.5000,,,,A,Ball State,30585,Grace Evans
"Fri, Jan-07-2022","Illinois State, Missouri, S.E. Missouri",9.7500,,,,,A,Ball State,30839,Victoria Henry
"Fri, Jan-14-2022",Kentucky,9.8250,,,9.7250,,A,Ball State,30839,Victoria Henry
"Sun, Jan-16-2022",Western Michigan,9.8500,9.8000,,9.8250,,A,Ball State,30839,Victoria Henry
"Sun, Jan-23-2022",Kent State,9.8750,9.7500,,9.5000,,H,Ball State,30839,Victoria Henry
"Fri, Jan-28-2022","Eastern Michigan, UW-Oshkosh, Western Michigan",9.8500,9.7250,,9.7250,,A,Ball State,30839,Victoria Henry
"Sun, Jan-30-2022","Central Michigan, Illinois State",9.8000,9.0500,,9.7750,,H,Ball State,30839,Victoria Henry
"Fri, Feb-04-2022","Southern Utah, Utah State",9.7750,9.5750,,,,A,Ball State,30839,Victoria Henry
"Sun, Feb-20-2022",Eastern Michigan,9.8500,9.8000,,,,H,Ball State,30839,Victoria Henry
"Fri, Feb-25-2022",Northern Illinois,9.2000,9.7500,,,,A,Ball State,30839,Victoria Henry
"Sun, Mar-06-2022",West Virginia,9.8250,9.7500,,,,A,Ball State,30839,Victoria Henry
"Fri, Mar-11-2022",Central Michigan,9.8000,9.8000,,9.8000,,A,Ball State,30839,Victoria Henry
"Sat, Mar-19-2022","Bowling Green, Central Michigan, Eastern Michigan, Kent State, Northern Illinois, Western Michigan",9.8500,9.6250,,9.9000,,A,Ball State,30839,Victoria Henry
"Fri, Jan-14-2022",Kentucky,,9.6750,,,,A,Ball State,29885,Marissa Nychyk
"Fri, Jan-28-2022","Eastern Michigan, UW-Oshkosh, Western Michigan",,9.6500,,,,A,Ball State,29885,Marissa Nychyk
"Sun, Jan-30-2022","Central Michigan, Illinois State",,9.7250,,,,H,Ball State,29885,Marissa Nychyk
"Fri, Feb-04-2022","Southern Utah, Utah State",,9.8000,,,,A,Ball State,29885,Marissa Nychyk
"Sun, Feb-20-2022",Eastern Michigan,,9.7750,,,,H,Ball State,29885,Marissa Nychyk
"Fri, Feb-25-2022",Northern Illinois,,9.6500,,,,A,Ball State,29885,Marissa Nychyk
"Fri, Mar-11-2022",Central Michigan,,9.7750,,,,A,Ball State,29885,Marissa Nychyk
"Sat, Mar-19-2022","Bowling Green, Central Michigan, Eastern Michigan, Kent State, Northern Illinois, Western Michigan",,9.8000,,,,A,Ball State,29885,Marissa Nychyk
"Fri, Jan-07-2022","Illinois State, Missouri, S.E. Missouri",9.6500,,9.6000,9.6750,,A,Ball State,30586,Alivia Ostendorf
"Fri, Jan-14-2022",Kentucky,9.7250,,9.6750,9.7500,,A,Ball State,30586,Alivia Ostendorf
"Sun, Jan-16-2022",Western Michigan,9.7500,,9.7750,9.7750,,A,Ball State,30586,Alivia Ostendorf
"Sun, Jan-23-2022",Kent State,9.7250,,9.7500,9.6750,,H,Ball State,30586,Alivia Ostendorf
"Fri, Jan-28-2022","Eastern Michigan, UW-Oshkosh, Western Michigan",9.7500,,9.1500,,,A,Ball State,30586,Alivia Ostendorf
"Sun, Jan-30-2022","Central Michigan, Illinois State",9.7750,,9.8000,,,H,Ball State,30586,Alivia Ostendorf
"Fri, Feb-04-2022","Southern Utah, Utah State",9.7500,,9.7250,9.7500,,A,Ball State,30586,Alivia Ostendorf
"Sun, Feb-20-2022",Eastern Michigan,9.7000,,9.7750,9.8000,,H,Ball State,30586,Alivia Ostendorf
"Fri, Feb-25-2022",Northern Illinois,9.7500,,9.7750,9.7250,,A,Ball State,30586,Alivia Ostendorf
"Sun, Mar-06-2022",West Virginia,9.7250,,8.5000,9.7750,,A,Ball State,30586,Alivia Ostendorf
"Fri, Mar-11-2022",Central Michigan,9.7000,,9.8000,9.7750,,A,Ball State,30586,Alivia Ostendorf
"Sat, Mar-19-2022","Bowling Green, Central Michigan, Eastern Michigan, Kent State, Northern Illinois, Western Michigan",9.7500,,9.8250,9.6500,,A,Ball State,30586,Alivia Ostendorf
"Fri, Jan-07-2022","Illinois State, Missouri, S.E. Missouri",9.2750,,,,,A,Ball State,30841,Suki Pfister
"Fri, Jan-14-2022",Kentucky,9.8500,,,,,A,Ball State,30841,Suki Pfister
"Sun, Jan-16-2022",Western Michigan,9.8500,,,,,A,Ball State,30841,Suki Pfister
"Sun, Jan-23-2022",Kent State,9.9000,,,,,H,Ball State,30841,Suki Pfister
"Fri, Jan-28-2022","Eastern Michigan, UW-Oshkosh, Western Michigan",9.8750,,,,,A,Ball State,30841,Suki Pfister
"Sun, Jan-30-2022","Central Michigan, Illinois State",9.9250,,,,,H,Ball State,30841,Suki Pfister
"Fri, Feb-04-2022","Southern Utah, Utah State",9.9000,,,,,A,Ball State,30841,Suki Pfister
"Sun, Feb-20-2022",Eastern Michigan,9.8000,,,,,H,Ball State,30841,Suki Pfister
"Fri, Feb-25-2022",Northern Illinois,9.8500,,,,,A,Ball State,30841,Suki Pfister
"Sun, Mar-06-2022",West Virginia,9.8750,,,,,A,Ball State,30841,Suki Pfister
"Fri, Mar-11-2022",Central Michigan,9.9500,,,,,A,Ball State,30841,Suki Pfister
"Sat, Mar-19-2022","Bowling Green, Central Michigan, Eastern Michigan, Kent State, Northern Illinois, Western Michigan",9.8500,,,,,A,Ball State,30841,Suki Pfister
"Thu, Mar-31-2022",,9.8500,,,,,A,Ball State,30841,Suki Pfister
"Fri, Jan-07-2022","Illinois State, Missouri, S.E. Missouri",9.1000,9.5500,9.7250,9.7750,38.1500,A,Ball State,30842,Hannah Ruthberg
"Fri, Jan-14-2022",Kentucky,9.7500,9.7250,9.1250,9.6750,38.2750,A,Ball State,30842,Hannah Ruthberg
"Sun, Jan-16-2022",Western Michigan,9.8250,9.8000,9.8500,9.8000,39.2750,A,Ball State,30842,Hannah Ruthberg
"Sun, Jan-23-2022",Kent State,9.7750,9.0000,9.7750,9.6000,38.1500,H,Ball State,30842,Hannah Ruthberg
"Fri, Jan-28-2022","Eastern Michigan, UW-Oshkosh, Western Michigan",9.7750,9.8000,9.6500,,,A,Ball State,30842,Hannah Ruthberg
"Sun, Jan-30-2022","Central Michigan, Illinois State",9.7750,9.6000,9.8250,,,H,Ball State,30842,Hannah Ruthberg
"Fri, Feb-04-2022","Southern Utah, Utah State",9.8000,9.7500,9.8000,9.8250,39.1750,A,Ball State,30842,Hannah Ruthberg
"Sun, Feb-13-2022",Bowling Green,9.7250,9.8250,9.0000,9.6750,38.2250,H,Ball State,30842,Hannah Ruthberg
"Sun, Feb-20-2022",Eastern Michigan,9.7000,9.8500,9.7750,9.8750,39.2000,H,Ball State,30842,Hannah Ruthberg
"Fri, Feb-25-2022",Northern Illinois,9.7750,9.7250,9.0250,9.8000,38.3250,A,Ball State,30842,Hannah Ruthberg
"Sun, Mar-06-2022",West Virginia,9.8250,9.7500,9.8500,9.9000,39.3250,A,Ball State,30842,Hannah Ruthberg
"Sat, Mar-19-2022","Bowling Green, Central Michigan, Eastern Michigan, Kent State, Northern Illinois, Western Michigan",,,9.8250,,,A,Ball State,30842,Hannah Ruthberg
"Fri, Jan-07-2022","Illinois State, Missouri, S.E. Missouri",9.8000,,,,,A,Ball State,29887,Stefanie Schweikert
"Fri, Jan-14-2022",Kentucky,9.7750,,,,,A,Ball State,29887,Stefanie Schweikert
"Sun, Jan-16-2022",Western Michigan,9.6500,,,,,A,Ball State,29887,Stefanie Schweikert
"Sun, Jan-23-2022",Kent State,9.7500,,,,,H,Ball State,29887,Stefanie Schweikert
"Fri, Jan-28-2022","Eastern Michigan, UW-Oshkosh, Western Michigan",9.7750,,,,,A,Ball State,29887,Stefanie Schweikert
"Sun, Jan-30-2022","Central Michigan, Illinois State",9.8250,,,,,H,Ball State,29887,Stefanie Schweikert
"Fri, Feb-04-2022","Southern Utah, Utah State",9.5750,,,,,A,Ball State,29887,Stefanie Schweikert
"Sun, Feb-13-2022",Bowling Green,9.7500,,,9.7250,,H,Ball State,29887,Stefanie Schweikert
"Sun, Feb-20-2022",Eastern Michigan,9.8250,,,,,H,Ball State,29887,Stefanie Schweikert
"Fri, Feb-25-2022",Northern Illinois,9.6500,,,,,A,Ball State,29887,Stefanie Schweikert
"Sun, Mar-06-2022",West Virginia,9.8000,,,,,A,Ball State,29887,Stefanie Schweikert
"Fri, Mar-11-2022",Central Michigan,9.8250,,,,,A,Ball State,29887,Stefanie Schweikert
"Sat, Mar-19-2022","Bowling Green, Central Michigan, Eastern Michigan, Kent State, Northern Illinois, Western Michigan",9.7250,,,,,A,Ball State,29887,Stefanie Schweikert
"Fri, Jan-07-2022","Illinois State, Missouri, S.E. Missouri",,9.7000,,,,A,Ball State,30843,Kelly Sulek
"Fri, Jan-14-2022",Kentucky,,9.7250,,,,A,Ball State,30843,Kelly Sulek
"Sun, Jan-16-2022",Western Michigan,,9.7500,,,,A,Ball State,30843,Kelly Sulek
"Sun, Jan-23-2022",Kent State,,9.7500,,,,H,Ball State,30843,Kelly Sulek
"Sun, Jan-30-2022","Central Michigan, Illinois State",,9.7000,,,,H,Ball State,30843,Kelly Sulek
"Fri, Feb-04-2022","Southern Utah, Utah State",,9.0000,,,,A,Ball State,30843,Kelly Sulek
"Fri, Jan-07-2022","Illinois State, Missouri, S.E. Missouri",,9.7250,9.7750,,,A,Ball State,31272,Grace Sumner
"Fri, Jan-14-2022",Kentucky,,9.6500,9.6250,,,A,Ball State,31272,Grace Sumner
"Sun, Jan-16-2022",Western Michigan,,9.7250,9.6500,,,A,Ball State,31272,Grace Sumner
"Sun, Jan-23-2022",Kent State,,9.7250,9.7000,,,H,Ball State,31272,Grace Sumner
"Fri, Jan-28-2022","Eastern Michigan, UW-Oshkosh, Western Michigan",,9.1250,9.7750,,,A,Ball State,31272,Grace Sumner
"Sun, Jan-30-2022","Central Michigan, Illinois State",,,9.9000,,,H,Ball State,31272,Grace Sumner
"Fri, Feb-04-2022","Southern Utah, Utah State",,,9.7250,,,A,Ball State,31272,Grace Sumner
"Sun, Feb-13-2022",Bowling Green,,9.7750,9.2500,,,H,Ball State,31272,Grace Sumner
"Sun, Feb-20-2022",Eastern Michigan,,,9.7000,,,H,Ball State,31272,Grace Sumner
"Fri, Feb-25-2022",Northern Illinois,,,9.6750,,,A,Ball State,31272,Grace Sumner
"Sun, Mar-06-2022",West Virginia,,9.7750,9.7500,,,A,Ball State,31272,Grace Sumner
"Fri, Mar-11-2022",Central Michigan,,9.5750,9.8250,,,A,Ball State,31272,Grace Sumner
"Sat, Mar-19-2022","Bowling Green, Central Michigan, Eastern Michigan, Kent State, Northern Illinois, Western Michigan",,9.8000,9.8500,,,A,Ball State,31272,Grace Sumner
"Fri, Jan-07-2022","Illinois State, Missouri, S.E. Missouri",,9.8000,,9.7500,,A,Ball State,30589,Megan Teter
"Fri, Jan-14-2022",Kentucky,,9.7750,,9.8250,,A,Ball State,30589,Megan Teter
"Sun, Jan-16-2022",Western Michigan,,9.7000,,9.4000,,A,Ball State,30589,Megan Teter
"Sun, Jan-23-2022",Kent State,,9.8250,,9.2750,,H,Ball State,30589,Megan Teter
"Fri, Jan-28-2022","Eastern Michigan, UW-Oshkosh, Western Michigan",,9.7750,,9.7500,,A,Ball State,30589,Megan Teter
"Sun, Jan-30-2022","Central Michigan, Illinois State",,9.8000,,9.6500,,H,Ball State,30589,Megan Teter
"Fri, Feb-04-2022","Southern Utah, Utah State",,9.7250,,9.8500,,A,Ball State,30589,Megan Teter
"Sun, Feb-13-2022",Bowling Green,9.7500,9.7750,,9.8000,,H,Ball State,30589,Megan Teter
"Sun, Feb-20-2022",Eastern Michigan,,9.8500,,9.9250,,H,Ball State,30589,Megan Teter
"Fri, Feb-25-2022",Northern Illinois,,9.7750,,9.8250,,A,Ball State,30589,Megan Teter
"Sun, Mar-06-2022",West Virginia,,9.8500,,9.7500,,A,Ball State,30589,Megan Teter
"Fri, Mar-11-2022",Central Michigan,9.7250,9.7750,,9.7250,,A,Ball State,30589,Megan Teter
"Sat, Mar-19-2022","Bowling Green, Central Michigan, Eastern Michigan, Kent State, Northern Illinois, Western Michigan",9.5750,9.8000,,9.9000,,A,Ball State,30589,Megan Teter
"Fri, Jan-07-2022","Illinois State, Missouri, S.E. Missouri",,,9.8500,,,A,Ball State,29889,Lauren Volpe
"Fri, Jan-14-2022",Kentucky,,,9.7750,,,A,Ball State,29889,Lauren Volpe
"Sun, Jan-16-2022",Western Michigan,,,9.8750,,,A,Ball State,29889,Lauren Volpe
"Sun, Jan-23-2022",Kent State,,,9.7500,,,H,Ball State,29889,Lauren Volpe
"Fri, Jan-28-2022","Eastern Michigan, UW-Oshkosh, Western Michigan",,,9.8250,,,A,Ball State,29889,Lauren Volpe
"Sun, Jan-30-2022","Central Michigan, Illinois State",,,9.8500,,,H,Ball State,29889,Lauren Volpe
"Fri, Feb-04-2022","Southern Utah, Utah State",,,9.6500,,,A,Ball State,29889,Lauren Volpe
"Sun, Feb-13-2022",Bowling Green,,,9.7250,,,H,Ball State,29889,Lauren Volpe
"Sun, Feb-20-2022",Eastern Michigan,,,9.8500,,,H,Ball State,29889,Lauren Volpe
"Fri, Feb-25-2022",Northern Illinois,,,9.8500,,,A,Ball State,29889,Lauren Volpe
"Sun, Mar-06-2022",West Virginia,,,9.0750,,,A,Ball State,29889,Lauren Volpe
"Fri, Mar-11-2022",Central Michigan,,,8.8500,,,A,Ball State,29889,Lauren Volpe
"Sat, Mar-19-2022","Bowling Green, Central Michigan, Eastern Michigan, Kent State, Northern Illinois, Western Michigan",,,9.8000,,,A,Ball State,29889,Lauren Volpe
"Fri, Jan-07-2022","Illinois State, Missouri, S.E. Missouri",,,9.6500,9.7000,,A,Ball State,30590,Taylor Waldo
"Fri, Jan-14-2022",Kentucky,,,9.6750,9.6750,,A,Ball State,30590,Taylor Waldo
"Sun, Jan-16-2022",Western Michigan,,,9.7250,,,A,Ball State,30590,Taylor Waldo
"Sun, Jan-23-2022",Kent State,,,9.8500,9.7750,,H,Ball State,30590,Taylor Waldo
"Fri, Jan-28-2022","Eastern Michigan, UW-Oshkosh, Western Michigan",,,9.7500,9.7500,,A,Ball State,30590,Taylor Waldo
"Sun, Jan-30-2022","Central Michigan, Illinois State",,,9.5250,9.8250,,H,Ball State,30590,Taylor Waldo
"Fri, Feb-04-2022","Southern Utah, Utah State",,,9.7250,9.6250,,A,Ball State,30590,Taylor Waldo
"Sun, Feb-13-2022",Bowling Green,9.5750,8.8750,9.8500,9.7500,38.0500,H,Ball State,30590,Taylor Waldo
"Sun, Feb-20-2022",Eastern Michigan,,,9.8500,9.8750,,H,Ball State,30590,Taylor Waldo
"Fri, Feb-25-2022",Northern Illinois,,,9.8500,9.7500,,A,Ball State,30590,Taylor Waldo
"Sun, Mar-06-2022",West Virginia,,,9.9000,9.7500,,A,Ball State,30590,Taylor Waldo
"Fri, Mar-11-2022",Central Michigan,,,9.1750,9.7250,,A,Ball State,30590,Taylor Waldo
"Sat, Mar-19-2022","Bowling Green, Central Michigan, Eastern Michigan, Kent State, Northern Illinois, Western Michigan",,,9.8500,9.6750,,A,Ball State,30590,Taylor Waldo
"Fri, Jan-28-2022",Southern Utah,9.7750,,,9.6750,,H,Boise State,30844,Courtney Blackson
"Sat, Feb-05-2022",BYU,9.8250,,,9.8250,,A,Boise State,30844,Courtney Blackson
"Sat, Feb-12-2022",BYU,9.8000,9.2250,,9.7500,,H,Boise State,30844,Courtney Blackson
"Fri, Feb-18-2022",Utah State,9.7750,9.8750,,9.9250,,H,Boise State,30844,Courtney Blackson
"Mon, Feb-21-2022","BYU, Sacramento State, Stanford",9.8250,9.8250,,9.8250,,A,Boise State,30844,Courtney Blackson
"Fri, Feb-25-2022",Southern Utah,9.8750,9.8750,,9.8500,,A,Boise State,30844,Courtney Blackson
"Fri, Mar-04-2022","Central Michigan, Illinois, Northern Illinois",9.9000,9.3000,,9.8500,,A,Boise State,30844,Courtney Blackson
"Fri, Mar-11-2022","Arizona State, Oklahoma",9.6250,9.8000,,9.8500,,A,Boise State,30844,Courtney Blackson
"Sat, Mar-19-2022","BYU, Southern Utah, Utah State",9.8500,9.8750,,9.8000,,H,Boise State,30844,Courtney Blackson
"Thu, Mar-31-2022",,9.8000,9.8000,,9.9000,,A,Boise State,30844,Courtney Blackson
"Fri, Jan-28-2022",Southern Utah,,8.8750,9.7500,9.6500,,H,Boise State,30845,Talia Little
"Sat, Feb-05-2022",BYU,,9.8000,9.8250,,,A,Boise State,30845,Talia Little
"Sat, Feb-12-2022",BYU,,9.8500,9.8000,,,H,Boise State,30845,Talia Little
"Fri, Feb-18-2022",Utah State,,9.8750,9.8250,,,H,Boise State,30845,Talia Little
"Mon, Feb-21-2022","BYU, Sacramento State, Stanford",,9.8000,9.6000,,,A,Boise State,30845,Talia Little
"Fri, Feb-25-2022",Southern Utah,,9.8250,9.8500,,,A,Boise State,30845,Talia Little
"Fri, Mar-04-2022","Central Michigan, Illinois, Northern Illinois",,9.8250,9.7750,,,A,Boise State,30845,Talia Little
"Fri, Mar-11-2022","Arizona State, Oklahoma",,9.7750,9.7250,,,A,Boise State,30845,Talia Little
"Sat, Mar-19-2022","BYU, Southern Utah, Utah State",,9.8500,9.7250,,,H,Boise State,30845,Talia Little
"Thu, Mar-31-2022",,,9.8000,9.8500,,,A,Boise State,30845,Talia Little
"Fri, Jan-28-2022",Southern Utah,9.8000,9.9250,9.7000,,,H,Boise State,30846,Emily Lopez
"Sat, Feb-05-2022",BYU,9.8500,9.9000,9.8500,,,A,Boise State,30846,Emily Lopez
"Sat, Feb-12-2022",BYU,9.8000,9.9250,9.8500,,,H,Boise State,30846,Emily Lopez
"Fri, Feb-18-2022",Utah State,9.8000,9.8750,9.8750,,,H,Boise State,30846,Emily Lopez
"Mon, Feb-21-2022","BYU, Sacramento State, Stanford",9.8500,9.8500,9.9000,,,A,Boise State,30846,Emily Lopez
"Fri, Feb-25-2022",Southern Utah,9.8750,9.9500,9.3000,,,A,Boise State,30846,Emily Lopez
"Fri, Mar-04-2022","Central Michigan, Illinois, Northern Illinois",9.9000,9.9500,9.8500,,,A,Boise State,30846,Emily Lopez
"Fri, Mar-11-2022","Arizona State, Oklahoma",9.8250,9.9000,9.7750,,,A,Boise State,30846,Emily Lopez
"Sat, Mar-19-2022","BYU, Southern Utah, Utah State",9.8250,9.9250,9.8500,,,H,Boise State,30846,Emily Lopez
"Thu, Mar-31-2022",,9.8000,9.8750,9.8250,,,A,Boise State,30846,Emily Lopez
"Fri, Jan-28-2022",Southern Utah,9.6500,,,9.8000,,H,Boise State,31273,Emma Loyim
"Sat, Feb-05-2022",BYU,,,,9.7750,,A,Boise State,31273,Emma Loyim
"Sat, Feb-12-2022",BYU,,,9.8250,9.8000,,H,Boise State,31273,Emma Loyim
"Fri, Feb-18-2022",Utah State,,,9.8000,9.7000,,H,Boise State,31273,Emma Loyim
"Mon, Feb-21-2022","BYU, Sacramento State, Stanford",,,9.8250,9.7500,,A,Boise State,31273,Emma Loyim
"Fri, Feb-25-2022",Southern Utah,,,,8.9000,,A,Boise State,31273,Emma Loyim
"Fri, Mar-04-2022","Central Michigan, Illinois, Northern Illinois",,,9.1000,,,A,Boise State,31273,Emma Loyim
"Fri, Mar-11-2022","Arizona State, Oklahoma",,,,9.8000,,A,Boise State,31273,Emma Loyim
"Sat, Mar-19-2022","BYU, Southern Utah, Utah State",,,9.8500,9.4500,,H,Boise State,31273,Emma Loyim
"Thu, Mar-31-2022",,,,9.8000,9.7500,,A,Boise State,31273,Emma Loyim
"Fri, Jan-28-2022",Southern Utah,9.8000,9.6500,9.7250,9.7250,38.9000,H,Boise State,29892,Hope Masiado
"Sat, Feb-05-2022",BYU,9.7000,9.7000,9.8250,9.7750,39.0000,A,Boise State,29892,Hope Masiado
"Sat, Feb-12-2022",BYU,9.7500,,9.7250,9.6000,,H,Boise State,29892,Hope Masiado
"Fri, Feb-18-2022",Utah State,9.8000,,,9.5750,,H,Boise State,29892,Hope Masiado
"Mon, Feb-21-2022","BYU, Sacramento State, Stanford",9.5500,,9.9250,,,A,Boise State,29892,Hope Masiado
"Fri, Feb-25-2022",Southern Utah,9.8000,,9.6500,9.8500,,A,Boise State,29892,Hope Masiado
"Fri, Mar-04-2022","Central Michigan, Illinois, Northern Illinois",9.7750,,,9.7250,,A,Boise State,29892,Hope Masiado
"Fri, Mar-11-2022","Arizona State, Oklahoma",9.7000,,9.6250,9.6500,,A,Boise State,29892,Hope Masiado
"Sat, Mar-19-2022","BYU, Southern Utah, Utah State",9.7250,,9.8000,9.7750,,H,Boise State,29892,Hope Masiado
"Thu, Mar-31-2022",,9.7500,,9.3250,9.8500,,A,Boise State,29892,Hope Masiado
"Fri, Jan-28-2022",Southern Utah,,,,9.8000,,H,Boise State,31274,Elaina McGovern
"Sat, Feb-05-2022",BYU,,,,9.8750,,A,Boise State,31274,Elaina McGovern
"Sat, Feb-12-2022",BYU,,,,9.8000,,H,Boise State,31274,Elaina McGovern
"Fri, Feb-18-2022",Utah State,,,,9.9000,,H,Boise State,31274,Elaina McGovern
"Mon, Feb-21-2022","BYU, Sacramento State, Stanford",,,,9.6500,,A,Boise State,31274,Elaina McGovern
"Fri, Feb-25-2022",Southern Utah,,,,9.8750,,A,Boise State,31274,Elaina McGovern
"Fri, Mar-04-2022","Central Michigan, Illinois, Northern Illinois",,,,9.7750,,A,Boise State,31274,Elaina McGovern
"Fri, Mar-11-2022","Arizona State, Oklahoma",,,,9.8000,,A,Boise State,31274,Elaina McGovern
"Sat, Mar-19-2022","BYU, Southern Utah, Utah State",,,,9.8500,,H,Boise State,31274,Elaina McGovern
"Thu, Mar-31-2022",,,,,9.8000,,A,Boise State,31274,Elaina McGovern
"Fri, Jan-28-2022",Southern Utah,,9.9500,,,,H,Boise State,25071,Emily Muhlenhaupt
"Sat, Feb-05-2022",BYU,,9.9250,,,,A,Boise State,25071,Emily Muhlenhaupt
"Sat, Feb-12-2022",BYU,,9.9000,,,,H,Boise State,25071,Emily Muhlenhaupt
"Fri, Feb-18-2022",Utah State,,9.8500,9.8000,,,H,Boise State,25071,Emily Muhlenhaupt
"Mon, Feb-21-2022","BYU, Sacramento State, Stanford",,9.9500,,,,A,Boise State,25071,Emily Muhlenhaupt
"Fri, Feb-25-2022",Southern Utah,,9.9500,9.3500,,,A,Boise State,25071,Emily Muhlenhaupt
"Fri, Mar-04-2022","Central Michigan, Illinois, Northern Illinois",,9.9750,9.6500,,,A,Boise State,25071,Emily Muhlenhaupt
"Fri, Mar-11-2022","Arizona State, Oklahoma",,9.9250,9.3750,,,A,Boise State,25071,Emily Muhlenhaupt
"Sat, Mar-19-2022","BYU, Southern Utah, Utah State",,9.9500,,,,H,Boise State,25071,Emily Muhlenhaupt
"Thu, Mar-31-2022",,,9.9000,,,,A,Boise State,25071,Emily Muhlenhaupt
"Fri, Jan-28-2022",Southern Utah,,9.0500,,,,H,Boise State,24519,Maddi Nilson
"Sat, Feb-05-2022",BYU,9.8250,9.9000,,,,A,Boise State,24519,Maddi Nilson
"Sat, Feb-12-2022",BYU,9.7500,8.9500,,,,H,Boise State,24519,Maddi Nilson
"Fri, Feb-18-2022",Utah State,9.7500,9.0500,,,,H,Boise State,24519,Maddi Nilson
"Mon, Feb-21-2022","BYU, Sacramento State, Stanford",9.8250,9.9000,,,,A,Boise State,24519,Maddi Nilson
"Fri, Feb-25-2022",Southern Utah,9.8250,9.1250,,,,A,Boise State,24519,Maddi Nilson
"Fri, Mar-04-2022","Central Michigan, Illinois, Northern Illinois",9.8500,9.8750,,,,A,Boise State,24519,Maddi Nilson
"Fri, Mar-11-2022","Arizona State, Oklahoma",9.6750,9.8500,,,,A,Boise State,24519,Maddi Nilson
"Sat, Mar-19-2022","BYU, Southern Utah, Utah State",9.7500,9.8500,,,,H,Boise State,24519,Maddi Nilson
"Thu, Mar-31-2022",,9.7500,9.8500,,,,A,Boise State,24519,Maddi Nilson
"Fri, Jan-28-2022",Southern Utah,,,,9.8000,,H,Boise State,31275,Blake Pascal
"Sat, Feb-05-2022",BYU,,,,9.7750,,A,Boise State,31275,Blake Pascal
"Sat, Feb-12-2022",BYU,,,,9.8750,,H,Boise State,31275,Blake Pascal
"Fri, Feb-18-2022",Utah State,,,,9.9000,,H,Boise State,31275,Blake Pascal
"Mon, Feb-21-2022","BYU, Sacramento State, Stanford",,,,9.7750,,A,Boise State,31275,Blake Pascal
"Fri, Feb-25-2022",Southern Utah,,,,9.8250,,A,Boise State,31275,Blake Pascal
"Fri, Mar-04-2022","Central Michigan, Illinois, Northern Illinois",,,,9.8000,,A,Boise State,31275,Blake Pascal
"Fri, Mar-11-2022","Arizona State, Oklahoma",,,,8.9000,,A,Boise State,31275,Blake Pascal
"Sat, Mar-19-2022","BYU, Southern Utah, Utah State",,,,9.7500,,H,Boise State,31275,Blake Pascal
"Thu, Mar-31-2022",,,,,9.0250,,A,Boise State,31275,Blake Pascal
"Fri, Jan-28-2022",Southern Utah,,,9.8750,,,H,Boise State,30371,Adriana Popp
"Sat, Feb-05-2022",BYU,,,9.8750,9.6500,,A,Boise State,30371,Adriana Popp
"Sat, Feb-12-2022",BYU,,,9.8500,9.7250,,H,Boise State,30371,Adriana Popp
"Fri, Feb-18-2022",Utah State,,,9.9000,9.7750,,H,Boise State,30371,Adriana Popp
"Mon, Feb-21-2022","BYU, Sacramento State, Stanford",,,9.9250,9.8500,,A,Boise State,30371,Adriana Popp
"Fri, Feb-25-2022",Southern Utah,,,9.8250,9.5750,,A,Boise State,30371,Adriana Popp
"Fri, Mar-04-2022","Central Michigan, Illinois, Northern Illinois",,,9.9000,,,A,Boise State,30371,Adriana Popp
"Fri, Mar-11-2022","Arizona State, Oklahoma",,,9.9000,9.7750,,A,Boise State,30371,Adriana Popp
"Sat, Mar-19-2022","BYU, Southern Utah, Utah State",,,9.9000,9.8500,,H,Boise State,30371,Adriana Popp
"Thu, Mar-31-2022",,,,9.8250,9.8500,,A,Boise State,30371,Adriana Popp
"Fri, Jan-28-2022",Southern Utah,9.7750,,,,,H,Boise State,29894,Samantha Smith
"Sat, Feb-05-2022",BYU,9.8000,,,,,A,Boise State,29894,Samantha Smith
"Sat, Feb-12-2022",BYU,9.8500,,,,,H,Boise State,29894,Samantha Smith
"Fri, Feb-18-2022",Utah State,9.8250,,,,,H,Boise State,29894,Samantha Smith
"Mon, Feb-21-2022","BYU, Sacramento State, Stanford",9.8000,,,,,A,Boise State,29894,Samantha Smith
"Fri, Feb-25-2022",Southern Utah,9.7250,,,,,A,Boise State,29894,Samantha Smith
"Fri, Mar-04-2022","Central Michigan, Illinois, Northern Illinois",9.7750,,,9.7500,,A,Boise State,29894,Samantha Smith
"Fri, Mar-11-2022","Arizona State, Oklahoma",9.7750,,,,,A,Boise State,29894,Samantha Smith
"Sat, Mar-19-2022","BYU, Southern Utah, Utah State",9.7750,,,,,H,Boise State,29894,Samantha Smith
"Thu, Mar-31-2022",,9.7250,,,,,A,Boise State,29894,Samantha Smith
"Fri, Jan-28-2022",Southern Utah,,9.8750,9.1500,,,H,Boise State,29895,Alexis Stokes
"Sat, Feb-05-2022",BYU,,9.8250,9.7750,,,A,Boise State,29895,Alexis Stokes
"Sat, Feb-12-2022",BYU,,9.9750,9.7500,,,H,Boise State,29895,Alexis Stokes
"Fri, Feb-18-2022",Utah State,,9.9750,9.7250,,,H,Boise State,29895,Alexis Stokes
"Mon, Feb-21-2022","BYU, Sacramento State, Stanford",,9.9000,9.8000,,,A,Boise State,29895,Alexis Stokes
"Fri, Feb-25-2022",Southern Utah,,9.9000,9.8500,,,A,Boise State,29895,Alexis Stokes
"Fri, Mar-04-2022","Central Michigan, Illinois, Northern Illinois",,9.9000,9.6750,,,A,Boise State,29895,Alexis Stokes
"Fri, Mar-11-2022","Arizona State, Oklahoma",,9.9000,9.7000,,,A,Boise State,29895,Alexis Stokes
"Sat, Mar-19-2022","BYU, Southern Utah, Utah State",,9.8750,9.1750,,,H,Boise State,29895,Alexis Stokes
"Thu, Mar-31-2022",,,9.8000,9.8500,,,A,Boise State,29895,Alexis Stokes
"Fri, Jan-28-2022",Southern Utah,9.7500,,9.6500,,,H,Boise State,31276,Alyssa Vulaj
"Sat, Feb-05-2022",BYU,9.7000,,9.7500,,,A,Boise State,31276,Alyssa Vulaj
"Sat, Feb-12-2022",BYU,9.8750,,,,,H,Boise State,31276,Alyssa Vulaj
"Fri, Feb-18-2022",Utah State,9.9000,,,,,H,Boise State,31276,Alyssa Vulaj
"Mon, Feb-21-2022","BYU, Sacramento State, Stanford",9.9250,,,9.7750,,A,Boise State,31276,Alyssa Vulaj
"Fri, Feb-25-2022",Southern Utah,9.8500,,,,,A,Boise State,31276,Alyssa Vulaj
"Fri, Mar-04-2022","Central Michigan, Illinois, Northern Illinois",9.8500,,,8.9000,,A,Boise State,31276,Alyssa Vulaj
"Fri, Mar-11-2022","Arizona State, Oklahoma",9.8250,,,,,A,Boise State,31276,Alyssa Vulaj
"Sat, Mar-19-2022","BYU, Southern Utah, Utah State",9.7250,,,,,H,Boise State,31276,Alyssa Vulaj
"Thu, Mar-31-2022",,9.8000,,,,,A,Boise State,31276,Alyssa Vulaj
"Sun, Jan-30-2022",Northern Illinois,,9.6750,,,,H,Bowling Green,30188,Paige Bachner
"Sat, Feb-05-2022",Illinois State,,9.5500,,,,H,Bowling Green,30188,Paige Bachner
"Sun, Feb-13-2022",Ball State,,9.5750,,,,A,Bowling Green,30188,Paige Bachner
"Sun, Feb-20-2022",Kent State,,9.5750,,,,A,Bowling Green,30188,Paige Bachner
"Fri, Jan-07-2022","Auburn, North Carolina, North Carolina State",9.6750,9.3000,,,,A,Bowling Green,31131,Lauren Bannister
"Sat, Jan-15-2022","Illinois State, Michigan State",9.6000,9.4250,,9.7250,,A,Bowling Green,31131,Lauren Bannister
"Fri, Jan-21-2022",Central Michigan,9.6000,6.6500,,9.6250,,H,Bowling Green,31131,Lauren Bannister
"Sun, Jan-23-2022",Western Michigan,9.6750,9.6500,,9.7750,,A,Bowling Green,31131,Lauren Bannister
"Sun, Jan-30-2022",Northern Illinois,9.6000,,,9.5000,,H,Bowling Green,31131,Lauren Bannister
"Sun, Feb-13-2022",Ball State,9.4500,,,,,A,Bowling Green,31131,Lauren Bannister
"Sun, Feb-20-2022",Kent State,9.6750,9.5750,,9.6000,,A,Bowling Green,31131,Lauren Bannister
"Sat, Feb-26-2022","Eastern Michigan, Western Michigan",9.5500,,,9.7250,,H,Bowling Green,31131,Lauren Bannister
"Fri, Mar-04-2022","Kent State, Ohio State",9.6750,,,9.7500,,A,Bowling Green,31131,Lauren Bannister
"Thu, Mar-10-2022",Illinois,9.6000,,,9.7000,,A,Bowling Green,31131,Lauren Bannister
"Sat, Mar-19-2022","Ball State, Central Michigan, Eastern Michigan, Kent State, Northern Illinois, Western Michigan",9.6000,,,9.7000,,A,Bowling Green,31131,Lauren Bannister
"Sun, Feb-20-2022",Kent State,9.6750,,,,,A,Bowling Green,31132,Sydney Bennett
"Sat, Feb-26-2022","Eastern Michigan, Western Michigan",9.3750,,,,,H,Bowling Green,31132,Sydney Bennett
"Fri, Mar-04-2022","Kent State, Ohio State",9.6500,,,,,A,Bowling Green,31132,Sydney Bennett
"Thu, Mar-10-2022",Illinois,9.7750,,,,,A,Bowling Green,31132,Sydney Bennett
"Sat, Mar-19-2022","Ball State, Central Michigan, Eastern Michigan, Kent State, Northern Illinois, Western Michigan",9.8000,,,,,A,Bowling Green,31132,Sydney Bennett
"Fri, Jan-07-2022","Auburn, North Carolina, North Carolina State",,8.2500,,,,A,Bowling Green,31278,Lexi Bornhorn
"Sun, Jan-23-2022",Western Michigan,,9.5000,,,,A,Bowling Green,31278,Lexi Bornhorn
"Sun, Jan-30-2022",Northern Illinois,,9.6250,,,,H,Bowling Green,31278,Lexi Bornhorn
"Sat, Feb-05-2022",Illinois State,9.4750,9.7250,,,,H,Bowling Green,31278,Lexi Bornhorn
"Sun, Feb-13-2022",Ball State,,9.6750,,,,A,Bowling Green,31278,Lexi Bornhorn
"Sun, Feb-20-2022",Kent State,,9.7500,,,,A,Bowling Green,31278,Lexi Bornhorn
"Sat, Feb-26-2022","Eastern Michigan, Western Michigan",,9.7000,,,,H,Bowling Green,31278,Lexi Bornhorn
"Fri, Mar-04-2022","Kent State, Ohio State",,9.7000,,,,A,Bowling Green,31278,Lexi Bornhorn
"Thu, Mar-10-2022",Illinois,,9.8250,,,,A,Bowling Green,31278,Lexi Bornhorn
"Sat, Mar-19-2022","Ball State, Central Michigan, Eastern Michigan, Kent State, Northern Illinois, Western Michigan",,8.2750,,,,A,Bowling Green,31278,Lexi Bornhorn
"Fri, Jan-07-2022","Auburn, North Carolina, North Carolina State",,,9.7500,9.6500,,A,Bowling Green,31279,Emily Castiglia
"Sat, Jan-15-2022","Illinois State, Michigan State",,,9.7750,8.8250,,A,Bowling Green,31279,Emily Castiglia
"Fri, Jan-21-2022",Central Michigan,,,9.6500,,,H,Bowling Green,31279,Emily Castiglia
"Sun, Jan-23-2022",Western Michigan,,,9.0000,9.5750,,A,Bowling Green,31279,Emily Castiglia
"Sun, Jan-30-2022",Northern Illinois,,,9.7750,,,H,Bowling Green,31279,Emily Castiglia
"Sat, Feb-05-2022",Illinois State,,,9.7000,,,H,Bowling Green,31279,Emily Castiglia
"Sun, Feb-20-2022",Kent State,,,9.8000,,,A,Bowling Green,31279,Emily Castiglia
"Sat, Feb-26-2022","Eastern Michigan, Western Michigan",,,9.8250,,,H,Bowling Green,31279,Emily Castiglia
"Fri, Mar-04-2022","Kent State, Ohio State",,,9.8000,,,A,Bowling Green,31279,Emily Castiglia
"Thu, Mar-10-2022",Illinois,,,9.6250,,,A,Bowling Green,31279,Emily Castiglia
"Sat, Mar-19-2022","Ball State, Central Michigan, Eastern Michigan, Kent State, Northern Illinois, Western Michigan",,,9.6750,,,A,Bowling Green,31279,Emily Castiglia
"Fri, Jan-07-2022","Auburn, North Carolina, North Carolina State",,,8.9500,9.7500,,A,Bowling Green,30225,Kayla Chan
"Sat, Jan-15-2022","Illinois State, Michigan State",,,,9.7500,,A,Bowling Green,30225,Kayla Chan
"Fri, Jan-21-2022",Central Michigan,,,,9.7000,,H,Bowling Green,30225,Kayla Chan
"Sun, Jan-23-2022",Western Michigan,9.6500,,,9.6750,,A,Bowling Green,30225,Kayla Chan
"Sun, Jan-30-2022",Northern Illinois,,,,9.7250,,H,Bowling Green,31133,Megan Decious
"Sat, Feb-05-2022",Illinois State,,,,9.6250,,H,Bowling Green,31133,Megan Decious
"Sun, Feb-13-2022",Ball State,,,,9.4750,,A,Bowling Green,31133,Megan Decious
"Sun, Feb-20-2022",Kent State,,,,9.5500,,A,Bowling Green,31133,Megan Decious
"Fri, Jan-07-2022","Auburn, North Carolina, North Carolina State",9.4750,9.5250,,,,A,Bowling Green,30189,Katelyn Goldstrom
"Sat, Jan-15-2022","Illinois State, Michigan State",,9.5250,,,,A,Bowling Green,30189,Katelyn Goldstrom
"Fri, Jan-21-2022",Central Michigan,,7.6500,,,,H,Bowling Green,30189,Katelyn Goldstrom
"Fri, Jan-07-2022","Auburn, North Carolina, North Carolina State",9.7000,9.5000,9.6750,8.7250,37.6000,A,Bowling Green,30374,Lily Harsch
"Sat, Jan-15-2022","Illinois State, Michigan State",9.6500,9.6500,,,,A,Bowling Green,30374,Lily Harsch
"Fri, Jan-21-2022",Central Michigan,9.6750,9.6250,9.4250,,,H,Bowling Green,30374,Lily Harsch
"Sun, Jan-23-2022",Western Michigan,9.6500,9.0250,9.7750,,,A,Bowling Green,30374,Lily Harsch
"Sun, Jan-30-2022",Northern Illinois,9.5750,9.8000,9.5750,,,H,Bowling Green,30374,Lily Harsch
"Sat, Feb-05-2022",Illinois State,9.6500,9.6750,8.4500,,,H,Bowling Green,30374,Lily Harsch
"Sun, Feb-13-2022",Ball State,9.7750,9.7500,9.6750,,,A,Bowling Green,30374,Lily Harsch
"Sun, Feb-20-2022",Kent State,9.7500,9.7250,8.5000,,,A,Bowling Green,30374,Lily Harsch
"Sat, Feb-26-2022","Eastern Michigan, Western Michigan",9.6250,9.7250,,9.7250,,H,Bowling Green,30374,Lily Harsch
"Fri, Mar-04-2022","Kent State, Ohio State",9.6750,9.8000,,9.8250,,A,Bowling Green,30374,Lily Harsch
"Thu, Mar-10-2022",Illinois,9.7750,9.0000,,9.7750,,A,Bowling Green,30374,Lily Harsch
"Sat, Mar-19-2022","Ball State, Central Michigan, Eastern Michigan, Kent State, Northern Illinois, Western Michigan",9.7250,9.8000,,9.0500,,A,Bowling Green,30374,Lily Harsch
"Fri, Jan-07-2022","Auburn, North Carolina, North Carolina State",9.8250,9.3250,9.6750,9.8750,38.7000,A,Bowling Green,30375,Taylor Jensen
"Sat, Jan-15-2022","Illinois State, Michigan State",9.8000,9.3750,9.7750,8.5750,37.5250,A,Bowling Green,30375,Taylor Jensen
"Fri, Jan-21-2022",Central Michigan,9.7000,9.6500,9.3250,9.8000,38.4750,H,Bowling Green,30375,Taylor Jensen
"Sun, Jan-23-2022",Western Michigan,9.8000,9.7000,9.2500,9.8750,38.6250,A,Bowling Green,30375,Taylor Jensen
"Sun, Jan-30-2022",Northern Illinois,9.8750,9.7500,9.8000,9.9250,39.3500,H,Bowling Green,30375,Taylor Jensen
"Sat, Feb-05-2022",Illinois State,9.8250,9.6750,9.6750,8.9000,38.0750,H,Bowling Green,30375,Taylor Jensen
"Sun, Feb-13-2022",Ball State,9.6500,9.6750,9.5500,9.7500,38.6250,A,Bowling Green,30375,Taylor Jensen
"Sun, Feb-20-2022",Kent State,9.8500,9.7250,9.2250,9.0000,37.8000,A,Bowling Green,30375,Taylor Jensen
"Sat, Feb-26-2022","Eastern Michigan, Western Michigan",9.8750,9.6500,9.7750,9.7750,39.0750,H,Bowling Green,30375,Taylor Jensen
"Fri, Mar-04-2022","Kent State, Ohio State",9.8250,9.7750,9.8750,9.8750,39.3500,A,Bowling Green,30375,Taylor Jensen
"Thu, Mar-10-2022",Illinois,9.8000,9.8500,9.6000,9.3500,38.6000,A,Bowling Green,30375,Taylor Jensen
"Sat, Mar-19-2022","Ball State, Central Michigan, Eastern Michigan, Kent State, Northern Illinois, Western Michigan",9.7500,9.7500,9.8000,9.7750,39.0750,A,Bowling Green,30375,Taylor Jensen
"Sat, Feb-05-2022",Illinois State,,,,8.8750,,H,Bowling Green,31281,Baylie Lawrence
"Thu, Mar-10-2022",Illinois,,,,8.8500,,A,Bowling Green,31281,Baylie Lawrence
"Fri, Jan-07-2022","Auburn, North Carolina, North Carolina State",9.6500,,,9.5250,,A,Bowling Green,31282,Brooke McNamara
"Sat, Jan-15-2022","Illinois State, Michigan State",9.6500,,,9.8000,,A,Bowling Green,31282,Brooke McNamara
"Fri, Jan-21-2022",Central Michigan,9.6000,,,9.7250,,H,Bowling Green,31282,Brooke McNamara
"Sun, Jan-23-2022",Western Michigan,9.6000,,,9.7500,,A,Bowling Green,31282,Brooke McNamara
"Sun, Jan-30-2022",Northern Illinois,9.5500,,,9.8250,,H,Bowling Green,31282,Brooke McNamara
"Sat, Feb-05-2022",Illinois State,,,,9.8000,,H,Bowling Green,31282,Brooke McNamara
"Sun, Feb-13-2022",Ball State,,,,9.7250,,A,Bowling Green,31282,Brooke McNamara
"Sun, Feb-20-2022",Kent State,,,,9.7750,,A,Bowling Green,31282,Brooke McNamara
"Sat, Feb-26-2022","Eastern Michigan, Western Michigan",,,,9.8750,,H,Bowling Green,31282,Brooke McNamara
"Fri, Mar-04-2022","Kent State, Ohio State",,,,9.8250,,A,Bowling Green,31282,Brooke McNamara
"Thu, Mar-10-2022",Illinois,,,,9.7750,,A,Bowling Green,31282,Brooke McNamara
"Sat, Mar-19-2022","Ball State, Central Michigan, Eastern Michigan, Kent State, Northern Illinois, Western Michigan",,,,9.7000,,A,Bowling Green,31282,Brooke McNamara
"Sat, Jan-15-2022","Illinois State, Michigan State",9.8000,9.4250,9.5000,,,A,Bowling Green,31283,Katrina Mendez-Abolnik
"Fri, Jan-21-2022",Central Michigan,9.7500,9.1250,9.5500,9.6000,38.0250,H,Bowling Green,31283,Katrina Mendez-Abolnik
"Sun, Jan-23-2022",Western Michigan,9.7750,9.3750,9.7000,9.6750,38.5250,A,Bowling Green,31283,Katrina Mendez-Abolnik
"Sun, Jan-30-2022",Northern Illinois,9.5500,,9.8000,9.7750,,H,Bowling Green,31283,Katrina Mendez-Abolnik
"Sat, Feb-05-2022",Illinois State,9.8000,9.7500,9.7000,9.8250,39.0750,H,Bowling Green,31283,Katrina Mendez-Abolnik
"Sun, Feb-13-2022",Ball State,9.7000,9.6500,9.7250,9.5500,38.6250,A,Bowling Green,31283,Katrina Mendez-Abolnik
"Sun, Feb-20-2022",Kent State,9.7500,9.7000,8.5500,9.6750,37.6750,A,Bowling Green,31283,Katrina Mendez-Abolnik
"Sat, Feb-26-2022","Eastern Michigan, Western Michigan",9.8000,9.6250,9.7750,9.8000,39.0000,H,Bowling Green,31283,Katrina Mendez-Abolnik
"Fri, Mar-04-2022","Kent State, Ohio State",9.8000,9.8250,9.7000,9.8000,39.1250,A,Bowling Green,31283,Katrina Mendez-Abolnik
"Thu, Mar-10-2022",Illinois,9.8500,9.7500,9.8250,9.7500,39.1750,A,Bowling Green,31283,Katrina Mendez-Abolnik
"Sat, Mar-19-2022","Ball State, Central Michigan, Eastern Michigan, Kent State, Northern Illinois, Western Michigan",9.8000,9.2000,9.0000,9.0000,37.0000,A,Bowling Green,31283,Katrina Mendez-Abolnik
"Fri, Jan-07-2022","Auburn, North Carolina, North Carolina State",,9.2250,,,,A,Bowling Green,30192,Tess Muir
"Sat, Jan-15-2022","Illinois State, Michigan State",,9.4000,,,,A,Bowling Green,30192,Tess Muir
"Fri, Jan-21-2022",Central Michigan,,9.4750,,,,H,Bowling Green,30192,Tess Muir
"Sun, Jan-23-2022",Western Michigan,,9.6250,,,,A,Bowling Green,30192,Tess Muir
"Sun, Jan-30-2022",Northern Illinois,,9.5500,,,,H,Bowling Green,30192,Tess Muir
"Sun, Feb-13-2022",Ball State,,,9.5750,,,A,Bowling Green,30192,Tess Muir
"Sat, Feb-26-2022","Eastern Michigan, Western Michigan",,,9.7750,,,H,Bowling Green,30192,Tess Muir
"Fri, Mar-04-2022","Kent State, Ohio State",,,9.7500,,,A,Bowling Green,30192,Tess Muir
"Thu, Mar-10-2022",Illinois,,,9.8000,,,A,Bowling Green,30192,Tess Muir
"Sat, Mar-19-2022","Ball State, Central Michigan, Eastern Michigan, Kent State, Northern Illinois, Western Michigan",,,9.6500,,,A,Bowling Green,30192,Tess Muir
"Fri, Jan-07-2022","Auburn, North Carolina, North Carolina State",,,9.6500,,,A,Bowling Green,31135,Sarina Ross
"Sat, Jan-15-2022","Illinois State, Michigan State",,,9.6750,,,A,Bowling Green,31135,Sarina Ross
"Sun, Jan-23-2022",Western Michigan,,,8.9500,,,A,Bowling Green,31135,Sarina Ross
"Sun, Feb-13-2022",Ball State,,,9.6750,,,A,Bowling Green,31135,Sarina Ross
"Sun, Feb-20-2022",Kent State,,,9.6750,,,A,Bowling Green,31135,Sarina Ross
"Sat, Feb-26-2022","Eastern Michigan, Western Michigan",,,9.7750,,,H,Bowling Green,31135,Sarina Ross
"Fri, Mar-04-2022","Kent State, Ohio State",,,9.7500,,,A,Bowling Green,31135,Sarina Ross
"Thu, Mar-10-2022",Illinois,,,9.7500,,,A,Bowling Green,31135,Sarina Ross
"Sat, Jan-15-2022","Illinois State, Michigan State",,,9.7500,,,A,Bowling Green,30526,Dahlia Solorzano-Caruso
"Fri, Jan-21-2022",Central Michigan,,,9.7750,,,H,Bowling Green,30526,Dahlia Solorzano-Caruso
"Sun, Jan-23-2022",Western Michigan,,,9.8500,,,A,Bowling Green,30526,Dahlia Solorzano-Caruso
"Sun, Jan-30-2022",Northern Illinois,,,9.4250,,,H,Bowling Green,30526,Dahlia Solorzano-Caruso
"Sat, Feb-05-2022",Illinois State,9.7500,9.7000,9.7500,,,H,Bowling Green,30526,Dahlia Solorzano-Caruso
"Sun, Feb-13-2022",Ball State,9.2750,9.6750,,8.9000,,A,Bowling Green,30526,Dahlia Solorzano-Caruso
"Sat, Feb-26-2022","Eastern Michigan, Western Michigan",,9.3500,,,,H,Bowling Green,30526,Dahlia Solorzano-Caruso
"Fri, Mar-04-2022","Kent State, Ohio State",,9.7500,,,,A,Bowling Green,30526,Dahlia Solorzano-Caruso
"Thu, Mar-10-2022",Illinois,,9.8250,9.9000,,,A,Bowling Green,30526,Dahlia Solorzano-Caruso
"Sat, Mar-19-2022","Ball State, Central Michigan, Eastern Michigan, Kent State, Northern Illinois, Western Michigan",,9.7750,9.7750,,,A,Bowling Green,30526,Dahlia Solorzano-Caruso
"Fri, Jan-07-2022","Auburn, North Carolina, North Carolina State",9.7750,,9.7250,9.8250,,A,Bowling Green,31285,Kathryn Weilbacher
"Sat, Jan-15-2022","Illinois State, Michigan State",9.7500,,9.7000,9.5500,,A,Bowling Green,31285,Kathryn Weilbacher
"Fri, Jan-21-2022",Central Michigan,9.8250,,9.0000,9.7750,,H,Bowling Green,31285,Kathryn Weilbacher
"Sun, Jan-30-2022",Northern Illinois,9.6750,9.6750,9.7500,9.8250,38.9250,H,Bowling Green,31285,Kathryn Weilbacher
"Sat, Feb-05-2022",Illinois State,9.7500,,9.8500,9.9000,,H,Bowling Green,31285,Kathryn Weilbacher
"Sun, Feb-13-2022",Ball State,9.6500,,9.1000,9.7750,,A,Bowling Green,31285,Kathryn Weilbacher
"Sun, Feb-20-2022",Kent State,9.7250,,9.7750,9.8000,,A,Bowling Green,31285,Kathryn Weilbacher
"Sat, Feb-26-2022","Eastern Michigan, Western Michigan",9.6750,9.6750,9.8500,9.8000,39.0000,H,Bowling Green,31285,Kathryn Weilbacher
"Fri, Mar-04-2022","Kent State, Ohio State",9.7250,9.8500,9.7500,9.0250,38.3500,A,Bowling Green,31285,Kathryn Weilbacher
"Thu, Mar-10-2022",Illinois,9.7500,9.1750,,,,A,Bowling Green,31285,Kathryn Weilbacher
"Sat, Mar-19-2022","Ball State, Central Michigan, Eastern Michigan, Kent State, Northern Illinois, Western Michigan",9.7750,9.2250,9.8250,8.9000,37.7250,A,Bowling Green,31285,Kathryn Weilbacher
"Sat, Jan-22-2022","George Washington, Missouri, North Carolina",9.6000,,,9.7750,,A,Brown,31286,Julia Bedell
"Sun, Jan-30-2022","Bridgeport, Southern Conn.",9.7500,,9.7250,9.7500,,H,Brown,31286,Julia Bedell
"Sat, Feb-05-2022","Bridgeport, Cortland State, West Chester",9.7500,,9.6750,9.8250,,A,Brown,31286,Julia Bedell
"Sat, Feb-12-2022",New Hampshire,9.8250,,9.3750,9.8000,,A,Brown,31286,Julia Bedell
"Sun, Feb-20-2022","LIU, Rhode Island College, Southern Conn.",9.7500,,,9.7250,,H,Brown,31286,Julia Bedell
"Sun, Feb-27-2022","Cornell, Pennsylvania, Yale",9.7500,,,9.4750,,A,Brown,31286,Julia Bedell
"Fri, Mar-04-2022","North Carolina State, Rutgers, Southern Conn.",9.7500,,9.0250,9.8250,,A,Brown,31286,Julia Bedell
"Sun, Mar-06-2022",Bridgeport,9.8250,,,9.8750,,H,Brown,31286,Julia Bedell
"Fri, Mar-11-2022",Bridgeport,9.7250,,,9.7500,,H,Brown,31286,Julia Bedell
"Sun, Mar-13-2022","New Hampshire, Penn State, Southern Conn.",9.8000,,,9.8500,,A,Brown,31286,Julia Bedell
"Sat, Mar-19-2022","Bridgeport, Cornell, Pennsylvania, Southern Conn., West Chester, William & Mary, Yale",9.8250,,,9.9000,,H,Brown,31286,Julia Bedell
"Fri, Apr-08-2022",,9.8250,,,9.8000,,A,Brown,31286,Julia Bedell
"Sat, Apr-09-2022",,9.8000,,,9.8500,,A,Brown,31286,Julia Bedell
"Sun, Apr-10-2022",,9.1250,,,,,A,Brown,31286,Julia Bedell
"Sun, Jan-09-2022","LIU, West Chester, Yale",,9.6250,9.3000,,,A,Brown,30378,Abby Contello
"Sat, Jan-22-2022","George Washington, Missouri, North Carolina",,7.9500,,,,A,Brown,30378,Abby Contello
"Sat, Feb-05-2022","Bridgeport, Cortland State, West Chester",,,9.6750,,,A,Brown,30378,Abby Contello
"Sat, Feb-12-2022",New Hampshire,,,9.5250,,,A,Brown,30378,Abby Contello
"Sun, Feb-20-2022","LIU, Rhode Island College, Southern Conn.",,9.4250,9.0750,,,H,Brown,30378,Abby Contello
"Sun, Feb-27-2022","Cornell, Pennsylvania, Yale",,9.6750,9.1250,,,A,Brown,30378,Abby Contello
"Fri, Mar-04-2022","North Carolina State, Rutgers, Southern Conn.",,9.7250,9.7000,,,A,Brown,30378,Abby Contello
"Sun, Mar-06-2022",Bridgeport,,9.8250,9.6750,,,H,Brown,30378,Abby Contello
"Fri, Mar-11-2022",Bridgeport,,9.6750,8.8250,,,H,Brown,30378,Abby Contello
"Sun, Mar-13-2022","New Hampshire, Penn State, Southern Conn.",,9.8500,9.6000,,,A,Brown,30378,Abby Contello
"Sat, Mar-19-2022","Bridgeport, Cornell, Pennsylvania, Southern Conn., West Chester, William & Mary, Yale",,9.9250,9.7000,,,H,Brown,30378,Abby Contello
"Fri, Apr-08-2022",,,9.2250,9.7000,,,A,Brown,30378,Abby Contello
"Sat, Apr-09-2022",,,9.7000,9.7500,,,A,Brown,30378,Abby Contello
"Sun, Jan-09-2022","LIU, West Chester, Yale",9.7250,9.2000,9.8000,,,A,Brown,29897,Mei Li Costa
"Sat, Jan-22-2022","George Washington, Missouri, North Carolina",9.5250,9.7750,9.0750,,,A,Brown,29897,Mei Li Costa
"Sun, Jan-30-2022","Bridgeport, Southern Conn.",9.8000,9.3000,9.8250,,,H,Brown,29897,Mei Li Costa
"Sat, Feb-05-2022","Bridgeport, Cortland State, West Chester",9.8000,9.9250,,,,A,Brown,29897,Mei Li Costa
"Sat, Feb-12-2022",New Hampshire,9.8250,9.8500,9.6250,,,A,Brown,29897,Mei Li Costa
"Sun, Feb-20-2022","LIU, Rhode Island College, Southern Conn.",9.7500,9.8750,9.2000,,,H,Brown,29897,Mei Li Costa
"Sun, Feb-27-2022","Cornell, Pennsylvania, Yale",9.8000,9.9000,,,,A,Brown,29897,Mei Li Costa
"Fri, Mar-04-2022","North Carolina State, Rutgers, Southern Conn.",9.7750,9.8500,,,,A,Brown,29897,Mei Li Costa
"Sun, Mar-06-2022",Bridgeport,9.7750,9.9750,,,,H,Brown,29897,Mei Li Costa
"Fri, Mar-11-2022",Bridgeport,9.7500,9.8500,,,,H,Brown,29897,Mei Li Costa
"Sun, Mar-13-2022","New Hampshire, Penn State, Southern Conn.",9.8000,9.9250,,,,A,Brown,29897,Mei Li Costa
"Sat, Mar-19-2022","Bridgeport, Cornell, Pennsylvania, Southern Conn., West Chester, William & Mary, Yale",9.8000,9.5000,,,,H,Brown,29897,Mei Li Costa
"Thu, Mar-31-2022",,,9.0250,,,,A,Brown,29897,Mei Li Costa
"Fri, Apr-08-2022",,9.7750,9.9250,,,,A,Brown,29897,Mei Li Costa
"Sat, Apr-09-2022",,9.8250,9.9000,,,,A,Brown,29897,Mei Li Costa
"Sun, Apr-10-2022",,,9.8000,,,,A,Brown,29897,Mei Li Costa
"Sun, Jan-09-2022","LIU, West Chester, Yale",,,8.8500,9.0750,,A,Brown,31287,Maya Davis
"Sun, Mar-13-2022","New Hampshire, Penn State, Southern Conn.",,,9.4250,9.5250,,A,Brown,31287,Maya Davis
"Sat, Mar-19-2022","Bridgeport, Cornell, Pennsylvania, Southern Conn., West Chester, William & Mary, Yale",,,9.2500,9.9000,,H,Brown,31287,Maya Davis
"Sat, Apr-09-2022",,,,8.4000,,,A,Brown,31287,Maya Davis
"Sun, Jan-09-2022","LIU, West Chester, Yale",,9.6750,,9.5750,,A,Brown,29704,Alyssa Gardner
"Sat, Jan-22-2022","George Washington, Missouri, North Carolina",9.7000,9.3500,,9.1250,,A,Brown,29704,Alyssa Gardner
"Sat, Feb-05-2022","Bridgeport, Cortland State, West Chester",9.6500,9.4750,,7.7750,,A,Brown,29704,Alyssa Gardner
"Sat, Feb-12-2022",New Hampshire,9.7250,8.6250,,,,A,Brown,29704,Alyssa Gardner
"Sun, Feb-20-2022","LIU, Rhode Island College, Southern Conn.",9.1250,,,,,H,Brown,29704,Alyssa Gardner
"Sun, Feb-27-2022","Cornell, Pennsylvania, Yale",9.7250,,,,,A,Brown,29704,Alyssa Gardner
"Fri, Mar-04-2022","North Carolina State, Rutgers, Southern Conn.",9.6750,,,,,A,Brown,29704,Alyssa Gardner
"Sun, Mar-06-2022",Bridgeport,9.7250,,,,,H,Brown,29704,Alyssa Gardner
"Fri, Mar-11-2022",Bridgeport,9.5250,,,,,H,Brown,29704,Alyssa Gardner
"Sun, Mar-13-2022","New Hampshire, Penn State, Southern Conn.",9.8000,,,,,A,Brown,29704,Alyssa Gardner
"Sat, Mar-19-2022","Bridgeport, Cornell, Pennsylvania, Southern Conn., West Chester, William & Mary, Yale",9.7500,,,,,H,Brown,29704,Alyssa Gardner
"Fri, Apr-08-2022",,9.7250,,,,,A,Brown,29704,Alyssa Gardner
"Sat, Apr-09-2022",,9.7750,,,,,A,Brown,29704,Alyssa Gardner
"Sun, Jan-09-2022","LIU, West Chester, Yale",9.5500,,,,,A,Brown,30850,Lauren Kramer
"Sat, Jan-22-2022","George Washington, Missouri, North Carolina",9.5000,,,,,A,Brown,30850,Lauren Kramer
"Sun, Jan-30-2022","Bridgeport, Southern Conn.",9.5000,,8.9750,9.0500,,H,Brown,30850,Lauren Kramer
"Sat, Feb-05-2022","Bridgeport, Cortland State, West Chester",9.4000,,,,,A,Brown,30850,Lauren Kramer
"Sat, Feb-12-2022",New Hampshire,9.6250,,,,,A,Brown,30850,Lauren Kramer
"Sun, Feb-20-2022","LIU, Rhode Island College, Southern Conn.",9.5250,,,,,H,Brown,30850,Lauren Kramer
"Sun, Feb-27-2022","Cornell, Pennsylvania, Yale",9.5000,,,,,A,Brown,30850,Lauren Kramer
"Fri, Mar-04-2022","North Carolina State, Rutgers, Southern Conn.",9.2500,,,,,A,Brown,30850,Lauren Kramer
"Sun, Mar-06-2022",Bridgeport,8.6000,,,9.7000,,H,Brown,30850,Lauren Kramer
"Fri, Mar-11-2022",Bridgeport,9.6500,,,8.9500,,H,Brown,30850,Lauren Kramer
"Sun, Mar-13-2022","New Hampshire, Penn State, Southern Conn.",9.7000,,,,,A,Brown,30850,Lauren Kramer
"Sat, Mar-19-2022","Bridgeport, Cornell, Pennsylvania, Southern Conn., West Chester, William & Mary, Yale",9.6750,,,,,H,Brown,30850,Lauren Kramer
"Fri, Apr-08-2022",,9.7000,,9.1500,9.7000,,A,Brown,30850,Lauren Kramer
"Sat, Apr-09-2022",,9.6500,,,9.5750,,A,Brown,30850,Lauren Kramer
"Sun, Jan-09-2022","LIU, West Chester, Yale",,9.4500,,,,A,Brown,30379,Lauren Lazaro
"Sun, Jan-30-2022","Bridgeport, Southern Conn.",,8.4750,,9.5000,,H,Brown,30379,Lauren Lazaro
"Sat, Feb-05-2022","Bridgeport, Cortland State, West Chester",,,9.6500,9.7000,,A,Brown,30379,Lauren Lazaro
"Sat, Feb-12-2022",New Hampshire,,,9.5750,9.7000,,A,Brown,30379,Lauren Lazaro
"Sun, Feb-20-2022","LIU, Rhode Island College, Southern Conn.",,,9.6750,9.7000,,H,Brown,30379,Lauren Lazaro
"Sun, Feb-27-2022","Cornell, Pennsylvania, Yale",,,,9.7000,,A,Brown,30379,Lauren Lazaro
"Fri, Mar-04-2022","North Carolina State, Rutgers, Southern Conn.",,,9.4500,9.5000,,A,Brown,30379,Lauren Lazaro
"Sun, Mar-06-2022",Bridgeport,,,9.6500,9.6500,,H,Brown,30379,Lauren Lazaro
"Fri, Mar-11-2022",Bridgeport,,,9.7500,9.6750,,H,Brown,30379,Lauren Lazaro
"Sun, Mar-13-2022","New Hampshire, Penn State, Southern Conn.",,,9.6000,9.7000,,A,Brown,30379,Lauren Lazaro
"Sat, Mar-19-2022","Bridgeport, Cornell, Pennsylvania, Southern Conn., West Chester, William & Mary, Yale",,,9.7500,9.7750,,H,Brown,30379,Lauren Lazaro
"Fri, Apr-08-2022",,,,,9.7500,,A,Brown,30379,Lauren Lazaro
"Sat, Apr-09-2022",,,,,9.3500,,A,Brown,30379,Lauren Lazaro
"Sun, Jan-09-2022","LIU, West Chester, Yale",9.4000,,8.9000,8.9750,,A,Brown,31289,Addie Liebhardt
"Sat, Jan-22-2022","George Washington, Missouri, North Carolina",,,9.7000,9.6250,,A,Brown,31289,Addie Liebhardt
"Sun, Feb-27-2022","Cornell, Pennsylvania, Yale",,,9.0000,,,A,Brown,31289,Addie Liebhardt
"Sun, Mar-06-2022",Bridgeport,,,9.5000,,,H,Brown,31289,Addie Liebhardt
"Fri, Mar-11-2022",Bridgeport,,,9.2500,,,H,Brown,31289,Addie Liebhardt
"Fri, Apr-08-2022",,,,9.7000,,,A,Brown,31289,Addie Liebhardt
"Sat, Apr-09-2022",,,,9.5500,,,A,Brown,31289,Addie Liebhardt
"Sun, Jan-30-2022","Bridgeport, Southern Conn.",9.4000,,,,,H,Brown,30851,Ali Lowe
"Sat, Jan-22-2022","George Washington, Missouri, North Carolina",,,9.2250,,,A,Brown,30381,Lauren Mckeown
"Sun, Jan-30-2022","Bridgeport, Southern Conn.",,,9.7250,,,H,Brown,30381,Lauren Mckeown
"Sat, Feb-05-2022","Bridgeport, Cortland State, West Chester",,,9.1750,,,A,Brown,30381,Lauren Mckeown
"Sun, Feb-20-2022","LIU, Rhode Island College, Southern Conn.",,9.5500,,,,H,Brown,30381,Lauren Mckeown
"Sun, Jan-09-2022","LIU, West Chester, Yale",,9.7000,,,,A,Brown,29899,Sophia Petrillo
"Sat, Jan-22-2022","George Washington, Missouri, North Carolina",,9.2750,,,,A,Brown,29899,Sophia Petrillo
"Sun, Jan-30-2022","Bridgeport, Southern Conn.",,9.5750,,,,H,Brown,29899,Sophia Petrillo
"Sat, Feb-05-2022","Bridgeport, Cortland State, West Chester",,9.6250,,,,A,Brown,29899,Sophia Petrillo
"Sat, Feb-12-2022",New Hampshire,,9.3750,,,,A,Brown,29899,Sophia Petrillo
"Sun, Feb-27-2022","Cornell, Pennsylvania, Yale",,9.4750,,,,A,Brown,29899,Sophia Petrillo
"Fri, Mar-04-2022","North Carolina State, Rutgers, Southern Conn.",,9.4000,,,,A,Brown,29899,Sophia Petrillo
"Sun, Mar-06-2022",Bridgeport,,9.5500,,,,H,Brown,29899,Sophia Petrillo
"Fri, Mar-11-2022",Bridgeport,,9.5750,,,,H,Brown,29899,Sophia Petrillo
"Sun, Mar-13-2022","New Hampshire, Penn State, Southern Conn.",,9.7250,,,,A,Brown,29899,Sophia Petrillo
"Sat, Mar-19-2022","Bridgeport, Cornell, Pennsylvania, Southern Conn., West Chester, William & Mary, Yale",,9.7250,,,,H,Brown,29899,Sophia Petrillo
"Fri, Apr-08-2022",,,9.5750,,,,A,Brown,29899,Sophia Petrillo
"Sat, Apr-09-2022",,,9.5500,,,,A,Brown,29899,Sophia Petrillo
"Sun, Jan-09-2022","LIU, West Chester, Yale",9.5250,,,,,A,Brown,30382,Ella Poley
"Sat, Jan-22-2022","George Washington, Missouri, North Carolina",9.3250,9.6250,,,,A,Brown,30382,Ella Poley
"Sun, Jan-30-2022","Bridgeport, Southern Conn.",9.5250,9.7250,,9.1500,,H,Brown,30382,Ella Poley
"Sat, Feb-05-2022","Bridgeport, Cortland State, West Chester",9.6250,9.7750,,9.5000,,A,Brown,30382,Ella Poley
"Sat, Feb-12-2022",New Hampshire,9.4000,9.7000,,8.6500,,A,Brown,30382,Ella Poley
"Sun, Feb-20-2022","LIU, Rhode Island College, Southern Conn.",9.6500,9.7000,,,,H,Brown,30382,Ella Poley
"Sun, Feb-27-2022","Cornell, Pennsylvania, Yale",9.6750,9.8000,,,,A,Brown,30382,Ella Poley
"Fri, Mar-04-2022","North Carolina State, Rutgers, Southern Conn.",9.6250,9.7500,,,,A,Brown,30382,Ella Poley
"Sun, Mar-06-2022",Bridgeport,9.6250,9.1500,,,,H,Brown,30382,Ella Poley
"Fri, Mar-11-2022",Bridgeport,9.7250,9.5000,,,,H,Brown,30382,Ella Poley
"Sun, Mar-13-2022","New Hampshire, Penn State, Southern Conn.",9.7500,9.7500,,,,A,Brown,30382,Ella Poley
"Sat, Mar-19-2022","Bridgeport, Cornell, Pennsylvania, Southern Conn., West Chester, William & Mary, Yale",9.7750,9.8750,,,,H,Brown,30382,Ella Poley
"Fri, Apr-08-2022",,9.7250,9.7500,,,,A,Brown,30382,Ella Poley
"Sat, Apr-09-2022",,9.7000,9.8250,,,,A,Brown,30382,Ella Poley
"Sat, Jan-22-2022","George Washington, Missouri, North Carolina",,9.5250,,,,A,Brown,30852,Paige Richter
"Sun, Jan-30-2022","Bridgeport, Southern Conn.",,9.5000,,,,H,Brown,30852,Paige Richter
"Sat, Feb-05-2022","Bridgeport, Cortland State, West Chester",,9.3000,,,,A,Brown,30852,Paige Richter
"Sat, Feb-12-2022",New Hampshire,,9.4250,,,,A,Brown,30852,Paige Richter
"Sun, Feb-20-2022","LIU, Rhode Island College, Southern Conn.",,9.0000,,,,H,Brown,30852,Paige Richter
"Sun, Feb-27-2022","Cornell, Pennsylvania, Yale",,9.7750,,,,A,Brown,30852,Paige Richter
"Fri, Mar-04-2022","North Carolina State, Rutgers, Southern Conn.",,9.2250,,,,A,Brown,30852,Paige Richter
"Sun, Mar-06-2022",Bridgeport,,9.7750,,,,H,Brown,30852,Paige Richter
"Fri, Mar-11-2022",Bridgeport,,9.7250,,,,H,Brown,30852,Paige Richter
"Sun, Mar-13-2022","New Hampshire, Penn State, Southern Conn.",,9.6500,,,,A,Brown,30852,Paige Richter
"Sat, Mar-19-2022","Bridgeport, Cornell, Pennsylvania, Southern Conn., West Chester, William & Mary, Yale",,9.8500,,,,H,Brown,30852,Paige Richter
"Fri, Apr-08-2022",,,9.6000,,,,A,Brown,30852,Paige Richter
"Sat, Apr-09-2022",,,8.4000,,,,A,Brown,30852,Paige Richter
"Sun, Jan-09-2022","LIU, West Chester, Yale",,,9.7500,,,A,Brown,31290,Taylor Schulze
"Sat, Jan-22-2022","George Washington, Missouri, North Carolina",,,9.5250,,,A,Brown,31290,Taylor Schulze
"Sun, Jan-30-2022","Bridgeport, Southern Conn.",,,9.8750,,,H,Brown,31290,Taylor Schulze
"Sat, Feb-05-2022","Bridgeport, Cortland State, West Chester",,9.6500,9.7250,,,A,Brown,31290,Taylor Schulze
"Sat, Feb-12-2022",New Hampshire,,9.6250,9.7750,9.0500,,A,Brown,31290,Taylor Schulze
"Sun, Feb-20-2022","LIU, Rhode Island College, Southern Conn.",,9.8000,9.7750,,,H,Brown,31290,Taylor Schulze
"Sun, Feb-27-2022","Cornell, Pennsylvania, Yale",,9.8250,9.6750,,,A,Brown,31290,Taylor Schulze
"Fri, Mar-04-2022","North Carolina State, Rutgers, Southern Conn.",,9.6750,9.8250,,,A,Brown,31290,Taylor Schulze
"Sun, Mar-06-2022",Bridgeport,,9.8500,9.7000,,,H,Brown,31290,Taylor Schulze
"Fri, Mar-11-2022",Bridgeport,,9.6250,9.8000,,,H,Brown,31290,Taylor Schulze
"Sun, Mar-13-2022","New Hampshire, Penn State, Southern Conn.",,9.8250,9.8250,,,A,Brown,31290,Taylor Schulze
"Sat, Mar-19-2022","Bridgeport, Cornell, Pennsylvania, Southern Conn., West Chester, William & Mary, Yale",,9.8500,9.8750,,,H,Brown,31290,Taylor Schulze
"Fri, Apr-08-2022",,,9.7500,9.9000,,,A,Brown,31290,Taylor Schulze
"Sat, Apr-09-2022",,,9.8500,9.8250,,,A,Brown,31290,Taylor Schulze
"Sun, Apr-10-2022",,,,9.8000,,,A,Brown,31290,Taylor Schulze
"Sat, Feb-05-2022","Bridgeport, Cortland State, West Chester",,,,,,A,Brown,31291,Sophia Sololowsky
"Sun, Feb-27-2022","Cornell, Pennsylvania, Yale",,,9.0000,,,A,Brown,31291,Sophia Sololowsky
"Sat, Jan-22-2022","George Washington, Missouri, North Carolina",,,,9.5250,,A,Brown,30853,Lara Swords
"Sun, Jan-30-2022","Bridgeport, Southern Conn.",9.4250,,,,,H,Brown,30853,Lara Swords
"Sun, Feb-20-2022","LIU, Rhode Island College, Southern Conn.",,,,9.5500,,H,Brown,30853,Lara Swords
"Sun, Feb-27-2022","Cornell, Pennsylvania, Yale",,,,9.4500,,A,Brown,30853,Lara Swords
"Fri, Mar-04-2022","North Carolina State, Rutgers, Southern Conn.",,,,9.3250,,A,Brown,30853,Lara Swords
"Sun, Jan-30-2022","Bridgeport, Southern Conn.",,,,8.3250,,H,Brown,30383,Carolanne Van Zandt
"Sat, Feb-05-2022","Bridgeport, Cortland State, West Chester",,,,,,A,Brown,30383,Carolanne Van Zandt
"Sat, Feb-12-2022",New Hampshire,,,,8.9500,,A,Brown,30383,Carolanne Van Zandt
"Fri, Mar-04-2022","North Carolina State, Rutgers, Southern Conn.",,,,9.5250,,A,Brown,30383,Carolanne Van Zandt
"Sun, Mar-06-2022",Bridgeport,,,,9.7750,,H,Brown,30383,Carolanne Van Zandt
"Fri, Mar-11-2022",Bridgeport,,,,9.8750,,H,Brown,30383,Carolanne Van Zandt
"Sun, Mar-13-2022","New Hampshire, Penn State, Southern Conn.",,,,9.5250,,A,Brown,30383,Carolanne Van Zandt
"Sat, Mar-19-2022","Bridgeport, Cornell, Pennsylvania, Southern Conn., West Chester, William & Mary, Yale",,,,9.8750,,H,Brown,30383,Carolanne Van Zandt
"Fri, Apr-08-2022",,,,,9.6000,,A,Brown,30383,Carolanne Van Zandt
"Sat, Apr-09-2022",,,,,9.7500,,A,Brown,30383,Carolanne Van Zandt
"Sun, Jan-09-2022","LIU, West Chester, Yale",,,,9.4500,,A,Brown,29900,Abby Walsh
"Sat, Jan-22-2022","George Washington, Missouri, North Carolina",,,,9.6000,,A,Brown,29900,Abby Walsh
"Sat, Feb-05-2022","Bridgeport, Cortland State, West Chester",,,,9.4750,,A,Brown,29900,Abby Walsh
"Sat, Feb-12-2022",New Hampshire,,,,9.5250,,A,Brown,29900,Abby Walsh
"Sun, Feb-20-2022","LIU, Rhode Island College, Southern Conn.",,,,9.7500,,H,Brown,29900,Abby Walsh
"Sun, Feb-27-2022","Cornell, Pennsylvania, Yale",,,,9.4250,,A,Brown,29900,Abby Walsh
"Sun, Mar-06-2022",Bridgeport,,,,9.7500,,H,Brown,29900,Abby Walsh
"Fri, Mar-11-2022",Bridgeport,,,,9.7500,,H,Brown,29900,Abby Walsh
"Sun, Mar-13-2022","New Hampshire, Penn State, Southern Conn.",,,,9.7000,,A,Brown,29900,Abby Walsh
"Sat, Mar-19-2022","Bridgeport, Cornell, Pennsylvania, Southern Conn., West Chester, William & Mary, Yale",,,,9.6500,,H,Brown,29900,Abby Walsh
"Fri, Apr-08-2022",,,,,8.6500,,A,Brown,29900,Abby Walsh
"Sat, Apr-09-2022",,,,,9.3750,,A,Brown,29900,Abby Walsh
"Sun, Jan-09-2022","LIU, West Chester, Yale",,9.6250,8.8500,9.1750,,A,Brown,30854,McKenna Weiner
"Sat, Jan-22-2022","George Washington, Missouri, North Carolina",,,9.6000,9.4000,,A,Brown,30854,McKenna Weiner
"Sun, Jan-30-2022","Bridgeport, Southern Conn.",,9.4500,8.8500,9.5750,,H,Brown,30854,McKenna Weiner
"Sat, Feb-05-2022","Bridgeport, Cortland State, West Chester",,,9.4250,9.3500,,A,Brown,30854,McKenna Weiner
"Sun, Feb-20-2022","LIU, Rhode Island College, Southern Conn.",,,9.6500,9.7750,,H,Brown,30854,McKenna Weiner
"Sun, Feb-27-2022","Cornell, Pennsylvania, Yale",,,9.4750,9.5500,,A,Brown,30854,McKenna Weiner
"Fri, Mar-04-2022","North Carolina State, Rutgers, Southern Conn.",,,9.5250,9.4000,,A,Brown,30854,McKenna Weiner
"Sun, Mar-06-2022",Bridgeport,,,9.6250,,,H,Brown,30854,McKenna Weiner
"Fri, Mar-11-2022",Bridgeport,,,9.7250,,,H,Brown,30854,McKenna Weiner
"Sun, Mar-13-2022","New Hampshire, Penn State, Southern Conn.",,,9.7250,,,A,Brown,30854,McKenna Weiner
"Sat, Mar-19-2022","Bridgeport, Cornell, Pennsylvania, Southern Conn., West Chester, William & Mary, Yale",,,9.4500,,,H,Brown,30854,McKenna Weiner
"Fri, Apr-08-2022",,,,9.7250,,,A,Brown,30854,McKenna Weiner
"Sat, Apr-09-2022",,,,8.9250,,,A,Brown,30854,McKenna Weiner
"Sun, Jan-09-2022","LIU, West Chester, Yale",8.9250,,,9.6250,,A,Brown,30855,Angela Xing
"Sat, Jan-22-2022","George Washington, Missouri, North Carolina",9.5250,,9.6500,,,A,Brown,30855,Angela Xing
"Sat, Feb-05-2022","Bridgeport, Cortland State, West Chester",9.6000,,,,,A,Brown,30855,Angela Xing
"Sat, Feb-12-2022",New Hampshire,9.6500,,9.4750,,,A,Brown,30855,Angela Xing
"Sun, Feb-20-2022","LIU, Rhode Island College, Southern Conn.",9.7250,,9.5000,9.7250,,H,Brown,30855,Angela Xing
"Sun, Feb-27-2022","Cornell, Pennsylvania, Yale",9.7250,,9.5750,9.5750,,A,Brown,30855,Angela Xing
"Fri, Mar-04-2022","North Carolina State, Rutgers, Southern Conn.",9.8000,,9.4250,9.6250,,A,Brown,30855,Angela Xing
"Sun, Mar-06-2022",Bridgeport,9.6000,,9.3000,9.8250,,H,Brown,30855,Angela Xing
"Fri, Mar-11-2022",Bridgeport,9.7750,,9.3500,9.5000,,H,Brown,30855,Angela Xing
"Sun, Mar-13-2022","New Hampshire, Penn State, Southern Conn.",9.7750,,9.3750,9.7250,,A,Brown,30855,Angela Xing
"Sat, Mar-19-2022","Bridgeport, Cornell, Pennsylvania, Southern Conn., West Chester, William & Mary, Yale",9.8250,,9.8000,9.7500,,H,Brown,30855,Angela Xing
"Fri, Apr-08-2022",,9.7750,,9.8500,9.7750,,A,Brown,30855,Angela Xing
"Sat, Apr-09-2022",,9.6750,,9.5250,9.5750,,A,Brown,30855,Angela Xing
"Sun, Apr-10-2022",,,,9.8500,,,A,Brown,30855,Angela Xing
"Sat, Jan-15-2022",Nebraska,,9.8500,,,,A,BYU,30680,Anyssa Alvarado
"Fri, Jan-21-2022",Southern Utah,,9.9250,,,,A,BYU,30680,Anyssa Alvarado
"Fri, Jan-28-2022",Utah State,,9.9250,,,,H,BYU,30680,Anyssa Alvarado
"Sat, Feb-05-2022",Boise State,,9.7000,,,,H,BYU,30680,Anyssa Alvarado
"Sat, Feb-12-2022",Boise State,,9.9250,,,,A,BYU,30680,Anyssa Alvarado
"Fri, Feb-18-2022",Southern Utah,,9.9250,,,,H,BYU,30680,Anyssa Alvarado
"Mon, Feb-21-2022","Boise State, Sacramento State, Stanford",,9.9000,,,,A,BYU,30680,Anyssa Alvarado
"Fri, Feb-25-2022","Towson, Utah State",,9.7500,,,,A,BYU,30680,Anyssa Alvarado
"Fri, Mar-04-2022","Illinois State, Washington",,9.9250,,,,H,BYU,30680,Anyssa Alvarado
"Sat, Mar-12-2022",Arizona,,9.9250,,,,H,BYU,30680,Anyssa Alvarado
"Sat, Mar-19-2022","Boise State, Southern Utah, Utah State",,9.9250,,,,A,BYU,30680,Anyssa Alvarado
"Thu, Mar-31-2022",,9.8000,9.8250,,,,A,BYU,30680,Anyssa Alvarado
"Fri, Jan-07-2022","Southern Utah, Utah, Utah State",,9.7500,,,,A,BYU,29902,Sarah Barron
"Sat, Jan-15-2022",Nebraska,,9.2250,,,,A,BYU,29902,Sarah Barron
"Fri, Jan-07-2022","Southern Utah, Utah, Utah State",,9.8250,9.7750,9.8000,,A,BYU,29904,Abby Beeston
"Sat, Jan-15-2022",Nebraska,,9.8500,,9.8250,,A,BYU,29904,Abby Beeston
"Fri, Jan-21-2022",Southern Utah,,9.8250,,9.8250,,A,BYU,29904,Abby Beeston
"Fri, Jan-28-2022",Utah State,,9.5500,9.8250,9.8250,,H,BYU,29904,Abby Beeston
"Sat, Feb-05-2022",Boise State,,9.7750,,9.9000,,H,BYU,29904,Abby Beeston
"Sat, Feb-12-2022",Boise State,,9.7750,,9.8750,,A,BYU,29904,Abby Beeston
"Fri, Feb-18-2022",Southern Utah,,9.7750,,9.9250,,H,BYU,29904,Abby Beeston
"Mon, Feb-21-2022","Boise State, Sacramento State, Stanford",,9.8000,,9.8750,,A,BYU,29904,Abby Beeston
"Fri, Feb-25-2022","Towson, Utah State",,9.7500,,9.8000,,A,BYU,29904,Abby Beeston
"Fri, Mar-04-2022","Illinois State, Washington",,9.7750,,9.8250,,H,BYU,29904,Abby Beeston
"Sat, Mar-12-2022",Arizona,,9.8750,,9.8750,,H,BYU,29904,Abby Beeston
"Sat, Mar-19-2022","Boise State, Southern Utah, Utah State",,9.8250,,9.8000,,A,BYU,29904,Abby Beeston
"Thu, Mar-31-2022",,,9.7500,,9.8250,,A,BYU,29904,Abby Beeston
"Fri, Jan-07-2022","Southern Utah, Utah, Utah State",9.8000,9.6750,,9.6250,,A,BYU,30859,Sydney Benson
"Sat, Jan-15-2022",Nebraska,9.8000,,,,,A,BYU,30859,Sydney Benson
"Fri, Jan-21-2022",Southern Utah,9.7750,,,,,A,BYU,30859,Sydney Benson
"Fri, Jan-28-2022",Utah State,9.8500,,,,,H,BYU,30859,Sydney Benson
"Sat, Feb-05-2022",Boise State,9.8250,,,,,H,BYU,30859,Sydney Benson
"Sat, Feb-12-2022",Boise State,9.8000,,,9.7500,,A,BYU,30859,Sydney Benson
"Fri, Feb-18-2022",Southern Utah,9.9000,,,8.3250,,H,BYU,30859,Sydney Benson
"Mon, Feb-21-2022","Boise State, Sacramento State, Stanford",9.8500,,,9.8500,,A,BYU,30859,Sydney Benson
"Fri, Feb-25-2022","Towson, Utah State",9.7750,,,9.8500,,A,BYU,30859,Sydney Benson
"Fri, Mar-04-2022","Illinois State, Washington",9.8250,,,9.7250,,H,BYU,30859,Sydney Benson
"Sat, Mar-12-2022",Arizona,9.8000,,,9.0000,,H,BYU,30859,Sydney Benson
"Sat, Mar-19-2022","Boise State, Southern Utah, Utah State",9.8500,,,9.8000,,A,BYU,30859,Sydney Benson
"Fri, Jan-07-2022","Southern Utah, Utah, Utah State",,9.8250,,,,A,BYU,30860,Anna Bramblett-Wilde
"Fri, Jan-07-2022","Southern Utah, Utah, Utah State",9.7250,,,9.8000,,A,BYU,31578,Sophie Dudley
"Sat, Jan-15-2022",Nebraska,9.7000,,,9.7500,,A,BYU,31578,Sophie Dudley
"Fri, Jan-21-2022",Southern Utah,,,,9.7000,,A,BYU,31578,Sophie Dudley
"Fri, Jan-28-2022",Utah State,,,,9.7250,,H,BYU,31578,Sophie Dudley
"Sat, Feb-05-2022",Boise State,,,,9.6250,,H,BYU,31578,Sophie Dudley
"Mon, Feb-21-2022","Boise State, Sacramento State, Stanford",,,,9.7750,,A,BYU,31578,Sophie Dudley
"Thu, Mar-31-2022",,,,,9.8000,,A,BYU,31578,Sophie Dudley
"Fri, Jan-07-2022","Southern Utah, Utah, Utah State",9.5000,,,,,A,BYU,31579,Melissa Earl
"Fri, Jan-21-2022",Southern Utah,9.8750,,,,,A,BYU,29905,Lexi Griffith
"Fri, Jan-28-2022",Utah State,9.8500,,,,,H,BYU,29905,Lexi Griffith
"Sat, Feb-05-2022",Boise State,9.1750,,,,,H,BYU,29905,Lexi Griffith
"Sat, Feb-12-2022",Boise State,9.8000,,,,,A,BYU,29905,Lexi Griffith
"Fri, Feb-18-2022",Southern Utah,9.8750,,,,,H,BYU,29905,Lexi Griffith
"Mon, Feb-21-2022","Boise State, Sacramento State, Stanford",9.8000,,,,,A,BYU,29905,Lexi Griffith
"Fri, Feb-25-2022","Towson, Utah State",9.8500,,,,,A,BYU,29905,Lexi Griffith
"Fri, Mar-04-2022","Illinois State, Washington",9.8250,,,,,H,BYU,29905,Lexi Griffith
"Sat, Mar-12-2022",Arizona,9.7000,,,,,H,BYU,29905,Lexi Griffith
"Sat, Mar-19-2022","Boise State, Southern Utah, Utah State",9.7750,,,,,A,BYU,29905,Lexi Griffith
"Thu, Mar-31-2022",,9.9000,,,,,A,BYU,29905,Lexi Griffith
"Fri, Jan-07-2022","Southern Utah, Utah, Utah State",,9.7750,,9.4750,,A,BYU,30681,Lindsey Hunter
"Sat, Jan-15-2022",Nebraska,,9.7750,,9.7750,,A,BYU,30681,Lindsey Hunter
"Fri, Jan-21-2022",Southern Utah,,9.8250,,,,A,BYU,30681,Lindsey Hunter
"Fri, Jan-28-2022",Utah State,,9.7500,,9.8000,,H,BYU,30681,Lindsey Hunter
"Sat, Feb-05-2022",Boise State,,9.8000,,9.8000,,H,BYU,30681,Lindsey Hunter
"Sat, Feb-12-2022",Boise State,,9.8250,,9.0000,,A,BYU,30681,Lindsey Hunter
"Fri, Feb-18-2022",Southern Utah,,9.7750,,9.9000,,H,BYU,30681,Lindsey Hunter
"Mon, Feb-21-2022","Boise State, Sacramento State, Stanford",,5.0000,,,,A,BYU,30681,Lindsey Hunter
"Fri, Feb-25-2022","Towson, Utah State",,9.7250,,9.7750,,A,BYU,30681,Lindsey Hunter
"Fri, Mar-04-2022","Illinois State, Washington",,9.8000,,9.7500,,H,BYU,30681,Lindsey Hunter
"Sat, Mar-12-2022",Arizona,,9.7750,,9.7500,,H,BYU,30681,Lindsey Hunter
"Sat, Mar-19-2022","Boise State, Southern Utah, Utah State",,9.8000,,9.7750,,A,BYU,30681,Lindsey Hunter
"Thu, Mar-31-2022",,,9.8250,,9.8000,,A,BYU,30681,Lindsey Hunter
"Sat, Feb-05-2022",Boise State,,,9.7500,,,H,BYU,31581,Mina Margraf-Benson
"Sat, Feb-12-2022",Boise State,,,9.7500,,,A,BYU,31581,Mina Margraf-Benson
"Fri, Feb-18-2022",Southern Utah,,,9.7750,,,H,BYU,31581,Mina Margraf-Benson
"Mon, Feb-21-2022","Boise State, Sacramento State, Stanford",,,9.8750,,,A,BYU,31581,Mina Margraf-Benson
"Fri, Feb-25-2022","Towson, Utah State",,,8.5750,,,A,BYU,31581,Mina Margraf-Benson
"Sat, Mar-19-2022","Boise State, Southern Utah, Utah State",,,9.7750,,,A,BYU,31581,Mina Margraf-Benson
"Thu, Mar-31-2022",,,,9.8000,,,A,BYU,31581,Mina Margraf-Benson
"Sat, Jan-15-2022",Nebraska,9.6500,,,,,A,BYU,30766,Allix Mason
"Fri, Jan-21-2022",Southern Utah,9.5500,9.7500,,,,A,BYU,30766,Allix Mason
"Fri, Jan-28-2022",Utah State,9.7750,9.7500,,,,H,BYU,30766,Allix Mason
"Sat, Feb-05-2022",Boise State,9.7000,9.8750,,,,H,BYU,30766,Allix Mason
"Sat, Feb-12-2022",Boise State,9.7500,9.8000,,,,A,BYU,30766,Allix Mason
"Fri, Feb-18-2022",Southern Utah,9.8250,9.3250,,,,H,BYU,30766,Allix Mason
"Mon, Feb-21-2022","Boise State, Sacramento State, Stanford",9.8250,9.8500,,,,A,BYU,30766,Allix Mason
"Fri, Feb-25-2022","Towson, Utah State",9.8000,9.8000,9.6500,,,A,BYU,30766,Allix Mason
"Fri, Mar-04-2022","Illinois State, Washington",9.7750,9.8250,9.8000,,,H,BYU,30766,Allix Mason
"Sat, Mar-12-2022",Arizona,9.7750,9.8000,9.8000,,,H,BYU,30766,Allix Mason
"Sat, Mar-19-2022","Boise State, Southern Utah, Utah State",9.8000,9.8500,9.8750,,,A,BYU,30766,Allix Mason
"Thu, Mar-31-2022",,9.8000,9.8500,9.8750,,,A,BYU,30766,Allix Mason
"Fri, Jan-07-2022","Southern Utah, Utah, Utah State",,,9.6750,,,A,BYU,30856,Sophia McClelland
"Sat, Jan-15-2022",Nebraska,,,9.6750,,,A,BYU,30856,Sophia McClelland
"Fri, Jan-21-2022",Southern Utah,,,9.8750,,,A,BYU,30856,Sophia McClelland
"Sat, Feb-05-2022",Boise State,,,9.8750,,,H,BYU,30856,Sophia McClelland
"Sat, Feb-12-2022",Boise State,,,9.8500,,,A,BYU,30856,Sophia McClelland
"Fri, Feb-18-2022",Southern Utah,,,9.8000,,,H,BYU,30856,Sophia McClelland
"Mon, Feb-21-2022","Boise State, Sacramento State, Stanford",,,9.9250,,,A,BYU,30856,Sophia McClelland
"Fri, Feb-25-2022","Towson, Utah State",,,9.8500,,,A,BYU,30856,Sophia McClelland
"Fri, Mar-04-2022","Illinois State, Washington",,,9.5750,,,H,BYU,30856,Sophia McClelland
"Sat, Mar-12-2022",Arizona,,,9.8250,,,H,BYU,30856,Sophia McClelland
"Sat, Mar-19-2022","Boise State, Southern Utah, Utah State",,,9.8000,,,A,BYU,30856,Sophia McClelland
"Thu, Mar-31-2022",,,,9.8750,,,A,BYU,30856,Sophia McClelland
"Fri, Jan-07-2022","Southern Utah, Utah, Utah State",,,9.8750,9.6750,,A,BYU,31583,Eliza Millar-Crossman
"Sat, Jan-15-2022",Nebraska,,,9.7000,9.7750,,A,BYU,31583,Eliza Millar-Crossman
"Fri, Jan-21-2022",Southern Utah,,,9.8750,9.7250,,A,BYU,31583,Eliza Millar-Crossman
"Fri, Jan-28-2022",Utah State,,,9.8000,,,H,BYU,31583,Eliza Millar-Crossman
"Sat, Feb-05-2022",Boise State,,,8.9750,,,H,BYU,31583,Eliza Millar-Crossman
"Sat, Feb-12-2022",Boise State,,,9.6500,,,A,BYU,31583,Eliza Millar-Crossman
"Fri, Feb-18-2022",Southern Utah,,,9.7250,,,H,BYU,31583,Eliza Millar-Crossman
"Mon, Feb-21-2022","Boise State, Sacramento State, Stanford",,,9.1000,,,A,BYU,31583,Eliza Millar-Crossman
"Sat, Jan-15-2022",Nebraska,9.8250,9.8000,9.8500,9.8500,39.3250,A,BYU,29911,Sadie Miner-Van Tassell
"Fri, Jan-21-2022",Southern Utah,9.8750,9.7000,9.8000,9.7250,39.1000,A,BYU,29911,Sadie Miner-Van Tassell
"Fri, Jan-28-2022",Utah State,9.8250,9.8750,9.9000,9.8250,39.4250,H,BYU,29911,Sadie Miner-Van Tassell
"Sat, Feb-05-2022",Boise State,9.8500,9.8250,9.8750,9.9250,39.4750,H,BYU,29911,Sadie Miner-Van Tassell
"Sat, Feb-12-2022",Boise State,9.8750,9.8500,9.8000,9.9000,39.4250,A,BYU,29911,Sadie Miner-Van Tassell
"Fri, Feb-18-2022",Southern Utah,9.8750,9.8000,9.9000,9.9500,39.5250,H,BYU,29911,Sadie Miner-Van Tassell
"Mon, Feb-21-2022","Boise State, Sacramento State, Stanford",9.9250,9.7750,9.9000,9.9000,39.5000,A,BYU,29911,Sadie Miner-Van Tassell
"Fri, Feb-25-2022","Towson, Utah State",9.8500,9.8250,9.8500,9.9000,39.4250,A,BYU,29911,Sadie Miner-Van Tassell
"Fri, Mar-04-2022","Illinois State, Washington",9.9000,9.9250,9.7750,9.9250,39.5250,H,BYU,29911,Sadie Miner-Van Tassell
"Sat, Mar-12-2022",Arizona,9.9250,9.7750,9.9000,9.9250,39.5250,H,BYU,29911,Sadie Miner-Van Tassell
"Sat, Mar-19-2022","Boise State, Southern Utah, Utah State",9.9500,9.3500,9.8250,9.8750,39.0000,A,BYU,29911,Sadie Miner-Van Tassell
"Thu, Mar-31-2022",,9.2750,9.8000,9.8250,9.8750,38.7750,A,BYU,29911,Sadie Miner-Van Tassell
"Sat, Jan-15-2022",Nebraska,,,9.7750,,,A,BYU,30857,Lauren Ono
"Fri, Jan-21-2022",Southern Utah,,,9.8750,,,A,BYU,30857,Lauren Ono
"Fri, Jan-28-2022",Utah State,,,9.8250,,,H,BYU,30857,Lauren Ono
"Sat, Feb-05-2022",Boise State,,,9.8500,,,H,BYU,30857,Lauren Ono
"Sat, Feb-12-2022",Boise State,,,9.8250,,,A,BYU,30857,Lauren Ono
"Fri, Feb-18-2022",Southern Utah,,,9.5750,,,H,BYU,30857,Lauren Ono
"Mon, Feb-21-2022","Boise State, Sacramento State, Stanford",,,8.9250,,,A,BYU,30857,Lauren Ono
"Fri, Feb-25-2022","Towson, Utah State",,,9.8750,,,A,BYU,30857,Lauren Ono
"Fri, Mar-04-2022","Illinois State, Washington",,,9.8250,,,H,BYU,30857,Lauren Ono
"Sat, Mar-12-2022",Arizona,,,9.5500,,,H,BYU,30857,Lauren Ono
"Sat, Mar-19-2022","Boise State, Southern Utah, Utah State",,,9.8500,,,A,BYU,30857,Lauren Ono
"Thu, Mar-31-2022",,,,9.8750,,,A,BYU,30857,Lauren Ono
"Fri, Jan-07-2022","Southern Utah, Utah, Utah State",9.7500,9.8250,9.7000,,,A,BYU,29651,Haley Pitou
"Sat, Jan-15-2022",Nebraska,9.6750,9.8250,9.7500,,,A,BYU,29651,Haley Pitou
"Fri, Jan-21-2022",Southern Utah,9.8000,9.9000,9.7000,,,A,BYU,29651,Haley Pitou
"Fri, Jan-28-2022",Utah State,9.8250,9.9000,8.6500,,,H,BYU,29651,Haley Pitou
"Sat, Feb-05-2022",Boise State,9.7500,9.9250,,,,H,BYU,29651,Haley Pitou
"Sat, Feb-12-2022",Boise State,9.7000,9.2750,,,,A,BYU,29651,Haley Pitou
"Fri, Feb-18-2022",Southern Utah,9.8000,9.8750,,,,H,BYU,29651,Haley Pitou
"Mon, Feb-21-2022","Boise State, Sacramento State, Stanford",9.8000,9.8250,,,,A,BYU,29651,Haley Pitou
"Fri, Feb-25-2022","Towson, Utah State",9.8000,9.8500,,,,A,BYU,29651,Haley Pitou
"Fri, Mar-04-2022","Illinois State, Washington",9.8000,9.9750,9.1500,,,H,BYU,29651,Haley Pitou
"Sat, Mar-12-2022",Arizona,9.7500,9.3750,9.8500,,,H,BYU,29651,Haley Pitou
"Sat, Mar-19-2022","Boise State, Southern Utah, Utah State",9.8000,9.0250,,,,A,BYU,29651,Haley Pitou
"Thu, Mar-31-2022",,9.8000,9.7750,,,,A,BYU,29651,Haley Pitou
"Sat, Jan-15-2022",Nebraska,,,,9.8500,,A,BYU,29912,Adeline Rieder
"Fri, Jan-21-2022",Southern Utah,,,,9.7500,,A,BYU,29912,Adeline Rieder
"Fri, Jan-28-2022",Utah State,,,,9.8250,,H,BYU,29912,Adeline Rieder
"Sat, Feb-05-2022",Boise State,,,,9.8750,,H,BYU,29912,Adeline Rieder
"Sat, Feb-12-2022",Boise State,,,,9.8750,,A,BYU,29912,Adeline Rieder
"Fri, Feb-18-2022",Southern Utah,,,,9.8750,,H,BYU,29912,Adeline Rieder
"Mon, Feb-21-2022","Boise State, Sacramento State, Stanford",,,,9.8750,,A,BYU,29912,Adeline Rieder
"Fri, Feb-25-2022","Towson, Utah State",,,,9.8750,,A,BYU,29912,Adeline Rieder
"Fri, Mar-04-2022","Illinois State, Washington",,,,9.7750,,H,BYU,29912,Adeline Rieder
"Sat, Mar-12-2022",Arizona,,,,9.8500,,H,BYU,29912,Adeline Rieder
"Sat, Mar-19-2022","Boise State, Southern Utah, Utah State",,,,9.8500,,A,BYU,29912,Adeline Rieder
"Thu, Mar-31-2022",,,,,9.8500,,A,BYU,29912,Adeline Rieder
"Fri, Jan-07-2022","Southern Utah, Utah, Utah State",9.8000,,9.8500,,,A,BYU,30683,Elease Rollins
"Sat, Jan-15-2022",Nebraska,9.7750,,9.7250,,,A,BYU,30683,Elease Rollins
"Fri, Jan-21-2022",Southern Utah,9.6750,,9.8500,,,A,BYU,30683,Elease Rollins
"Fri, Jan-28-2022",Utah State,9.7750,,9.9250,,,H,BYU,30683,Elease Rollins
"Sat, Feb-05-2022",Boise State,9.6750,,9.9500,,,H,BYU,30683,Elease Rollins
"Sat, Feb-12-2022",Boise State,9.7750,,9.8000,,,A,BYU,30683,Elease Rollins
"Fri, Feb-18-2022",Southern Utah,9.8250,,9.9500,,,H,BYU,30683,Elease Rollins
"Mon, Feb-21-2022","Boise State, Sacramento State, Stanford",9.7750,,9.9750,,,A,BYU,30683,Elease Rollins
"Fri, Feb-25-2022","Towson, Utah State",9.7000,,9.9500,,,A,BYU,30683,Elease Rollins
"Fri, Mar-04-2022","Illinois State, Washington",9.8500,,9.6250,,,H,BYU,30683,Elease Rollins
"Sat, Mar-12-2022",Arizona,9.8500,,9.8750,,,H,BYU,30683,Elease Rollins
"Sat, Mar-19-2022","Boise State, Southern Utah, Utah State",9.7000,,9.8750,,,A,BYU,30683,Elease Rollins
"Thu, Mar-31-2022",,9.7750,,9.8000,,,A,BYU,30683,Elease Rollins
"Fri, Jan-07-2022","Southern Utah, Utah, Utah State",,,9.1250,,,A,BYU,31584,Heidi Schooley-Meyers
"Fri, Jan-07-2022","Southern Utah, Utah, Utah State",,,,9.8750,,A,BYU,29913,Brittney Vitkauskas
"Fri, Jan-21-2022",Southern Utah,,,,9.9000,,A,BYU,29913,Brittney Vitkauskas
"Fri, Jan-28-2022",Utah State,,,,9.9000,,H,BYU,29913,Brittney Vitkauskas
"Sat, Feb-05-2022",Boise State,,,,9.9000,,H,BYU,29913,Brittney Vitkauskas
"Sat, Feb-12-2022",Boise State,,,,9.8500,,A,BYU,29913,Brittney Vitkauskas
"Fri, Feb-18-2022",Southern Utah,,,,9.9750,,H,BYU,29913,Brittney Vitkauskas
"Mon, Feb-21-2022","Boise State, Sacramento State, Stanford",,,,9.9500,,A,BYU,29913,Brittney Vitkauskas
"Fri, Feb-25-2022","Towson, Utah State",,,,9.9250,,A,BYU,29913,Brittney Vitkauskas
"Fri, Mar-04-2022","Illinois State, Washington",,,,9.9250,,H,BYU,29913,Brittney Vitkauskas
"Sat, Mar-12-2022",Arizona,,,,9.9250,,H,BYU,29913,Brittney Vitkauskas
"Sat, Mar-19-2022","Boise State, Southern Utah, Utah State",,,,9.9000,,A,BYU,29913,Brittney Vitkauskas
"Thu, Mar-31-2022",,,,,9.8750,,A,BYU,29913,Brittney Vitkauskas
"Sun, Jan-16-2022",Stanford,9.7750,9.8500,9.9000,9.7750,39.3000,H,California,29916,Maya Bordas
"Sat, Jan-22-2022",Washington,9.8500,9.9000,9.8750,9.8000,39.4250,A,California,29916,Maya Bordas
"Sat, Jan-29-2022",Oregon State,9.8250,9.8750,9.7500,9.8000,39.2500,H,California,29916,Maya Bordas
"Fri, Feb-04-2022",Stanford,9.7500,9.8500,9.8250,9.7500,39.1750,A,California,29916,Maya Bordas
"Sat, Feb-12-2022",Utah,9.8000,9.8250,9.8250,9.9000,39.3500,H,California,29916,Maya Bordas
"Mon, Feb-21-2022",Arizona,9.8500,9.9500,9.9500,9.8250,39.5750,H,California,29916,Maya Bordas
"Sun, Feb-27-2022",Arizona State,9.8500,9.9250,9.9000,9.8500,39.5250,A,California,29916,Maya Bordas
"Sun, Mar-06-2022",UCLA,9.8250,9.0000,9.8250,9.8500,38.5000,A,California,29916,Maya Bordas
"Fri, Mar-11-2022","Ohio State, Pittsburgh",9.8500,9.7250,9.9250,9.8750,39.3750,A,California,29916,Maya Bordas
"Sun, Mar-13-2022",Iowa,9.8750,9.9250,9.8500,9.9500,39.6000,H,California,29916,Maya Bordas
"Sat, Mar-19-2022","Arizona, Arizona State, Oregon State, Stanford, UCLA, Utah, Washington",9.8500,9.7250,9.5500,9.8750,39.0000,A,California,29916,Maya Bordas
"Thu, Mar-31-2022",,9.7750,9.8500,9.9000,9.8750,39.4000,A,California,29916,Maya Bordas
"Sat, Apr-02-2022",,9.8500,9.6500,9.9000,9.8500,39.2500,A,California,29916,Maya Bordas
"Sun, Jan-16-2022",Stanford,9.8500,,9.1000,9.8750,,H,California,29917,Milan Clausi
"Sat, Jan-22-2022",Washington,9.8500,,9.8000,9.8250,,A,California,29917,Milan Clausi
"Sat, Jan-29-2022",Oregon State,9.8250,,9.9000,9.9250,,H,California,29917,Milan Clausi
"Mon, Feb-21-2022",Arizona,9.8500,,9.9000,9.8500,,H,California,29917,Milan Clausi
"Sun, Feb-27-2022",Arizona State,9.8000,,9.6500,9.9000,,A,California,29917,Milan Clausi
"Sun, Mar-06-2022",UCLA,9.8500,,9.9000,9.8750,,A,California,29917,Milan Clausi
"Fri, Mar-11-2022","Ohio State, Pittsburgh",9.8500,,9.8750,9.9000,,A,California,29917,Milan Clausi
"Sun, Mar-13-2022",Iowa,9.8500,,9.9250,9.9500,,H,California,29917,Milan Clausi
"Sat, Mar-19-2022","Arizona, Arizona State, Oregon State, Stanford, UCLA, Utah, Washington",9.8500,,9.9000,9.8500,,A,California,29917,Milan Clausi
"Thu, Mar-31-2022",,9.7500,,9.8750,9.9250,,A,California,29917,Milan Clausi
"Sat, Apr-02-2022",,9.8000,,9.8750,9.9000,,A,California,29917,Milan Clausi
"Sun, Jan-16-2022",Stanford,9.9000,9.8500,9.8500,9.8750,39.4750,H,California,30591,Nevaeh DeSouza
"Sat, Jan-22-2022",Washington,9.8000,9.7250,9.6750,9.7750,38.9750,A,California,30591,Nevaeh DeSouza
"Sat, Jan-29-2022",Oregon State,9.8500,9.8750,9.7750,9.8500,39.3500,H,California,30591,Nevaeh DeSouza
"Fri, Feb-04-2022",Stanford,9.8750,9.8250,9.8500,9.7500,39.3000,A,California,30591,Nevaeh DeSouza
"Sat, Feb-12-2022",Utah,9.9500,9.8750,9.9000,9.9000,39.6250,H,California,30591,Nevaeh DeSouza
"Mon, Feb-21-2022",Arizona,9.9000,9.8500,9.8750,9.9000,39.5250,H,California,30591,Nevaeh DeSouza
"Sun, Feb-27-2022",Arizona State,9.7750,9.7750,9.8250,9.8000,39.1750,A,California,30591,Nevaeh DeSouza
"Sun, Mar-06-2022",UCLA,9.8750,9.8750,9.9000,9.9000,39.5500,A,California,30591,Nevaeh DeSouza
"Fri, Mar-11-2022","Ohio State, Pittsburgh",9.8250,9.8000,9.8750,9.3250,38.8250,A,California,30591,Nevaeh DeSouza
"Sun, Mar-13-2022",Iowa,9.8500,9.8500,9.8500,9.8750,39.4250,H,California,30591,Nevaeh DeSouza
"Sat, Mar-19-2022","Arizona, Arizona State, Oregon State, Stanford, UCLA, Utah, Washington",9.8750,9.8500,9.8500,9.8500,39.4250,A,California,30591,Nevaeh DeSouza
"Thu, Mar-31-2022",,9.8250,9.9250,9.8250,8.9500,38.5250,A,California,30591,Nevaeh DeSouza
"Sat, Apr-02-2022",,9.8000,9.7750,9.8500,,,A,California,30591,Nevaeh DeSouza
"Sun, Jan-16-2022",Stanford,,9.8750,,,,H,California,30592,Maya Green
"Fri, Feb-04-2022",Stanford,,9.7500,,,,A,California,30592,Maya Green
"Sun, Mar-13-2022",Iowa,,,,9.8500,,H,California,30592,Maya Green
"Sun, Jan-16-2022",Stanford,,,9.0000,,,H,California,31293,Jordan Kane
"Sat, Jan-22-2022",Washington,,,,,,A,California,31293,Jordan Kane
"Sun, Jan-16-2022",Stanford,9.8500,,9.8500,9.8000,,H,California,31294,Mya Lauzon
"Sat, Jan-22-2022",Washington,9.5000,9.8250,9.8250,9.8250,38.9750,A,California,31294,Mya Lauzon
"Sat, Jan-29-2022",Oregon State,9.5250,9.8250,9.8250,9.9000,39.0750,H,California,31294,Mya Lauzon
"Fri, Feb-04-2022",Stanford,9.7250,,9.9000,9.8500,,A,California,31294,Mya Lauzon
"Fri, Mar-11-2022","Ohio State, Pittsburgh",,,9.9250,,,A,California,31294,Mya Lauzon
"Sun, Mar-13-2022",Iowa,,,9.9250,,,H,California,31294,Mya Lauzon
"Sat, Mar-19-2022","Arizona, Arizona State, Oregon State, Stanford, UCLA, Utah, Washington",,9.8500,9.9000,,,A,California,31294,Mya Lauzon
"Thu, Mar-31-2022",,9.7500,,9.8750,9.9000,,A,California,31294,Mya Lauzon
"Sat, Apr-02-2022",,9.8500,,9.9500,9.9000,,A,California,31294,Mya Lauzon
"Sun, Jan-16-2022",Stanford,9.7500,9.8500,9.9250,9.9000,39.4250,H,California,30864,Andi Li
"Sat, Jan-22-2022",Washington,9.7250,9.9250,9.7750,9.9000,39.3250,A,California,30864,Andi Li
"Sat, Jan-29-2022",Oregon State,9.8500,9.8750,9.8750,9.9250,39.5250,H,California,30864,Andi Li
"Fri, Feb-04-2022",Stanford,9.8000,9.9500,9.8750,9.9000,39.5250,A,California,30864,Andi Li
"Sat, Feb-12-2022",Utah,9.8500,9.9500,9.9000,9.9500,39.6500,H,California,30864,Andi Li
"Mon, Feb-21-2022",Arizona,9.8500,9.9250,9.8750,9.2000,38.8500,H,California,30864,Andi Li
"Sun, Feb-27-2022",Arizona State,9.9000,9.9250,9.7500,9.9500,39.5250,A,California,30864,Andi Li
"Sun, Mar-06-2022",UCLA,9.8000,9.8750,9.9000,9.6750,39.2500,A,California,30864,Andi Li
"Fri, Mar-11-2022","Ohio State, Pittsburgh",,9.7500,9.8250,,,A,California,30864,Andi Li
"Sun, Mar-13-2022",Iowa,,9.9500,9.4500,,,H,California,30864,Andi Li
"Sat, Mar-19-2022","Arizona, Arizona State, Oregon State, Stanford, UCLA, Utah, Washington",,9.9250,9.8750,9.9000,,A,California,30864,Andi Li
"Thu, Mar-31-2022",,9.8000,9.9250,9.9000,9.9000,39.5250,A,California,30864,Andi Li
"Sat, Apr-02-2022",,9.8000,9.8500,9.9500,9.9250,39.5250,A,California,30864,Andi Li
"Fri, Feb-04-2022",Stanford,,,,,,A,California,30865,Gabby Perea
"Sat, Feb-12-2022",Utah,,9.9000,,9.8250,,H,California,30865,Gabby Perea
"Mon, Feb-21-2022",Arizona,,9.8500,,,,H,California,30865,Gabby Perea
"Sun, Feb-27-2022",Arizona State,,9.6500,,,,A,California,30865,Gabby Perea
"Sun, Mar-06-2022",UCLA,,9.8500,,,,A,California,30865,Gabby Perea
"Fri, Mar-11-2022","Ohio State, Pittsburgh",,9.7750,,9.7750,,A,California,30865,Gabby Perea
"Sun, Mar-13-2022",Iowa,,9.9500,,,,H,California,30865,Gabby Perea
"Sat, Mar-19-2022","Arizona, Arizona State, Oregon State, Stanford, UCLA, Utah, Washington",,9.8750,,9.7500,,A,California,30865,Gabby Perea
"Thu, Mar-31-2022",,,9.8500,,,,A,California,30865,Gabby Perea
"Sat, Apr-02-2022",,,9.8500,,9.9000,,A,California,30865,Gabby Perea
"Sun, Jan-16-2022",Stanford,,,,8.9750,,H,California,29919,Grace Quinn
"Fri, Feb-04-2022",Stanford,,,,9.9250,,A,California,29919,Grace Quinn
"Sat, Feb-12-2022",Utah,,,,9.8250,,H,California,29919,Grace Quinn
"Mon, Feb-21-2022",Arizona,,,,9.9250,,H,California,29919,Grace Quinn
"Sun, Feb-27-2022",Arizona State,,,,9.9250,,A,California,29919,Grace Quinn
"Sun, Mar-06-2022",UCLA,,,,9.9500,,A,California,29919,Grace Quinn
"Fri, Mar-11-2022","Ohio State, Pittsburgh",,,,9.9500,,A,California,29919,Grace Quinn
"Sun, Mar-13-2022",Iowa,,,,9.9250,,H,California,29919,Grace Quinn
"Sat, Mar-19-2022","Arizona, Arizona State, Oregon State, Stanford, UCLA, Utah, Washington",,,,9.9250,,A,California,29919,Grace Quinn
"Thu, Mar-31-2022",,,,,9.9250,,A,California,29919,Grace Quinn
"Sat, Apr-02-2022",,,,,9.9000,,A,California,29919,Grace Quinn
"Fri, Mar-11-2022","Ohio State, Pittsburgh",9.7250,,,,,A,California,30593,Natalie Sadighi
"Sat, Mar-19-2022","Arizona, Arizona State, Oregon State, Stanford, UCLA, Utah, Washington",9.8250,,,,,A,California,30593,Natalie Sadighi
"Sun, Jan-16-2022",Stanford,9.8000,9.2250,,,,H,California,29708,Nina Schank
"Sat, Jan-22-2022",Washington,9.8500,9.8500,,9.7750,,A,California,29708,Nina Schank
"Sat, Jan-29-2022",Oregon State,9.8250,9.9250,,9.8000,,H,California,29708,Nina Schank
"Fri, Feb-04-2022",Stanford,9.8500,9.9000,,9.7750,,A,California,29708,Nina Schank
"Sat, Feb-12-2022",Utah,9.9000,9.7750,9.7750,9.9000,39.3500,H,California,29708,Nina Schank
"Mon, Feb-21-2022",Arizona,9.8500,9.8500,,9.8500,,H,California,29708,Nina Schank
"Sun, Feb-27-2022",Arizona State,9.8500,9.8500,,9.7500,,A,California,29708,Nina Schank
"Sun, Mar-06-2022",UCLA,9.9000,9.9000,,9.5250,,A,California,29708,Nina Schank
"Fri, Mar-11-2022","Ohio State, Pittsburgh",9.8250,9.7750,,9.8250,,A,California,29708,Nina Schank
"Sun, Mar-13-2022",Iowa,9.7750,9.8750,,9.9000,,H,California,29708,Nina Schank
"Thu, Mar-31-2022",,9.8000,9.9000,,,,A,California,29708,Nina Schank
"Sat, Apr-02-2022",,,9.8000,,,,A,California,29708,Nina Schank
"Fri, Feb-04-2022",Stanford,9.6750,,,,,A,California,29920,Abi Solari
"Sat, Feb-12-2022",Utah,8.1500,,,,,H,California,29920,Abi Solari
"Sun, Mar-13-2022",Iowa,9.8250,,,,,H,California,29920,Abi Solari
"Sat, Mar-19-2022","Arizona, Arizona State, Oregon State, Stanford, UCLA, Utah, Washington",9.8000,,,,,A,California,29920,Abi Solari
"Sat, Jan-29-2022",Oregon State,,,9.9250,,,H,California,29921,Emi Watterson
"Fri, Feb-04-2022",Stanford,,,9.8750,,,A,California,29921,Emi Watterson
"Sat, Feb-12-2022",Utah,,,9.1500,,,H,California,29921,Emi Watterson
"Mon, Feb-21-2022",Arizona,,,9.2000,,,H,California,29921,Emi Watterson
"Sun, Feb-27-2022",Arizona State,,,9.8000,,,A,California,29921,Emi Watterson
"Sun, Mar-06-2022",UCLA,,,9.2250,,,A,California,29921,Emi Watterson
"Sun, Jan-16-2022",Stanford,,9.8750,,,,H,California,31296,Madelyn Williams
"Sat, Jan-22-2022",Washington,,9.8750,9.8250,,,A,California,31296,Madelyn Williams
"Sat, Jan-29-2022",Oregon State,,9.9250,,,,H,California,31296,Madelyn Williams
"Fri, Feb-04-2022",Stanford,,9.8500,9.8500,,,A,California,31296,Madelyn Williams
"Sat, Feb-12-2022",Utah,9.8500,9.9000,9.8500,,,H,California,31296,Madelyn Williams
"Mon, Feb-21-2022",Arizona,9.7500,9.8750,9.8750,,,H,California,31296,Madelyn Williams
"Sun, Feb-27-2022",Arizona State,9.7750,9.8500,9.3250,,,A,California,31296,Madelyn Williams
"Sun, Mar-06-2022",UCLA,9.7750,9.8500,9.8250,,,A,California,31296,Madelyn Williams
"Fri, Mar-11-2022","Ohio State, Pittsburgh",9.8500,9.8250,9.6750,,,A,California,31296,Madelyn Williams
"Sun, Mar-13-2022",Iowa,9.8250,9.9250,9.9000,,,H,California,31296,Madelyn Williams
"Sat, Mar-19-2022","Arizona, Arizona State, Oregon State, Stanford, UCLA, Utah, Washington",9.8250,9.9250,9.8500,,,A,California,31296,Madelyn Williams
"Thu, Mar-31-2022",,,9.9000,9.8500,,,A,California,31296,Madelyn Williams
"Sat, Apr-02-2022",,9.8250,9.8500,9.8500,,,A,California,31296,Madelyn Williams
"Sun, Jan-09-2022",Illinois,9.7250,,,9.5250,,H,Central Michigan,31301,Avah Bootz
"Fri, Jan-14-2022",Eastern Michigan,9.7250,,,,,A,Central Michigan,31301,Avah Bootz
"Fri, Jan-21-2022",Bowling Green,9.7250,,,,,A,Central Michigan,31301,Avah Bootz
"Sun, Jan-30-2022","Ball State, Illinois State",9.7250,,,,,A,Central Michigan,31301,Avah Bootz
"Fri, Feb-04-2022","Georgia, Illinois, Kentucky",9.7000,,,,,A,Central Michigan,31301,Avah Bootz
"Fri, Feb-11-2022","Michigan State, Western Michigan",9.7000,,,,,H,Central Michigan,31301,Avah Bootz
"Sun, Feb-20-2022","Iowa State, Northern Illinois, Western Michigan",9.7500,,,,,A,Central Michigan,31301,Avah Bootz
"Sun, Feb-27-2022",Kent State,9.7500,,,,,H,Central Michigan,31301,Avah Bootz
"Fri, Mar-04-2022","Boise State, Illinois, Northern Illinois",9.8500,,,,,A,Central Michigan,31301,Avah Bootz
"Fri, Mar-11-2022",Ball State,9.8250,,,,,H,Central Michigan,31301,Avah Bootz
"Sat, Mar-19-2022","Ball State, Bowling Green, Eastern Michigan, Kent State, Northern Illinois, Western Michigan",9.7500,,,,,A,Central Michigan,31301,Avah Bootz
"Sun, Jan-09-2022",Illinois,,9.8000,9.8000,,,H,Central Michigan,30867,Adriana Bustelo
"Fri, Jan-14-2022",Eastern Michigan,,9.7500,9.7750,,,A,Central Michigan,30867,Adriana Bustelo
"Fri, Jan-21-2022",Bowling Green,,9.7500,9.8250,,,A,Central Michigan,30867,Adriana Bustelo
"Sun, Jan-30-2022","Ball State, Illinois State",,9.7000,9.8250,,,A,Central Michigan,30867,Adriana Bustelo
"Fri, Feb-04-2022","Georgia, Illinois, Kentucky",,9.8500,9.7000,,,A,Central Michigan,30867,Adriana Bustelo
"Fri, Feb-11-2022","Michigan State, Western Michigan",,9.8250,9.7750,,,H,Central Michigan,30867,Adriana Bustelo
"Sun, Feb-20-2022","Iowa State, Northern Illinois, Western Michigan",,9.7500,9.8250,,,A,Central Michigan,30867,Adriana Bustelo
"Sun, Feb-27-2022",Kent State,,9.8000,9.8750,,,H,Central Michigan,30867,Adriana Bustelo
"Fri, Mar-04-2022","Boise State, Illinois, Northern Illinois",,9.1250,9.8250,,,A,Central Michigan,30867,Adriana Bustelo
"Fri, Mar-11-2022",Ball State,,9.8000,9.2250,,,H,Central Michigan,30867,Adriana Bustelo
"Sat, Mar-19-2022","Ball State, Bowling Green, Eastern Michigan, Kent State, Northern Illinois, Western Michigan",,9.8500,9.8750,,,A,Central Michigan,30867,Adriana Bustelo
"Fri, Jan-21-2022",Bowling Green,,,,9.7250,,A,Central Michigan,30868,Elizabeth Buttle
"Sun, Jan-09-2022",Illinois,9.7500,,,,,H,Central Michigan,30869,Elizabeth Cesarone
"Fri, Jan-14-2022",Eastern Michigan,9.6750,,,,,A,Central Michigan,30869,Elizabeth Cesarone
"Fri, Jan-21-2022",Bowling Green,9.6750,,,,,A,Central Michigan,30869,Elizabeth Cesarone
"Sun, Jan-30-2022","Ball State, Illinois State",9.7250,,,,,A,Central Michigan,30869,Elizabeth Cesarone
"Fri, Feb-04-2022","Georgia, Illinois, Kentucky",9.8250,,,,,A,Central Michigan,30869,Elizabeth Cesarone
"Fri, Feb-11-2022","Michigan State, Western Michigan",9.7750,,,,,H,Central Michigan,30869,Elizabeth Cesarone
"Sun, Feb-20-2022","Iowa State, Northern Illinois, Western Michigan",9.8000,,,,,A,Central Michigan,30869,Elizabeth Cesarone
"Sun, Feb-27-2022",Kent State,9.7750,,,,,H,Central Michigan,30869,Elizabeth Cesarone
"Fri, Mar-04-2022","Boise State, Illinois, Northern Illinois",9.8000,,,,,A,Central Michigan,30869,Elizabeth Cesarone
"Fri, Mar-11-2022",Ball State,9.7500,,,,,H,Central Michigan,30869,Elizabeth Cesarone
"Sat, Mar-19-2022","Ball State, Bowling Green, Eastern Michigan, Kent State, Northern Illinois, Western Michigan",9.7750,,,,,A,Central Michigan,30869,Elizabeth Cesarone
"Sun, Jan-09-2022",Illinois,9.6500,,9.0750,9.7500,,H,Central Michigan,29922,Sierra Demarinis
"Fri, Jan-14-2022",Eastern Michigan,9.6250,,9.8250,9.0500,,A,Central Michigan,29922,Sierra Demarinis
"Fri, Jan-21-2022",Bowling Green,9.7750,,9.6250,,,A,Central Michigan,29922,Sierra Demarinis
"Sun, Jan-30-2022","Ball State, Illinois State",9.8000,,9.6500,9.8500,,A,Central Michigan,29922,Sierra Demarinis
"Fri, Feb-04-2022","Georgia, Illinois, Kentucky",9.7000,,9.8250,9.9000,,A,Central Michigan,29922,Sierra Demarinis
"Fri, Feb-11-2022","Michigan State, Western Michigan",9.8000,,9.7500,9.9500,,H,Central Michigan,29922,Sierra Demarinis
"Sun, Feb-20-2022","Iowa State, Northern Illinois, Western Michigan",9.8000,,9.7250,9.9000,,A,Central Michigan,29922,Sierra Demarinis
"Sun, Feb-27-2022",Kent State,9.8000,,9.6750,9.9500,,H,Central Michigan,29922,Sierra Demarinis
"Fri, Mar-04-2022","Boise State, Illinois, Northern Illinois",9.8500,,9.9000,9.9000,,A,Central Michigan,29922,Sierra Demarinis
"Fri, Mar-11-2022",Ball State,9.8000,,9.8250,9.9000,,H,Central Michigan,29922,Sierra Demarinis
"Sat, Mar-19-2022","Ball State, Bowling Green, Eastern Michigan, Kent State, Northern Illinois, Western Michigan",9.8250,,9.8500,9.6250,,A,Central Michigan,29922,Sierra Demarinis
"Thu, Mar-31-2022",,,,,9.8750,,A,Central Michigan,29922,Sierra Demarinis
"Sun, Jan-09-2022",Illinois,9.7750,9.7250,,9.5750,,H,Central Michigan,30384,Hannah Demers
"Fri, Jan-14-2022",Eastern Michigan,9.8000,9.8500,9.8750,9.8750,39.4000,A,Central Michigan,30384,Hannah Demers
"Fri, Jan-21-2022",Bowling Green,9.8500,9.9000,,8.9750,,A,Central Michigan,30384,Hannah Demers
"Sun, Jan-30-2022","Ball State, Illinois State",9.8000,9.7750,9.8500,9.8500,39.2750,A,Central Michigan,30384,Hannah Demers
"Fri, Feb-04-2022","Georgia, Illinois, Kentucky",9.8500,9.8250,9.8250,9.8500,39.3500,A,Central Michigan,30384,Hannah Demers
"Fri, Feb-11-2022","Michigan State, Western Michigan",9.8500,9.8250,9.8500,9.8750,39.4000,H,Central Michigan,30384,Hannah Demers
"Sun, Feb-20-2022","Iowa State, Northern Illinois, Western Michigan",9.9000,9.9250,9.5250,9.9250,39.2750,A,Central Michigan,30384,Hannah Demers
"Sun, Feb-27-2022",Kent State,9.9000,9.8500,9.8750,9.9250,39.5500,H,Central Michigan,30384,Hannah Demers
"Fri, Mar-04-2022","Boise State, Illinois, Northern Illinois",9.8250,9.8500,9.8750,9.7000,39.2500,A,Central Michigan,30384,Hannah Demers
"Fri, Mar-11-2022",Ball State,9.8000,9.8750,9.8250,9.8750,39.3750,H,Central Michigan,30384,Hannah Demers
"Sat, Mar-19-2022","Ball State, Bowling Green, Eastern Michigan, Kent State, Northern Illinois, Western Michigan",9.8500,9.8750,9.7750,9.7250,39.2250,A,Central Michigan,30384,Hannah Demers
"Thu, Mar-31-2022",,9.9000,9.8500,9.8500,9.8750,39.4750,A,Central Michigan,30384,Hannah Demers
"Sun, Jan-09-2022",Illinois,,9.0500,,,,H,Central Michigan,30385,Audriana Hammond
"Fri, Jan-14-2022",Eastern Michigan,,9.7750,,,,A,Central Michigan,30385,Audriana Hammond
"Fri, Jan-21-2022",Bowling Green,,9.7500,,,,A,Central Michigan,30385,Audriana Hammond
"Sun, Jan-30-2022","Ball State, Illinois State",,9.5500,,,,A,Central Michigan,30385,Audriana Hammond
"Fri, Feb-04-2022","Georgia, Illinois, Kentucky",,9.7500,,,,A,Central Michigan,30385,Audriana Hammond
"Fri, Feb-11-2022","Michigan State, Western Michigan",,9.8250,,,,H,Central Michigan,30385,Audriana Hammond
"Sun, Feb-20-2022","Iowa State, Northern Illinois, Western Michigan",,9.8750,,,,A,Central Michigan,30385,Audriana Hammond
"Sun, Feb-27-2022",Kent State,,9.8750,,,,H,Central Michigan,30385,Audriana Hammond
"Fri, Mar-04-2022","Boise State, Illinois, Northern Illinois",,9.8750,,,,A,Central Michigan,30385,Audriana Hammond
"Fri, Mar-11-2022",Ball State,,9.1000,,,,H,Central Michigan,30385,Audriana Hammond
"Sat, Mar-19-2022","Ball State, Bowling Green, Eastern Michigan, Kent State, Northern Illinois, Western Michigan",,9.7500,,,,A,Central Michigan,30385,Audriana Hammond
"Sun, Jan-09-2022",Illinois,,9.1250,,,,H,Central Michigan,30386,Brenna Hauser
"Fri, Jan-14-2022",Eastern Michigan,,8.9000,,,,A,Central Michigan,30386,Brenna Hauser
"Fri, Jan-21-2022",Bowling Green,,9.7750,,,,A,Central Michigan,30386,Brenna Hauser
"Sun, Jan-30-2022","Ball State, Illinois State",,9.6750,,,,A,Central Michigan,30386,Brenna Hauser
"Fri, Feb-04-2022","Georgia, Illinois, Kentucky",,9.7250,,,,A,Central Michigan,30386,Brenna Hauser
"Fri, Feb-11-2022","Michigan State, Western Michigan",,9.7750,,,,H,Central Michigan,30386,Brenna Hauser
"Sun, Feb-20-2022","Iowa State, Northern Illinois, Western Michigan",,9.1500,,,,A,Central Michigan,30386,Brenna Hauser
"Sun, Feb-27-2022",Kent State,,9.7500,,,,H,Central Michigan,30386,Brenna Hauser
"Fri, Mar-04-2022","Boise State, Illinois, Northern Illinois",,9.7500,,,,A,Central Michigan,30386,Brenna Hauser
"Fri, Mar-11-2022",Ball State,,9.0000,,,,H,Central Michigan,30386,Brenna Hauser
"Sat, Mar-19-2022","Ball State, Bowling Green, Eastern Michigan, Kent State, Northern Illinois, Western Michigan",,9.7750,,,,A,Central Michigan,30386,Brenna Hauser
"Fri, Feb-11-2022","Michigan State, Western Michigan",,9.8500,,,,H,Central Michigan,31304,Lia Kmieciak
"Sun, Feb-20-2022","Iowa State, Northern Illinois, Western Michigan",,9.7750,,,,A,Central Michigan,31304,Lia Kmieciak
"Sun, Feb-27-2022",Kent State,,9.8750,,,,H,Central Michigan,31304,Lia Kmieciak
"Fri, Mar-04-2022","Boise State, Illinois, Northern Illinois",9.6750,9.7750,,,,A,Central Michigan,31304,Lia Kmieciak
"Fri, Mar-11-2022",Ball State,9.8000,9.8000,,,,H,Central Michigan,31304,Lia Kmieciak
"Sat, Mar-19-2022","Ball State, Bowling Green, Eastern Michigan, Kent State, Northern Illinois, Western Michigan",9.7500,9.8750,,,,A,Central Michigan,31304,Lia Kmieciak
"Sun, Jan-09-2022",Illinois,,,9.8000,9.7250,,H,Central Michigan,31305,Aleysia Kolyvanova
"Fri, Jan-14-2022",Eastern Michigan,,,8.9500,9.7750,,A,Central Michigan,31305,Aleysia Kolyvanova
"Fri, Jan-21-2022",Bowling Green,,,9.7750,9.7250,,A,Central Michigan,31305,Aleysia Kolyvanova
"Sun, Jan-30-2022","Ball State, Illinois State",,,9.6000,9.7750,,A,Central Michigan,31305,Aleysia Kolyvanova
"Fri, Feb-04-2022","Georgia, Illinois, Kentucky",,,9.7250,9.7750,,A,Central Michigan,31305,Aleysia Kolyvanova
"Fri, Feb-11-2022","Michigan State, Western Michigan",,,9.6500,9.8000,,H,Central Michigan,31305,Aleysia Kolyvanova
"Sun, Feb-20-2022","Iowa State, Northern Illinois, Western Michigan",,,,9.7750,,A,Central Michigan,31305,Aleysia Kolyvanova
"Sun, Feb-27-2022",Kent State,,,9.0500,9.8750,,H,Central Michigan,31305,Aleysia Kolyvanova
"Fri, Mar-04-2022","Boise State, Illinois, Northern Illinois",,,,9.8250,,A,Central Michigan,31305,Aleysia Kolyvanova
"Fri, Mar-11-2022",Ball State,,,,9.8250,,H,Central Michigan,31305,Aleysia Kolyvanova
"Sat, Mar-19-2022","Ball State, Bowling Green, Eastern Michigan, Kent State, Northern Illinois, Western Michigan",,,,9.8000,,A,Central Michigan,31305,Aleysia Kolyvanova
"Sun, Jan-09-2022",Illinois,,9.6750,,,,H,Central Michigan,30387,Savana Kotas
"Fri, Jan-14-2022",Eastern Michigan,,9.8000,,,,A,Central Michigan,30387,Savana Kotas
"Fri, Jan-21-2022",Bowling Green,,9.6250,,,,A,Central Michigan,30387,Savana Kotas
"Sun, Jan-30-2022","Ball State, Illinois State",,9.0000,,,,A,Central Michigan,30387,Savana Kotas
"Fri, Feb-04-2022","Georgia, Illinois, Kentucky",,9.3250,,,,A,Central Michigan,30387,Savana Kotas
"Fri, Feb-11-2022","Michigan State, Western Michigan",,9.6750,,,,H,Central Michigan,30387,Savana Kotas
"Sun, Feb-20-2022","Iowa State, Northern Illinois, Western Michigan",,9.7250,,,,A,Central Michigan,30387,Savana Kotas
"Sun, Feb-27-2022",Kent State,,9.8000,,,,H,Central Michigan,30387,Savana Kotas
"Fri, Mar-04-2022","Boise State, Illinois, Northern Illinois",,9.7750,,,,A,Central Michigan,30387,Savana Kotas
"Fri, Mar-11-2022",Ball State,,9.7000,,,,H,Central Michigan,30387,Savana Kotas
"Sat, Mar-19-2022","Ball State, Bowling Green, Eastern Michigan, Kent State, Northern Illinois, Western Michigan",,9.8000,,,,A,Central Michigan,30387,Savana Kotas
"Sun, Jan-09-2022",Illinois,9.8250,,9.8000,8.9750,,H,Central Michigan,30871,Katie Kowalski
"Fri, Jan-14-2022",Eastern Michigan,9.6750,,9.6250,9.7500,,A,Central Michigan,30871,Katie Kowalski
"Fri, Jan-21-2022",Bowling Green,9.8500,,8.8500,9.6750,,A,Central Michigan,30871,Katie Kowalski
"Sun, Jan-30-2022","Ball State, Illinois State",9.8500,,9.7000,9.8250,,A,Central Michigan,30871,Katie Kowalski
"Fri, Feb-04-2022","Georgia, Illinois, Kentucky",9.8250,,9.7750,9.8000,,A,Central Michigan,30871,Katie Kowalski
"Fri, Feb-11-2022","Michigan State, Western Michigan",9.9000,,9.8250,9.8250,,H,Central Michigan,30871,Katie Kowalski
"Sun, Feb-20-2022","Iowa State, Northern Illinois, Western Michigan",9.8500,,9.8000,9.8250,,A,Central Michigan,30871,Katie Kowalski
"Sun, Feb-27-2022",Kent State,9.8500,,9.7250,9.8500,,H,Central Michigan,30871,Katie Kowalski
"Fri, Mar-04-2022","Boise State, Illinois, Northern Illinois",9.7750,,9.2250,9.8250,,A,Central Michigan,30871,Katie Kowalski
"Fri, Mar-11-2022",Ball State,9.9000,,8.8000,9.8750,,H,Central Michigan,30871,Katie Kowalski
"Sat, Mar-19-2022","Ball State, Bowling Green, Eastern Michigan, Kent State, Northern Illinois, Western Michigan",9.8750,,9.5750,9.7750,,A,Central Michigan,30871,Katie Kowalski
"Thu, Mar-31-2022",,9.9000,,,,,A,Central Michigan,30871,Katie Kowalski
"Sun, Jan-09-2022",Illinois,,,9.1750,,,H,Central Michigan,30872,Amber Mueller
"Fri, Jan-21-2022",Bowling Green,,,,8.9500,,A,Central Michigan,30388,Taylor Pitchell
"Sun, Jan-30-2022","Ball State, Illinois State",,,,9.8500,,A,Central Michigan,30388,Taylor Pitchell
"Fri, Feb-04-2022","Georgia, Illinois, Kentucky",,,,9.6750,,A,Central Michigan,30388,Taylor Pitchell
"Fri, Feb-11-2022","Michigan State, Western Michigan",,,,9.8000,,H,Central Michigan,30388,Taylor Pitchell
"Sun, Feb-20-2022","Iowa State, Northern Illinois, Western Michigan",,,,9.8000,,A,Central Michigan,30388,Taylor Pitchell
"Sun, Feb-27-2022",Kent State,,,,9.8750,,H,Central Michigan,30388,Taylor Pitchell
"Fri, Mar-04-2022","Boise State, Illinois, Northern Illinois",,,,9.8750,,A,Central Michigan,30388,Taylor Pitchell
"Fri, Mar-11-2022",Ball State,,,,9.7250,,H,Central Michigan,30388,Taylor Pitchell
"Sat, Mar-19-2022","Ball State, Bowling Green, Eastern Michigan, Kent State, Northern Illinois, Western Michigan",,,,9.9000,,A,Central Michigan,30388,Taylor Pitchell
"Sun, Jan-09-2022",Illinois,9.7000,,,,,H,Central Michigan,31307,Quinn Skrupa
"Fri, Jan-14-2022",Eastern Michigan,9.6000,,,8.6000,,A,Central Michigan,31307,Quinn Skrupa
"Fri, Jan-21-2022",Bowling Green,9.6750,,9.8250,,,A,Central Michigan,31307,Quinn Skrupa
"Sun, Jan-30-2022","Ball State, Illinois State",9.7500,,9.7500,,,A,Central Michigan,31307,Quinn Skrupa
"Fri, Feb-04-2022","Georgia, Illinois, Kentucky",9.6750,,9.1750,,,A,Central Michigan,31307,Quinn Skrupa
"Fri, Feb-11-2022","Michigan State, Western Michigan",9.7000,,9.8500,,,H,Central Michigan,31307,Quinn Skrupa
"Sun, Feb-20-2022","Iowa State, Northern Illinois, Western Michigan",9.8000,,9.4750,,,A,Central Michigan,31307,Quinn Skrupa
"Sun, Feb-27-2022",Kent State,9.7250,,,,,H,Central Michigan,31307,Quinn Skrupa
"Fri, Mar-04-2022","Boise State, Illinois, Northern Illinois",,,9.7500,,,A,Central Michigan,31307,Quinn Skrupa
"Fri, Mar-11-2022",Ball State,,,9.7250,,,H,Central Michigan,31307,Quinn Skrupa
"Sat, Mar-19-2022","Ball State, Bowling Green, Eastern Michigan, Kent State, Northern Illinois, Western Michigan",,,9.8000,,,A,Central Michigan,31307,Quinn Skrupa
"Sun, Feb-20-2022","Iowa State, Northern Illinois, Western Michigan",,,9.7750,,,A,Central Michigan,29924,Morgan Tong
"Sun, Feb-27-2022",Kent State,,,9.7250,,,H,Central Michigan,29924,Morgan Tong
"Fri, Mar-04-2022","Boise State, Illinois, Northern Illinois",,,9.5750,,,A,Central Michigan,29924,Morgan Tong
"Fri, Mar-11-2022",Ball State,,,9.8500,,,H,Central Michigan,29924,Morgan Tong
"Sat, Mar-19-2022","Ball State, Bowling Green, Eastern Michigan, Kent State, Northern Illinois, Western Michigan",,,9.9000,,,A,Central Michigan,29924,Morgan Tong
"Sun, Jan-09-2022",Illinois,,9.6750,9.6250,9.8750,,H,Central Michigan,30391,Ashley Veglucci
"Fri, Jan-14-2022",Eastern Michigan,,9.0000,9.7500,8.9500,,A,Central Michigan,30391,Ashley Veglucci
"Fri, Jan-21-2022",Bowling Green,,9.3500,9.3000,9.8250,,A,Central Michigan,30391,Ashley Veglucci
"Sun, Jan-30-2022","Ball State, Illinois State",,8.9000,,9.8750,,A,Central Michigan,30391,Ashley Veglucci
"Fri, Feb-04-2022","Georgia, Illinois, Kentucky",,9.6000,,9.7250,,A,Central Michigan,30391,Ashley Veglucci
"Fri, Feb-11-2022","Michigan State, Western Michigan",,,,9.8500,,H,Central Michigan,30391,Ashley Veglucci
"Sun, Feb-20-2022","Iowa State, Northern Illinois, Western Michigan",,,,9.8250,,A,Central Michigan,30391,Ashley Veglucci
"Sun, Feb-27-2022",Kent State,,,,9.8750,,H,Central Michigan,30391,Ashley Veglucci
"Fri, Mar-04-2022","Boise State, Illinois, Northern Illinois",,,,9.8000,,A,Central Michigan,30391,Ashley Veglucci
"Fri, Mar-11-2022",Ball State,,,,9.8250,,H,Central Michigan,30391,Ashley Veglucci
"Sat, Mar-19-2022","Ball State, Bowling Green, Eastern Michigan, Kent State, Northern Illinois, Western Michigan",,,,9.1750,,A,Central Michigan,30391,Ashley Veglucci
"Sun, Jan-16-2022","George Washington, Pennsylvania, William & Mary",9.6250,8.8750,9.7000,8.8000,37.0000,A,Cornell,31308,Sydney Beers
"Sun, Jan-23-2022",West Chester,9.6250,9.3250,9.7250,9.7750,38.4500,H,Cornell,31308,Sydney Beers
"Fri, Jan-28-2022","Kent State, Rutgers",9.7500,9.5250,9.5500,9.7750,38.5750,A,Cornell,31308,Sydney Beers
"Sun, Feb-06-2022",Pennsylvania,9.6000,9.5750,9.6500,9.7000,38.5250,A,Cornell,31308,Sydney Beers
"Sun, Feb-13-2022","Brockport State, Cortland State, Ithaca College",9.6750,9.6000,9.7500,9.7750,38.8000,H,Cornell,31308,Sydney Beers
"Sun, Feb-20-2022",Springfield College,9.7000,9.4750,9.6000,9.6000,38.3750,H,Cornell,31308,Sydney Beers
"Sun, Feb-27-2022","Brown, Pennsylvania, Yale",9.7000,9.5750,9.6000,9.8000,38.6750,A,Cornell,31308,Sydney Beers
"Sat, Mar-05-2022","Denver, Penn State, Southern Utah",9.7750,9.5250,9.7250,9.7000,38.7250,A,Cornell,31308,Sydney Beers
"Sat, Mar-19-2022","Bridgeport, Brown, Pennsylvania, Southern Conn., West Chester, William & Mary, Yale",9.8500,9.3500,9.7000,9.7500,38.6500,A,Cornell,31308,Sydney Beers
"Fri, Apr-08-2022",,9.8000,9.7000,9.8000,9.8250,39.1250,H,Cornell,31308,Sydney Beers
"Sun, Apr-10-2022",,9.7750,,,9.7750,,H,Cornell,31308,Sydney Beers
"Sun, Jan-16-2022","George Washington, Pennsylvania, William & Mary",9.4000,,,8.1500,,A,Cornell,31177,Calista Brady
"Sun, Jan-23-2022",West Chester,9.3000,,,,,H,Cornell,31177,Calista Brady
"Fri, Jan-28-2022","Kent State, Rutgers",9.6750,,,,,A,Cornell,31177,Calista Brady
"Sun, Feb-06-2022",Pennsylvania,9.7250,,,,,A,Cornell,31177,Calista Brady
"Sun, Feb-13-2022","Brockport State, Cortland State, Ithaca College",9.6750,,,9.9000,,H,Cornell,31177,Calista Brady
"Sun, Feb-20-2022",Springfield College,9.5750,9.3750,,,,H,Cornell,31177,Calista Brady
"Sun, Feb-27-2022","Brown, Pennsylvania, Yale",9.7500,,,9.3000,,A,Cornell,31177,Calista Brady
"Sat, Mar-05-2022","Denver, Penn State, Southern Utah",9.0250,,,9.4750,,A,Cornell,31177,Calista Brady
"Fri, Mar-11-2022",West Chester,9.7000,,,9.8000,,A,Cornell,31177,Calista Brady
"Sat, Mar-19-2022","Bridgeport, Brown, Pennsylvania, Southern Conn., West Chester, William & Mary, Yale",9.8000,,,9.7000,,A,Cornell,31177,Calista Brady
"Fri, Apr-08-2022",,9.7250,,,9.7250,,H,Cornell,31177,Calista Brady
"Sun, Jan-16-2022","George Washington, Pennsylvania, William & Mary",,,9.0500,9.7000,,A,Cornell,30392,Victoria DeMeo
"Sun, Jan-23-2022",West Chester,,,,9.8250,,H,Cornell,30392,Victoria DeMeo
"Fri, Jan-28-2022","Kent State, Rutgers",,,9.5250,9.5750,,A,Cornell,30392,Victoria DeMeo
"Sun, Feb-06-2022",Pennsylvania,,,9.6750,9.5500,,A,Cornell,30392,Victoria DeMeo
"Sun, Feb-13-2022","Brockport State, Cortland State, Ithaca College",,,9.8250,9.7500,,H,Cornell,30392,Victoria DeMeo
"Sun, Feb-20-2022",Springfield College,,,8.7000,9.5500,,H,Cornell,30392,Victoria DeMeo
"Sun, Feb-27-2022","Brown, Pennsylvania, Yale",,,9.4500,9.2750,,A,Cornell,30392,Victoria DeMeo
"Fri, Mar-11-2022",West Chester,,,9.5250,9.8000,,A,Cornell,30392,Victoria DeMeo
"Sat, Mar-19-2022","Bridgeport, Brown, Pennsylvania, Southern Conn., West Chester, William & Mary, Yale",,,8.8500,,,A,Cornell,30392,Victoria DeMeo
"Fri, Apr-08-2022",,,,9.1250,9.8000,,H,Cornell,30392,Victoria DeMeo
"Sun, Jan-16-2022","George Washington, Pennsylvania, William & Mary",,8.9000,,,,A,Cornell,30393,Katie Fitzpatrick
"Fri, Jan-28-2022","Kent State, Rutgers",,9.5000,,,,A,Cornell,30393,Katie Fitzpatrick
"Sun, Feb-06-2022",Pennsylvania,,9.4750,,,,A,Cornell,30393,Katie Fitzpatrick
"Sun, Feb-13-2022","Brockport State, Cortland State, Ithaca College",,9.2000,,,,H,Cornell,30393,Katie Fitzpatrick
"Sun, Feb-20-2022",Springfield College,,9.3750,,,,H,Cornell,30393,Katie Fitzpatrick
"Sun, Feb-27-2022","Brown, Pennsylvania, Yale",,9.0750,,,,A,Cornell,30393,Katie Fitzpatrick
"Fri, Mar-11-2022",West Chester,,9.5500,,,,A,Cornell,30393,Katie Fitzpatrick
"Sat, Mar-19-2022","Bridgeport, Brown, Pennsylvania, Southern Conn., West Chester, William & Mary, Yale",,9.6500,,,,A,Cornell,30393,Katie Fitzpatrick
"Fri, Apr-08-2022",,,9.2250,,,,H,Cornell,30393,Katie Fitzpatrick
"Sun, Jan-16-2022","George Washington, Pennsylvania, William & Mary",9.6250,,,,,A,Cornell,30395,Amy Krueger
"Sun, Jan-23-2022",West Chester,9.4500,,,,,H,Cornell,30395,Amy Krueger
"Fri, Jan-28-2022","Kent State, Rutgers",9.5750,,,,,A,Cornell,30395,Amy Krueger
"Sun, Feb-06-2022",Pennsylvania,9.5500,,,,,A,Cornell,30395,Amy Krueger
"Sun, Feb-13-2022","Brockport State, Cortland State, Ithaca College",9.7000,,,,,H,Cornell,30395,Amy Krueger
"Sun, Feb-20-2022",Springfield College,9.6000,,,,,H,Cornell,30395,Amy Krueger
"Sun, Feb-27-2022","Brown, Pennsylvania, Yale",9.5750,,,,,A,Cornell,30395,Amy Krueger
"Sat, Mar-05-2022","Denver, Penn State, Southern Utah",9.6250,,,,,A,Cornell,30395,Amy Krueger
"Fri, Mar-11-2022",West Chester,9.7000,,,,,A,Cornell,30395,Amy Krueger
"Sat, Mar-19-2022","Bridgeport, Brown, Pennsylvania, Southern Conn., West Chester, William & Mary, Yale",9.7250,,,,,A,Cornell,30395,Amy Krueger
"Fri, Apr-08-2022",,9.6250,,,,,H,Cornell,30395,Amy Krueger
"Sun, Jan-16-2022","George Washington, Pennsylvania, William & Mary",,,9.7750,9.6250,,A,Cornell,29928,Miranda Lund
"Sun, Jan-23-2022",West Chester,9.5750,,9.5250,9.8250,,H,Cornell,29928,Miranda Lund
"Fri, Jan-28-2022","Kent State, Rutgers",9.7250,,9.0000,9.7500,,A,Cornell,29928,Miranda Lund
"Sun, Feb-06-2022",Pennsylvania,9.6000,,9.7000,9.6750,,A,Cornell,29928,Miranda Lund
"Sun, Feb-13-2022","Brockport State, Cortland State, Ithaca College",9.5500,,8.5750,9.7750,,H,Cornell,29928,Miranda Lund
"Sun, Feb-20-2022",Springfield College,9.6250,,9.7250,9.6250,,H,Cornell,29928,Miranda Lund
"Sun, Feb-27-2022","Brown, Pennsylvania, Yale",9.6500,,8.8250,9.6250,,A,Cornell,29928,Miranda Lund
"Sat, Mar-05-2022","Denver, Penn State, Southern Utah",9.6250,,9.5500,9.5000,,A,Cornell,29928,Miranda Lund
"Fri, Mar-11-2022",West Chester,9.7000,,9.8000,9.8500,,A,Cornell,29928,Miranda Lund
"Sat, Mar-19-2022","Bridgeport, Brown, Pennsylvania, Southern Conn., West Chester, William & Mary, Yale",9.5250,,9.7250,9.8000,,A,Cornell,29928,Miranda Lund
"Fri, Apr-08-2022",,9.6000,,9.6250,9.8250,,H,Cornell,29928,Miranda Lund
"Sun, Apr-10-2022",,,,,9.7750,,H,Cornell,29928,Miranda Lund
"Sun, Jan-16-2022","George Washington, Pennsylvania, William & Mary",,9.4500,,,,A,Cornell,31311,Laura Mackenzie
"Sun, Jan-23-2022",West Chester,,8.8750,,,,H,Cornell,31311,Laura Mackenzie
"Fri, Jan-28-2022","Kent State, Rutgers",,9.3000,,,,A,Cornell,31311,Laura Mackenzie
"Sun, Feb-06-2022",Pennsylvania,,9.3250,,,,A,Cornell,31311,Laura Mackenzie
"Sun, Feb-13-2022","Brockport State, Cortland State, Ithaca College",,8.6750,,,,H,Cornell,31311,Laura Mackenzie
"Fri, Mar-11-2022",West Chester,,,,,,A,Cornell,31311,Laura Mackenzie
"Sun, Jan-16-2022","George Washington, Pennsylvania, William & Mary",,,,8.5500,,A,Cornell,29929,Sara Maughan
"Sun, Jan-23-2022",West Chester,,,,9.5500,,H,Cornell,29929,Sara Maughan
"Fri, Jan-28-2022","Kent State, Rutgers",,,,8.9500,,A,Cornell,29929,Sara Maughan
"Sun, Feb-06-2022",Pennsylvania,,,,9.2000,,A,Cornell,29929,Sara Maughan
"Sun, Feb-13-2022","Brockport State, Cortland State, Ithaca College",9.0500,,,,,H,Cornell,29929,Sara Maughan
"Sun, Jan-16-2022","George Washington, Pennsylvania, William & Mary",,9.7500,9.7500,9.4250,,A,Cornell,31312,Kate Michelini
"Sun, Jan-23-2022",West Chester,,9.8250,9.6250,9.8500,,H,Cornell,31312,Kate Michelini
"Fri, Jan-28-2022","Kent State, Rutgers",,9.7000,9.3750,9.6250,,A,Cornell,31312,Kate Michelini
"Sun, Feb-06-2022",Pennsylvania,,9.7250,9.7250,9.6500,,A,Cornell,31312,Kate Michelini
"Sun, Feb-13-2022","Brockport State, Cortland State, Ithaca College",,9.2250,9.1750,9.8250,,H,Cornell,31312,Kate Michelini
"Sun, Feb-27-2022","Brown, Pennsylvania, Yale",,9.7750,9.5250,9.6500,,A,Cornell,31312,Kate Michelini
"Sat, Mar-05-2022","Denver, Penn State, Southern Utah",,8.4500,9.4500,9.5750,,A,Cornell,31312,Kate Michelini
"Fri, Mar-11-2022",West Chester,,9.8250,9.2250,9.7500,,A,Cornell,31312,Kate Michelini
"Sat, Mar-19-2022","Bridgeport, Brown, Pennsylvania, Southern Conn., West Chester, William & Mary, Yale",,9.7500,9.7000,9.7000,,A,Cornell,31312,Kate Michelini
"Fri, Apr-08-2022",,,9.7750,9.6500,9.8000,,H,Cornell,31312,Kate Michelini
"Sun, Apr-10-2022",,,9.0000,,,,H,Cornell,31312,Kate Michelini
"Sun, Jan-23-2022",West Chester,,,9.5250,,,H,Cornell,31313,Eva Phair
"Sun, Feb-13-2022","Brockport State, Cortland State, Ithaca College",,,9.8000,,,H,Cornell,31313,Eva Phair
"Sun, Feb-20-2022",Springfield College,,,9.3000,,,H,Cornell,31313,Eva Phair
"Sun, Feb-27-2022","Brown, Pennsylvania, Yale",,,9.0500,,,A,Cornell,31313,Eva Phair
"Sat, Mar-05-2022","Denver, Penn State, Southern Utah",,,9.6500,,,A,Cornell,31313,Eva Phair
"Fri, Mar-11-2022",West Chester,,,9.4500,,,A,Cornell,31313,Eva Phair
"Fri, Mar-11-2022",West Chester,,,,,,A,Cornell,31179,Alexandra Quiana
"Sun, Jan-23-2022",West Chester,,9.5250,,,,H,Cornell,31314,Maddie Sakalosky
"Fri, Jan-28-2022","Kent State, Rutgers",,8.7000,,,,A,Cornell,31314,Maddie Sakalosky
"Sun, Feb-06-2022",Pennsylvania,,8.7750,,,,A,Cornell,31314,Maddie Sakalosky
"Sun, Feb-20-2022",Springfield College,,9.3750,,,,H,Cornell,31314,Maddie Sakalosky
"Sun, Feb-27-2022","Brown, Pennsylvania, Yale",,9.5750,,,,A,Cornell,31314,Maddie Sakalosky
"Sat, Mar-05-2022","Denver, Penn State, Southern Utah",,9.5500,,,,A,Cornell,31314,Maddie Sakalosky
"Fri, Mar-11-2022",West Chester,,9.6500,,,,A,Cornell,31314,Maddie Sakalosky
"Sat, Mar-19-2022","Bridgeport, Brown, Pennsylvania, Southern Conn., West Chester, William & Mary, Yale",,9.7250,,,,A,Cornell,31314,Maddie Sakalosky
"Fri, Apr-08-2022",,,9.1250,,,,H,Cornell,31314,Maddie Sakalosky
"Sun, Jan-16-2022","George Washington, Pennsylvania, William & Mary",,8.4000,9.6750,,,A,Cornell,31180,Melanie Stone
"Sun, Jan-23-2022",West Chester,,9.7000,9.4750,,,H,Cornell,31180,Melanie Stone
"Fri, Jan-28-2022","Kent State, Rutgers",,9.5500,9.5250,9.5750,,A,Cornell,31180,Melanie Stone
"Sun, Feb-06-2022",Pennsylvania,,9.6250,9.1500,9.4750,,A,Cornell,31180,Melanie Stone
"Sun, Feb-13-2022","Brockport State, Cortland State, Ithaca College",,9.6750,,9.7750,,H,Cornell,31180,Melanie Stone
"Sun, Feb-20-2022",Springfield College,,9.5000,9.4500,9.4250,,H,Cornell,31180,Melanie Stone
"Sun, Feb-27-2022","Brown, Pennsylvania, Yale",,9.6500,,9.3500,,A,Cornell,31180,Melanie Stone
"Sat, Mar-05-2022","Denver, Penn State, Southern Utah",,8.6500,9.7000,9.4250,,A,Cornell,31180,Melanie Stone
"Fri, Mar-11-2022",West Chester,,9.7000,9.0000,9.6500,,A,Cornell,31180,Melanie Stone
"Sat, Mar-19-2022","Bridgeport, Brown, Pennsylvania, Southern Conn., West Chester, William & Mary, Yale",,9.7250,9.6250,9.5500,,A,Cornell,31180,Melanie Stone
"Fri, Apr-08-2022",,,7.5000,9.1750,,,H,Cornell,31180,Melanie Stone
"Sun, Jan-16-2022","George Washington, Pennsylvania, William & Mary",9.0000,,,,,A,Cornell,31181,Caitlyn Walsh
"Sun, Feb-06-2022",Pennsylvania,9.4000,,,,,A,Cornell,31181,Caitlyn Walsh
"Sun, Feb-20-2022",Springfield College,8.9250,,,9.6000,,H,Cornell,31181,Caitlyn Walsh
"Sat, Mar-05-2022","Denver, Penn State, Southern Utah",,,,9.6250,,A,Cornell,31181,Caitlyn Walsh
"Fri, Mar-11-2022",West Chester,9.4250,,,9.7250,,A,Cornell,31181,Caitlyn Walsh
"Sat, Mar-19-2022","Bridgeport, Brown, Pennsylvania, Southern Conn., West Chester, William & Mary, Yale",,,,9.5500,,A,Cornell,31181,Caitlyn Walsh
"Fri, Apr-08-2022",,,,,9.7250,,H,Cornell,31181,Caitlyn Walsh
"Sun, Jan-16-2022","George Washington, Pennsylvania, William & Mary",9.6000,,9.8500,,,A,Cornell,31182,Regina Walton
"Sun, Jan-23-2022",West Chester,9.4250,,9.1750,,,H,Cornell,31182,Regina Walton
"Fri, Jan-28-2022","Kent State, Rutgers",9.4250,,9.0500,,,A,Cornell,31182,Regina Walton
"Sun, Feb-06-2022",Pennsylvania,9.7500,,9.1000,,,A,Cornell,31182,Regina Walton
"Sun, Feb-13-2022","Brockport State, Cortland State, Ithaca College",9.6750,,9.1000,,,H,Cornell,31182,Regina Walton
"Sun, Feb-20-2022",Springfield College,9.7250,9.4250,9.7000,,,H,Cornell,31182,Regina Walton
"Sun, Feb-27-2022","Brown, Pennsylvania, Yale",9.5750,9.6250,9.7500,,,A,Cornell,31182,Regina Walton
"Sat, Mar-05-2022","Denver, Penn State, Southern Utah",9.7000,8.6250,9.8000,,,A,Cornell,31182,Regina Walton
"Fri, Mar-11-2022",West Chester,9.7500,8.7000,9.5750,,,A,Cornell,31182,Regina Walton
"Sat, Mar-19-2022","Bridgeport, Brown, Pennsylvania, Southern Conn., West Chester, William & Mary, Yale",9.7250,,9.8250,,,A,Cornell,31182,Regina Walton
"Fri, Apr-08-2022",,9.7000,9.3250,9.1250,,,H,Cornell,31182,Regina Walton
"Sun, Jan-16-2022","George Washington, Pennsylvania, William & Mary",9.2500,9.5000,,,,A,Cornell,29930,Donna Webster
"Sun, Jan-23-2022",West Chester,9.4500,9.2500,,9.6000,,H,Cornell,29930,Donna Webster
"Fri, Jan-28-2022","Kent State, Rutgers",9.7750,,,,,A,Cornell,29930,Donna Webster
"Sun, Feb-27-2022","Brown, Pennsylvania, Yale",9.6500,,,,,A,Cornell,29930,Donna Webster
"Sat, Mar-05-2022","Denver, Penn State, Southern Utah",9.2250,,,,,A,Cornell,29930,Donna Webster
"Fri, Mar-11-2022",West Chester,9.7750,,,,,A,Cornell,29930,Donna Webster
"Sat, Mar-19-2022","Bridgeport, Brown, Pennsylvania, Southern Conn., West Chester, William & Mary, Yale",9.8000,,,,,A,Cornell,29930,Donna Webster
"Fri, Apr-08-2022",,9.7000,,,,,H,Cornell,29930,Donna Webster
"Sun, Feb-13-2022","Brockport State, Cortland State, Ithaca College",,8.9250,,,,H,Cornell,31316,Maddie Wolf
"Sat, Mar-05-2022","Denver, Penn State, Southern Utah",,9.4000,,,,A,Cornell,31316,Maddie Wolf
"Fri, Mar-11-2022",West Chester,,9.6750,,,,A,Cornell,31316,Maddie Wolf
"Sat, Mar-19-2022","Bridgeport, Brown, Pennsylvania, Southern Conn., West Chester, William & Mary, Yale",,9.2500,,,,A,Cornell,31316,Maddie Wolf
"Sun, Feb-20-2022",Springfield College,,,,9.5500,,H,Cornell,31183,Adabelle Wright
"Fri, Mar-11-2022",West Chester,,,,,,A,Cornell,31183,Adabelle Wright
"Sat, Jan-15-2022","Brockport State, Ithaca College",9.0000,8.5000,,8.3500,,A,Cortland State,31698,Rianna Adams
"Sat, Jan-22-2022","Ithaca College, Springfield College, Ursinus College",9.1500,8.9750,,,,A,Cortland State,31698,Rianna Adams
"Sat, Feb-05-2022","Bridgeport, Brown, West Chester",9.4500,9.3000,,9.4000,,A,Cortland State,31698,Rianna Adams
"Sun, Feb-13-2022","Brockport State, Cornell, Ithaca College",9.2000,9.3000,,8.8500,,A,Cortland State,31698,Rianna Adams
"Wed, Feb-16-2022",Ithaca College,9.2750,8.6000,,,,H,Cortland State,31698,Rianna Adams
"Sun, Feb-20-2022","Brockport State, Ithaca College",9.3000,8.2250,,,,A,Cortland State,31698,Rianna Adams
"Sun, Feb-27-2022","Brockport State, Ithaca College",9.3000,8.9250,,,,H,Cortland State,31698,Rianna Adams
"Sun, Mar-06-2022","Brockport, Rhode Island College, Ursinus College",9.3000,9.6500,,,,H,Cortland State,31698,Rianna Adams
"Sat, Mar-12-2022","Brockport State, Ithaca College, Rhode Island College, Springfield College, Ursinus College",9.3000,9.6000,,,,A,Cortland State,31698,Rianna Adams
"Sat, Mar-26-2022","Brockport, Gustavus Adolphus, Ithaca College, Rhode Island College, Springfield College, UW-Eau Claire, UW-La Crosse, UW-Oshkosh, UW-Stout, UW-Whitewater, Ursinus College, Winona State",,9.7250,,,,A,Cortland State,31698,Rianna Adams
"Sat, Jan-15-2022","Brockport State, Ithaca College",9.5250,,,9.5250,,A,Cortland State,30684,Abby Bang
"Sat, Jan-22-2022","Ithaca College, Springfield College, Ursinus College",9.5750,,,9.6250,,A,Cortland State,30684,Abby Bang
"Sat, Feb-05-2022","Bridgeport, Brown, West Chester",9.5500,,,9.6750,,A,Cortland State,30684,Abby Bang
"Sun, Feb-13-2022","Brockport State, Cornell, Ithaca College",9.3250,,,8.4500,,A,Cortland State,30684,Abby Bang
"Wed, Feb-16-2022",Ithaca College,9.5500,,,9.8000,,H,Cortland State,30684,Abby Bang
"Sun, Feb-20-2022","Brockport State, Ithaca College",9.5500,,,8.8500,,A,Cortland State,30684,Abby Bang
"Sun, Feb-27-2022","Brockport State, Ithaca College",9.6250,,,9.7500,,H,Cortland State,30684,Abby Bang
"Sun, Mar-06-2022","Brockport, Rhode Island College, Ursinus College",9.6750,,,9.5250,,H,Cortland State,30684,Abby Bang
"Sat, Mar-12-2022","Brockport State, Ithaca College, Rhode Island College, Springfield College, Ursinus College",9.6000,,,9.4250,,A,Cortland State,30684,Abby Bang
"Sat, Mar-26-2022","Brockport, Gustavus Adolphus, Ithaca College, Rhode Island College, Springfield College, UW-Eau Claire, UW-La Crosse, UW-Oshkosh, UW-Stout, UW-Whitewater, Ursinus College, Winona State",9.5000,,,9.7500,,A,Cortland State,30684,Abby Bang
"Sat, Jan-22-2022","Ithaca College, Springfield College, Ursinus College",,,7.8500,,,A,Cortland State,31699,Angelina Bohn
"Sat, Feb-05-2022","Bridgeport, Brown, West Chester",,,8.5500,,,A,Cortland State,31699,Angelina Bohn
"Sun, Feb-13-2022","Brockport State, Cornell, Ithaca College",,,8.5750,,,A,Cortland State,31699,Angelina Bohn
"Sat, Jan-15-2022","Brockport State, Ithaca College",9.2750,,7.9500,,,A,Cortland State,31196,Delaney Brown
"Sat, Jan-22-2022","Ithaca College, Springfield College, Ursinus College",9.1750,,,,,A,Cortland State,31196,Delaney Brown
"Sat, Feb-05-2022","Bridgeport, Brown, West Chester",9.5500,,,8.5500,,A,Cortland State,31196,Delaney Brown
"Sun, Feb-13-2022","Brockport State, Cornell, Ithaca College",9.4750,8.8250,8.8000,9.4000,36.5000,A,Cortland State,31196,Delaney Brown
"Wed, Feb-16-2022",Ithaca College,9.4250,8.7000,7.7750,9.4000,35.3000,H,Cortland State,31196,Delaney Brown
"Sun, Feb-20-2022","Brockport State, Ithaca College",9.3750,8.2500,8.8000,9.2250,35.6500,A,Cortland State,31196,Delaney Brown
"Sun, Feb-27-2022","Brockport State, Ithaca College",9.3250,8.1000,8.7750,9.6000,35.8000,H,Cortland State,31196,Delaney Brown
"Sun, Mar-06-2022","Brockport, Rhode Island College, Ursinus College",9.5000,,9.3500,9.4000,,H,Cortland State,31196,Delaney Brown
"Sat, Mar-12-2022","Brockport State, Ithaca College, Rhode Island College, Springfield College, Ursinus College",9.5250,8.8500,9.0500,8.3000,35.7250,A,Cortland State,31196,Delaney Brown
"Sat, Jan-15-2022","Brockport State, Ithaca College",,8.7500,,9.1000,,A,Cortland State,30685,Bianca Carr
"Sat, Jan-22-2022","Ithaca College, Springfield College, Ursinus College",,8.4000,,9.1750,,A,Cortland State,30685,Bianca Carr
"Sat, Feb-05-2022","Bridgeport, Brown, West Chester",,7.7500,,,,A,Cortland State,30685,Bianca Carr
"Sun, Feb-13-2022","Brockport State, Cornell, Ithaca College",,9.1500,,8.9000,,A,Cortland State,30685,Bianca Carr
"Wed, Feb-16-2022",Ithaca College,,9.2250,,9.5000,,H,Cortland State,30685,Bianca Carr
"Sun, Feb-20-2022","Brockport State, Ithaca College",,9.0000,,8.5500,,A,Cortland State,30685,Bianca Carr
"Sun, Feb-27-2022","Brockport State, Ithaca College",,9.2500,,9.5750,,H,Cortland State,30685,Bianca Carr
"Sun, Mar-06-2022","Brockport, Rhode Island College, Ursinus College",,9.3250,,8.9500,,H,Cortland State,30685,Bianca Carr
"Sat, Mar-12-2022","Brockport State, Ithaca College, Rhode Island College, Springfield College, Ursinus College",,9.2500,,9.6250,,A,Cortland State,30685,Bianca Carr
"Sat, Jan-15-2022","Brockport State, Ithaca College",,9.1250,,,,A,Cortland State,30686,Glynis Curcione
"Sat, Jan-22-2022","Ithaca College, Springfield College, Ursinus College",,9.4750,,,,A,Cortland State,30686,Glynis Curcione
"Sun, Mar-06-2022","Brockport, Rhode Island College, Ursinus College",,9.8750,,,,H,Cortland State,30686,Glynis Curcione
"Sat, Mar-12-2022","Brockport State, Ithaca College, Rhode Island College, Springfield College, Ursinus College",,8.5000,,,,A,Cortland State,30686,Glynis Curcione
"Sat, Jan-22-2022","Ithaca College, Springfield College, Ursinus College",9.2250,,,,,A,Cortland State,31197,Lucy de Michele
"Sat, Feb-05-2022","Bridgeport, Brown, West Chester",8.6250,7.9500,,,,A,Cortland State,31197,Lucy de Michele
"Wed, Feb-16-2022",Ithaca College,9.1000,,,,,H,Cortland State,31197,Lucy de Michele
"Sun, Feb-20-2022","Brockport State, Ithaca College",9.0000,,,,,A,Cortland State,31197,Lucy de Michele
"Sun, Feb-27-2022","Brockport State, Ithaca College",9.2750,,,,,H,Cortland State,31197,Lucy de Michele
"Sun, Mar-06-2022","Brockport, Rhode Island College, Ursinus College",9.1750,,9.0750,,,H,Cortland State,31197,Lucy de Michele
"Sat, Mar-12-2022","Brockport State, Ithaca College, Rhode Island College, Springfield College, Ursinus College",9.3500,,8.4500,,,A,Cortland State,31197,Lucy de Michele
"Sat, Jan-15-2022","Brockport State, Ithaca College",,8.3500,7.8000,,,A,Cortland State,31700,Bryanna Deangelis
"Sat, Feb-05-2022","Bridgeport, Brown, West Chester",,,8.8500,,,A,Cortland State,31700,Bryanna Deangelis
"Sun, Feb-13-2022","Brockport State, Cornell, Ithaca College",,,9.5500,,,A,Cortland State,31700,Bryanna Deangelis
"Wed, Feb-16-2022",Ithaca College,,,9.3250,,,H,Cortland State,31700,Bryanna Deangelis
"Sun, Feb-20-2022","Brockport State, Ithaca College",,,8.4250,,,A,Cortland State,31700,Bryanna Deangelis
"Sun, Feb-27-2022","Brockport State, Ithaca College",,,9.5250,,,H,Cortland State,31700,Bryanna Deangelis
"Sun, Mar-06-2022","Brockport, Rhode Island College, Ursinus College",,8.4000,,,,H,Cortland State,31700,Bryanna Deangelis
"Sat, Jan-15-2022","Brockport State, Ithaca College",8.4000,,8.6500,,,A,Cortland State,30687,Gracie Gallagher
"Sat, Feb-05-2022","Bridgeport, Brown, West Chester",,8.1750,9.2250,,,A,Cortland State,30687,Gracie Gallagher
"Sun, Feb-13-2022","Brockport State, Cornell, Ithaca College",,8.2500,8.8250,,,A,Cortland State,30687,Gracie Gallagher
"Wed, Feb-16-2022",Ithaca College,,8.9750,8.8750,,,H,Cortland State,30687,Gracie Gallagher
"Sun, Feb-20-2022","Brockport State, Ithaca College",,7.5500,9.0250,,,A,Cortland State,30687,Gracie Gallagher
"Sun, Feb-27-2022","Brockport State, Ithaca College",,6.9000,9.4750,,,H,Cortland State,30687,Gracie Gallagher
"Sun, Mar-06-2022","Brockport, Rhode Island College, Ursinus College",,8.9000,9.2500,,,H,Cortland State,30687,Gracie Gallagher
"Sat, Mar-12-2022","Brockport State, Ithaca College, Rhode Island College, Springfield College, Ursinus College",,7.6000,9.0500,,,A,Cortland State,30687,Gracie Gallagher
"Sat, Jan-22-2022","Ithaca College, Springfield College, Ursinus College",,7.4500,,,,A,Cortland State,31198,Madison Heffern
"Sat, Jan-22-2022","Ithaca College, Springfield College, Ursinus College",,,8.6750,,,A,Cortland State,31199,Christelle Louis
"Sat, Jan-22-2022","Ithaca College, Springfield College, Ursinus College",9.0000,,,,,A,Cortland State,31703,Sam Matthes
"Sat, Feb-05-2022","Bridgeport, Brown, West Chester",9.2250,,,,,A,Cortland State,31703,Sam Matthes
"Sun, Feb-13-2022","Brockport State, Cornell, Ithaca College",8.8250,,,,,A,Cortland State,31703,Sam Matthes
"Sat, Jan-15-2022","Brockport State, Ithaca College",,,,9.5250,,A,Cortland State,31704,Gabrielle Nadler
"Sat, Jan-22-2022","Ithaca College, Springfield College, Ursinus College",,,8.9250,9.3500,,A,Cortland State,31704,Gabrielle Nadler
"Sat, Feb-05-2022","Bridgeport, Brown, West Chester",,8.3500,8.4000,9.2250,,A,Cortland State,31704,Gabrielle Nadler
"Sun, Feb-13-2022","Brockport State, Cornell, Ithaca College",,7.5250,,,,A,Cortland State,31704,Gabrielle Nadler
"Wed, Feb-16-2022",Ithaca College,,8.3000,8.7000,9.6500,,H,Cortland State,31704,Gabrielle Nadler
"Sun, Feb-20-2022","Brockport State, Ithaca College",,7.5500,9.0000,9.5000,,A,Cortland State,31704,Gabrielle Nadler
"Sun, Feb-27-2022","Brockport State, Ithaca College",,7.9750,8.9000,9.5500,,H,Cortland State,31704,Gabrielle Nadler
"Sun, Mar-06-2022","Brockport, Rhode Island College, Ursinus College",,,9.2500,9.5250,,H,Cortland State,31704,Gabrielle Nadler
"Sat, Mar-12-2022","Brockport State, Ithaca College, Rhode Island College, Springfield College, Ursinus College",,,8.5000,9.3750,,A,Cortland State,31704,Gabrielle Nadler
"Sat, Jan-15-2022","Brockport State, Ithaca College",9.4250,8.8500,8.9750,,,A,Cortland State,30688,Samantha Nothnagel
"Sat, Jan-22-2022","Ithaca College, Springfield College, Ursinus College",9.2000,8.9500,8.5250,,,A,Cortland State,30688,Samantha Nothnagel
"Sat, Feb-05-2022","Bridgeport, Brown, West Chester",9.4250,9.0750,9.5000,,,A,Cortland State,30688,Samantha Nothnagel
"Sun, Feb-13-2022","Brockport State, Cornell, Ithaca College",9.2750,7.3000,9.7500,,,A,Cortland State,30688,Samantha Nothnagel
"Wed, Feb-16-2022",Ithaca College,9.1750,8.9500,9.5750,,,H,Cortland State,30688,Samantha Nothnagel
"Sun, Feb-20-2022","Brockport State, Ithaca College",8.7750,8.9000,8.4500,,,A,Cortland State,30688,Samantha Nothnagel
"Sun, Feb-27-2022","Brockport State, Ithaca College",9.4500,8.9250,9.5000,,,H,Cortland State,30688,Samantha Nothnagel
"Sun, Mar-06-2022","Brockport, Rhode Island College, Ursinus College",9.4000,9.1750,8.5500,,,H,Cortland State,30688,Samantha Nothnagel
"Sat, Mar-12-2022","Brockport State, Ithaca College, Rhode Island College, Springfield College, Ursinus College",9.5000,8.8750,9.4250,,,A,Cortland State,30688,Samantha Nothnagel
"Sat, Jan-15-2022","Brockport State, Ithaca College",9.1000,,8.0500,9.1500,,A,Cortland State,31705,Zoe Potamianos
"Sat, Jan-22-2022","Ithaca College, Springfield College, Ursinus College",,,8.9000,9.3500,,A,Cortland State,31705,Zoe Potamianos
"Sat, Feb-05-2022","Bridgeport, Brown, West Chester",,,,9.5000,,A,Cortland State,31705,Zoe Potamianos
"Sun, Feb-13-2022","Brockport State, Cornell, Ithaca College",9.1500,,,9.4500,,A,Cortland State,31705,Zoe Potamianos
"Wed, Feb-16-2022",Ithaca College,9.1000,,,9.2000,,H,Cortland State,31705,Zoe Potamianos
"Sun, Feb-20-2022","Brockport State, Ithaca College",9.2000,,,9.5250,,A,Cortland State,31705,Zoe Potamianos
"Sun, Feb-27-2022","Brockport State, Ithaca College",9.1500,,,9.5500,,H,Cortland State,31705,Zoe Potamianos
"Sun, Mar-06-2022","Brockport, Rhode Island College, Ursinus College",9.2500,,,9.4250,,H,Cortland State,31705,Zoe Potamianos
"Sat, Mar-12-2022","Brockport State, Ithaca College, Rhode Island College, Springfield College, Ursinus College",9.3750,,,9.7000,,A,Cortland State,31705,Zoe Potamianos
"Sat, Jan-15-2022","Brockport State, Ithaca College",,,9.4500,9.7250,,A,Cortland State,30248,Kamryn Rodriguez
"Sat, Jan-22-2022","Ithaca College, Springfield College, Ursinus College",,,9.6500,9.6500,,A,Cortland State,30248,Kamryn Rodriguez
"Sat, Feb-05-2022","Bridgeport, Brown, West Chester",,,9.0250,9.8000,,A,Cortland State,30248,Kamryn Rodriguez
"Sun, Feb-13-2022","Brockport State, Cornell, Ithaca College",,,9.2250,9.6750,,A,Cortland State,30248,Kamryn Rodriguez
"Wed, Feb-16-2022",Ithaca College,,,8.9250,9.7500,,H,Cortland State,30248,Kamryn Rodriguez
"Sun, Feb-20-2022","Brockport State, Ithaca College",,,9.6500,9.7250,,A,Cortland State,30248,Kamryn Rodriguez
"Sun, Feb-27-2022","Brockport State, Ithaca College",,,8.8500,9.7750,,H,Cortland State,30248,Kamryn Rodriguez
"Sun, Mar-06-2022","Brockport, Rhode Island College, Ursinus College",,,9.6500,9.7250,,H,Cortland State,30248,Kamryn Rodriguez
"Sat, Mar-12-2022","Brockport State, Ithaca College, Rhode Island College, Springfield College, Ursinus College",,,9.0500,9.6750,,A,Cortland State,30248,Kamryn Rodriguez
"Sat, Mar-26-2022","Brockport, Gustavus Adolphus, Ithaca College, Rhode Island College, Springfield College, UW-Eau Claire, UW-La Crosse, UW-Oshkosh, UW-Stout, UW-Whitewater, Ursinus College, Winona State",,,,9.5000,,A,Cortland State,30248,Kamryn Rodriguez
"Sat, Jan-22-2022","Ithaca College, Springfield College, Ursinus College",,,,8.6000,,A,Cortland State,31200,Paige White
"Sun, Jan-09-2022",San Jose State,9.8500,9.8250,9.8250,9.9750,39.4750,H,Denver,24944,Lynnzee Brown
"Sat, Jan-15-2022",Ohio State,9.8250,9.8500,9.9250,9.9000,39.5000,A,Denver,24944,Lynnzee Brown
"Fri, Jan-21-2022",West Virginia,9.9250,9.8500,9.9500,9.9750,39.7000,A,Denver,24944,Lynnzee Brown
"Sun, Jan-30-2022",Oklahoma,9.9750,9.8500,,9.2250,,A,Denver,24944,Lynnzee Brown
"Sun, Jan-09-2022",San Jose State,,,9.8500,9.8000,,H,Denver,30399,Emma Brown
"Sun, Feb-06-2022",New Hampshire,,,9.2250,,,H,Denver,30399,Emma Brown
"Sun, Feb-13-2022",Iowa State,,,,9.8000,,H,Denver,30399,Emma Brown
"Sun, Feb-27-2022",Air Force,,,,9.4000,,H,Denver,30399,Emma Brown
"Sat, Mar-05-2022","Cornell, Penn State, Southern Utah",,,9.9000,9.7500,,A,Denver,30399,Emma Brown
"Sun, Mar-13-2022","Arkansas, Nebraska, Oregon State",,,9.8500,9.8250,,H,Denver,30399,Emma Brown
"Sat, Mar-19-2022","Iowa State, Oklahoma, West Virginia",,,,9.8250,,H,Denver,30399,Emma Brown
"Sat, Apr-02-2022",,,,,,,A,Denver,30399,Emma Brown
"Sun, Jan-09-2022",San Jose State,,9.7750,,,,H,Denver,30873,Rosie Casali
"Sat, Jan-15-2022",Ohio State,,9.8250,,,,A,Denver,30873,Rosie Casali
"Sun, Feb-13-2022",Iowa State,,9.8500,,9.0500,,H,Denver,30873,Rosie Casali
"Sat, Feb-19-2022","Oklahoma, Stanford, Washington",9.7000,9.8000,,,,A,Denver,30873,Rosie Casali
"Sun, Feb-27-2022",Air Force,9.7000,9.8000,,,,H,Denver,30873,Rosie Casali
"Sat, Mar-05-2022","Cornell, Penn State, Southern Utah",9.8500,9.8500,,,,A,Denver,30873,Rosie Casali
"Sun, Mar-13-2022","Arkansas, Nebraska, Oregon State",9.7250,9.8750,,,,H,Denver,30873,Rosie Casali
"Sat, Mar-19-2022","Iowa State, Oklahoma, West Virginia",9.7750,9.8500,,,,H,Denver,30873,Rosie Casali
"Thu, Mar-31-2022",,9.7000,9.8500,,,,A,Denver,30873,Rosie Casali
"Sat, Apr-02-2022",,9.8250,9.8250,,,,A,Denver,30873,Rosie Casali
"Sun, Jan-09-2022",San Jose State,9.8250,9.8750,,9.7000,,H,Denver,24945,Emily Glynn
"Sat, Jan-15-2022",Ohio State,9.8000,9.8000,,9.7750,,A,Denver,24945,Emily Glynn
"Fri, Jan-21-2022",West Virginia,9.7000,9.9250,,9.8000,,A,Denver,24945,Emily Glynn
"Sun, Jan-30-2022",Oklahoma,9.8500,9.8750,,9.8750,,A,Denver,24945,Emily Glynn
"Sun, Feb-06-2022",New Hampshire,9.7500,9.9000,,9.8000,,H,Denver,24945,Emily Glynn
"Sun, Feb-13-2022",Iowa State,9.8250,9.9000,,9.8250,,H,Denver,24945,Emily Glynn
"Sat, Feb-19-2022","Oklahoma, Stanford, Washington",9.7250,9.8750,,9.8750,,A,Denver,24945,Emily Glynn
"Sun, Feb-27-2022",Air Force,9.7750,9.0750,,,,H,Denver,24945,Emily Glynn
"Sat, Mar-05-2022","Cornell, Penn State, Southern Utah",,9.8000,,1.0000,,A,Denver,24945,Emily Glynn
"Fri, Jan-21-2022",West Virginia,,9.8250,,,,A,Denver,31317,Mia Hebinck
"Sun, Jan-30-2022",Oklahoma,,9.9000,,,,A,Denver,31317,Mia Hebinck
"Sun, Feb-06-2022",New Hampshire,,9.1000,,,,H,Denver,31317,Mia Hebinck
"Sat, Feb-19-2022","Oklahoma, Stanford, Washington",,9.8750,,,,A,Denver,31317,Mia Hebinck
"Sun, Feb-27-2022",Air Force,,9.8250,,,,H,Denver,31317,Mia Hebinck
"Sat, Mar-05-2022","Cornell, Penn State, Southern Utah",,9.9500,,,,A,Denver,31317,Mia Hebinck
"Sun, Mar-13-2022","Arkansas, Nebraska, Oregon State",,9.7750,,,,H,Denver,31317,Mia Hebinck
"Sat, Mar-19-2022","Iowa State, Oklahoma, West Virginia",,9.9000,,,,H,Denver,31317,Mia Hebinck
"Thu, Mar-31-2022",,9.4250,9.8750,,,,A,Denver,31317,Mia Hebinck
"Sat, Apr-02-2022",,,9.9250,,,,A,Denver,31317,Mia Hebinck
"Sun, Jan-09-2022",San Jose State,9.8000,,,,,H,Denver,30874,Jessica Hutchinson
"Fri, Jan-21-2022",West Virginia,9.8250,,,,,A,Denver,30874,Jessica Hutchinson
"Sun, Jan-30-2022",Oklahoma,9.8500,9.8500,,,,A,Denver,30874,Jessica Hutchinson
"Sun, Feb-06-2022",New Hampshire,9.8250,9.8000,9.9000,9.9250,39.4500,H,Denver,30874,Jessica Hutchinson
"Sun, Feb-13-2022",Iowa State,9.8750,9.8750,9.9500,9.9250,39.6250,H,Denver,30874,Jessica Hutchinson
"Sat, Feb-19-2022","Oklahoma, Stanford, Washington",9.8500,9.9000,9.9000,9.9500,39.6000,A,Denver,30874,Jessica Hutchinson
"Sun, Feb-27-2022",Air Force,9.8250,9.8750,9.9000,9.9500,39.5500,H,Denver,30874,Jessica Hutchinson
"Sat, Mar-05-2022","Cornell, Penn State, Southern Utah",9.8250,9.8250,9.9250,9.9500,39.5250,A,Denver,30874,Jessica Hutchinson
"Sun, Mar-13-2022","Arkansas, Nebraska, Oregon State",9.8750,9.8750,9.9000,9.9000,39.5500,H,Denver,30874,Jessica Hutchinson
"Sat, Mar-19-2022","Iowa State, Oklahoma, West Virginia",9.8500,9.9250,9.9250,9.9250,39.6250,H,Denver,30874,Jessica Hutchinson
"Thu, Mar-31-2022",,9.8750,9.8750,9.9000,9.9250,39.5750,A,Denver,30874,Jessica Hutchinson
"Sat, Apr-02-2022",,9.9000,9.8000,9.8750,9.9250,39.5000,A,Denver,30874,Jessica Hutchinson
"Sat, Jan-15-2022",Ohio State,9.7500,,,,,A,Denver,31318,Momoko Iwai
"Fri, Jan-21-2022",West Virginia,,,9.8750,9.8750,,A,Denver,31318,Momoko Iwai
"Sun, Jan-30-2022",Oklahoma,,,9.8500,9.8250,,A,Denver,31318,Momoko Iwai
"Sun, Feb-06-2022",New Hampshire,9.7750,,9.7250,9.7500,,H,Denver,31318,Momoko Iwai
"Sun, Feb-13-2022",Iowa State,9.7250,,9.8500,,,H,Denver,31318,Momoko Iwai
"Sat, Feb-19-2022","Oklahoma, Stanford, Washington",9.7750,,9.3750,9.8500,,A,Denver,31318,Momoko Iwai
"Sun, Feb-27-2022",Air Force,9.7750,,9.7000,9.8750,,H,Denver,31318,Momoko Iwai
"Sat, Mar-05-2022","Cornell, Penn State, Southern Utah",9.8500,,9.2250,9.8000,,A,Denver,31318,Momoko Iwai
"Sun, Mar-13-2022","Arkansas, Nebraska, Oregon State",9.7500,,9.8750,9.8250,,H,Denver,31318,Momoko Iwai
"Sat, Mar-19-2022","Iowa State, Oklahoma, West Virginia",9.7750,,9.9500,9.8250,,H,Denver,31318,Momoko Iwai
"Thu, Mar-31-2022",,9.7750,,9.8000,9.8500,,A,Denver,31318,Momoko Iwai
"Sat, Apr-02-2022",,9.8000,,9.9000,9.8500,,A,Denver,31318,Momoko Iwai
"Sun, Jan-09-2022",San Jose State,,,9.7750,9.8750,,H,Denver,30875,Bella Mabanta
"Sat, Jan-15-2022",Ohio State,,,9.9500,9.8500,,A,Denver,30875,Bella Mabanta
"Fri, Jan-21-2022",West Virginia,,,9.8250,9.8750,,A,Denver,30875,Bella Mabanta
"Sun, Jan-30-2022",Oklahoma,,,9.8000,9.7750,,A,Denver,30875,Bella Mabanta
"Sun, Feb-06-2022",New Hampshire,,,9.6750,9.8500,,H,Denver,30875,Bella Mabanta
"Sun, Feb-13-2022",Iowa State,,,9.8250,9.5750,,H,Denver,30875,Bella Mabanta
"Sat, Feb-19-2022","Oklahoma, Stanford, Washington",,,,9.0000,,A,Denver,30875,Bella Mabanta
"Sun, Feb-27-2022",Air Force,,,9.8500,9.9000,,H,Denver,30875,Bella Mabanta
"Sat, Mar-05-2022","Cornell, Penn State, Southern Utah",,,9.7750,9.8750,,A,Denver,30875,Bella Mabanta
"Sun, Mar-13-2022","Arkansas, Nebraska, Oregon State",,,9.8750,9.7750,,H,Denver,30875,Bella Mabanta
"Sat, Mar-19-2022","Iowa State, Oklahoma, West Virginia",,,9.9000,9.6500,,H,Denver,30875,Bella Mabanta
"Thu, Mar-31-2022",,,,9.8750,9.9000,,A,Denver,30875,Bella Mabanta
"Sat, Apr-02-2022",,9.2000,,9.8750,9.9000,,A,Denver,30875,Bella Mabanta
"Sun, Jan-09-2022",San Jose State,9.9250,9.9000,9.8500,9.7750,39.4500,H,Denver,30876,Rylie Mundell
"Sat, Jan-15-2022",Ohio State,9.7500,9.8500,9.5000,9.6750,38.7750,A,Denver,30876,Rylie Mundell
"Fri, Jan-21-2022",West Virginia,9.8500,9.9250,9.9750,,,A,Denver,30876,Rylie Mundell
"Sun, Jan-30-2022",Oklahoma,9.8250,9.8500,9.7250,,,A,Denver,30876,Rylie Mundell
"Sun, Feb-06-2022",New Hampshire,9.8250,9.8500,9.6000,9.7000,38.9750,H,Denver,30876,Rylie Mundell
"Sun, Feb-13-2022",Iowa State,9.8500,9.9250,9.9250,,,H,Denver,30876,Rylie Mundell
"Sat, Feb-19-2022","Oklahoma, Stanford, Washington",9.8250,9.9000,9.8750,9.0500,38.6500,A,Denver,30876,Rylie Mundell
"Sun, Feb-27-2022",Air Force,9.8750,9.8750,9.8250,9.8000,39.3750,H,Denver,30876,Rylie Mundell
"Sat, Mar-05-2022","Cornell, Penn State, Southern Utah",9.9000,9.8750,9.7500,9.9000,39.4250,A,Denver,30876,Rylie Mundell
"Sun, Mar-13-2022","Arkansas, Nebraska, Oregon State",9.9500,9.8500,9.9000,9.8250,39.5250,H,Denver,30876,Rylie Mundell
"Sat, Mar-19-2022","Iowa State, Oklahoma, West Virginia",9.8500,9.9500,9.9000,9.8000,39.5000,H,Denver,30876,Rylie Mundell
"Thu, Mar-31-2022",,9.8500,9.8750,9.7500,9.8750,39.3500,A,Denver,30876,Rylie Mundell
"Sat, Apr-02-2022",,9.9000,9.9500,9.8500,9.8500,39.5500,A,Denver,30876,Rylie Mundell
"Sun, Jan-09-2022",San Jose State,9.7000,9.8250,,,,H,Denver,29932,Alexandria Ruiz
"Sat, Jan-15-2022",Ohio State,9.8500,9.7750,9.8250,9.7750,39.2250,A,Denver,29932,Alexandria Ruiz
"Fri, Jan-21-2022",West Virginia,9.8000,9.8750,9.8500,9.7750,39.3000,A,Denver,29932,Alexandria Ruiz
"Sun, Jan-30-2022",Oklahoma,9.7750,9.8000,9.8250,9.8500,39.2500,A,Denver,29932,Alexandria Ruiz
"Sun, Feb-06-2022",New Hampshire,9.8000,9.8000,9.8750,9.8000,39.2750,H,Denver,29932,Alexandria Ruiz
"Sun, Feb-13-2022",Iowa State,9.6250,9.8250,9.2500,9.8000,38.5000,H,Denver,29932,Alexandria Ruiz
"Sat, Feb-19-2022","Oklahoma, Stanford, Washington",,9.8250,9.8250,,,A,Denver,29932,Alexandria Ruiz
"Sun, Feb-27-2022",Air Force,9.8000,9.8250,9.2250,,,H,Denver,29932,Alexandria Ruiz
"Sat, Mar-05-2022","Cornell, Penn State, Southern Utah",9.7750,9.8750,9.8750,,,A,Denver,29932,Alexandria Ruiz
"Sun, Mar-13-2022","Arkansas, Nebraska, Oregon State",9.7750,9.8000,9.7500,,,H,Denver,29932,Alexandria Ruiz
"Sat, Mar-19-2022","Iowa State, Oklahoma, West Virginia",9.7250,9.8750,9.8750,,,H,Denver,29932,Alexandria Ruiz
"Thu, Mar-31-2022",,9.8000,9.8500,9.8250,9.9000,39.3750,A,Denver,29932,Alexandria Ruiz
"Sat, Apr-02-2022",,9.7500,9.8500,9.8250,9.8500,39.2750,A,Denver,29932,Alexandria Ruiz
"Sun, Jan-09-2022",San Jose State,,,9.2250,,,H,Denver,30400,Callie Schlottman
"Sat, Jan-15-2022",Ohio State,,,9.7750,,,A,Denver,30400,Callie Schlottman
"Sun, Feb-13-2022",Iowa State,,,9.8750,,,H,Denver,30400,Callie Schlottman
"Sat, Feb-19-2022","Oklahoma, Stanford, Washington",,,9.7500,,,A,Denver,30400,Callie Schlottman
"Sun, Feb-27-2022",Air Force,,,9.8000,9.6250,,H,Denver,30400,Callie Schlottman
"Sat, Apr-02-2022",,,,9.2000,,,A,Denver,30400,Callie Schlottman
"Sun, Jan-09-2022",San Jose State,9.8250,9.8500,,,,H,Denver,24946,Mia Sundstrom
"Sat, Jan-15-2022",Ohio State,9.8250,9.7500,,,,A,Denver,24946,Mia Sundstrom
"Fri, Jan-21-2022",West Virginia,9.8500,9.8250,,,,A,Denver,24946,Mia Sundstrom
"Sun, Jan-30-2022",Oklahoma,9.7750,,9.2750,,,A,Denver,24946,Mia Sundstrom
"Sun, Feb-06-2022",New Hampshire,9.8750,9.7750,,,,H,Denver,24946,Mia Sundstrom
"Sun, Feb-13-2022",Iowa State,9.8500,9.8250,,,,H,Denver,24946,Mia Sundstrom
"Sat, Feb-19-2022","Oklahoma, Stanford, Washington",,,9.7250,8.6500,,A,Denver,24946,Mia Sundstrom
"Sun, Jan-09-2022",San Jose State,,,9.8500,9.9250,,H,Denver,30877,Abbie Thompson
"Sat, Jan-15-2022",Ohio State,,,9.9000,9.7750,,A,Denver,30877,Abbie Thompson
"Fri, Jan-21-2022",West Virginia,,,9.9000,9.8750,,A,Denver,30877,Abbie Thompson
"Sun, Jan-30-2022",Oklahoma,,,9.8500,9.6500,,A,Denver,30877,Abbie Thompson
"Sat, Mar-19-2022","Iowa State, Oklahoma, West Virginia",,,9.0500,9.8500,,H,Denver,30877,Abbie Thompson
"Thu, Mar-31-2022",,,9.7750,9.9000,9.8250,,A,Denver,30877,Abbie Thompson
"Sat, Jan-08-2022","Iowa, Lindenwood",,,,9.7250,,A,Eastern Michigan,31319,Gianna Antonio
"Sat, Jan-08-2022","Iowa, Lindenwood",,,,,,A,Eastern Michigan,31320,Cassie Bergin
"Sat, Jan-08-2022","Iowa, Lindenwood",,9.7750,9.7500,9.6500,,A,Eastern Michigan,30878,Raisa Boris
"Fri, Jan-14-2022",Central Michigan,,9.8250,,8.8000,,H,Eastern Michigan,30878,Raisa Boris
"Fri, Jan-21-2022",Illinois State,,9.6500,9.8000,9.6500,,A,Eastern Michigan,30878,Raisa Boris
"Fri, Jan-28-2022","Ball State, UW-Oshkosh, Western Michigan",,9.8500,9.9000,9.7500,,H,Eastern Michigan,30878,Raisa Boris
"Fri, Feb-04-2022","LIU, Temple, Towson",,9.7250,9.8750,9.5500,,A,Eastern Michigan,30878,Raisa Boris
"Sun, Feb-06-2022","George Washington, Kent State, LIU",,9.8750,9.8000,9.8000,,A,Eastern Michigan,30878,Raisa Boris
"Sun, Feb-20-2022",Ball State,9.3500,9.8750,9.0500,9.6500,37.9250,A,Eastern Michigan,30878,Raisa Boris
"Sat, Feb-26-2022","Bowling Green, Western Michigan",9.6500,9.8250,9.8500,9.7500,39.0750,A,Eastern Michigan,30878,Raisa Boris
"Sun, Mar-06-2022","Kent State, Ohio State",9.6750,9.7000,8.9500,9.6500,37.9750,A,Eastern Michigan,30878,Raisa Boris
"Sun, Mar-13-2022",Northern Illinois,9.5750,9.7750,9.8000,9.8500,39.0000,H,Eastern Michigan,30878,Raisa Boris
"Sat, Mar-19-2022","Ball State, Bowling Green, Central Michigan, Kent State, Northern Illinois, Western Michigan",9.6250,9.8250,9.8500,9.8250,39.1250,H,Eastern Michigan,30878,Raisa Boris
"Sat, Jan-08-2022","Iowa, Lindenwood",9.3000,9.6000,9.6750,,,A,Eastern Michigan,31322,Ella Chemotti
"Fri, Jan-14-2022",Central Michigan,9.5750,9.7250,9.8250,,,H,Eastern Michigan,31322,Ella Chemotti
"Fri, Jan-21-2022",Illinois State,9.5750,9.7250,9.8500,,,A,Eastern Michigan,31322,Ella Chemotti
"Fri, Jan-28-2022","Ball State, UW-Oshkosh, Western Michigan",9.7250,9.7500,9.9500,,,H,Eastern Michigan,31322,Ella Chemotti
"Fri, Feb-04-2022","LIU, Temple, Towson",9.8000,9.6500,9.9250,,,A,Eastern Michigan,31322,Ella Chemotti
"Sun, Feb-06-2022","George Washington, Kent State, LIU",9.7250,9.8500,9.8500,,,A,Eastern Michigan,31322,Ella Chemotti
"Sun, Feb-20-2022",Ball State,9.7000,9.8000,9.1750,,,A,Eastern Michigan,31322,Ella Chemotti
"Sat, Feb-26-2022","Bowling Green, Western Michigan",9.5250,9.7500,8.9500,,,A,Eastern Michigan,31322,Ella Chemotti
"Sun, Mar-06-2022","Kent State, Ohio State",,9.7250,9.9000,,,A,Eastern Michigan,31322,Ella Chemotti
"Sun, Mar-13-2022",Northern Illinois,9.7000,9.8000,9.8500,,,H,Eastern Michigan,31322,Ella Chemotti
"Sat, Mar-19-2022","Ball State, Bowling Green, Central Michigan, Kent State, Northern Illinois, Western Michigan",9.7250,9.9000,9.3000,,,H,Eastern Michigan,31322,Ella Chemotti
"Thu, Mar-31-2022",,,,9.9000,,,A,Eastern Michigan,31322,Ella Chemotti
"Sat, Jan-08-2022","Iowa, Lindenwood",9.6000,9.7000,9.8000,9.7500,38.8500,A,Eastern Michigan,30329,Hadyn Crossen
"Fri, Jan-14-2022",Central Michigan,9.7500,9.8250,9.8000,8.9750,38.3500,H,Eastern Michigan,30329,Hadyn Crossen
"Fri, Jan-21-2022",Illinois State,,9.7000,9.6500,,,A,Eastern Michigan,30329,Hadyn Crossen
"Fri, Jan-28-2022","Ball State, UW-Oshkosh, Western Michigan",,9.7250,9.3250,,,H,Eastern Michigan,30329,Hadyn Crossen
"Fri, Feb-04-2022","LIU, Temple, Towson",9.8500,9.6000,9.7500,,,A,Eastern Michigan,30329,Hadyn Crossen
"Sun, Feb-06-2022","George Washington, Kent State, LIU",9.6000,9.8250,9.5250,,,A,Eastern Michigan,30329,Hadyn Crossen
"Sun, Feb-20-2022",Ball State,,9.0750,,,,A,Eastern Michigan,30329,Hadyn Crossen
"Sat, Feb-26-2022","Bowling Green, Western Michigan",,9.6250,9.1750,,,A,Eastern Michigan,30329,Hadyn Crossen
"Sun, Mar-06-2022","Kent State, Ohio State",,9.8000,9.7750,,,A,Eastern Michigan,30329,Hadyn Crossen
"Sun, Mar-13-2022",Northern Illinois,,9.6000,9.8250,,,H,Eastern Michigan,30329,Hadyn Crossen
"Sat, Mar-19-2022","Ball State, Bowling Green, Central Michigan, Kent State, Northern Illinois, Western Michigan",,9.6750,9.8500,,,H,Eastern Michigan,30329,Hadyn Crossen
"Sat, Jan-08-2022","Iowa, Lindenwood",9.6500,,,,,A,Eastern Michigan,31323,Alana Fisher
"Fri, Jan-14-2022",Central Michigan,9.7250,,,,,H,Eastern Michigan,31323,Alana Fisher
"Sun, Mar-06-2022","Kent State, Ohio State",9.6250,,,,,A,Eastern Michigan,31323,Alana Fisher
"Fri, Jan-14-2022",Central Michigan,,,9.7500,9.8000,,H,Eastern Michigan,29934,Shannon Gregory
"Fri, Jan-21-2022",Illinois State,,,9.3250,9.7500,,A,Eastern Michigan,29934,Shannon Gregory
"Fri, Jan-28-2022","Ball State, UW-Oshkosh, Western Michigan",,,9.3000,9.7250,,H,Eastern Michigan,29934,Shannon Gregory
"Fri, Feb-04-2022","LIU, Temple, Towson",,,9.7250,9.1500,,A,Eastern Michigan,29934,Shannon Gregory
"Sun, Feb-06-2022","George Washington, Kent State, LIU",,,9.7250,9.8500,,A,Eastern Michigan,29934,Shannon Gregory
"Sun, Feb-20-2022",Ball State,,,9.8000,9.7000,,A,Eastern Michigan,29934,Shannon Gregory
"Sat, Feb-26-2022","Bowling Green, Western Michigan",,,9.5250,9.7750,,A,Eastern Michigan,29934,Shannon Gregory
"Sun, Mar-06-2022","Kent State, Ohio State",,,9.0250,9.8500,,A,Eastern Michigan,29934,Shannon Gregory
"Sun, Mar-13-2022",Northern Illinois,,,,9.9000,,H,Eastern Michigan,29934,Shannon Gregory
"Sat, Mar-19-2022","Ball State, Bowling Green, Central Michigan, Kent State, Northern Illinois, Western Michigan",,,9.8000,9.6250,,H,Eastern Michigan,29934,Shannon Gregory
"Sat, Jan-08-2022","Iowa, Lindenwood",9.5250,,,,,A,Eastern Michigan,25218,Cali Harden
"Fri, Jan-14-2022",Central Michigan,9.6750,,,,,H,Eastern Michigan,25218,Cali Harden
"Fri, Jan-21-2022",Illinois State,9.6000,,,,,A,Eastern Michigan,25218,Cali Harden
"Fri, Jan-28-2022","Ball State, UW-Oshkosh, Western Michigan",9.7000,,,,,H,Eastern Michigan,25218,Cali Harden
"Fri, Feb-04-2022","LIU, Temple, Towson",9.7250,,,,,A,Eastern Michigan,25218,Cali Harden
"Sun, Feb-06-2022","George Washington, Kent State, LIU",9.7750,,,,,A,Eastern Michigan,25218,Cali Harden
"Sun, Feb-20-2022",Ball State,9.7750,,,,,A,Eastern Michigan,25218,Cali Harden
"Sat, Feb-26-2022","Bowling Green, Western Michigan",9.7750,,,,,A,Eastern Michigan,25218,Cali Harden
"Sun, Mar-06-2022","Kent State, Ohio State",9.7750,,,,,A,Eastern Michigan,25218,Cali Harden
"Sun, Mar-13-2022",Northern Illinois,9.7750,,,,,H,Eastern Michigan,25218,Cali Harden
"Sat, Mar-19-2022","Ball State, Bowling Green, Central Michigan, Kent State, Northern Illinois, Western Michigan",9.7750,,,,,H,Eastern Michigan,25218,Cali Harden
"Sat, Jan-08-2022","Iowa, Lindenwood",,8.9000,,,,A,Eastern Michigan,30880,Jordan Jankowski
"Fri, Jan-14-2022",Central Michigan,,9.7250,,,,H,Eastern Michigan,30880,Jordan Jankowski
"Fri, Jan-21-2022",Illinois State,,8.3500,,,,A,Eastern Michigan,30880,Jordan Jankowski
"Fri, Feb-04-2022","LIU, Temple, Towson",,9.0750,,,,A,Eastern Michigan,30880,Jordan Jankowski
"Sun, Feb-06-2022","George Washington, Kent State, LIU",,9.7500,,,,A,Eastern Michigan,30880,Jordan Jankowski
"Sun, Feb-20-2022",Ball State,,9.7500,,,,A,Eastern Michigan,30880,Jordan Jankowski
"Sat, Feb-26-2022","Bowling Green, Western Michigan",,9.4500,,,,A,Eastern Michigan,30880,Jordan Jankowski
"Sun, Mar-06-2022","Kent State, Ohio State",,9.7250,,,,A,Eastern Michigan,30880,Jordan Jankowski
"Sun, Mar-13-2022",Northern Illinois,,9.7000,,,,H,Eastern Michigan,30880,Jordan Jankowski
"Sat, Mar-19-2022","Ball State, Bowling Green, Central Michigan, Kent State, Northern Illinois, Western Michigan",,9.7750,,,,H,Eastern Michigan,30880,Jordan Jankowski
"Sun, Feb-20-2022",Ball State,9.4500,,,,,A,Eastern Michigan,31324,Emma Lewis
"Sat, Feb-26-2022","Bowling Green, Western Michigan",9.5250,,,,,A,Eastern Michigan,31324,Emma Lewis
"Sun, Mar-06-2022","Kent State, Ohio State",9.7500,,,,,A,Eastern Michigan,31324,Emma Lewis
"Sun, Mar-13-2022",Northern Illinois,9.7000,,,,,H,Eastern Michigan,31324,Emma Lewis
"Sat, Mar-19-2022","Ball State, Bowling Green, Central Michigan, Kent State, Northern Illinois, Western Michigan",9.7250,,,,,H,Eastern Michigan,31324,Emma Lewis
"Sat, Jan-08-2022","Iowa, Lindenwood",,9.8500,9.7500,9.7500,,A,Eastern Michigan,30881,Anna Grace McCullough
"Fri, Jan-14-2022",Central Michigan,,9.7750,9.6250,8.8250,,H,Eastern Michigan,30881,Anna Grace McCullough
"Fri, Jan-21-2022",Illinois State,9.5750,9.7500,,9.6750,,A,Eastern Michigan,30881,Anna Grace McCullough
"Fri, Jan-28-2022","Ball State, UW-Oshkosh, Western Michigan",9.5500,9.7500,,8.8000,,H,Eastern Michigan,30881,Anna Grace McCullough
"Fri, Feb-04-2022","LIU, Temple, Towson",9.8000,9.7500,,8.9500,,A,Eastern Michigan,30881,Anna Grace McCullough
"Sun, Feb-06-2022","George Washington, Kent State, LIU",9.7000,9.2000,,8.7500,,A,Eastern Michigan,30881,Anna Grace McCullough
"Sun, Feb-20-2022",Ball State,9.5750,9.5500,,9.6750,,A,Eastern Michigan,30881,Anna Grace McCullough
"Sat, Feb-26-2022","Bowling Green, Western Michigan",9.7250,9.7000,,9.8250,,A,Eastern Michigan,30881,Anna Grace McCullough
"Sun, Mar-06-2022","Kent State, Ohio State",9.7000,9.6250,,9.8500,,A,Eastern Michigan,30881,Anna Grace McCullough
"Sun, Mar-13-2022",Northern Illinois,9.7500,9.9000,,9.8500,,H,Eastern Michigan,30881,Anna Grace McCullough
"Sat, Mar-19-2022","Ball State, Bowling Green, Central Michigan, Kent State, Northern Illinois, Western Michigan",9.7250,8.9500,,9.8250,,H,Eastern Michigan,30881,Anna Grace McCullough
"Sat, Jan-08-2022","Iowa, Lindenwood",9.6500,9.6000,9.6250,9.7500,38.6250,A,Eastern Michigan,30323,Molly Parris
"Fri, Jan-14-2022",Central Michigan,9.6500,9.7500,,9.8250,,H,Eastern Michigan,30323,Molly Parris
"Fri, Jan-21-2022",Illinois State,9.5500,9.7500,,9.6750,,A,Eastern Michigan,30323,Molly Parris
"Fri, Jan-28-2022","Ball State, UW-Oshkosh, Western Michigan",9.7500,9.8000,,9.7250,,H,Eastern Michigan,30323,Molly Parris
"Fri, Feb-04-2022","LIU, Temple, Towson",9.8500,9.6500,,9.7750,,A,Eastern Michigan,30323,Molly Parris
"Sun, Feb-06-2022","George Washington, Kent State, LIU",9.6250,9.8000,,9.8000,,A,Eastern Michigan,30323,Molly Parris
"Sun, Feb-20-2022",Ball State,9.6500,9.7750,9.7250,9.8000,38.9500,A,Eastern Michigan,30323,Molly Parris
"Sat, Feb-26-2022","Bowling Green, Western Michigan",9.7500,9.5250,,9.7250,,A,Eastern Michigan,30323,Molly Parris
"Sun, Mar-06-2022","Kent State, Ohio State",9.7500,9.7250,9.7500,9.8000,39.0250,A,Eastern Michigan,30323,Molly Parris
"Sun, Mar-13-2022",Northern Illinois,9.8000,9.7750,9.7000,9.8500,39.1250,H,Eastern Michigan,30323,Molly Parris
"Sat, Mar-19-2022","Ball State, Bowling Green, Central Michigan, Kent State, Northern Illinois, Western Michigan",9.1750,9.7500,9.8000,9.7750,38.5000,H,Eastern Michigan,30323,Molly Parris
"Sat, Jan-08-2022","Iowa, Lindenwood",9.6250,,,9.7750,,A,Eastern Michigan,29938,Karalyn Roberts
"Fri, Jan-14-2022",Central Michigan,9.8000,,,9.7000,,H,Eastern Michigan,29938,Karalyn Roberts
"Fri, Jan-21-2022",Illinois State,9.7250,,,9.8000,,A,Eastern Michigan,29938,Karalyn Roberts
"Fri, Jan-28-2022","Ball State, UW-Oshkosh, Western Michigan",9.7500,9.5750,,9.8000,,H,Eastern Michigan,29938,Karalyn Roberts
"Fri, Feb-04-2022","LIU, Temple, Towson",9.8500,,,9.7000,,A,Eastern Michigan,29938,Karalyn Roberts
"Sun, Feb-06-2022","George Washington, Kent State, LIU",,,,9.7750,,A,Eastern Michigan,29938,Karalyn Roberts
"Sat, Jan-08-2022","Iowa, Lindenwood",,,9.8000,,,A,Eastern Michigan,29939,Caitlin Satler
"Fri, Jan-14-2022",Central Michigan,,,9.8000,,,H,Eastern Michigan,29939,Caitlin Satler
"Fri, Jan-21-2022",Illinois State,,,9.7750,9.7250,,A,Eastern Michigan,29939,Caitlin Satler
"Fri, Jan-28-2022","Ball State, UW-Oshkosh, Western Michigan",,,9.9000,9.8250,,H,Eastern Michigan,29939,Caitlin Satler
"Fri, Feb-04-2022","LIU, Temple, Towson",,,9.6500,,,A,Eastern Michigan,29939,Caitlin Satler
"Sun, Feb-06-2022","George Washington, Kent State, LIU",,,9.2250,,,A,Eastern Michigan,29939,Caitlin Satler
"Sun, Feb-20-2022",Ball State,,,9.2250,9.1000,,A,Eastern Michigan,29939,Caitlin Satler
"Sat, Feb-26-2022","Bowling Green, Western Michigan",,,9.8250,,,A,Eastern Michigan,29939,Caitlin Satler
"Sun, Mar-06-2022","Kent State, Ohio State",,,9.8500,9.8000,,A,Eastern Michigan,29939,Caitlin Satler
"Sun, Mar-13-2022",Northern Illinois,,,9.2000,9.8750,,H,Eastern Michigan,29939,Caitlin Satler
"Sat, Mar-19-2022","Ball State, Bowling Green, Central Michigan, Kent State, Northern Illinois, Western Michigan",,,9.1750,9.8750,,H,Eastern Michigan,29939,Caitlin Satler
"Fri, Jan-14-2022",Central Michigan,,,9.7250,,,H,Eastern Michigan,30328,Mickayla Stuckey
"Fri, Jan-21-2022",Illinois State,,,9.6500,,,A,Eastern Michigan,30328,Mickayla Stuckey
"Fri, Jan-28-2022","Ball State, UW-Oshkosh, Western Michigan",,,9.7750,,,H,Eastern Michigan,30328,Mickayla Stuckey
"Fri, Feb-04-2022","LIU, Temple, Towson",,,9.7750,9.8250,,A,Eastern Michigan,30328,Mickayla Stuckey
"Sun, Feb-06-2022","George Washington, Kent State, LIU",,,9.8000,9.7500,,A,Eastern Michigan,30328,Mickayla Stuckey
"Sun, Feb-20-2022",Ball State,,,9.1750,9.7750,,A,Eastern Michigan,30328,Mickayla Stuckey
"Sat, Feb-26-2022","Bowling Green, Western Michigan",,,9.5250,6.3500,,A,Eastern Michigan,30328,Mickayla Stuckey
"Sun, Mar-06-2022","Kent State, Ohio State",,,,8.9250,,A,Eastern Michigan,30390,Mayleigh Vanderbeek
"Sun, Mar-13-2022",Northern Illinois,,,9.1750,9.4500,,H,Eastern Michigan,30390,Mayleigh Vanderbeek
"Sat, Mar-19-2022","Ball State, Bowling Green, Central Michigan, Kent State, Northern Illinois, Western Michigan",,,,8.9000,,H,Eastern Michigan,30390,Mayleigh Vanderbeek
"Fri, Jan-07-2022","Northern Illinois, Rutgers, Texas Woman's",,,9.9250,9.9750,,H,Florida,25086,Alyssa Baumann
"Sun, Jan-16-2022",Alabama,,,9.6250,9.7500,,H,Florida,25086,Alyssa Baumann
"Fri, Jan-21-2022",Georgia,,,9.0750,9.8750,,A,Florida,25086,Alyssa Baumann
"Fri, Jan-28-2022",Arkansas,,,9.9250,9.8500,,H,Florida,25086,Alyssa Baumann
"Fri, Feb-04-2022",Missouri,,,9.9000,,,A,Florida,25086,Alyssa Baumann
"Fri, Feb-11-2022",LSU,,,9.9000,9.9000,,H,Florida,25086,Alyssa Baumann
"Fri, Feb-18-2022",Kentucky,,,9.8500,9.8000,,A,Florida,25086,Alyssa Baumann
"Fri, Feb-25-2022",Oklahoma,,,9.8500,9.9000,,H,Florida,25086,Alyssa Baumann
"Fri, Mar-04-2022",Auburn,,,9.9000,9.9250,,A,Florida,25086,Alyssa Baumann
"Fri, Mar-11-2022","North Carolina State, Pennsylvania, Rutgers",,,9.6500,9.8750,,A,Florida,25086,Alyssa Baumann
"Sat, Mar-19-2022","Alabama, Arkansas, Auburn, Georgia, Kentucky, LSU, Missouri",,,9.9500,9.8500,,A,Florida,25086,Alyssa Baumann
"Thu, Mar-31-2022",,,,9.9000,9.9250,,A,Florida,25086,Alyssa Baumann
"Sat, Apr-02-2022",,,,9.9500,9.9000,,A,Florida,25086,Alyssa Baumann
"Thu, Apr-14-2022",,,,9.8375,9.9375,,A,Florida,25086,Alyssa Baumann
"Sat, Apr-16-2022",,,,9.9125,9.9500,,A,Florida,25086,Alyssa Baumann
"Fri, Jan-07-2022","Northern Illinois, Rutgers, Texas Woman's",9.7750,9.8250,9.9500,9.9000,39.4500,H,Florida,31325,Sloane Blakely
"Sun, Jan-16-2022",Alabama,,9.7750,9.9250,9.7250,,H,Florida,31325,Sloane Blakely
"Fri, Jan-21-2022",Georgia,,9.8250,9.6750,9.7250,,A,Florida,31325,Sloane Blakely
"Fri, Jan-28-2022",Arkansas,,9.8500,9.8750,9.8750,,H,Florida,31325,Sloane Blakely
"Fri, Feb-04-2022",Missouri,9.6750,9.8500,9.9250,,,A,Florida,31325,Sloane Blakely
"Fri, Feb-11-2022",LSU,9.6750,8.5500,9.6000,9.9500,37.7750,H,Florida,31325,Sloane Blakely
"Fri, Feb-18-2022",Kentucky,9.9250,9.8250,9.9250,9.7500,39.4250,A,Florida,31325,Sloane Blakely
"Fri, Feb-25-2022",Oklahoma,9.9250,9.9000,9.8500,9.9000,39.5750,H,Florida,31325,Sloane Blakely
"Fri, Mar-04-2022",Auburn,9.9500,9.9000,9.8250,10.0000,39.6750,A,Florida,31325,Sloane Blakely
"Fri, Mar-11-2022","North Carolina State, Pennsylvania, Rutgers",9.9000,9.8250,9.9250,,,A,Florida,31325,Sloane Blakely
"Sat, Mar-19-2022","Alabama, Arkansas, Auburn, Georgia, Kentucky, LSU, Missouri",9.7250,9.8250,9.9000,9.7000,39.1500,A,Florida,31325,Sloane Blakely
"Thu, Mar-31-2022",,,9.8000,9.9500,9.9000,,A,Florida,31325,Sloane Blakely
"Sat, Apr-02-2022",,9.6750,9.9000,9.9500,9.7250,39.2500,A,Florida,31325,Sloane Blakely
"Thu, Apr-14-2022",,9.7500,9.1500,9.9000,,,A,Florida,31325,Sloane Blakely
"Sat, Apr-16-2022",,,9.8375,9.8625,,,A,Florida,31325,Sloane Blakely
"Fri, Jan-07-2022","Northern Illinois, Rutgers, Texas Woman's",,,9.9500,,,H,Florida,29941,Leah Clapper
"Sun, Jan-16-2022",Alabama,,,9.7750,,,H,Florida,29941,Leah Clapper
"Fri, Jan-21-2022",Georgia,,,9.7500,9.8000,,A,Florida,29941,Leah Clapper
"Fri, Jan-28-2022",Arkansas,,,9.9750,,,H,Florida,29941,Leah Clapper
"Fri, Feb-04-2022",Missouri,,,9.9000,9.8500,,A,Florida,29941,Leah Clapper
"Fri, Feb-11-2022",LSU,,,9.9500,,,H,Florida,29941,Leah Clapper
"Fri, Feb-18-2022",Kentucky,,,9.8500,,,A,Florida,29941,Leah Clapper
"Fri, Feb-25-2022",Oklahoma,,,9.8000,,,H,Florida,29941,Leah Clapper
"Fri, Mar-04-2022",Auburn,,,9.1500,,,A,Florida,29941,Leah Clapper
"Fri, Mar-11-2022","North Carolina State, Pennsylvania, Rutgers",,,9.6250,9.6500,,A,Florida,29941,Leah Clapper
"Sat, Mar-19-2022","Alabama, Arkansas, Auburn, Georgia, Kentucky, LSU, Missouri",,,9.9000,,,A,Florida,29941,Leah Clapper
"Thu, Mar-31-2022",,,,9.8500,,,A,Florida,29941,Leah Clapper
"Sat, Apr-02-2022",,,,9.9500,,,A,Florida,29941,Leah Clapper
"Thu, Apr-14-2022",,,,9.9000,,,A,Florida,29941,Leah Clapper
"Sat, Apr-16-2022",,,,9.9250,,,A,Florida,29941,Leah Clapper
"Fri, Jan-07-2022","Northern Illinois, Rutgers, Texas Woman's",9.8250,,,,,H,Florida,30883,Chloi Clark
"Fri, Jan-21-2022",Georgia,9.7250,,,,,A,Florida,30883,Chloi Clark
"Fri, Jan-28-2022",Arkansas,,,,9.7500,,H,Florida,30883,Chloi Clark
"Fri, Feb-04-2022",Missouri,9.7250,,,9.8250,,A,Florida,30883,Chloi Clark
"Thu, Mar-31-2022",,9.8000,,,,,A,Florida,30883,Chloi Clark
"Fri, Jan-07-2022","Northern Illinois, Rutgers, Texas Woman's",9.8250,,,,,H,Florida,31326,Bri Edwards
"Sun, Jan-16-2022",Alabama,9.7750,,,,,H,Florida,31326,Bri Edwards
"Fri, Jan-28-2022",Arkansas,9.7500,,,,,H,Florida,31326,Bri Edwards
"Fri, Feb-04-2022",Missouri,9.8000,,,,,A,Florida,31326,Bri Edwards
"Thu, Mar-31-2022",,9.7500,,,,,A,Florida,31326,Bri Edwards
"Fri, Feb-04-2022",Missouri,,9.8500,,,,A,Florida,30884,Gabrielle Gallentine
"Sun, Jan-16-2022",Alabama,,,9.1500,,,H,Florida,30885,Ellie Lazzari
"Fri, Jan-07-2022","Northern Illinois, Rutgers, Texas Woman's",,9.8250,,,,H,Florida,31327,Riley McCusker
"Sun, Jan-16-2022",Alabama,,9.7500,,,,H,Florida,31327,Riley McCusker
"Fri, Jan-21-2022",Georgia,,9.8000,,,,A,Florida,31327,Riley McCusker
"Fri, Jan-28-2022",Arkansas,,9.9250,,,,H,Florida,31327,Riley McCusker
"Fri, Feb-11-2022",LSU,,9.8500,,,,H,Florida,31327,Riley McCusker
"Fri, Feb-18-2022",Kentucky,,9.8000,,,,A,Florida,31327,Riley McCusker
"Fri, Feb-25-2022",Oklahoma,,9.8750,,,,H,Florida,31327,Riley McCusker
"Fri, Mar-04-2022",Auburn,,9.2250,,,,A,Florida,31327,Riley McCusker
"Fri, Mar-11-2022","North Carolina State, Pennsylvania, Rutgers",,9.8250,9.8500,,,A,Florida,31327,Riley McCusker
"Sat, Mar-19-2022","Alabama, Arkansas, Auburn, Georgia, Kentucky, LSU, Missouri",,9.7500,,,,A,Florida,31327,Riley McCusker
"Thu, Mar-31-2022",,,9.8750,,,,A,Florida,31327,Riley McCusker
"Sat, Apr-02-2022",,,9.8500,,,,A,Florida,31327,Riley McCusker
"Thu, Apr-14-2022",,,9.8625,,,,A,Florida,31327,Riley McCusker
"Sat, Apr-16-2022",,,9.4125,,,,A,Florida,31327,Riley McCusker
"Fri, Jan-07-2022","Northern Illinois, Rutgers, Texas Woman's",9.9000,,,9.9500,,H,Florida,29943,Nya Reed
"Sun, Jan-16-2022",Alabama,9.9750,,,10.0000,,H,Florida,29943,Nya Reed
"Fri, Jan-21-2022",Georgia,9.9500,,,9.9500,,A,Florida,29943,Nya Reed
"Fri, Jan-28-2022",Arkansas,9.9000,,,9.9500,,H,Florida,29943,Nya Reed
"Fri, Feb-04-2022",Missouri,9.8750,,,,,A,Florida,29943,Nya Reed
"Fri, Feb-11-2022",LSU,9.9000,,,10.0000,,H,Florida,29943,Nya Reed
"Fri, Feb-18-2022",Kentucky,9.8250,,,9.9500,,A,Florida,29943,Nya Reed
"Fri, Feb-25-2022",Oklahoma,9.8500,,,9.9500,,H,Florida,29943,Nya Reed
"Fri, Mar-04-2022",Auburn,9.9250,,,9.9750,,A,Florida,29943,Nya Reed
"Fri, Mar-11-2022","North Carolina State, Pennsylvania, Rutgers",9.8500,,,9.9000,,A,Florida,29943,Nya Reed
"Sat, Mar-19-2022","Alabama, Arkansas, Auburn, Georgia, Kentucky, LSU, Missouri",9.9500,,,9.9000,,A,Florida,29943,Nya Reed
"Sat, Apr-02-2022",,9.9500,,,9.9000,,A,Florida,29943,Nya Reed
"Thu, Apr-14-2022",,9.7750,,,9.9250,,A,Florida,29943,Nya Reed
"Sat, Apr-16-2022",,9.7000,,,9.9125,,A,Florida,29943,Nya Reed
"Fri, Jan-07-2022","Northern Illinois, Rutgers, Texas Woman's",,,9.8750,,,H,Florida,30604,Payton Richards
"Fri, Feb-04-2022",Missouri,,,,9.0000,,A,Florida,30604,Payton Richards
"Fri, Feb-18-2022",Kentucky,,,,9.7500,,A,Florida,30604,Payton Richards
"Fri, Feb-25-2022",Oklahoma,,,,9.8500,,H,Florida,30604,Payton Richards
"Fri, Mar-04-2022",Auburn,,,,9.9250,,A,Florida,30604,Payton Richards
"Fri, Mar-11-2022","North Carolina State, Pennsylvania, Rutgers",,,,9.8500,,A,Florida,30604,Payton Richards
"Thu, Mar-31-2022",,,,,9.7000,,A,Florida,30604,Payton Richards
"Sat, Apr-16-2022",,9.8125,,,9.9000,,A,Florida,30604,Payton Richards
"Fri, Jan-07-2022","Northern Illinois, Rutgers, Texas Woman's",,9.8750,,,,H,Florida,29944,Savannah Schoenherr
"Sun, Jan-16-2022",Alabama,9.6250,9.8250,,,,H,Florida,29944,Savannah Schoenherr
"Fri, Jan-21-2022",Georgia,9.8750,9.8000,,,,A,Florida,29944,Savannah Schoenherr
"Fri, Jan-28-2022",Arkansas,9.9500,9.9750,,,,H,Florida,29944,Savannah Schoenherr
"Fri, Feb-04-2022",Missouri,9.9000,9.9000,,,,A,Florida,29944,Savannah Schoenherr
"Fri, Feb-11-2022",LSU,9.8750,9.9500,,,,H,Florida,29944,Savannah Schoenherr
"Fri, Feb-18-2022",Kentucky,9.9000,9.8500,,,,A,Florida,29944,Savannah Schoenherr
"Fri, Feb-25-2022",Oklahoma,9.8500,9.9250,,,,H,Florida,29944,Savannah Schoenherr
"Fri, Mar-04-2022",Auburn,9.9000,9.8250,,,,A,Florida,29944,Savannah Schoenherr
"Fri, Mar-11-2022","North Carolina State, Pennsylvania, Rutgers",9.9750,9.9000,,,,A,Florida,29944,Savannah Schoenherr
"Sat, Mar-19-2022","Alabama, Arkansas, Auburn, Georgia, Kentucky, LSU, Missouri",9.8500,9.8500,,,,A,Florida,29944,Savannah Schoenherr
"Thu, Mar-31-2022",,9.3000,9.9250,,,,A,Florida,29944,Savannah Schoenherr
"Sat, Apr-02-2022",,9.8750,9.9000,,,,A,Florida,29944,Savannah Schoenherr
"Thu, Apr-14-2022",,9.7625,9.8125,,,,A,Florida,29944,Savannah Schoenherr
"Sat, Apr-16-2022",,9.8000,9.9250,,,,A,Florida,29944,Savannah Schoenherr
"Fri, Jan-07-2022","Northern Illinois, Rutgers, Texas Woman's",9.7500,9.8500,9.8500,9.9500,39.4000,H,Florida,25082,Megan Skaggs
"Sun, Jan-16-2022",Alabama,9.8750,9.8750,9.8750,9.9000,39.5250,H,Florida,25082,Megan Skaggs
"Fri, Jan-21-2022",Georgia,9.8750,9.9000,9.8750,9.8750,39.5250,A,Florida,25082,Megan Skaggs
"Fri, Jan-28-2022",Arkansas,9.8750,9.9000,9.8750,9.7500,39.4000,H,Florida,25082,Megan Skaggs
"Fri, Feb-04-2022",Missouri,,9.8750,9.9250,9.8750,,A,Florida,25082,Megan Skaggs
"Fri, Feb-11-2022",LSU,9.9000,9.8500,9.8750,9.9000,39.5250,H,Florida,25082,Megan Skaggs
"Fri, Feb-18-2022",Kentucky,9.9000,9.8500,9.9500,,,A,Florida,25082,Megan Skaggs
"Fri, Feb-25-2022",Oklahoma,9.8500,9.9500,9.8750,9.9000,39.5750,H,Florida,25082,Megan Skaggs
"Fri, Mar-04-2022",Auburn,9.9500,9.9250,9.9250,9.9250,39.7250,A,Florida,25082,Megan Skaggs
"Fri, Mar-11-2022","North Carolina State, Pennsylvania, Rutgers",9.8500,9.9500,9.9000,9.9000,39.6000,A,Florida,25082,Megan Skaggs
"Sat, Mar-19-2022","Alabama, Arkansas, Auburn, Georgia, Kentucky, LSU, Missouri",9.8500,9.9500,9.9500,9.9000,39.6500,A,Florida,25082,Megan Skaggs
"Thu, Mar-31-2022",,9.8500,9.9250,9.9250,9.9250,39.6250,A,Florida,25082,Megan Skaggs
"Sat, Apr-02-2022",,9.8750,9.9500,9.9250,9.9000,39.6500,A,Florida,25082,Megan Skaggs
"Thu, Apr-14-2022",,9.9000,9.9125,9.9125,9.9375,39.6625,A,Florida,25082,Megan Skaggs
"Sat, Apr-16-2022",,9.8375,9.9125,9.9000,9.8750,39.5250,A,Florida,25082,Megan Skaggs
"Fri, Jan-07-2022","Northern Illinois, Rutgers, Texas Woman's",,,,9.5750,,H,Florida,29945,Halley Taylor
"Fri, Jan-21-2022",Georgia,,,,,,A,Florida,29945,Halley Taylor
"Fri, Jan-07-2022","Northern Illinois, Rutgers, Texas Woman's",9.9500,9.8500,,,,H,Florida,29946,Trinity Thomas
"Sun, Jan-16-2022",Alabama,10.0000,9.7500,,10.0000,,H,Florida,29946,Trinity Thomas
"Fri, Jan-21-2022",Georgia,9.7250,9.9750,9.9500,,,A,Florida,29946,Trinity Thomas
"Fri, Jan-28-2022",Arkansas,9.9750,9.9250,10.0000,,,H,Florida,29946,Trinity Thomas
"Fri, Feb-04-2022",Missouri,9.9000,9.9250,9.9750,9.9500,39.7500,A,Florida,29946,Trinity Thomas
"Fri, Feb-11-2022",LSU,9.9750,9.9500,9.7000,9.9750,39.6000,H,Florida,29946,Trinity Thomas
"Fri, Feb-18-2022",Kentucky,9.9000,9.8250,9.9750,10.0000,39.7000,A,Florida,29946,Trinity Thomas
"Fri, Feb-25-2022",Oklahoma,9.9250,9.9500,9.9750,10.0000,39.8500,H,Florida,29946,Trinity Thomas
"Fri, Mar-04-2022",Auburn,10.0000,9.9250,9.9750,,,A,Florida,29946,Trinity Thomas
"Fri, Mar-11-2022","North Carolina State, Pennsylvania, Rutgers",9.9000,9.9750,,,,A,Florida,29946,Trinity Thomas
"Sat, Mar-19-2022","Alabama, Arkansas, Auburn, Georgia, Kentucky, LSU, Missouri",9.9750,9.9500,9.9250,9.9750,39.8250,A,Florida,29946,Trinity Thomas
"Thu, Mar-31-2022",,9.9000,10.0000,9.9750,10.0000,39.8750,A,Florida,29946,Trinity Thomas
"Sat, Apr-02-2022",,10.0000,9.9500,9.9500,10.0000,39.9000,A,Florida,29946,Trinity Thomas
"Thu, Apr-14-2022",,9.9000,9.9750,9.9375,10.0000,39.8125,A,Florida,29946,Trinity Thomas
"Sat, Apr-16-2022",,9.9875,9.9750,9.9000,10.0000,39.8625,A,Florida,29946,Trinity Thomas
"Fri, Jan-07-2022","Northern Illinois, Rutgers, Texas Woman's",,9.8750,9.7000,9.8000,,H,Florida,31328,Leanne Wong
"Sun, Jan-16-2022",Alabama,9.7250,9.7500,9.9000,9.9250,39.3000,H,Florida,31328,Leanne Wong
"Fri, Jan-21-2022",Georgia,9.8250,9.9750,9.7750,,,A,Florida,31328,Leanne Wong
"Fri, Jan-28-2022",Arkansas,9.8500,10.0000,9.9250,9.8500,39.6250,H,Florida,31328,Leanne Wong
"Fri, Feb-04-2022",Missouri,,9.9500,9.7750,9.9500,,A,Florida,31328,Leanne Wong
"Fri, Feb-11-2022",LSU,9.9000,9.8500,9.9250,9.9750,39.6500,H,Florida,31328,Leanne Wong
"Fri, Feb-18-2022",Kentucky,9.9000,9.7250,9.8500,9.8500,39.3250,A,Florida,31328,Leanne Wong
"Fri, Feb-25-2022",Oklahoma,9.8250,9.7250,9.9000,,,H,Florida,31328,Leanne Wong
"Fri, Mar-04-2022",Auburn,9.7000,9.9500,9.9500,9.9250,39.5250,A,Florida,31328,Leanne Wong
"Fri, Mar-11-2022","North Carolina State, Pennsylvania, Rutgers",9.9750,9.9500,9.9500,9.9750,39.8500,A,Florida,31328,Leanne Wong
"Sat, Mar-19-2022","Alabama, Arkansas, Auburn, Georgia, Kentucky, LSU, Missouri",9.8500,9.9000,9.9750,9.9250,39.6500,A,Florida,31328,Leanne Wong
"Thu, Mar-31-2022",,9.8000,9.9250,9.9250,9.9500,39.6000,A,Florida,31328,Leanne Wong
"Sat, Apr-02-2022",,10.0000,9.9750,9.9500,9.9500,39.8750,A,Florida,31328,Leanne Wong
"Thu, Apr-14-2022",,9.9000,9.9125,9.8625,9.9500,39.6250,A,Florida,31328,Leanne Wong
"Sat, Apr-16-2022",,9.9125,9.8750,9.8375,9.9500,39.5750,A,Florida,31328,Leanne Wong
"Sun, Jan-16-2022","Cornell, Pennsylvania, William & Mary",,9.8000,9.6000,,,H,George Washington,29950,Simone Banen
"Sat, Jan-22-2022","Brown, Missouri, North Carolina",,9.6250,9.7000,,,A,George Washington,29950,Simone Banen
"Sat, Jan-29-2022","New Hampshire, North Carolina State, William & Mary",,9.5000,9.7500,,,A,George Washington,29950,Simone Banen
"Wed, Feb-02-2022","Towson, William & Mary",,9.1750,9.8000,,,A,George Washington,29950,Simone Banen
"Sun, Feb-06-2022","Eastern Michigan, Kent State, LIU",,9.8000,9.7500,,,H,George Washington,29950,Simone Banen
"Fri, Feb-11-2022",Oklahoma,,9.7250,9.4500,,,A,George Washington,29950,Simone Banen
"Sun, Feb-20-2022","New Hampshire, Pittsburgh",,9.8250,9.6500,,,A,George Washington,29950,Simone Banen
"Mon, Feb-21-2022","West Virginia, William & Mary",,9.7750,,,,A,George Washington,29950,Simone Banen
"Sun, Feb-27-2022","North Carolina State, Southern Utah, Temple",,9.8250,,,,H,George Washington,29950,Simone Banen
"Fri, Mar-04-2022","Lindenwood, Nebraska, Pennsylvania",,9.8250,9.6750,,,A,George Washington,29950,Simone Banen
"Fri, Mar-11-2022","Maryland, Southern Conn., Towson",,9.8750,,,,A,George Washington,29950,Simone Banen
"Sun, Mar-13-2022","Bridgeport, Maryland, Pennsylvania",,9.8500,,,,A,George Washington,29950,Simone Banen
"Sat, Mar-19-2022","LIU, New Hampshire, North Carolina, North Carolina State, Pittsburgh, Temple, Towson",,9.8250,,,,H,George Washington,29950,Simone Banen
"Sun, Jan-16-2022","Cornell, Pennsylvania, William & Mary",9.8750,9.8000,9.6750,9.8750,39.2250,H,George Washington,29951,Deja Chambliss
"Sat, Jan-22-2022","Brown, Missouri, North Carolina",9.8000,9.7500,9.6500,9.9250,39.1250,A,George Washington,29951,Deja Chambliss
"Sat, Jan-29-2022","New Hampshire, North Carolina State, William & Mary",9.8750,9.6750,9.6000,9.8000,38.9500,A,George Washington,29951,Deja Chambliss
"Wed, Feb-02-2022","Towson, William & Mary",9.8250,9.7000,,9.8500,,A,George Washington,29951,Deja Chambliss
"Sun, Feb-06-2022","Eastern Michigan, Kent State, LIU",9.9500,9.8500,9.7500,9.8750,39.4250,H,George Washington,29951,Deja Chambliss
"Fri, Feb-11-2022",Oklahoma,9.8750,9.0000,9.7250,9.9000,38.5000,A,George Washington,29951,Deja Chambliss
"Sun, Feb-20-2022","New Hampshire, Pittsburgh",9.9250,9.8500,9.9250,9.9000,39.6000,A,George Washington,29951,Deja Chambliss
"Mon, Feb-21-2022","West Virginia, William & Mary",9.7250,9.6750,9.7500,9.9000,39.0500,A,George Washington,29951,Deja Chambliss
"Sun, Feb-27-2022","North Carolina State, Southern Utah, Temple",9.8750,9.7750,9.4250,9.9000,38.9750,H,George Washington,29951,Deja Chambliss
"Fri, Mar-04-2022","Lindenwood, Nebraska, Pennsylvania",9.8750,9.8000,9.7000,9.7250,39.1000,A,George Washington,29951,Deja Chambliss
"Fri, Mar-11-2022","Maryland, Southern Conn., Towson",9.9000,9.8000,9.2500,9.8500,38.8000,A,George Washington,29951,Deja Chambliss
"Sun, Mar-13-2022","Bridgeport, Maryland, Pennsylvania",9.9000,9.6250,9.8750,9.9250,39.3250,A,George Washington,29951,Deja Chambliss
"Sat, Mar-19-2022","LIU, New Hampshire, North Carolina, North Carolina State, Pittsburgh, Temple, Towson",9.8750,9.8000,9.8500,9.9500,39.4750,H,George Washington,29951,Deja Chambliss
"Thu, Mar-31-2022",,9.9000,9.8000,9.8250,9.8500,39.3750,A,George Washington,29951,Deja Chambliss
"Sun, Jan-16-2022","Cornell, Pennsylvania, William & Mary",9.6500,9.1000,,,,H,George Washington,30097,Libby Garfoot
"Sat, Jan-22-2022","Brown, Missouri, North Carolina",,9.7250,,,,A,George Washington,30097,Libby Garfoot
"Sat, Jan-29-2022","New Hampshire, North Carolina State, William & Mary",,9.7000,,,,A,George Washington,30097,Libby Garfoot
"Wed, Feb-02-2022","Towson, William & Mary",,9.6750,,,,A,George Washington,30097,Libby Garfoot
"Sun, Feb-06-2022","Eastern Michigan, Kent State, LIU",,9.8000,,,,H,George Washington,30097,Libby Garfoot
"Fri, Feb-11-2022",Oklahoma,,9.7000,,,,A,George Washington,30097,Libby Garfoot
"Sun, Feb-20-2022","New Hampshire, Pittsburgh",,8.9250,,,,A,George Washington,30097,Libby Garfoot
"Mon, Feb-21-2022","West Virginia, William & Mary",,9.7250,,,,A,George Washington,30097,Libby Garfoot
"Sun, Feb-27-2022","North Carolina State, Southern Utah, Temple",,9.6250,,,,H,George Washington,30097,Libby Garfoot
"Fri, Mar-04-2022","Lindenwood, Nebraska, Pennsylvania",,9.9000,,,,A,George Washington,30097,Libby Garfoot
"Sat, Mar-19-2022","LIU, New Hampshire, North Carolina, North Carolina State, Pittsburgh, Temple, Towson",,9.1000,,,,H,George Washington,30097,Libby Garfoot
"Sun, Jan-16-2022","Cornell, Pennsylvania, William & Mary",9.6500,9.7500,,,,H,George Washington,31329,Rachel Katz
"Sat, Jan-22-2022","Brown, Missouri, North Carolina",9.8000,9.7250,,,,A,George Washington,31329,Rachel Katz
"Sat, Jan-29-2022","New Hampshire, North Carolina State, William & Mary",9.8500,9.6750,,,,A,George Washington,31329,Rachel Katz
"Wed, Feb-02-2022","Towson, William & Mary",9.7500,9.5750,,,,A,George Washington,31329,Rachel Katz
"Sun, Feb-06-2022","Eastern Michigan, Kent State, LIU",9.8500,9.7500,,,,H,George Washington,31329,Rachel Katz
"Fri, Feb-11-2022",Oklahoma,9.7750,9.8000,,,,A,George Washington,31329,Rachel Katz
"Sun, Feb-20-2022","New Hampshire, Pittsburgh",9.8250,9.8250,,,,A,George Washington,31329,Rachel Katz
"Mon, Feb-21-2022","West Virginia, William & Mary",9.7250,9.7750,,,,A,George Washington,31329,Rachel Katz
"Sun, Feb-27-2022","North Carolina State, Southern Utah, Temple",9.5500,9.7000,,,,H,George Washington,31329,Rachel Katz
"Fri, Mar-04-2022","Lindenwood, Nebraska, Pennsylvania",9.8000,9.7750,,,,A,George Washington,31329,Rachel Katz
"Fri, Mar-11-2022","Maryland, Southern Conn., Towson",9.8250,9.8000,,,,A,George Washington,31329,Rachel Katz
"Sun, Mar-13-2022","Bridgeport, Maryland, Pennsylvania",9.7750,9.4750,,,,A,George Washington,31329,Rachel Katz
"Sat, Mar-19-2022","LIU, New Hampshire, North Carolina, North Carolina State, Pittsburgh, Temple, Towson",9.8500,9.8500,,,,H,George Washington,31329,Rachel Katz
"Sun, Jan-16-2022","Cornell, Pennsylvania, William & Mary",,,,9.5250,,H,George Washington,30887,Payton Lynch
"Sat, Jan-22-2022","Brown, Missouri, North Carolina",,,,9.8750,,A,George Washington,30887,Payton Lynch
"Sat, Jan-29-2022","New Hampshire, North Carolina State, William & Mary",,,,9.8250,,A,George Washington,30887,Payton Lynch
"Wed, Feb-02-2022","Towson, William & Mary",,,,9.8000,,A,George Washington,30887,Payton Lynch
"Sun, Feb-06-2022","Eastern Michigan, Kent State, LIU",,,,9.8250,,H,George Washington,30887,Payton Lynch
"Fri, Feb-11-2022",Oklahoma,,,,9.7250,,A,George Washington,30887,Payton Lynch
"Sun, Feb-20-2022","New Hampshire, Pittsburgh",,,,9.8000,,A,George Washington,30887,Payton Lynch
"Mon, Feb-21-2022","West Virginia, William & Mary",,,,9.1250,,A,George Washington,30887,Payton Lynch
"Sun, Feb-27-2022","North Carolina State, Southern Utah, Temple",,,,9.8250,,H,George Washington,30887,Payton Lynch
"Fri, Mar-04-2022","Lindenwood, Nebraska, Pennsylvania",,,,9.7500,,A,George Washington,30887,Payton Lynch
"Fri, Mar-11-2022","Maryland, Southern Conn., Towson",,,,9.8000,,A,George Washington,30887,Payton Lynch
"Sun, Mar-13-2022","Bridgeport, Maryland, Pennsylvania",,,,9.7500,,A,George Washington,30887,Payton Lynch
"Sat, Mar-19-2022","LIU, New Hampshire, North Carolina, North Carolina State, Pittsburgh, Temple, Towson",,,,9.8500,,H,George Washington,30887,Payton Lynch
"Sat, Jan-29-2022","New Hampshire, North Carolina State, William & Mary",9.7750,,,,,A,George Washington,30404,Hannah Munnelly
"Wed, Feb-02-2022","Towson, William & Mary",9.5500,9.0750,,,,A,George Washington,30404,Hannah Munnelly
"Sun, Feb-06-2022","Eastern Michigan, Kent State, LIU",9.7750,,,,,H,George Washington,30404,Hannah Munnelly
"Fri, Feb-11-2022",Oklahoma,9.5500,,,,,A,George Washington,30404,Hannah Munnelly
"Sun, Feb-20-2022","New Hampshire, Pittsburgh",9.7750,,,,,A,George Washington,30404,Hannah Munnelly
"Sun, Feb-27-2022","North Carolina State, Southern Utah, Temple",9.7250,,,,,H,George Washington,30404,Hannah Munnelly
"Fri, Mar-04-2022","Lindenwood, Nebraska, Pennsylvania",9.7250,,,,,A,George Washington,30404,Hannah Munnelly
"Fri, Mar-11-2022","Maryland, Southern Conn., Towson",9.6250,9.8000,,,,A,George Washington,30404,Hannah Munnelly
"Sun, Mar-13-2022","Bridgeport, Maryland, Pennsylvania",9.8250,9.8500,,,,A,George Washington,30404,Hannah Munnelly
"Sat, Mar-19-2022","LIU, New Hampshire, North Carolina, North Carolina State, Pittsburgh, Temple, Towson",9.7000,9.8000,,,,H,George Washington,30404,Hannah Munnelly
"Sun, Jan-16-2022","Cornell, Pennsylvania, William & Mary",,9.7750,,9.6250,,H,George Washington,29952,Olivia Raymond
"Sat, Jan-22-2022","Brown, Missouri, North Carolina",,9.6750,,9.7750,,A,George Washington,29952,Olivia Raymond
"Sat, Jan-29-2022","New Hampshire, North Carolina State, William & Mary",,9.7500,,9.7750,,A,George Washington,29952,Olivia Raymond
"Wed, Feb-02-2022","Towson, William & Mary",,9.7500,,9.6750,,A,George Washington,29952,Olivia Raymond
"Sun, Feb-06-2022","Eastern Michigan, Kent State, LIU",,9.8000,,9.8750,,H,George Washington,29952,Olivia Raymond
"Fri, Feb-11-2022",Oklahoma,,9.7250,,9.7750,,A,George Washington,29952,Olivia Raymond
"Sun, Feb-20-2022","New Hampshire, Pittsburgh",,9.8250,,,,A,George Washington,29952,Olivia Raymond
"Mon, Feb-21-2022","West Virginia, William & Mary",,9.7250,,,,A,George Washington,29952,Olivia Raymond
"Sun, Feb-27-2022","North Carolina State, Southern Utah, Temple",,9.8000,9.1000,9.7500,,H,George Washington,29952,Olivia Raymond
"Fri, Mar-04-2022","Lindenwood, Nebraska, Pennsylvania",,9.8500,9.8000,9.7500,,A,George Washington,29952,Olivia Raymond
"Fri, Mar-11-2022","Maryland, Southern Conn., Towson",,8.9000,9.7250,9.7500,,A,George Washington,29952,Olivia Raymond
"Sun, Mar-13-2022","Bridgeport, Maryland, Pennsylvania",,9.7750,9.8500,9.7250,,A,George Washington,29952,Olivia Raymond
"Sat, Mar-19-2022","LIU, New Hampshire, North Carolina, North Carolina State, Pittsburgh, Temple, Towson",,9.8000,9.7000,9.8000,,H,George Washington,29952,Olivia Raymond
"Sun, Jan-16-2022","Cornell, Pennsylvania, William & Mary",,,9.3000,,,H,George Washington,30405,Katherine Shek
"Sat, Jan-22-2022","Brown, Missouri, North Carolina",,,9.6750,,,A,George Washington,30405,Katherine Shek
"Sat, Jan-29-2022","New Hampshire, North Carolina State, William & Mary",9.7750,,9.6750,,,A,George Washington,30405,Katherine Shek
"Wed, Feb-02-2022","Towson, William & Mary",,,9.8250,,,A,George Washington,30405,Katherine Shek
"Sun, Feb-06-2022","Eastern Michigan, Kent State, LIU",,,9.7000,,,H,George Washington,30405,Katherine Shek
"Fri, Feb-11-2022",Oklahoma,,,9.7750,,,A,George Washington,30405,Katherine Shek
"Sun, Feb-20-2022","New Hampshire, Pittsburgh",,,9.8250,,,A,George Washington,30405,Katherine Shek
"Mon, Feb-21-2022","West Virginia, William & Mary",9.7000,,9.7250,,,A,George Washington,30405,Katherine Shek
"Sun, Feb-27-2022","North Carolina State, Southern Utah, Temple",,,9.8250,,,H,George Washington,30405,Katherine Shek
"Fri, Mar-11-2022","Maryland, Southern Conn., Towson",,,9.3250,,,A,George Washington,30405,Katherine Shek
"Sun, Mar-13-2022","Bridgeport, Maryland, Pennsylvania",,,9.7250,,,A,George Washington,30405,Katherine Shek
"Sat, Mar-19-2022","LIU, New Hampshire, North Carolina, North Carolina State, Pittsburgh, Temple, Towson",,,9.7000,,,H,George Washington,30405,Katherine Shek
"Sun, Jan-16-2022","Cornell, Pennsylvania, William & Mary",,,9.7750,,,H,George Washington,30889,Anneliese Silverman
"Sat, Jan-22-2022","Brown, Missouri, North Carolina",,,9.8000,,,A,George Washington,30889,Anneliese Silverman
"Sat, Jan-29-2022","New Hampshire, North Carolina State, William & Mary",,,9.6750,9.7000,,A,George Washington,30889,Anneliese Silverman
"Wed, Feb-02-2022","Towson, William & Mary",,,9.7750,,,A,George Washington,30889,Anneliese Silverman
"Sun, Feb-06-2022","Eastern Michigan, Kent State, LIU",,9.1000,9.6750,,,H,George Washington,30889,Anneliese Silverman
"Fri, Feb-11-2022",Oklahoma,,,9.7250,,,A,George Washington,30889,Anneliese Silverman
"Sun, Feb-20-2022","New Hampshire, Pittsburgh",,9.7250,9.8750,,,A,George Washington,30889,Anneliese Silverman
"Mon, Feb-21-2022","West Virginia, William & Mary",,,9.5500,9.2000,,A,George Washington,30889,Anneliese Silverman
"Sun, Feb-27-2022","North Carolina State, Southern Utah, Temple",,9.7250,9.9000,,,H,George Washington,30889,Anneliese Silverman
"Fri, Mar-04-2022","Lindenwood, Nebraska, Pennsylvania",,9.7750,9.7500,,,A,George Washington,30889,Anneliese Silverman
"Fri, Mar-11-2022","Maryland, Southern Conn., Towson",,9.9000,9.7250,,,A,George Washington,30889,Anneliese Silverman
"Sun, Mar-13-2022","Bridgeport, Maryland, Pennsylvania",,8.8500,9.8500,,,A,George Washington,30889,Anneliese Silverman
"Sat, Mar-19-2022","LIU, New Hampshire, North Carolina, North Carolina State, Pittsburgh, Temple, Towson",,,9.8500,,,H,George Washington,30889,Anneliese Silverman
"Sun, Jan-16-2022","Cornell, Pennsylvania, William & Mary",9.8000,,9.5750,9.8750,,H,George Washington,30890,Kendall Whitman
"Sat, Jan-22-2022","Brown, Missouri, North Carolina",9.8000,,,9.3250,,A,George Washington,30890,Kendall Whitman
"Wed, Feb-02-2022","Towson, William & Mary",9.8000,,9.7750,9.9000,,A,George Washington,30890,Kendall Whitman
"Sun, Feb-06-2022","Eastern Michigan, Kent State, LIU",9.8500,,9.7500,9.7250,,H,George Washington,30890,Kendall Whitman
"Fri, Feb-11-2022",Oklahoma,9.6500,,9.6750,9.5500,,A,George Washington,30890,Kendall Whitman
"Sun, Feb-20-2022","New Hampshire, Pittsburgh",9.7000,,,9.9000,,A,George Washington,30890,Kendall Whitman
"Mon, Feb-21-2022","West Virginia, William & Mary",9.7750,,9.8000,9.8750,,A,George Washington,30890,Kendall Whitman
"Sun, Feb-27-2022","North Carolina State, Southern Utah, Temple",9.7500,,9.8250,9.9250,,H,George Washington,30890,Kendall Whitman
"Fri, Mar-04-2022","Lindenwood, Nebraska, Pennsylvania",9.7500,,9.8250,9.8500,,A,George Washington,30890,Kendall Whitman
"Fri, Mar-11-2022","Maryland, Southern Conn., Towson",9.7750,,9.8000,9.9000,,A,George Washington,30890,Kendall Whitman
"Sun, Mar-13-2022","Bridgeport, Maryland, Pennsylvania",9.9000,,9.8750,9.8250,,A,George Washington,30890,Kendall Whitman
"Sat, Mar-19-2022","LIU, New Hampshire, North Carolina, North Carolina State, Pittsburgh, Temple, Towson",9.8500,,9.4250,9.8750,,H,George Washington,30890,Kendall Whitman
"Sun, Jan-16-2022","Cornell, Pennsylvania, William & Mary",9.7500,,,9.7250,,H,George Washington,31332,Marlee York
"Sat, Jan-22-2022","Brown, Missouri, North Carolina",9.7500,,,9.1000,,A,George Washington,31332,Marlee York
"Sat, Jan-29-2022","New Hampshire, North Carolina State, William & Mary",9.7500,,,9.0500,,A,George Washington,31332,Marlee York
"Wed, Feb-02-2022","Towson, William & Mary",9.7000,,,9.8500,,A,George Washington,31332,Marlee York
"Sun, Feb-06-2022","Eastern Michigan, Kent State, LIU",9.7750,,,9.7250,,H,George Washington,31332,Marlee York
"Fri, Feb-11-2022",Oklahoma,9.7500,,,9.6000,,A,George Washington,31332,Marlee York
"Sun, Feb-20-2022","New Hampshire, Pittsburgh",9.7750,,,9.7000,,A,George Washington,31332,Marlee York
"Mon, Feb-21-2022","West Virginia, William & Mary",9.7750,,,9.7250,,A,George Washington,31332,Marlee York
"Sun, Feb-27-2022","North Carolina State, Southern Utah, Temple",9.7500,,,9.8500,,H,George Washington,31332,Marlee York
"Fri, Mar-04-2022","Lindenwood, Nebraska, Pennsylvania",9.7750,,,9.6750,,A,George Washington,31332,Marlee York
"Fri, Mar-11-2022","Maryland, Southern Conn., Towson",9.7250,,,9.7500,,A,George Washington,31332,Marlee York
"Sun, Mar-13-2022","Bridgeport, Maryland, Pennsylvania",9.8500,,,9.8000,,A,George Washington,31332,Marlee York
"Sat, Mar-19-2022","LIU, New Hampshire, North Carolina, North Carolina State, Pittsburgh, Temple, Towson",9.8000,,,9.7750,,H,George Washington,31332,Marlee York
"Sun, Jan-16-2022","Cornell, Pennsylvania, William & Mary",9.7250,,,,,H,George Washington,31333,Sarah Zois
"Sat, Jan-22-2022","Brown, Missouri, North Carolina",9.8000,,9.7250,,,A,George Washington,31333,Sarah Zois
"Sat, Jan-29-2022","New Hampshire, North Carolina State, William & Mary",9.7250,,9.7250,,,A,George Washington,31333,Sarah Zois
"Wed, Feb-02-2022","Towson, William & Mary",9.5750,,9.8250,,,A,George Washington,31333,Sarah Zois
"Sun, Feb-06-2022","Eastern Michigan, Kent State, LIU",9.8250,,9.7000,,,H,George Washington,31333,Sarah Zois
"Fri, Feb-11-2022",Oklahoma,9.7750,,9.8000,,,A,George Washington,31333,Sarah Zois
"Sun, Feb-20-2022","New Hampshire, Pittsburgh",9.8250,,9.7750,8.6750,,A,George Washington,31333,Sarah Zois
"Mon, Feb-21-2022","West Virginia, William & Mary",9.8000,,8.6750,,,A,George Washington,31333,Sarah Zois
"Sun, Feb-27-2022","North Carolina State, Southern Utah, Temple",9.7750,,9.8000,,,H,George Washington,31333,Sarah Zois
"Fri, Mar-04-2022","Lindenwood, Nebraska, Pennsylvania",9.7500,,9.8500,,,A,George Washington,31333,Sarah Zois
"Fri, Mar-11-2022","Maryland, Southern Conn., Towson",9.8250,,9.7000,,,A,George Washington,31333,Sarah Zois
"Sun, Mar-13-2022","Bridgeport, Maryland, Pennsylvania",9.8500,,9.8750,,,A,George Washington,31333,Sarah Zois
"Sat, Mar-19-2022","LIU, New Hampshire, North Carolina, North Carolina State, Pittsburgh, Temple, Towson",9.6500,,9.8000,,,H,George Washington,31333,Sarah Zois
"Sun, Jan-16-2022","Cornell, Pennsylvania, William & Mary",,9.0000,9.6750,9.8250,,H,George Washington,29953,Olivia Zona
"Sat, Jan-22-2022","Brown, Missouri, North Carolina",,9.6250,9.7250,9.8500,,A,George Washington,29953,Olivia Zona
"Sat, Jan-29-2022","New Hampshire, North Carolina State, William & Mary",,8.7250,8.9750,9.8250,,A,George Washington,29953,Olivia Zona
"Wed, Feb-02-2022","Towson, William & Mary",,,9.8000,9.8000,,A,George Washington,29953,Olivia Zona
"Sun, Feb-06-2022","Eastern Michigan, Kent State, LIU",,,,9.8250,,H,George Washington,29953,Olivia Zona
"Fri, Feb-11-2022",Oklahoma,,9.6250,,9.8250,,A,George Washington,29953,Olivia Zona
"Sun, Feb-20-2022","New Hampshire, Pittsburgh",,,9.7250,9.7750,,A,George Washington,29953,Olivia Zona
"Mon, Feb-21-2022","West Virginia, William & Mary",,8.7750,9.7250,9.8250,,A,George Washington,29953,Olivia Zona
"Sun, Feb-27-2022","North Carolina State, Southern Utah, Temple",,,,9.8750,,H,George Washington,29953,Olivia Zona
"Fri, Mar-04-2022","Lindenwood, Nebraska, Pennsylvania",,,,9.7500,,A,George Washington,29953,Olivia Zona
"Fri, Mar-11-2022","Maryland, Southern Conn., Towson",,,,9.7750,,A,George Washington,29953,Olivia Zona
"Sun, Mar-13-2022","Bridgeport, Maryland, Pennsylvania",,,,9.8000,,A,George Washington,29953,Olivia Zona
"Sat, Mar-19-2022","LIU, New Hampshire, North Carolina, North Carolina State, Pittsburgh, Temple, Towson",,,,9.8000,,H,George Washington,29953,Olivia Zona
"Thu, Jan-06-2022",Michigan,,,9.7500,,,A,Georgia,29960,Rachel Baumann
"Fri, Jan-21-2022",Florida,9.7250,,9.1750,10.0000,,H,Georgia,29960,Rachel Baumann
"Fri, Jan-28-2022",LSU,9.9500,,9.9250,9.7250,,H,Georgia,29960,Rachel Baumann
"Fri, Feb-04-2022","Central Michigan, Illinois, Kentucky",9.8500,,9.8500,9.9000,,A,Georgia,29960,Rachel Baumann
"Fri, Feb-11-2022",Alabama,9.9250,,9.9250,9.9000,,A,Georgia,29960,Rachel Baumann
"Fri, Feb-18-2022",Auburn,9.8250,,9.8250,9.8000,,H,Georgia,29960,Rachel Baumann
"Fri, Feb-25-2022",Arkansas,9.8750,,9.8500,9.9250,,A,Georgia,29960,Rachel Baumann
"Fri, Mar-04-2022",Missouri,9.8250,,9.0000,9.9500,,H,Georgia,29960,Rachel Baumann
"Sun, Mar-06-2022","Alabama, Arkansas, Auburn",9.8000,,9.8500,9.9500,,A,Georgia,29960,Rachel Baumann
"Sat, Mar-12-2022",North Carolina,9.8250,,9.8500,9.8250,,H,Georgia,29960,Rachel Baumann
"Sat, Mar-19-2022","Alabama, Arkansas, Auburn, Florida, Kentucky, LSU, Missouri",9.8500,,9.1750,9.9000,,A,Georgia,29960,Rachel Baumann
"Thu, Mar-31-2022",,9.8500,,9.7500,9.1000,,A,Georgia,29960,Rachel Baumann
"Thu, Jan-06-2022",Michigan,8.7500,9.7250,,,,A,Georgia,30406,Amanda Cashman
"Fri, Jan-21-2022",Florida,9.8000,9.7750,,,,H,Georgia,30406,Amanda Cashman
"Fri, Jan-28-2022",LSU,9.7750,,,,,H,Georgia,30406,Amanda Cashman
"Fri, Feb-04-2022","Central Michigan, Illinois, Kentucky",9.5750,9.7250,,,,A,Georgia,30406,Amanda Cashman
"Fri, Feb-11-2022",Alabama,9.8250,9.6750,,,,A,Georgia,30406,Amanda Cashman
"Fri, Feb-18-2022",Auburn,9.7750,,,,,H,Georgia,30406,Amanda Cashman
"Fri, Feb-25-2022",Arkansas,9.7750,9.7500,,,,A,Georgia,30406,Amanda Cashman
"Fri, Mar-04-2022",Missouri,9.7750,,,,,H,Georgia,30406,Amanda Cashman
"Sun, Mar-06-2022","Alabama, Arkansas, Auburn",9.7250,8.2000,,,,A,Georgia,30406,Amanda Cashman
"Sat, Mar-12-2022",North Carolina,9.7500,,,,,H,Georgia,30406,Amanda Cashman
"Sat, Mar-19-2022","Alabama, Arkansas, Auburn, Florida, Kentucky, LSU, Missouri",9.7750,9.8000,,,,A,Georgia,30406,Amanda Cashman
"Thu, Mar-31-2022",,9.7750,9.8250,,,,A,Georgia,30406,Amanda Cashman
"Fri, Jan-21-2022",Florida,,,9.1500,,,H,Georgia,31334,Sarah Cohen
"Fri, Jan-28-2022",LSU,,,9.7500,,,H,Georgia,31334,Sarah Cohen
"Fri, Feb-04-2022","Central Michigan, Illinois, Kentucky",,,9.7750,,,A,Georgia,31334,Sarah Cohen
"Fri, Feb-11-2022",Alabama,,,9.3750,,,A,Georgia,31334,Sarah Cohen
"Fri, Feb-18-2022",Auburn,,,9.8500,,,H,Georgia,31334,Sarah Cohen
"Thu, Jan-06-2022",Michigan,9.8250,8.9250,9.8500,9.3750,37.9750,A,Georgia,30408,Haley De Jong
"Fri, Jan-21-2022",Florida,,9.6250,9.1750,,,H,Georgia,30408,Haley De Jong
"Fri, Jan-28-2022",LSU,,9.8750,9.8750,,,H,Georgia,30408,Haley De Jong
"Fri, Feb-04-2022","Central Michigan, Illinois, Kentucky",,9.8250,9.8750,9.8250,,A,Georgia,30408,Haley De Jong
"Fri, Feb-11-2022",Alabama,,,9.8500,9.7750,,A,Georgia,30408,Haley De Jong
"Fri, Feb-18-2022",Auburn,,,9.8750,9.7500,,H,Georgia,30408,Haley De Jong
"Fri, Feb-25-2022",Arkansas,,9.8250,9.8750,9.0000,,A,Georgia,30408,Haley De Jong
"Fri, Mar-04-2022",Missouri,,9.7750,9.5500,9.9000,,H,Georgia,30408,Haley De Jong
"Sun, Mar-06-2022","Alabama, Arkansas, Auburn",,9.8750,9.6000,9.6250,,A,Georgia,30408,Haley De Jong
"Sat, Mar-12-2022",North Carolina,,9.8500,9.9500,9.8500,,H,Georgia,30408,Haley De Jong
"Sat, Mar-19-2022","Alabama, Arkansas, Auburn, Florida, Kentucky, LSU, Missouri",,9.8500,9.7750,9.8000,,A,Georgia,30408,Haley De Jong
"Thu, Mar-31-2022",,,8.9000,9.7000,9.7000,,A,Georgia,30408,Haley De Jong
"Thu, Jan-06-2022",Michigan,,9.8000,9.2250,,,A,Georgia,30892,Katie Finnegan
"Fri, Jan-21-2022",Florida,,9.8750,,,,H,Georgia,30892,Katie Finnegan
"Fri, Jan-28-2022",LSU,,9.8000,9.0750,,,H,Georgia,30892,Katie Finnegan
"Fri, Feb-04-2022","Central Michigan, Illinois, Kentucky",,9.9000,,,,A,Georgia,30892,Katie Finnegan
"Fri, Feb-11-2022",Alabama,,9.8250,,,,A,Georgia,30892,Katie Finnegan
"Fri, Feb-18-2022",Auburn,,9.8750,,,,H,Georgia,30892,Katie Finnegan
"Fri, Feb-25-2022",Arkansas,,9.8750,,,,A,Georgia,30892,Katie Finnegan
"Fri, Mar-04-2022",Missouri,,9.8750,,,,H,Georgia,30892,Katie Finnegan
"Sun, Mar-06-2022","Alabama, Arkansas, Auburn",,9.8250,,,,A,Georgia,30892,Katie Finnegan
"Sat, Mar-12-2022",North Carolina,,9.7500,,,,H,Georgia,30892,Katie Finnegan
"Fri, Jan-28-2022",LSU,,9.7250,,,,H,Georgia,30409,Loulie Hattaway
"Fri, Feb-18-2022",Auburn,,9.7000,,,,H,Georgia,30409,Loulie Hattaway
"Sat, Mar-19-2022","Alabama, Arkansas, Auburn, Florida, Kentucky, LSU, Missouri",,8.9000,,,,A,Georgia,30409,Loulie Hattaway
"Thu, Jan-06-2022",Michigan,,,9.8000,9.8500,,A,Georgia,30407,Soraya Hawthorne
"Fri, Jan-21-2022",Florida,,,9.3000,9.9750,,H,Georgia,30407,Soraya Hawthorne
"Fri, Jan-28-2022",LSU,,,9.2500,9.9000,,H,Georgia,30407,Soraya Hawthorne
"Fri, Feb-04-2022","Central Michigan, Illinois, Kentucky",9.8000,,9.5250,9.7750,,A,Georgia,30407,Soraya Hawthorne
"Fri, Feb-11-2022",Alabama,9.8000,,,9.8750,,A,Georgia,30407,Soraya Hawthorne
"Fri, Feb-18-2022",Auburn,9.8500,,,9.7500,,H,Georgia,30407,Soraya Hawthorne
"Fri, Feb-25-2022",Arkansas,9.6750,,9.8750,9.9000,,A,Georgia,30407,Soraya Hawthorne
"Fri, Mar-04-2022",Missouri,9.8500,,9.7750,9.9750,,H,Georgia,30407,Soraya Hawthorne
"Sun, Mar-06-2022","Alabama, Arkansas, Auburn",9.8500,,9.8250,9.9000,,A,Georgia,30407,Soraya Hawthorne
"Sat, Mar-12-2022",North Carolina,9.8250,,9.8250,9.9000,,H,Georgia,30407,Soraya Hawthorne
"Sat, Mar-19-2022","Alabama, Arkansas, Auburn, Florida, Kentucky, LSU, Missouri",9.8250,,9.8250,9.9000,,A,Georgia,30407,Soraya Hawthorne
"Thu, Mar-31-2022",,9.8500,,9.5500,9.7500,,A,Georgia,30407,Soraya Hawthorne
"Thu, Jan-06-2022",Michigan,9.7750,,,9.7000,,A,Georgia,29962,Rachael Lukacs
"Fri, Jan-21-2022",Florida,9.7750,,,9.8500,,H,Georgia,29962,Rachael Lukacs
"Fri, Jan-28-2022",LSU,9.9000,,,9.1250,,H,Georgia,29962,Rachael Lukacs
"Thu, Jan-06-2022",Michigan,9.7750,,9.7500,9.7000,,A,Georgia,29963,Mikayla Magee
"Fri, Jan-21-2022",Florida,9.9000,,9.8250,9.7750,,H,Georgia,29963,Mikayla Magee
"Fri, Jan-28-2022",LSU,9.7000,,9.7750,9.8000,,H,Georgia,29963,Mikayla Magee
"Fri, Feb-04-2022","Central Michigan, Illinois, Kentucky",9.8000,,9.0500,9.8000,,A,Georgia,29963,Mikayla Magee
"Fri, Feb-11-2022",Alabama,9.9000,,9.8500,9.8000,,A,Georgia,29963,Mikayla Magee
"Fri, Feb-18-2022",Auburn,9.8500,,9.9000,9.9000,,H,Georgia,29963,Mikayla Magee
"Fri, Feb-25-2022",Arkansas,9.8500,,9.9000,9.8250,,A,Georgia,29963,Mikayla Magee
"Fri, Mar-04-2022",Missouri,9.7250,,9.7500,9.6500,,H,Georgia,29963,Mikayla Magee
"Sun, Mar-06-2022","Alabama, Arkansas, Auburn",9.6500,,9.8500,9.8750,,A,Georgia,29963,Mikayla Magee
"Sat, Mar-12-2022",North Carolina,9.8500,,9.8750,9.8500,,H,Georgia,29963,Mikayla Magee
"Sat, Mar-19-2022","Alabama, Arkansas, Auburn, Florida, Kentucky, LSU, Missouri",9.6500,,8.9000,9.8000,,A,Georgia,29963,Mikayla Magee
"Thu, Mar-31-2022",,9.8000,,9.8500,9.5750,,A,Georgia,29963,Mikayla Magee
"Fri, Feb-04-2022","Central Michigan, Illinois, Kentucky",,9.7750,,,,A,Georgia,30893,Victoria Nguyen
"Fri, Feb-11-2022",Alabama,,9.8000,9.7000,,,A,Georgia,30893,Victoria Nguyen
"Fri, Feb-18-2022",Auburn,,9.8000,9.8500,,,H,Georgia,30893,Victoria Nguyen
"Fri, Feb-25-2022",Arkansas,,9.8500,9.8250,,,A,Georgia,30893,Victoria Nguyen
"Fri, Mar-04-2022",Missouri,,9.8500,9.8000,,,H,Georgia,30893,Victoria Nguyen
"Sun, Mar-06-2022","Alabama, Arkansas, Auburn",,9.2250,9.8750,,,A,Georgia,30893,Victoria Nguyen
"Sat, Mar-12-2022",North Carolina,,9.9000,9.8250,,,H,Georgia,30893,Victoria Nguyen
"Sat, Mar-19-2022","Alabama, Arkansas, Auburn, Florida, Kentucky, LSU, Missouri",,9.9000,9.8500,,,A,Georgia,30893,Victoria Nguyen
"Thu, Mar-31-2022",,,9.8500,9.8750,,,A,Georgia,30893,Victoria Nguyen
"Thu, Jan-06-2022",Michigan,,,,9.5750,,A,Georgia,29964,Alyssa Perez-Lugones
"Fri, Jan-21-2022",Florida,,,,9.8500,,H,Georgia,29964,Alyssa Perez-Lugones
"Fri, Jan-28-2022",LSU,,,,9.8000,,H,Georgia,29964,Alyssa Perez-Lugones
"Fri, Feb-04-2022","Central Michigan, Illinois, Kentucky",,,,9.8500,,A,Georgia,29964,Alyssa Perez-Lugones
"Fri, Feb-11-2022",Alabama,,,,9.6500,,A,Georgia,29964,Alyssa Perez-Lugones
"Fri, Feb-18-2022",Auburn,,,,9.7500,,H,Georgia,29964,Alyssa Perez-Lugones
"Fri, Feb-25-2022",Arkansas,,,,9.8000,,A,Georgia,29964,Alyssa Perez-Lugones
"Fri, Mar-04-2022",Missouri,,,,9.8500,,H,Georgia,29964,Alyssa Perez-Lugones
"Sun, Mar-06-2022","Alabama, Arkansas, Auburn",,,,9.8000,,A,Georgia,29964,Alyssa Perez-Lugones
"Sat, Mar-12-2022",North Carolina,,,,9.9250,,H,Georgia,29964,Alyssa Perez-Lugones
"Sat, Mar-19-2022","Alabama, Arkansas, Auburn, Florida, Kentucky, LSU, Missouri",,,,8.9500,,A,Georgia,29964,Alyssa Perez-Lugones
"Thu, Mar-31-2022",,,,,9.6000,,A,Georgia,29964,Alyssa Perez-Lugones
"Thu, Jan-06-2022",Michigan,9.9000,9.8250,,9.7750,,A,Georgia,29965,Megan Roberts
"Fri, Jan-21-2022",Florida,9.9250,9.8500,,9.8500,,H,Georgia,29965,Megan Roberts
"Fri, Jan-28-2022",LSU,9.8750,9.8750,,9.8500,,H,Georgia,29965,Megan Roberts
"Fri, Feb-04-2022","Central Michigan, Illinois, Kentucky",9.7000,9.8500,,9.8750,,A,Georgia,29965,Megan Roberts
"Fri, Feb-11-2022",Alabama,9.9000,9.8750,,9.8500,,A,Georgia,29965,Megan Roberts
"Fri, Feb-18-2022",Auburn,9.8250,9.9000,,9.5000,,H,Georgia,29965,Megan Roberts
"Fri, Feb-25-2022",Arkansas,9.9000,9.8250,,9.8000,,A,Georgia,29965,Megan Roberts
"Fri, Mar-04-2022",Missouri,9.8500,9.9000,,9.9500,,H,Georgia,29965,Megan Roberts
"Sun, Mar-06-2022","Alabama, Arkansas, Auburn",9.7750,9.8750,,9.8000,,A,Georgia,29965,Megan Roberts
"Sat, Mar-12-2022",North Carolina,9.9000,9.8500,,9.8500,,H,Georgia,29965,Megan Roberts
"Sat, Mar-19-2022","Alabama, Arkansas, Auburn, Florida, Kentucky, LSU, Missouri",9.8250,9.8250,,9.8500,,A,Georgia,29965,Megan Roberts
"Thu, Mar-31-2022",,9.8000,9.8750,,9.9000,,A,Georgia,29965,Megan Roberts
"Thu, Jan-06-2022",Michigan,,9.8500,9.2000,,,A,Georgia,29689,Emily Schild
"Fri, Jan-21-2022",Florida,,9.7750,9.1250,,,H,Georgia,29689,Emily Schild
"Fri, Jan-28-2022",LSU,,9.8500,,,,H,Georgia,29689,Emily Schild
"Fri, Feb-04-2022","Central Michigan, Illinois, Kentucky",,9.6750,9.7750,,,A,Georgia,29689,Emily Schild
"Fri, Feb-11-2022",Alabama,,9.7500,9.7500,,,A,Georgia,29689,Emily Schild
"Fri, Feb-18-2022",Auburn,,9.5500,9.8750,,,H,Georgia,29689,Emily Schild
"Fri, Feb-25-2022",Arkansas,,9.7750,9.8250,,,A,Georgia,29689,Emily Schild
"Fri, Mar-04-2022",Missouri,,9.1250,9.8000,,,H,Georgia,29689,Emily Schild
"Sun, Mar-06-2022","Alabama, Arkansas, Auburn",,,9.7750,,,A,Georgia,29689,Emily Schild
"Sat, Mar-12-2022",North Carolina,,9.1250,9.8000,,,H,Georgia,29689,Emily Schild
"Sat, Mar-19-2022","Alabama, Arkansas, Auburn, Florida, Kentucky, LSU, Missouri",,,9.8000,,,A,Georgia,29689,Emily Schild
"Thu, Mar-31-2022",,,9.8000,9.7250,,,A,Georgia,29689,Emily Schild
"Thu, Jan-06-2022",Michigan,9.8250,9.2250,,,,A,Georgia,29966,Abbey Ward
"Fri, Jan-21-2022",Florida,9.8250,9.8250,,,,H,Georgia,29966,Abbey Ward
"Fri, Jan-28-2022",LSU,9.8250,8.9750,,,,H,Georgia,29966,Abbey Ward
"Fri, Feb-04-2022","Central Michigan, Illinois, Kentucky",9.8500,,,,,A,Georgia,29966,Abbey Ward
"Fri, Feb-11-2022",Alabama,9.8750,9.8500,,,,A,Georgia,29966,Abbey Ward
"Fri, Feb-18-2022",Auburn,9.8250,9.1000,,,,H,Georgia,29966,Abbey Ward
"Fri, Feb-25-2022",Arkansas,9.8500,,,,,A,Georgia,29966,Abbey Ward
"Fri, Mar-04-2022",Missouri,9.8000,9.8000,,,,H,Georgia,29966,Abbey Ward
"Sun, Mar-06-2022","Alabama, Arkansas, Auburn",9.8500,9.9000,,,,A,Georgia,29966,Abbey Ward
"Sat, Mar-12-2022",North Carolina,9.8750,9.8500,,,,H,Georgia,29966,Abbey Ward
"Sat, Mar-19-2022","Alabama, Arkansas, Auburn, Florida, Kentucky, LSU, Missouri",9.7500,9.7250,,,,A,Georgia,29966,Abbey Ward
"Thu, Mar-31-2022",,9.8500,9.8000,,,,A,Georgia,29966,Abbey Ward
"Fri, Jan-07-2022",UW-La Crosse,9.1250,,8.8500,,,A,Gustavus Adolphus,31714,Lindsay Bangs
"Sat, Jan-22-2022",UW-Whitewater,9.2000,,8.0000,,,A,Gustavus Adolphus,31714,Lindsay Bangs
"Fri, Jan-28-2022","Hamline, UW-Whitewater",9.2250,,9.5000,8.8250,,A,Gustavus Adolphus,31714,Lindsay Bangs
"Fri, Feb-11-2022",UW-Eau Claire,9.3000,,8.8000,,,H,Gustavus Adolphus,31714,Lindsay Bangs
"Thu, Feb-17-2022",UW-Stout,9.2500,,9.4000,,,A,Gustavus Adolphus,31714,Lindsay Bangs
"Sat, Feb-26-2022",UW-Oshkosh,9.4750,,9.2500,,,H,Gustavus Adolphus,31714,Lindsay Bangs
"Fri, Jan-28-2022","Hamline, UW-Whitewater",,,,8.0250,,A,Gustavus Adolphus,31706,Ella Binfet
"Sat, Feb-26-2022",UW-Oshkosh,,,8.8500,,,H,Gustavus Adolphus,31208,Izzy Breitkreutz
"Sat, Mar-05-2022","Hamline, UW-Eau Claire, UW-La Crosse, UW-Oshkosh, UW-Stout, UW-Whitewater, Winona State",,,8.7500,,,A,Gustavus Adolphus,31208,Izzy Breitkreutz
"Fri, Jan-07-2022",UW-La Crosse,,8.8750,8.4000,,,A,Gustavus Adolphus,31209,Katy Cash
"Sat, Jan-22-2022",UW-Whitewater,,9.0000,8.3000,8.1000,,A,Gustavus Adolphus,31209,Katy Cash
"Fri, Jan-28-2022","Hamline, UW-Whitewater",,8.5500,8.4500,,,A,Gustavus Adolphus,31209,Katy Cash
"Fri, Feb-04-2022",Winona State,,8.9000,9.3000,8.8000,,H,Gustavus Adolphus,31209,Katy Cash
"Fri, Feb-11-2022",UW-Eau Claire,,8.9750,8.6000,8.9500,,H,Gustavus Adolphus,31209,Katy Cash
"Thu, Feb-17-2022",UW-Stout,,8.9500,8.2250,9.0500,,A,Gustavus Adolphus,31209,Katy Cash
"Sat, Feb-26-2022",UW-Oshkosh,,8.3000,,9.1750,,H,Gustavus Adolphus,31209,Katy Cash
"Sat, Mar-05-2022","Hamline, UW-Eau Claire, UW-La Crosse, UW-Oshkosh, UW-Stout, UW-Whitewater, Winona State",,8.9000,8.7500,,,A,Gustavus Adolphus,31209,Katy Cash
"Fri, Jan-07-2022",UW-La Crosse,8.8750,8.9500,9.6250,9.4250,36.8750,A,Gustavus Adolphus,30648,Annie Corbett
"Sat, Jan-22-2022",UW-Whitewater,9.1750,9.4500,9.1250,9.0500,36.8000,A,Gustavus Adolphus,30648,Annie Corbett
"Fri, Jan-28-2022","Hamline, UW-Whitewater",,9.3500,9.1000,,,A,Gustavus Adolphus,30648,Annie Corbett
"Fri, Jan-07-2022",UW-La Crosse,9.1750,,8.7500,9.1750,,A,Gustavus Adolphus,30649,Emma Esteb
"Sat, Jan-22-2022",UW-Whitewater,9.3500,,8.9500,8.5500,,A,Gustavus Adolphus,30649,Emma Esteb
"Fri, Jan-28-2022","Hamline, UW-Whitewater",,,,9.4250,,A,Gustavus Adolphus,30649,Emma Esteb
"Fri, Feb-04-2022",Winona State,9.2250,,9.2500,9.1000,,H,Gustavus Adolphus,30649,Emma Esteb
"Fri, Feb-11-2022",UW-Eau Claire,9.1500,,9.2250,9.1750,,H,Gustavus Adolphus,30649,Emma Esteb
"Thu, Feb-17-2022",UW-Stout,,,9.5000,9.0250,,A,Gustavus Adolphus,30649,Emma Esteb
"Sat, Feb-26-2022",UW-Oshkosh,9.4000,,9.3500,9.3000,,H,Gustavus Adolphus,30649,Emma Esteb
"Sat, Mar-05-2022","Hamline, UW-Eau Claire, UW-La Crosse, UW-Oshkosh, UW-Stout, UW-Whitewater, Winona State",9.4000,,9.3250,9.3250,,A,Gustavus Adolphus,30649,Emma Esteb
"Fri, Feb-04-2022",Winona State,,7.9000,,,,H,Gustavus Adolphus,30650,Ashley Goeltl
"Fri, Feb-11-2022",UW-Eau Claire,,8.7500,,,,H,Gustavus Adolphus,30650,Ashley Goeltl
"Fri, Jan-07-2022",UW-La Crosse,,,,8.9500,,A,Gustavus Adolphus,31214,Caylee Greeder
"Sat, Jan-22-2022",UW-Whitewater,,,,9.1500,,A,Gustavus Adolphus,31214,Caylee Greeder
"Fri, Jan-28-2022","Hamline, UW-Whitewater",,,,9.1000,,A,Gustavus Adolphus,31214,Caylee Greeder
"Fri, Feb-04-2022",Winona State,,,,9.1500,,H,Gustavus Adolphus,31214,Caylee Greeder
"Fri, Feb-11-2022",UW-Eau Claire,,,,9.1500,,H,Gustavus Adolphus,31214,Caylee Greeder
"Thu, Feb-17-2022",UW-Stout,,,,9.2750,,A,Gustavus Adolphus,31214,Caylee Greeder
"Sat, Feb-26-2022",UW-Oshkosh,,,,9.3000,,H,Gustavus Adolphus,31214,Caylee Greeder
"Sat, Mar-05-2022","Hamline, UW-Eau Claire, UW-La Crosse, UW-Oshkosh, UW-Stout, UW-Whitewater, Winona State",,,,9.3750,,A,Gustavus Adolphus,31214,Caylee Greeder
"Sat, Jan-22-2022",UW-Whitewater,,,,9.5000,,A,Gustavus Adolphus,30651,Jenna Griffith
"Fri, Jan-28-2022","Hamline, UW-Whitewater",,,,9.2750,,A,Gustavus Adolphus,30651,Jenna Griffith
"Fri, Feb-04-2022",Winona State,,,,9.4000,,H,Gustavus Adolphus,30651,Jenna Griffith
"Thu, Feb-17-2022",UW-Stout,,,,9.3000,,A,Gustavus Adolphus,30651,Jenna Griffith
"Sat, Feb-26-2022",UW-Oshkosh,,,,9.2000,,H,Gustavus Adolphus,30651,Jenna Griffith
"Sat, Mar-05-2022","Hamline, UW-Eau Claire, UW-La Crosse, UW-Oshkosh, UW-Stout, UW-Whitewater, Winona State",,,,9.4500,,A,Gustavus Adolphus,30651,Jenna Griffith
"Fri, Jan-07-2022",UW-La Crosse,,8.9000,,,,A,Gustavus Adolphus,31709,Lili Guy
"Fri, Feb-04-2022",Winona State,9.2000,,,,,H,Gustavus Adolphus,31710,Lily Horsch
"Thu, Feb-17-2022",UW-Stout,9.3000,,,,,A,Gustavus Adolphus,31710,Lily Horsch
"Sat, Mar-05-2022","Hamline, UW-Eau Claire, UW-La Crosse, UW-Oshkosh, UW-Stout, UW-Whitewater, Winona State",9.4250,,,,,A,Gustavus Adolphus,31710,Lily Horsch
"Sat, Mar-05-2022","Hamline, UW-Eau Claire, UW-La Crosse, UW-Oshkosh, UW-Stout, UW-Whitewater, Winona State",,,,9.2500,,A,Gustavus Adolphus,31711,Olivia Jahnke
"Fri, Jan-07-2022",UW-La Crosse,9.2250,8.2250,,9.4000,,A,Gustavus Adolphus,30194,Brooke Merila
"Sat, Jan-22-2022",UW-Whitewater,9.4000,9.3500,,9.5250,,A,Gustavus Adolphus,30194,Brooke Merila
"Fri, Jan-28-2022","Hamline, UW-Whitewater",9.3250,8.9500,,9.5750,,A,Gustavus Adolphus,30194,Brooke Merila
"Fri, Feb-04-2022",Winona State,9.3750,8.2500,8.6000,9.5750,35.8000,H,Gustavus Adolphus,30194,Brooke Merila
"Fri, Feb-11-2022",UW-Eau Claire,9.2250,8.2500,8.6750,9.3750,35.5250,H,Gustavus Adolphus,30194,Brooke Merila
"Thu, Feb-17-2022",UW-Stout,9.3750,8.7000,8.6750,9.4250,36.1750,A,Gustavus Adolphus,30194,Brooke Merila
"Sat, Feb-26-2022",UW-Oshkosh,9.4500,9.0250,8.1500,9.4750,36.1000,H,Gustavus Adolphus,30194,Brooke Merila
"Sat, Mar-05-2022","Hamline, UW-Eau Claire, UW-La Crosse, UW-Oshkosh, UW-Stout, UW-Whitewater, Winona State",9.3750,8.9500,8.9750,9.4500,36.7500,A,Gustavus Adolphus,30194,Brooke Merila
"Sat, Mar-26-2022","Brockport, Cortland State, Ithaca College, Rhode Island College, Springfield College, UW-Eau Claire, UW-La Crosse, UW-Oshkosh, UW-Stout, UW-Whitewater, Ursinus College, Winona State",9.3750,8.4750,8.7500,9.6500,36.2500,A,Gustavus Adolphus,30194,Brooke Merila
"Sat, Jan-22-2022",UW-Whitewater,9.4500,8.8000,7.5000,,,A,Gustavus Adolphus,31712,Marley Michaud
"Fri, Jan-28-2022","Hamline, UW-Whitewater",9.1250,8.3000,8.5000,,,A,Gustavus Adolphus,31712,Marley Michaud
"Fri, Feb-04-2022",Winona State,9.1500,8.4500,9.0000,,,H,Gustavus Adolphus,31712,Marley Michaud
"Fri, Feb-11-2022",UW-Eau Claire,9.4000,8.4250,,,,H,Gustavus Adolphus,31712,Marley Michaud
"Thu, Feb-17-2022",UW-Stout,9.5250,8.1000,,,,A,Gustavus Adolphus,31712,Marley Michaud
"Sat, Feb-26-2022",UW-Oshkosh,9.4500,8.5500,8.4500,,,H,Gustavus Adolphus,31712,Marley Michaud
"Sat, Mar-05-2022","Hamline, UW-Eau Claire, UW-La Crosse, UW-Oshkosh, UW-Stout, UW-Whitewater, Winona State",9.2750,8.6500,9.0500,,,A,Gustavus Adolphus,31712,Marley Michaud
"Fri, Jan-07-2022",UW-La Crosse,9.3250,9.6000,8.8000,,,A,Gustavus Adolphus,30195,Sophia Redding
"Sat, Jan-22-2022",UW-Whitewater,,9.7000,,,,A,Gustavus Adolphus,30195,Sophia Redding
"Fri, Jan-28-2022","Hamline, UW-Whitewater",,9.6250,8.3750,,,A,Gustavus Adolphus,30195,Sophia Redding
"Fri, Feb-04-2022",Winona State,9.4000,9.3250,9.1000,,,H,Gustavus Adolphus,30195,Sophia Redding
"Fri, Feb-11-2022",UW-Eau Claire,9.5750,9.3500,8.5000,,,H,Gustavus Adolphus,30195,Sophia Redding
"Thu, Feb-17-2022",UW-Stout,9.5000,9.4500,8.8000,,,A,Gustavus Adolphus,30195,Sophia Redding
"Sat, Feb-26-2022",UW-Oshkosh,9.5500,9.4500,8.3500,,,H,Gustavus Adolphus,30195,Sophia Redding
"Sat, Mar-05-2022","Hamline, UW-Eau Claire, UW-La Crosse, UW-Oshkosh, UW-Stout, UW-Whitewater, Winona State",9.7000,9.4750,8.8000,,,A,Gustavus Adolphus,30195,Sophia Redding
"Sat, Mar-26-2022","Brockport, Cortland State, Ithaca College, Rhode Island College, Springfield College, UW-Eau Claire, UW-La Crosse, UW-Oshkosh, UW-Stout, UW-Whitewater, Ursinus College, Winona State",,9.7250,,,,A,Gustavus Adolphus,30195,Sophia Redding
"Fri, Jan-07-2022",UW-La Crosse,,,9.1000,,,A,Gustavus Adolphus,31212,Kendra Smaby
"Sat, Jan-22-2022",UW-Whitewater,,7.6500,9.3750,,,A,Gustavus Adolphus,31212,Kendra Smaby
"Fri, Jan-28-2022","Hamline, UW-Whitewater",,,8.7000,,,A,Gustavus Adolphus,31212,Kendra Smaby
"Fri, Feb-11-2022",UW-Eau Claire,,8.2000,9.1000,,,H,Gustavus Adolphus,31212,Kendra Smaby
"Thu, Feb-17-2022",UW-Stout,,8.2500,8.1000,,,A,Gustavus Adolphus,31212,Kendra Smaby
"Sat, Feb-26-2022",UW-Oshkosh,,8.4750,,,,H,Gustavus Adolphus,31212,Kendra Smaby
"Sat, Mar-05-2022","Hamline, UW-Eau Claire, UW-La Crosse, UW-Oshkosh, UW-Stout, UW-Whitewater, Winona State",,9.3750,,,,A,Gustavus Adolphus,31212,Kendra Smaby
"Fri, Jan-07-2022",UW-La Crosse,,8.8000,,9.0500,,A,Gustavus Adolphus,31213,Abby Willis
"Fri, Jan-28-2022","Hamline, UW-Whitewater",9.3500,7.6500,,,,A,Gustavus Adolphus,31213,Abby Willis
"Fri, Feb-04-2022",Winona State,9.4000,8.6750,,,,H,Gustavus Adolphus,31213,Abby Willis
"Fri, Feb-11-2022",UW-Eau Claire,9.3500,,,8.6250,,H,Gustavus Adolphus,31213,Abby Willis
"Thu, Feb-17-2022",UW-Stout,9.5250,8.7000,,9.4250,,A,Gustavus Adolphus,31213,Abby Willis
"Sat, Feb-26-2022",UW-Oshkosh,9.5500,8.6000,,9.3000,,H,Gustavus Adolphus,31213,Abby Willis
"Sat, Mar-05-2022","Hamline, UW-Eau Claire, UW-La Crosse, UW-Oshkosh, UW-Stout, UW-Whitewater, Winona State",9.4750,8.8250,,9.4000,,A,Gustavus Adolphus,31213,Abby Willis
"Fri, Feb-04-2022",Winona State,,,9.1750,,,H,Gustavus Adolphus,30653,McKenna Zelenka
"Fri, Jan-14-2022","Gustavus Adolphus, UW-Oshkosh, Winona State",,,8.0250,,,H,Hamline,31242,Nadia Abid
"Fri, Jan-28-2022","Gustavus Adolphus, UW-Whitewater",9.1750,,,,,H,Hamline,31242,Nadia Abid
"Thu, Feb-03-2022",UW-Oshkosh,9.2250,,8.2500,,,A,Hamline,31242,Nadia Abid
"Sat, Mar-05-2022","Gustavus Adolphus, UW-Eau Claire, UW-La Crosse, UW-Oshkosh, UW-Stout, UW-Whitewater, Winona State",,,8.4000,,,A,Hamline,31242,Nadia Abid
"Fri, Jan-14-2022","Gustavus Adolphus, UW-Oshkosh, Winona State",,,7.9500,9.1500,,H,Hamline,31167,Emily Anderson
"Fri, Jan-21-2022",Winona State,,,,9.0000,,A,Hamline,31167,Emily Anderson
"Fri, Jan-28-2022","Gustavus Adolphus, UW-Whitewater",,,,9.5500,,H,Hamline,31167,Emily Anderson
"Thu, Feb-03-2022",UW-Oshkosh,,,9.3250,8.7500,,A,Hamline,31167,Emily Anderson
"Fri, Feb-11-2022",UW-Stout,,,8.4250,9.4500,,H,Hamline,31167,Emily Anderson
"Fri, Feb-18-2022","UW-Eau Claire, UW-Whitewater, Winona State",,,8.6250,9.4500,,A,Hamline,31167,Emily Anderson
"Sat, Mar-05-2022","Gustavus Adolphus, UW-Eau Claire, UW-La Crosse, UW-Oshkosh, UW-Stout, UW-Whitewater, Winona State",,,,8.3000,,A,Hamline,31167,Emily Anderson
"Fri, Jan-14-2022","Gustavus Adolphus, UW-Oshkosh, Winona State",9.3000,7.5250,,,,H,Hamline,31337,Julia Cheely
"Fri, Jan-21-2022",Winona State,9.1250,,,,,A,Hamline,31337,Julia Cheely
"Fri, Jan-28-2022","Gustavus Adolphus, UW-Whitewater",8.7500,8.2750,,,,H,Hamline,31337,Julia Cheely
"Thu, Feb-03-2022",UW-Oshkosh,9.1500,,,,,A,Hamline,31337,Julia Cheely
"Fri, Feb-11-2022",UW-Stout,,8.2500,,,,H,Hamline,31337,Julia Cheely
"Fri, Feb-18-2022","UW-Eau Claire, UW-Whitewater, Winona State",,8.0000,,,,A,Hamline,31337,Julia Cheely
"Sat, Mar-05-2022","Gustavus Adolphus, UW-Eau Claire, UW-La Crosse, UW-Oshkosh, UW-Stout, UW-Whitewater, Winona State",9.4000,8.4500,,,,A,Hamline,31337,Julia Cheely
"Fri, Jan-14-2022","Gustavus Adolphus, UW-Oshkosh, Winona State",8.8250,,,,,H,Hamline,30721,Bailee Davis
"Fri, Jan-21-2022",Winona State,9.4000,,8.6250,,,A,Hamline,30721,Bailee Davis
"Fri, Jan-28-2022","Gustavus Adolphus, UW-Whitewater",9.2500,,8.6250,,,H,Hamline,30721,Bailee Davis
"Thu, Feb-03-2022",UW-Oshkosh,9.0250,,,,,A,Hamline,30721,Bailee Davis
"Fri, Feb-11-2022",UW-Stout,9.4000,,,9.3000,,H,Hamline,30721,Bailee Davis
"Fri, Feb-18-2022","UW-Eau Claire, UW-Whitewater, Winona State",9.1000,,,9.2000,,A,Hamline,30721,Bailee Davis
"Sat, Mar-05-2022","Gustavus Adolphus, UW-Eau Claire, UW-La Crosse, UW-Oshkosh, UW-Stout, UW-Whitewater, Winona State",9.4750,,,9.2250,,A,Hamline,30721,Bailee Davis
"Fri, Jan-14-2022","Gustavus Adolphus, UW-Oshkosh, Winona State",9.2750,8.1000,,9.3750,,H,Hamline,30723,Danielle Jaworski
"Fri, Jan-21-2022",Winona State,9.1750,,,9.2500,,A,Hamline,30723,Danielle Jaworski
"Fri, Jan-28-2022","Gustavus Adolphus, UW-Whitewater",9.0000,,,9.2500,,H,Hamline,30723,Danielle Jaworski
"Thu, Feb-03-2022",UW-Oshkosh,9.1000,,,9.3500,,A,Hamline,30723,Danielle Jaworski
"Fri, Feb-11-2022",UW-Stout,9.3500,9.1500,,9.5750,,H,Hamline,30723,Danielle Jaworski
"Fri, Feb-18-2022","UW-Eau Claire, UW-Whitewater, Winona State",9.2750,9.0500,,9.4250,,A,Hamline,30723,Danielle Jaworski
"Sat, Mar-05-2022","Gustavus Adolphus, UW-Eau Claire, UW-La Crosse, UW-Oshkosh, UW-Stout, UW-Whitewater, Winona State",9.3750,9.0250,,9.4000,,A,Hamline,30723,Danielle Jaworski
"Fri, Jan-14-2022","Gustavus Adolphus, UW-Oshkosh, Winona State",9.1250,8.3750,8.4500,8.8000,34.7500,H,Hamline,30285,Nikki Johnsen
"Fri, Jan-21-2022",Winona State,8.9750,8.1500,,8.5500,,A,Hamline,30285,Nikki Johnsen
"Fri, Jan-28-2022","Gustavus Adolphus, UW-Whitewater",9.3250,8.3750,,9.2250,,H,Hamline,30285,Nikki Johnsen
"Thu, Feb-03-2022",UW-Oshkosh,9.0000,8.5500,9.4750,9.2500,36.2750,A,Hamline,30285,Nikki Johnsen
"Fri, Feb-11-2022",UW-Stout,9.0500,7.6000,8.4250,8.8000,33.8750,H,Hamline,30285,Nikki Johnsen
"Fri, Feb-18-2022","UW-Eau Claire, UW-Whitewater, Winona State",,,9.3750,,,A,Hamline,30285,Nikki Johnsen
"Sat, Mar-05-2022","Gustavus Adolphus, UW-Eau Claire, UW-La Crosse, UW-Oshkosh, UW-Stout, UW-Whitewater, Winona State",9.4500,,8.9500,9.2750,,A,Hamline,30285,Nikki Johnsen
"Fri, Jan-14-2022","Gustavus Adolphus, UW-Oshkosh, Winona State",,,8.5500,,,H,Hamline,30286,Katie Kalland
"Fri, Jan-21-2022",Winona State,,,8.9000,,,A,Hamline,30286,Katie Kalland
"Fri, Jan-28-2022","Gustavus Adolphus, UW-Whitewater",,,8.8250,,,H,Hamline,30286,Katie Kalland
"Fri, Feb-11-2022",UW-Stout,,,8.9000,,,H,Hamline,30286,Katie Kalland
"Fri, Feb-18-2022","UW-Eau Claire, UW-Whitewater, Winona State",,,9.0000,,,A,Hamline,30286,Katie Kalland
"Sat, Mar-05-2022","Gustavus Adolphus, UW-Eau Claire, UW-La Crosse, UW-Oshkosh, UW-Stout, UW-Whitewater, Winona State",,,9.3750,,,A,Hamline,30286,Katie Kalland
"Fri, Feb-11-2022",UW-Stout,8.9000,,,,,H,Hamline,31791,Madison Latzke
"Fri, Feb-18-2022","UW-Eau Claire, UW-Whitewater, Winona State",9.2000,,,,,A,Hamline,31791,Madison Latzke
"Sat, Mar-05-2022","Gustavus Adolphus, UW-Eau Claire, UW-La Crosse, UW-Oshkosh, UW-Stout, UW-Whitewater, Winona State",9.5250,,,,,A,Hamline,31791,Madison Latzke
"Fri, Jan-14-2022","Gustavus Adolphus, UW-Oshkosh, Winona State",,8.4000,9.1750,,,H,Hamline,30724,Madison Lieurance
"Fri, Jan-21-2022",Winona State,,7.9000,9.3000,,,A,Hamline,30724,Madison Lieurance
"Fri, Jan-28-2022","Gustavus Adolphus, UW-Whitewater",,,8.7250,,,H,Hamline,30724,Madison Lieurance
"Thu, Feb-03-2022",UW-Oshkosh,,,9.3750,,,A,Hamline,30724,Madison Lieurance
"Fri, Feb-11-2022",UW-Stout,,,9.5000,,,H,Hamline,30724,Madison Lieurance
"Fri, Feb-18-2022","UW-Eau Claire, UW-Whitewater, Winona State",,7.9750,9.0500,,,A,Hamline,30724,Madison Lieurance
"Sat, Mar-05-2022","Gustavus Adolphus, UW-Eau Claire, UW-La Crosse, UW-Oshkosh, UW-Stout, UW-Whitewater, Winona State",,,9.4250,,,A,Hamline,30724,Madison Lieurance
"Thu, Feb-03-2022",UW-Oshkosh,,8.9500,,,,A,Hamline,31792,Lily Ramsdell
"Fri, Feb-11-2022",UW-Stout,,8.6750,,,,H,Hamline,31792,Lily Ramsdell
"Sat, Mar-05-2022","Gustavus Adolphus, UW-Eau Claire, UW-La Crosse, UW-Oshkosh, UW-Stout, UW-Whitewater, Winona State",,,8.6500,,,A,Hamline,31792,Lily Ramsdell
"Fri, Jan-14-2022","Gustavus Adolphus, UW-Oshkosh, Winona State",8.7500,,,9.0500,,H,Hamline,30726,Elizabeth Schauer
"Fri, Jan-21-2022",Winona State,,8.3500,,8.8500,,A,Hamline,30726,Elizabeth Schauer
"Fri, Jan-28-2022","Gustavus Adolphus, UW-Whitewater",,8.6750,,9.1750,,H,Hamline,30726,Elizabeth Schauer
"Thu, Feb-03-2022",UW-Oshkosh,,7.5500,,9.2500,,A,Hamline,30726,Elizabeth Schauer
"Fri, Feb-11-2022",UW-Stout,9.1250,,,9.5000,,H,Hamline,30726,Elizabeth Schauer
"Fri, Feb-18-2022","UW-Eau Claire, UW-Whitewater, Winona State",8.9750,,,9.1250,,A,Hamline,30726,Elizabeth Schauer
"Sat, Mar-05-2022","Gustavus Adolphus, UW-Eau Claire, UW-La Crosse, UW-Oshkosh, UW-Stout, UW-Whitewater, Winona State",,8.7500,,9.3500,,A,Hamline,30726,Elizabeth Schauer
"Fri, Jan-21-2022",Winona State,,8.6250,,,,A,Hamline,30289,Carolina Schlawiedt
"Fri, Jan-28-2022","Gustavus Adolphus, UW-Whitewater",,9.2000,,,,H,Hamline,30289,Carolina Schlawiedt
"Thu, Feb-03-2022",UW-Oshkosh,,8.2500,,,,A,Hamline,30289,Carolina Schlawiedt
"Fri, Feb-11-2022",UW-Stout,,8.9500,,,,H,Hamline,30289,Carolina Schlawiedt
"Fri, Feb-18-2022","UW-Eau Claire, UW-Whitewater, Winona State",8.7750,8.7500,,,,A,Hamline,30289,Carolina Schlawiedt
"Sat, Mar-05-2022","Gustavus Adolphus, UW-Eau Claire, UW-La Crosse, UW-Oshkosh, UW-Stout, UW-Whitewater, Winona State",,9.2500,,,,A,Hamline,30289,Carolina Schlawiedt
"Fri, Jan-14-2022","Gustavus Adolphus, UW-Oshkosh, Winona State",8.9500,7.3250,9.0000,9.0500,34.3250,H,Hamline,30727,Madeline Sowinski
"Fri, Jan-21-2022",Winona State,8.5000,8.5000,9.3500,8.8500,35.2000,A,Hamline,30727,Madeline Sowinski
"Fri, Jan-28-2022","Gustavus Adolphus, UW-Whitewater",,9.1000,9.5750,9.6750,,H,Hamline,30727,Madeline Sowinski
"Thu, Feb-03-2022",UW-Oshkosh,,9.0000,8.2500,9.2250,,A,Hamline,30727,Madeline Sowinski
"Fri, Feb-11-2022",UW-Stout,,9.1500,9.4750,9.5750,,H,Hamline,30727,Madeline Sowinski
"Fri, Feb-18-2022","UW-Eau Claire, UW-Whitewater, Winona State",9.2750,9.0750,9.5250,9.5250,37.4000,A,Hamline,30727,Madeline Sowinski
"Sat, Mar-05-2022","Gustavus Adolphus, UW-Eau Claire, UW-La Crosse, UW-Oshkosh, UW-Stout, UW-Whitewater, Winona State",9.4750,9.1000,9.3250,8.7500,36.6500,A,Hamline,30727,Madeline Sowinski
"Fri, Jan-21-2022",Winona State,,,9.1250,,,A,Hamline,30290,Savannah Tafolla
"Fri, Jan-28-2022","Gustavus Adolphus, UW-Whitewater",,,9.1250,,,H,Hamline,30290,Savannah Tafolla
"Thu, Feb-03-2022",UW-Oshkosh,,,8.4000,,,A,Hamline,30290,Savannah Tafolla
"Fri, Feb-11-2022",UW-Stout,,,8.6500,,,H,Hamline,30290,Savannah Tafolla
"Fri, Feb-18-2022","UW-Eau Claire, UW-Whitewater, Winona State",,,8.3500,,,A,Hamline,30290,Savannah Tafolla
"Fri, Jan-14-2022","Gustavus Adolphus, UW-Oshkosh, Winona State",,,,8.6500,,H,Hamline,30291,Katie Viles
"Fri, Jan-21-2022",Winona State,,,8.5500,,,A,Hamline,30291,Katie Viles
"Fri, Jan-28-2022","Gustavus Adolphus, UW-Whitewater",,,7.8000,8.0500,,H,Hamline,30291,Katie Viles
"Fri, Feb-18-2022","UW-Eau Claire, UW-Whitewater, Winona State",,,,9.2500,,A,Hamline,30291,Katie Viles
"Fri, Jan-14-2022","Gustavus Adolphus, UW-Oshkosh, Winona State",,8.2750,,,,H,Hamline,31340,Brianna Weikel
"Fri, Jan-21-2022",Winona State,,6.8000,,,,A,Hamline,31340,Brianna Weikel
"Fri, Jan-28-2022","Gustavus Adolphus, UW-Whitewater",,8.5500,,,,H,Hamline,31340,Brianna Weikel
"Thu, Feb-03-2022",UW-Oshkosh,,8.3000,,,,A,Hamline,31340,Brianna Weikel
"Fri, Feb-18-2022","UW-Eau Claire, UW-Whitewater, Winona State",,9.1000,,,,A,Hamline,31340,Brianna Weikel
"Sat, Mar-05-2022","Gustavus Adolphus, UW-Eau Claire, UW-La Crosse, UW-Oshkosh, UW-Stout, UW-Whitewater, Winona State",,9.2250,,,,A,Hamline,31340,Brianna Weikel
"Fri, Jan-21-2022",Winona State,8.9750,,,8.5500,,A,Hamline,31790,Meighan White
"Fri, Jan-28-2022","Gustavus Adolphus, UW-Whitewater",9.1500,,,,,H,Hamline,31790,Meighan White
"Thu, Feb-03-2022",UW-Oshkosh,9.1750,,,8.7250,,A,Hamline,31790,Meighan White
"Fri, Feb-11-2022",UW-Stout,9.0500,,,,,H,Hamline,31790,Meighan White
"Sun, Jan-09-2022",Central Michigan,,9.8250,9.5250,,,A,Illinois,30322,Rachel Borden
"Sat, Jan-29-2022",Penn State,,9.8500,9.7750,,,A,Illinois,30322,Rachel Borden
"Mon, Jan-31-2022",Nebraska,,9.8250,9.7750,,,A,Illinois,30322,Rachel Borden
"Fri, Feb-04-2022","Central Michigan, Georgia, Kentucky",,9.8750,9.7500,,,A,Illinois,30322,Rachel Borden
"Sun, Feb-06-2022",Minnesota,,9.7000,9.7500,,,H,Illinois,30322,Rachel Borden
"Sun, Feb-13-2022",Michigan State,,9.8000,9.8000,,,A,Illinois,30322,Rachel Borden
"Fri, Feb-18-2022","Iowa, Michigan, Michigan State, Minnesota",,9.8000,9.6500,,,A,Illinois,30322,Rachel Borden
"Fri, Feb-25-2022",Rutgers,,9.8250,9.8250,,,H,Illinois,30322,Rachel Borden
"Fri, Mar-04-2022","Boise State, Central Michigan, Northern Illinois",,9.8500,9.8750,,,H,Illinois,30322,Rachel Borden
"Thu, Mar-10-2022",Bowling Green,,7.7500,9.8250,,,H,Illinois,30322,Rachel Borden
"Sat, Mar-12-2022","Iowa State, Lindenwood, Missouri",,9.8000,9.8000,,,A,Illinois,30322,Rachel Borden
"Sat, Mar-19-2022","Iowa, Maryland, Michigan, Michigan State, Minnesota, Nebraska, Ohio State, Penn State, Rutgers",,9.8000,9.7500,,,A,Illinois,30322,Rachel Borden
"Thu, Mar-31-2022",,,9.8500,9.8000,,,A,Illinois,30322,Rachel Borden
"Sun, Jan-09-2022",Central Michigan,,,,9.6250,,A,Illinois,31341,Olivia Bowsman
"Sun, Feb-13-2022",Michigan State,,,9.8000,,,A,Illinois,30410,McKenzie Eddy
"Fri, Feb-18-2022","Iowa, Michigan, Michigan State, Minnesota",,,8.7500,,,A,Illinois,30410,McKenzie Eddy
"Sat, Jan-29-2022",Penn State,,9.1750,9.8500,9.8500,,A,Illinois,30902,Kaitlyn Ewald
"Mon, Jan-31-2022",Nebraska,,9.7750,9.3000,9.7500,,A,Illinois,30902,Kaitlyn Ewald
"Fri, Feb-04-2022","Central Michigan, Georgia, Kentucky",,9.9000,8.7000,9.8500,,A,Illinois,30902,Kaitlyn Ewald
"Sun, Feb-06-2022",Minnesota,,9.7750,,9.7500,,H,Illinois,30902,Kaitlyn Ewald
"Sun, Feb-13-2022",Michigan State,,9.8750,,9.8250,,A,Illinois,30902,Kaitlyn Ewald
"Fri, Feb-18-2022","Iowa, Michigan, Michigan State, Minnesota",,9.8500,,9.8000,,A,Illinois,30902,Kaitlyn Ewald
"Fri, Feb-25-2022",Rutgers,,9.2750,,9.8750,,H,Illinois,30902,Kaitlyn Ewald
"Fri, Mar-04-2022","Boise State, Central Michigan, Northern Illinois",,,,9.8000,,H,Illinois,30902,Kaitlyn Ewald
"Thu, Mar-10-2022",Bowling Green,,,,9.8750,,H,Illinois,30902,Kaitlyn Ewald
"Sat, Mar-12-2022","Iowa State, Lindenwood, Missouri",,,,9.8750,,A,Illinois,30902,Kaitlyn Ewald
"Sat, Mar-19-2022","Iowa, Maryland, Michigan, Michigan State, Minnesota, Nebraska, Ohio State, Penn State, Rutgers",,,,9.8250,,A,Illinois,30902,Kaitlyn Ewald
"Thu, Mar-31-2022",,,,,9.8500,,A,Illinois,30902,Kaitlyn Ewald
"Sun, Jan-09-2022",Central Michigan,,9.2250,9.8000,9.8250,,A,Illinois,30903,Amelia Knight
"Sat, Jan-29-2022",Penn State,,9.8250,9.8750,9.9000,,A,Illinois,30903,Amelia Knight
"Mon, Jan-31-2022",Nebraska,,9.7250,9.8000,9.8250,,A,Illinois,30903,Amelia Knight
"Fri, Feb-04-2022","Central Michigan, Georgia, Kentucky",,9.3250,9.6250,9.8750,,A,Illinois,30903,Amelia Knight
"Sun, Feb-06-2022",Minnesota,,9.8750,9.7750,9.7250,,H,Illinois,30903,Amelia Knight
"Sun, Feb-13-2022",Michigan State,,9.8250,9.6750,9.8750,,A,Illinois,30903,Amelia Knight
"Fri, Feb-18-2022","Iowa, Michigan, Michigan State, Minnesota",,9.9000,9.8000,9.9000,,A,Illinois,30903,Amelia Knight
"Fri, Feb-25-2022",Rutgers,,9.8000,9.8250,9.4750,,H,Illinois,30903,Amelia Knight
"Fri, Mar-04-2022","Boise State, Central Michigan, Northern Illinois",,9.9000,9.8000,9.9000,,H,Illinois,30903,Amelia Knight
"Thu, Mar-10-2022",Bowling Green,,9.8500,9.8500,9.9250,,H,Illinois,30903,Amelia Knight
"Sat, Mar-12-2022","Iowa State, Lindenwood, Missouri",,9.8000,9.8750,9.8750,,A,Illinois,30903,Amelia Knight
"Sat, Mar-19-2022","Iowa, Maryland, Michigan, Michigan State, Minnesota, Nebraska, Ohio State, Penn State, Rutgers",,9.7750,9.7750,9.8500,,A,Illinois,30903,Amelia Knight
"Thu, Mar-31-2022",,,9.9000,9.9000,9.8000,,A,Illinois,30903,Amelia Knight
"Sun, Jan-09-2022",Central Michigan,,9.8250,9.8250,,,A,Illinois,29969,Mallory Mizuki
"Sat, Jan-29-2022",Penn State,,9.8250,,,,A,Illinois,29969,Mallory Mizuki
"Mon, Jan-31-2022",Nebraska,,9.8500,,,,A,Illinois,29969,Mallory Mizuki
"Fri, Feb-04-2022","Central Michigan, Georgia, Kentucky",,9.8250,,,,A,Illinois,29969,Mallory Mizuki
"Sun, Feb-06-2022",Minnesota,,9.7000,,,,H,Illinois,29969,Mallory Mizuki
"Sun, Feb-13-2022",Michigan State,,9.8500,,,,A,Illinois,29969,Mallory Mizuki
"Fri, Feb-18-2022","Iowa, Michigan, Michigan State, Minnesota",,9.8000,,,,A,Illinois,29969,Mallory Mizuki
"Fri, Feb-25-2022",Rutgers,,9.6250,9.7000,,,H,Illinois,29969,Mallory Mizuki
"Fri, Mar-04-2022","Boise State, Central Michigan, Northern Illinois",,9.9000,9.8750,,,H,Illinois,29969,Mallory Mizuki
"Thu, Mar-10-2022",Bowling Green,,9.3250,9.9250,,,H,Illinois,29969,Mallory Mizuki
"Sat, Mar-12-2022","Iowa State, Lindenwood, Missouri",,9.7750,9.0750,,,A,Illinois,29969,Mallory Mizuki
"Sat, Mar-19-2022","Iowa, Maryland, Michigan, Michigan State, Minnesota, Nebraska, Ohio State, Penn State, Rutgers",,9.7500,9.7750,,,A,Illinois,29969,Mallory Mizuki
"Thu, Mar-31-2022",,,9.8500,9.8500,,,A,Illinois,29969,Mallory Mizuki
"Sun, Jan-09-2022",Central Michigan,,8.8750,,,,A,Illinois,30904,Allie Morgan
"Sun, Feb-06-2022",Minnesota,,,8.6250,,,H,Illinois,30904,Allie Morgan
"Sun, Jan-09-2022",Central Michigan,9.7500,,9.7750,9.7500,,A,Illinois,30905,Abby Mueller
"Sat, Jan-29-2022",Penn State,9.7500,,9.7500,9.8750,,A,Illinois,30905,Abby Mueller
"Mon, Jan-31-2022",Nebraska,9.7250,,9.7250,9.7750,,A,Illinois,30905,Abby Mueller
"Fri, Feb-04-2022","Central Michigan, Georgia, Kentucky",9.7750,,9.7500,9.8250,,A,Illinois,30905,Abby Mueller
"Sun, Feb-06-2022",Minnesota,9.7500,,9.7750,9.8500,,H,Illinois,30905,Abby Mueller
"Sun, Feb-13-2022",Michigan State,9.8750,,9.7000,9.8250,,A,Illinois,30905,Abby Mueller
"Fri, Feb-18-2022","Iowa, Michigan, Michigan State, Minnesota",9.8000,,9.6250,9.8000,,A,Illinois,30905,Abby Mueller
"Fri, Feb-25-2022",Rutgers,9.8250,,9.8000,9.9000,,H,Illinois,30905,Abby Mueller
"Fri, Mar-04-2022","Boise State, Central Michigan, Northern Illinois",,,9.8750,9.8500,,H,Illinois,30905,Abby Mueller
"Thu, Mar-10-2022",Bowling Green,9.8500,,9.8250,9.9250,,H,Illinois,30905,Abby Mueller
"Sat, Mar-12-2022","Iowa State, Lindenwood, Missouri",9.8250,,9.9250,9.9000,,A,Illinois,30905,Abby Mueller
"Sat, Mar-19-2022","Iowa, Maryland, Michigan, Michigan State, Minnesota, Nebraska, Ohio State, Penn State, Rutgers",9.7750,,9.8000,9.8000,,A,Illinois,30905,Abby Mueller
"Thu, Mar-31-2022",,,,9.8250,9.8500,,A,Illinois,30905,Abby Mueller
"Sun, Jan-09-2022",Central Michigan,9.8000,,,,,A,Illinois,31345,Ruthuja Nataraj
"Sat, Jan-29-2022",Penn State,9.7500,,9.6000,9.8750,,A,Illinois,31345,Ruthuja Nataraj
"Mon, Jan-31-2022",Nebraska,9.8000,,8.9500,9.7750,,A,Illinois,31345,Ruthuja Nataraj
"Fri, Feb-04-2022","Central Michigan, Georgia, Kentucky",9.8000,,9.1750,9.8500,,A,Illinois,31345,Ruthuja Nataraj
"Sun, Feb-06-2022",Minnesota,9.8750,,9.3500,9.8250,,H,Illinois,31345,Ruthuja Nataraj
"Sun, Feb-13-2022",Michigan State,9.7750,,,9.8000,,A,Illinois,31345,Ruthuja Nataraj
"Fri, Feb-18-2022","Iowa, Michigan, Michigan State, Minnesota",9.7750,,,9.8250,,A,Illinois,31345,Ruthuja Nataraj
"Fri, Feb-25-2022",Rutgers,9.9000,,,9.9000,,H,Illinois,31345,Ruthuja Nataraj
"Fri, Mar-04-2022","Boise State, Central Michigan, Northern Illinois",9.8250,,,9.7500,,H,Illinois,31345,Ruthuja Nataraj
"Thu, Mar-10-2022",Bowling Green,9.8750,,,9.8000,,H,Illinois,31345,Ruthuja Nataraj
"Sat, Mar-12-2022","Iowa State, Lindenwood, Missouri",9.8500,,,9.8500,,A,Illinois,31345,Ruthuja Nataraj
"Sat, Mar-19-2022","Iowa, Maryland, Michigan, Michigan State, Minnesota, Nebraska, Ohio State, Penn State, Rutgers",9.9000,,,9.8500,,A,Illinois,31345,Ruthuja Nataraj
"Thu, Mar-31-2022",,9.7250,,,9.8750,,A,Illinois,31345,Ruthuja Nataraj
"Sun, Jan-09-2022",Central Michigan,9.8000,9.7500,,9.7000,,A,Illinois,30412,Olivia O'Donnell
"Sat, Jan-29-2022",Penn State,9.8000,9.6750,,9.7500,,A,Illinois,30412,Olivia O'Donnell
"Mon, Jan-31-2022",Nebraska,9.7500,9.8000,,9.7750,,A,Illinois,30412,Olivia O'Donnell
"Fri, Feb-04-2022","Central Michigan, Georgia, Kentucky",9.8000,9.9000,,9.7750,,A,Illinois,30412,Olivia O'Donnell
"Sun, Feb-06-2022",Minnesota,9.8250,9.7500,,9.7500,,H,Illinois,30412,Olivia O'Donnell
"Sun, Feb-13-2022",Michigan State,9.5750,9.8500,,9.7750,,A,Illinois,30412,Olivia O'Donnell
"Fri, Feb-18-2022","Iowa, Michigan, Michigan State, Minnesota",9.8000,9.8750,,9.8250,,A,Illinois,30412,Olivia O'Donnell
"Fri, Feb-25-2022",Rutgers,9.7750,9.9000,,9.8250,,H,Illinois,30412,Olivia O'Donnell
"Fri, Mar-04-2022","Boise State, Central Michigan, Northern Illinois",9.7500,9.8500,,9.7750,,H,Illinois,30412,Olivia O'Donnell
"Thu, Mar-10-2022",Bowling Green,,9.9250,,,,H,Illinois,30412,Olivia O'Donnell
"Sat, Mar-12-2022","Iowa State, Lindenwood, Missouri",,9.9000,,,,A,Illinois,30412,Olivia O'Donnell
"Sat, Mar-19-2022","Iowa, Maryland, Michigan, Michigan State, Minnesota, Nebraska, Ohio State, Penn State, Rutgers",,8.3500,,,,A,Illinois,30412,Olivia O'Donnell
"Thu, Mar-31-2022",,9.8000,9.8500,,,,A,Illinois,30412,Olivia O'Donnell
"Sun, Jan-09-2022",Central Michigan,9.7500,,,,,A,Illinois,30413,Lexi Powe
"Sat, Jan-29-2022",Penn State,9.8250,,,,,A,Illinois,30413,Lexi Powe
"Mon, Jan-31-2022",Nebraska,9.8250,,,,,A,Illinois,30413,Lexi Powe
"Fri, Feb-04-2022","Central Michigan, Georgia, Kentucky",9.8000,,,,,A,Illinois,30413,Lexi Powe
"Sun, Feb-06-2022",Minnesota,9.8500,,,,,H,Illinois,30413,Lexi Powe
"Sun, Feb-13-2022",Michigan State,9.8250,,,,,A,Illinois,30413,Lexi Powe
"Fri, Feb-18-2022","Iowa, Michigan, Michigan State, Minnesota",9.9000,,,,,A,Illinois,30413,Lexi Powe
"Fri, Feb-25-2022",Rutgers,9.7500,,,,,H,Illinois,30413,Lexi Powe
"Fri, Mar-04-2022","Boise State, Central Michigan, Northern Illinois",9.7500,,,,,H,Illinois,30413,Lexi Powe
"Thu, Mar-10-2022",Bowling Green,9.8250,,,,,H,Illinois,30413,Lexi Powe
"Sat, Mar-12-2022","Iowa State, Lindenwood, Missouri",9.9000,,,,,A,Illinois,30413,Lexi Powe
"Sat, Mar-19-2022","Iowa, Maryland, Michigan, Michigan State, Minnesota, Nebraska, Ohio State, Penn State, Rutgers",9.7750,,,,,A,Illinois,30413,Lexi Powe
"Thu, Mar-31-2022",,9.8250,,,,,A,Illinois,30413,Lexi Powe
"Sun, Jan-09-2022",Central Michigan,9.6750,,,,,A,Illinois,30906,Ashley Resch
"Fri, Feb-04-2022","Central Michigan, Georgia, Kentucky",9.7000,,,,,A,Illinois,30414,Arayah Simons
"Sun, Feb-06-2022",Minnesota,9.8500,,,,,H,Illinois,30414,Arayah Simons
"Sun, Feb-13-2022",Michigan State,9.9000,,9.1750,,,A,Illinois,30414,Arayah Simons
"Fri, Feb-18-2022","Iowa, Michigan, Michigan State, Minnesota",9.9000,,9.7500,,,A,Illinois,30414,Arayah Simons
"Fri, Feb-25-2022",Rutgers,9.9000,,9.2250,,,H,Illinois,30414,Arayah Simons
"Fri, Mar-04-2022","Boise State, Central Michigan, Northern Illinois",9.8500,9.9000,,,,H,Illinois,30414,Arayah Simons
"Thu, Mar-10-2022",Bowling Green,9.9500,9.8750,,,,H,Illinois,30414,Arayah Simons
"Sat, Mar-12-2022","Iowa State, Lindenwood, Missouri",9.7250,9.8000,,,,A,Illinois,30414,Arayah Simons
"Sat, Mar-19-2022","Iowa, Maryland, Michigan, Michigan State, Minnesota, Nebraska, Ohio State, Penn State, Rutgers",9.8500,9.0000,,,,A,Illinois,30414,Arayah Simons
"Thu, Mar-31-2022",,9.9000,9.3250,,,,A,Illinois,30414,Arayah Simons
"Sun, Jan-09-2022",Central Michigan,,9.5250,9.4500,9.7500,,A,Illinois,30415,Mia Takekawa
"Sat, Jan-29-2022",Penn State,,9.8000,,9.7000,,A,Illinois,30415,Mia Takekawa
"Mon, Jan-31-2022",Nebraska,9.8500,9.9000,9.8000,9.7000,39.2500,A,Illinois,30415,Mia Takekawa
"Fri, Feb-04-2022","Central Michigan, Georgia, Kentucky",9.7750,9.9000,9.7250,9.8750,39.2750,A,Illinois,30415,Mia Takekawa
"Sun, Feb-06-2022",Minnesota,9.8250,9.8500,9.9000,9.8250,39.4000,H,Illinois,30415,Mia Takekawa
"Sun, Feb-13-2022",Michigan State,9.7750,9.8750,9.8750,9.8500,39.3750,A,Illinois,30415,Mia Takekawa
"Fri, Feb-18-2022","Iowa, Michigan, Michigan State, Minnesota",9.7750,9.8750,9.8750,9.8500,39.3750,A,Illinois,30415,Mia Takekawa
"Fri, Feb-25-2022",Rutgers,9.8250,9.8250,9.9250,9.8750,39.4500,H,Illinois,30415,Mia Takekawa
"Fri, Mar-04-2022","Boise State, Central Michigan, Northern Illinois",9.8000,9.9000,9.9500,9.8250,39.4750,H,Illinois,30415,Mia Takekawa
"Thu, Mar-10-2022",Bowling Green,9.8750,9.9500,10.0000,9.9250,39.7500,H,Illinois,30415,Mia Takekawa
"Sat, Mar-12-2022","Iowa State, Lindenwood, Missouri",9.8000,9.9500,9.9500,9.8750,39.5750,A,Illinois,30415,Mia Takekawa
"Sat, Mar-19-2022","Iowa, Maryland, Michigan, Michigan State, Minnesota, Nebraska, Ohio State, Penn State, Rutgers",9.8250,9.9250,9.9500,9.6250,39.3250,A,Illinois,30415,Mia Takekawa
"Thu, Mar-31-2022",,9.8500,9.9500,9.9000,9.8500,39.5500,A,Illinois,30415,Mia Takekawa
"Thu, Apr-14-2022",,,9.8375,,,,A,Illinois,30415,Mia Takekawa
"Sun, Jan-09-2022",Central Michigan,,,9.8250,,,A,Illinois,30416,Mia Townes
"Sat, Jan-29-2022",Penn State,9.8750,,9.8500,,,A,Illinois,30416,Mia Townes
"Fri, Mar-04-2022","Boise State, Central Michigan, Northern Illinois",9.8500,,9.8750,,,H,Illinois,30416,Mia Townes
"Thu, Mar-10-2022",Bowling Green,9.9250,,9.9000,,,H,Illinois,30416,Mia Townes
"Sat, Mar-12-2022","Iowa State, Lindenwood, Missouri",9.7750,,9.8750,9.9250,,A,Illinois,30416,Mia Townes
"Sat, Mar-19-2022","Iowa, Maryland, Michigan, Michigan State, Minnesota, Nebraska, Ohio State, Penn State, Rutgers",9.8500,,9.8500,9.9000,,A,Illinois,30416,Mia Townes
"Thu, Mar-31-2022",,9.9250,,9.9000,9.8750,,A,Illinois,30416,Mia Townes
"Thu, Apr-14-2022",,9.8375,,,,,A,Illinois,30416,Mia Townes
"Sun, Jan-09-2022",Central Michigan,9.6250,,,9.3250,,A,Illinois,30417,Julia Waight
"Sat, Jan-29-2022",Penn State,9.7750,,,,,A,Illinois,30417,Julia Waight
"Mon, Jan-31-2022",Nebraska,9.7750,,,,,A,Illinois,30417,Julia Waight
"Thu, Mar-10-2022",Bowling Green,,,,8.8500,,H,Illinois,30417,Julia Waight
"Fri, Jan-07-2022","Ball State, Missouri, S.E. Missouri",,9.6250,,9.6000,,A,Illinois State,30894,Isabella Decroo
"Sat, Jan-15-2022","Bowling Green, Michigan State",,9.3250,,9.3500,,A,Illinois State,30894,Isabella Decroo
"Fri, Jan-21-2022",Eastern Michigan,,9.4750,,9.5000,,H,Illinois State,30894,Isabella Decroo
"Sun, Jan-30-2022","Ball State, Central Michigan",,9.4750,,9.7000,,A,Illinois State,30894,Isabella Decroo
"Sat, Feb-05-2022",Bowling Green,,9.5750,,9.8000,,A,Illinois State,30894,Isabella Decroo
"Fri, Feb-11-2022",Northern Illinois,,9.4500,,9.1500,,H,Illinois State,30894,Isabella Decroo
"Sun, Feb-13-2022",Northern Illinois,,9.7750,,,,A,Illinois State,30894,Isabella Decroo
"Fri, Feb-18-2022","Iowa State, Lindenwood, S.E. Missouri",,9.5000,,9.5750,,A,Illinois State,30894,Isabella Decroo
"Sun, Feb-20-2022",Lindenwood,,9.3500,,9.7000,,A,Illinois State,30894,Isabella Decroo
"Fri, Feb-25-2022",S.E. Missouri,,,,9.6250,,A,Illinois State,30894,Isabella Decroo
"Sat, Mar-12-2022",S.E. Missouri,,8.3000,,9.8500,,H,Illinois State,30894,Isabella Decroo
"Fri, Mar-18-2022","Centenary College, Lindenwood, S.E. Missouri, Texas Woman's",,,,9.8000,,A,Illinois State,30894,Isabella Decroo
"Fri, Jan-07-2022","Ball State, Missouri, S.E. Missouri",,9.6750,8.8750,,,A,Illinois State,29954,Charlise Doctor
"Sat, Jan-15-2022","Bowling Green, Michigan State",9.7250,9.7000,9.4750,,,A,Illinois State,29954,Charlise Doctor
"Fri, Jan-21-2022",Eastern Michigan,9.7750,9.6750,9.1250,,,H,Illinois State,29954,Charlise Doctor
"Sun, Jan-30-2022","Ball State, Central Michigan",9.7000,8.7750,,,,A,Illinois State,29954,Charlise Doctor
"Sat, Feb-05-2022",Bowling Green,9.8250,9.7000,9.4250,,,A,Illinois State,29954,Charlise Doctor
"Fri, Feb-11-2022",Northern Illinois,9.7750,9.6250,9.4750,,,H,Illinois State,29954,Charlise Doctor
"Sun, Feb-13-2022",Northern Illinois,9.7250,9.8000,9.2000,,,A,Illinois State,29954,Charlise Doctor
"Fri, Feb-18-2022","Iowa State, Lindenwood, S.E. Missouri",9.8500,9.7500,,,,A,Illinois State,29954,Charlise Doctor
"Sun, Feb-20-2022",Lindenwood,9.6750,9.7250,,,,A,Illinois State,29954,Charlise Doctor
"Fri, Feb-25-2022",S.E. Missouri,9.6750,9.8000,,,,A,Illinois State,29954,Charlise Doctor
"Fri, Mar-04-2022","BYU, Washington",9.6750,9.0000,,,,A,Illinois State,29954,Charlise Doctor
"Sat, Mar-12-2022",S.E. Missouri,9.7250,9.8000,,,,H,Illinois State,29954,Charlise Doctor
"Fri, Mar-18-2022","Centenary College, Lindenwood, S.E. Missouri, Texas Woman's",9.7500,9.7750,,,,A,Illinois State,29954,Charlise Doctor
"Fri, Jan-07-2022","Ball State, Missouri, S.E. Missouri",9.5500,,,9.6500,,A,Illinois State,30895,Kaitlyn Donovan
"Sat, Jan-15-2022","Bowling Green, Michigan State",9.7000,,,9.7500,,A,Illinois State,30895,Kaitlyn Donovan
"Fri, Jan-21-2022",Eastern Michigan,9.6500,,,9.7250,,H,Illinois State,30895,Kaitlyn Donovan
"Fri, Jan-07-2022","Ball State, Missouri, S.E. Missouri",9.4750,,,9.4750,,A,Illinois State,25140,Isabelle Fox
"Sat, Jan-15-2022","Bowling Green, Michigan State",,,9.7000,9.7500,,A,Illinois State,25140,Isabelle Fox
"Fri, Jan-21-2022",Eastern Michigan,,,9.5500,9.0750,,H,Illinois State,25140,Isabelle Fox
"Sun, Jan-30-2022","Ball State, Central Michigan",,,9.7750,9.8000,,A,Illinois State,25140,Isabelle Fox
"Sat, Feb-05-2022",Bowling Green,9.7750,,9.7750,9.7750,,A,Illinois State,25140,Isabelle Fox
"Fri, Feb-11-2022",Northern Illinois,9.5750,,9.5000,9.8250,,H,Illinois State,25140,Isabelle Fox
"Sun, Feb-13-2022",Northern Illinois,,,9.8000,9.8000,,A,Illinois State,25140,Isabelle Fox
"Fri, Feb-18-2022","Iowa State, Lindenwood, S.E. Missouri",9.8000,,9.7250,9.7500,,A,Illinois State,25140,Isabelle Fox
"Sun, Feb-20-2022",Lindenwood,9.6500,,9.6250,9.7750,,A,Illinois State,25140,Isabelle Fox
"Fri, Feb-25-2022",S.E. Missouri,9.7250,,9.7750,9.8250,,A,Illinois State,25140,Isabelle Fox
"Fri, Mar-04-2022","BYU, Washington",9.6250,,9.5750,9.7000,,A,Illinois State,25140,Isabelle Fox
"Sat, Mar-12-2022",S.E. Missouri,9.3750,,9.7250,9.0000,,H,Illinois State,25140,Isabelle Fox
"Fri, Mar-18-2022","Centenary College, Lindenwood, S.E. Missouri, Texas Woman's",9.6250,9.6500,8.9500,9.7250,37.9500,A,Illinois State,25140,Isabelle Fox
"Fri, Jan-07-2022","Ball State, Missouri, S.E. Missouri",9.6500,,,,,A,Illinois State,30897,J'Chelle Heard
"Sat, Jan-15-2022","Bowling Green, Michigan State",9.7750,,,,,A,Illinois State,30897,J'Chelle Heard
"Fri, Jan-21-2022",Eastern Michigan,9.7500,,,,,H,Illinois State,30897,J'Chelle Heard
"Sun, Jan-30-2022","Ball State, Central Michigan",9.7750,,,,,A,Illinois State,30897,J'Chelle Heard
"Sat, Feb-05-2022",Bowling Green,9.8000,,,8.8750,,A,Illinois State,30897,J'Chelle Heard
"Fri, Feb-11-2022",Northern Illinois,9.8750,,,,,H,Illinois State,30897,J'Chelle Heard
"Sun, Feb-13-2022",Northern Illinois,9.8500,,,,,A,Illinois State,30897,J'Chelle Heard
"Fri, Feb-18-2022","Iowa State, Lindenwood, S.E. Missouri",9.9000,,,,,A,Illinois State,30897,J'Chelle Heard
"Sun, Feb-20-2022",Lindenwood,9.6250,,,,,A,Illinois State,30897,J'Chelle Heard
"Fri, Feb-25-2022",S.E. Missouri,9.7500,9.2000,,,,A,Illinois State,30897,J'Chelle Heard
"Fri, Mar-04-2022","BYU, Washington",9.8000,9.0500,,,,A,Illinois State,30897,J'Chelle Heard
"Sat, Mar-12-2022",S.E. Missouri,9.7500,,,,,H,Illinois State,30897,J'Chelle Heard
"Fri, Mar-18-2022","Centenary College, Lindenwood, S.E. Missouri, Texas Woman's",9.7750,,,,,A,Illinois State,30897,J'Chelle Heard
"Fri, Jan-07-2022","Ball State, Missouri, S.E. Missouri",,8.5000,9.6750,9.7250,,A,Illinois State,29955,Sofia Iribarren
"Sat, Jan-15-2022","Bowling Green, Michigan State",,9.1500,9.5750,9.3750,,A,Illinois State,29955,Sofia Iribarren
"Fri, Jan-21-2022",Eastern Michigan,,9.8500,9.0500,,,H,Illinois State,29955,Sofia Iribarren
"Sun, Jan-30-2022","Ball State, Central Michigan",,9.6000,9.8250,,,A,Illinois State,29955,Sofia Iribarren
"Sat, Feb-05-2022",Bowling Green,,9.7750,9.7750,,,A,Illinois State,29955,Sofia Iribarren
"Fri, Feb-11-2022",Northern Illinois,,9.8750,9.6000,,,H,Illinois State,29955,Sofia Iribarren
"Sun, Feb-13-2022",Northern Illinois,,9.7750,9.7250,,,A,Illinois State,29955,Sofia Iribarren
"Fri, Feb-18-2022","Iowa State, Lindenwood, S.E. Missouri",,9.8250,9.2000,,,A,Illinois State,29955,Sofia Iribarren
"Sun, Feb-20-2022",Lindenwood,,9.8250,9.7500,,,A,Illinois State,29955,Sofia Iribarren
"Fri, Feb-25-2022",S.E. Missouri,,9.7750,9.2000,,,A,Illinois State,29955,Sofia Iribarren
"Fri, Mar-04-2022","BYU, Washington",,9.6250,9.0000,,,A,Illinois State,29955,Sofia Iribarren
"Sat, Mar-12-2022",S.E. Missouri,,9.9000,,,,H,Illinois State,29955,Sofia Iribarren
"Fri, Mar-18-2022","Centenary College, Lindenwood, S.E. Missouri, Texas Woman's",,9.3500,9.1750,,,A,Illinois State,29955,Sofia Iribarren
"Fri, Jan-07-2022","Ball State, Missouri, S.E. Missouri",,9.3750,9.8500,,,A,Illinois State,30899,Madison Kipp
"Sat, Jan-15-2022","Bowling Green, Michigan State",,9.2500,9.7250,,,A,Illinois State,30899,Madison Kipp
"Fri, Jan-21-2022",Eastern Michigan,,9.6750,9.6250,,,H,Illinois State,30899,Madison Kipp
"Sun, Jan-30-2022","Ball State, Central Michigan",9.6750,9.7500,9.8500,,,A,Illinois State,30899,Madison Kipp
"Sat, Feb-05-2022",Bowling Green,9.7500,9.8000,9.8250,9.8250,39.2000,A,Illinois State,30899,Madison Kipp
"Fri, Feb-11-2022",Northern Illinois,9.8500,9.7750,9.1750,9.7250,38.5250,H,Illinois State,30899,Madison Kipp
"Sun, Feb-13-2022",Northern Illinois,9.6500,9.7250,9.7250,9.7000,38.8000,A,Illinois State,30899,Madison Kipp
"Fri, Feb-18-2022","Iowa State, Lindenwood, S.E. Missouri",,9.9000,9.2500,,,A,Illinois State,30899,Madison Kipp
"Sun, Feb-20-2022",Lindenwood,,9.8250,9.6500,,,A,Illinois State,30899,Madison Kipp
"Fri, Feb-25-2022",S.E. Missouri,,9.9000,9.9000,,,A,Illinois State,30899,Madison Kipp
"Fri, Mar-04-2022","BYU, Washington",,9.6500,9.7250,9.6250,,A,Illinois State,30899,Madison Kipp
"Sat, Mar-12-2022",S.E. Missouri,,9.8500,9.7750,,,H,Illinois State,30899,Madison Kipp
"Fri, Mar-18-2022","Centenary College, Lindenwood, S.E. Missouri, Texas Woman's",,5.5000,9.7750,,,A,Illinois State,30899,Madison Kipp
"Fri, Jan-07-2022","Ball State, Missouri, S.E. Missouri",,9.7500,9.5000,,,A,Illinois State,30605,Angelica Labat
"Sat, Jan-15-2022","Bowling Green, Michigan State",9.2500,9.7750,9.8500,9.8000,38.6750,A,Illinois State,30605,Angelica Labat
"Fri, Jan-21-2022",Eastern Michigan,9.2250,9.7750,9.7500,9.6750,38.4250,H,Illinois State,30605,Angelica Labat
"Sun, Jan-30-2022","Ball State, Central Michigan",9.8750,9.7500,9.2250,9.6250,38.4750,A,Illinois State,30605,Angelica Labat
"Sat, Feb-05-2022",Bowling Green,9.8250,9.8250,9.8250,9.8000,39.2750,A,Illinois State,30605,Angelica Labat
"Fri, Feb-11-2022",Northern Illinois,9.8250,9.8750,9.7750,9.8000,39.2750,H,Illinois State,30605,Angelica Labat
"Sun, Feb-13-2022",Northern Illinois,9.8500,9.6750,9.8000,9.8750,39.2000,A,Illinois State,30605,Angelica Labat
"Fri, Feb-18-2022","Iowa State, Lindenwood, S.E. Missouri",9.9000,9.8000,9.8000,9.8250,39.3250,A,Illinois State,30605,Angelica Labat
"Sun, Feb-20-2022",Lindenwood,9.9250,9.7000,9.7750,9.8250,39.2250,A,Illinois State,30605,Angelica Labat
"Fri, Feb-25-2022",S.E. Missouri,9.8500,9.8750,9.8750,9.8750,39.4750,A,Illinois State,30605,Angelica Labat
"Fri, Mar-04-2022","BYU, Washington",9.8000,9.6500,9.7750,9.7750,39.0000,A,Illinois State,30605,Angelica Labat
"Sat, Mar-12-2022",S.E. Missouri,9.9250,9.8000,9.8500,9.8750,39.4500,H,Illinois State,30605,Angelica Labat
"Fri, Mar-18-2022","Centenary College, Lindenwood, S.E. Missouri, Texas Woman's",9.8250,9.8000,9.7250,9.8000,39.1500,A,Illinois State,30605,Angelica Labat
"Thu, Mar-31-2022",,9.8250,9.8000,9.8000,9.8500,39.2750,A,Illinois State,30605,Angelica Labat
"Fri, Jan-07-2022","Ball State, Missouri, S.E. Missouri",9.2750,9.5250,9.0000,,,A,Illinois State,31349,Alana Laster
"Sat, Jan-15-2022","Bowling Green, Michigan State",9.7750,8.1000,,,,A,Illinois State,31349,Alana Laster
"Fri, Jan-21-2022",Eastern Michigan,9.7750,9.5000,,,,H,Illinois State,31349,Alana Laster
"Sun, Jan-30-2022","Ball State, Central Michigan",9.8000,9.6750,9.7500,8.9500,38.1750,A,Illinois State,31349,Alana Laster
"Sat, Feb-05-2022",Bowling Green,9.7500,9.4750,9.5000,,,A,Illinois State,31349,Alana Laster
"Fri, Feb-11-2022",Northern Illinois,9.6750,9.6750,9.7000,,,H,Illinois State,31349,Alana Laster
"Sun, Feb-13-2022",Northern Illinois,9.9250,9.7750,9.1250,9.8750,38.7000,A,Illinois State,31349,Alana Laster
"Fri, Feb-18-2022","Iowa State, Lindenwood, S.E. Missouri",9.8500,9.2000,9.6750,9.8250,38.5500,A,Illinois State,31349,Alana Laster
"Sun, Feb-20-2022",Lindenwood,9.9000,9.6750,9.7500,9.7750,39.1000,A,Illinois State,31349,Alana Laster
"Fri, Feb-25-2022",S.E. Missouri,9.9500,9.6750,9.2750,9.9000,38.8000,A,Illinois State,31349,Alana Laster
"Fri, Mar-04-2022","BYU, Washington",9.7250,9.6000,9.5500,9.7750,38.6500,A,Illinois State,31349,Alana Laster
"Sat, Mar-12-2022",S.E. Missouri,9.7750,9.8000,9.7500,9.8750,39.2000,H,Illinois State,31349,Alana Laster
"Fri, Mar-18-2022","Centenary College, Lindenwood, S.E. Missouri, Texas Woman's",9.9000,9.7250,9.6250,9.8250,39.0750,A,Illinois State,31349,Alana Laster
"Thu, Mar-31-2022",,9.7000,,,,,A,Illinois State,31349,Alana Laster
"Fri, Jan-07-2022","Ball State, Missouri, S.E. Missouri",9.7500,,,9.4750,,A,Illinois State,31350,Jaye Mack
"Sat, Jan-15-2022","Bowling Green, Michigan State",9.0750,,,9.8750,,A,Illinois State,31350,Jaye Mack
"Fri, Jan-21-2022",Eastern Michigan,9.7750,,,9.8000,,H,Illinois State,31350,Jaye Mack
"Sun, Jan-30-2022","Ball State, Central Michigan",9.3000,,,9.8750,,A,Illinois State,31350,Jaye Mack
"Fri, Feb-11-2022",Northern Illinois,,,,9.9000,,H,Illinois State,31350,Jaye Mack
"Sun, Feb-13-2022",Northern Illinois,9.6500,,,9.8500,,A,Illinois State,31350,Jaye Mack
"Fri, Feb-18-2022","Iowa State, Lindenwood, S.E. Missouri",9.8500,,9.6250,9.9000,,A,Illinois State,31350,Jaye Mack
"Sun, Feb-20-2022",Lindenwood,9.7000,,9.6250,9.9000,,A,Illinois State,31350,Jaye Mack
"Fri, Feb-25-2022",S.E. Missouri,9.8250,,9.7250,9.9250,,A,Illinois State,31350,Jaye Mack
"Fri, Mar-04-2022","BYU, Washington",9.8000,,8.9500,9.9250,,A,Illinois State,31350,Jaye Mack
"Sat, Mar-12-2022",S.E. Missouri,9.7250,,8.8750,9.8750,,H,Illinois State,31350,Jaye Mack
"Fri, Mar-18-2022","Centenary College, Lindenwood, S.E. Missouri, Texas Woman's",9.7500,,,9.8750,,A,Illinois State,31350,Jaye Mack
"Thu, Mar-31-2022",,,,,9.9250,,A,Illinois State,31350,Jaye Mack
"Thu, Apr-14-2022",,,,,9.7500,,A,Illinois State,31350,Jaye Mack
"Fri, Jan-07-2022","Ball State, Missouri, S.E. Missouri",,,,9.6250,,A,Illinois State,29956,Mia Quigg
"Fri, Jan-21-2022",Eastern Michigan,,,,9.6500,,H,Illinois State,29956,Mia Quigg
"Sun, Jan-30-2022","Ball State, Central Michigan",,,,9.5500,,A,Illinois State,29956,Mia Quigg
"Sat, Feb-05-2022",Bowling Green,,,,9.6750,,A,Illinois State,29956,Mia Quigg
"Fri, Feb-11-2022",Northern Illinois,,,,9.7750,,H,Illinois State,29956,Mia Quigg
"Sun, Feb-13-2022",Northern Illinois,,,,9.7500,,A,Illinois State,29956,Mia Quigg
"Fri, Feb-18-2022","Iowa State, Lindenwood, S.E. Missouri",,,,9.6750,,A,Illinois State,29956,Mia Quigg
"Sun, Feb-20-2022",Lindenwood,,,,9.7250,,A,Illinois State,29956,Mia Quigg
"Fri, Feb-25-2022",S.E. Missouri,,,,9.6750,,A,Illinois State,29956,Mia Quigg
"Fri, Mar-04-2022","BYU, Washington",,,,9.5250,,A,Illinois State,29956,Mia Quigg
"Sat, Mar-12-2022",S.E. Missouri,,,,9.8500,,H,Illinois State,29956,Mia Quigg
"Fri, Mar-18-2022","Centenary College, Lindenwood, S.E. Missouri, Texas Woman's",,,,9.7250,,A,Illinois State,29956,Mia Quigg
"Fri, Jan-07-2022","Ball State, Missouri, S.E. Missouri",9.4500,,9.6750,,,A,Illinois State,31351,Mya Robinson
"Sat, Jan-15-2022","Bowling Green, Michigan State",,,9.8000,,,A,Illinois State,31351,Mya Robinson
"Fri, Jan-21-2022",Eastern Michigan,,,8.7250,,,H,Illinois State,31351,Mya Robinson
"Sun, Jan-30-2022","Ball State, Central Michigan",,,9.7000,,,A,Illinois State,31351,Mya Robinson
"Sat, Mar-12-2022",S.E. Missouri,,,8.3000,,,H,Illinois State,31351,Mya Robinson
"Fri, Mar-18-2022","Centenary College, Lindenwood, S.E. Missouri, Texas Woman's",,,9.6500,,,A,Illinois State,31351,Mya Robinson
"Fri, Feb-04-2022",Penn State,,,9.1750,,,H,Iowa,31355,Alexa Ebeling
"Sun, Mar-13-2022",California,,,9.7000,,,A,Iowa,31355,Alexa Ebeling
"Sat, Jan-08-2022","Eastern Michigan, Lindenwood",,,9.7750,,,H,Iowa,29973,Allie Gilchrist
"Fri, Jan-14-2022",Texas Woman's,,,9.7750,,,H,Iowa,29973,Allie Gilchrist
"Mon, Jan-17-2022","Minnesota, UCLA",,,9.8250,,,A,Iowa,29973,Allie Gilchrist
"Sat, Jan-22-2022",Michigan State,,,9.0250,9.7000,,A,Iowa,29973,Allie Gilchrist
"Fri, Feb-04-2022",Penn State,,,8.9000,,,H,Iowa,29973,Allie Gilchrist
"Sat, Jan-08-2022","Eastern Michigan, Lindenwood",,9.9000,,9.8250,,H,Iowa,29974,Alexandra Greenwald
"Fri, Jan-14-2022",Texas Woman's,,9.1500,,9.8500,,H,Iowa,29974,Alexandra Greenwald
"Mon, Jan-17-2022","Minnesota, UCLA",,9.5750,,9.8250,,A,Iowa,29974,Alexandra Greenwald
"Sat, Jan-22-2022",Michigan State,9.6750,9.7500,,,,A,Iowa,29974,Alexandra Greenwald
"Sat, Jan-29-2022",Nebraska,,9.7750,,9.8500,,H,Iowa,29974,Alexandra Greenwald
"Fri, Feb-04-2022",Penn State,9.7500,9.7750,,9.9000,,H,Iowa,29974,Alexandra Greenwald
"Fri, Feb-11-2022","Kent State, Rutgers, Ursinus College",9.7500,9.8000,,9.8250,,A,Iowa,29974,Alexandra Greenwald
"Fri, Feb-18-2022","Illinois, Michigan, Michigan State, Minnesota",9.6000,9.8250,,9.8500,,A,Iowa,29974,Alexandra Greenwald
"Fri, Feb-25-2022",Minnesota,9.7750,9.8250,,9.8750,,A,Iowa,29974,Alexandra Greenwald
"Fri, Mar-04-2022",Iowa State,,9.7250,,9.0000,,A,Iowa,29974,Alexandra Greenwald
"Sun, Mar-13-2022",California,9.7500,9.8500,,9.8750,,A,Iowa,29974,Alexandra Greenwald
"Sat, Mar-19-2022","Illinois, Maryland, Michigan, Michigan State, Minnesota, Nebraska, Ohio State, Penn State, Rutgers",,9.8000,,9.8500,,A,Iowa,29974,Alexandra Greenwald
"Thu, Mar-31-2022",,,9.6750,,9.8250,,A,Iowa,29974,Alexandra Greenwald
"Sat, Apr-02-2022",,,9.8500,,9.8500,,A,Iowa,29974,Alexandra Greenwald
"Sat, Jan-08-2022","Eastern Michigan, Lindenwood",9.7500,,,9.9000,,H,Iowa,30264,Lauren Guerin
"Fri, Jan-14-2022",Texas Woman's,9.8250,,,9.8750,,H,Iowa,30264,Lauren Guerin
"Mon, Jan-17-2022","Minnesota, UCLA",9.7000,,,9.9250,,A,Iowa,30264,Lauren Guerin
"Sat, Jan-22-2022",Michigan State,9.8250,,,9.9500,,A,Iowa,30264,Lauren Guerin
"Sat, Jan-29-2022",Nebraska,9.8000,,,9.9250,,H,Iowa,30264,Lauren Guerin
"Fri, Feb-04-2022",Penn State,9.7500,,,9.9750,,H,Iowa,30264,Lauren Guerin
"Fri, Feb-11-2022","Kent State, Rutgers, Ursinus College",9.8500,,,9.9000,,A,Iowa,30264,Lauren Guerin
"Fri, Feb-18-2022","Illinois, Michigan, Michigan State, Minnesota",9.7750,,,9.9250,,A,Iowa,30264,Lauren Guerin
"Fri, Feb-25-2022",Minnesota,9.8500,,,9.9250,,A,Iowa,30264,Lauren Guerin
"Fri, Mar-04-2022",Iowa State,9.9000,,,9.9750,,A,Iowa,30264,Lauren Guerin
"Sun, Mar-13-2022",California,9.8500,,,9.9500,,A,Iowa,30264,Lauren Guerin
"Sat, Mar-19-2022","Illinois, Maryland, Michigan, Michigan State, Minnesota, Nebraska, Ohio State, Penn State, Rutgers",9.8000,,,9.9500,,A,Iowa,30264,Lauren Guerin
"Thu, Mar-31-2022",,9.8250,,,9.9000,,A,Iowa,30264,Lauren Guerin
"Sat, Apr-02-2022",,9.8500,,,9.9500,,A,Iowa,30264,Lauren Guerin
"Sat, Jan-08-2022","Eastern Michigan, Lindenwood",9.9250,,,9.9250,,H,Iowa,30419,Jerquavia Henderson
"Fri, Jan-14-2022",Texas Woman's,9.8500,,,9.9000,,H,Iowa,30419,Jerquavia Henderson
"Mon, Jan-17-2022","Minnesota, UCLA",9.8750,,,9.9000,,A,Iowa,30419,Jerquavia Henderson
"Sat, Jan-22-2022",Michigan State,9.8500,9.8000,,9.9000,,A,Iowa,30419,Jerquavia Henderson
"Sat, Jan-29-2022",Nebraska,9.9000,9.8000,9.8500,9.9250,39.4750,H,Iowa,30419,Jerquavia Henderson
"Fri, Feb-04-2022",Penn State,9.8500,9.7500,9.8500,9.9750,39.4250,H,Iowa,30419,Jerquavia Henderson
"Fri, Feb-11-2022","Kent State, Rutgers, Ursinus College",9.8500,9.7250,9.8750,9.9500,39.4000,A,Iowa,30419,Jerquavia Henderson
"Fri, Feb-18-2022","Illinois, Michigan, Michigan State, Minnesota",9.8750,9.6750,9.8250,9.9500,39.3250,A,Iowa,30419,Jerquavia Henderson
"Fri, Feb-25-2022",Minnesota,9.9000,9.6500,9.7250,9.9000,39.1750,A,Iowa,30419,Jerquavia Henderson
"Fri, Mar-04-2022",Iowa State,9.9000,9.7250,9.7250,9.9750,39.3250,A,Iowa,30419,Jerquavia Henderson
"Sat, Mar-19-2022","Illinois, Maryland, Michigan, Michigan State, Minnesota, Nebraska, Ohio State, Penn State, Rutgers",9.8500,,9.8500,9.9250,,A,Iowa,30419,Jerquavia Henderson
"Thu, Mar-31-2022",,9.8500,,9.8250,9.7500,,A,Iowa,30419,Jerquavia Henderson
"Sat, Apr-02-2022",,9.9000,,9.7500,9.9000,,A,Iowa,30419,Jerquavia Henderson
"Sat, Jan-08-2022","Eastern Michigan, Lindenwood",,9.5000,9.9000,,,H,Iowa,24478,Clair Kaji
"Fri, Jan-14-2022",Texas Woman's,,9.7250,9.9000,,,H,Iowa,24478,Clair Kaji
"Mon, Jan-17-2022","Minnesota, UCLA",,9.8500,9.9250,,,A,Iowa,24478,Clair Kaji
"Sat, Jan-22-2022",Michigan State,,9.8000,9.8750,,,A,Iowa,24478,Clair Kaji
"Sat, Jan-29-2022",Nebraska,,9.8500,9.7500,,,H,Iowa,24478,Clair Kaji
"Fri, Feb-04-2022",Penn State,,9.7250,9.7750,9.9000,,H,Iowa,24478,Clair Kaji
"Fri, Feb-11-2022","Kent State, Rutgers, Ursinus College",,8.9500,9.4750,9.8000,,A,Iowa,24478,Clair Kaji
"Fri, Feb-18-2022","Illinois, Michigan, Michigan State, Minnesota",,,9.7750,9.8750,,A,Iowa,24478,Clair Kaji
"Fri, Feb-25-2022",Minnesota,,,9.9250,9.7500,,A,Iowa,24478,Clair Kaji
"Fri, Mar-04-2022",Iowa State,,,9.8750,9.9250,,A,Iowa,24478,Clair Kaji
"Sun, Mar-13-2022",California,,,9.7000,9.9000,,A,Iowa,24478,Clair Kaji
"Sat, Mar-19-2022","Illinois, Maryland, Michigan, Michigan State, Minnesota, Nebraska, Ohio State, Penn State, Rutgers",,,9.6750,9.9000,,A,Iowa,24478,Clair Kaji
"Thu, Mar-31-2022",,,,9.7750,9.8750,,A,Iowa,24478,Clair Kaji
"Sat, Apr-02-2022",,,,9.8000,9.8250,,A,Iowa,24478,Clair Kaji
"Sat, Jan-08-2022","Eastern Michigan, Lindenwood",9.7750,8.7000,9.9250,9.7750,38.1750,H,Iowa,30908,Adeline Kenlin
"Fri, Jan-14-2022",Texas Woman's,9.8500,9.2500,9.8500,9.8500,38.8000,H,Iowa,30908,Adeline Kenlin
"Mon, Jan-17-2022","Minnesota, UCLA",9.8500,9.8250,9.9000,9.2500,38.8250,A,Iowa,30908,Adeline Kenlin
"Fri, Feb-18-2022","Illinois, Michigan, Michigan State, Minnesota",,9.8500,,,,A,Iowa,30908,Adeline Kenlin
"Fri, Feb-25-2022",Minnesota,,9.7500,9.9250,,,A,Iowa,30908,Adeline Kenlin
"Fri, Mar-04-2022",Iowa State,,9.7750,9.9000,,,A,Iowa,30908,Adeline Kenlin
"Sun, Mar-13-2022",California,,9.9000,9.9000,9.8750,,A,Iowa,30908,Adeline Kenlin
"Sat, Mar-19-2022","Illinois, Maryland, Michigan, Michigan State, Minnesota, Nebraska, Ohio State, Penn State, Rutgers",,9.8250,9.9000,9.9000,,A,Iowa,30908,Adeline Kenlin
"Thu, Mar-31-2022",,,9.9000,9.9500,9.8750,,A,Iowa,30908,Adeline Kenlin
"Sat, Apr-02-2022",,,9.9000,9.9000,9.9000,,A,Iowa,30908,Adeline Kenlin
"Thu, Apr-14-2022",,,,9.9500,,,A,Iowa,30908,Adeline Kenlin
"Sat, Jan-08-2022","Eastern Michigan, Lindenwood",9.7250,,9.6250,9.8000,,H,Iowa,29975,Bridget Killian
"Fri, Jan-14-2022",Texas Woman's,9.8000,,9.7750,9.8500,,H,Iowa,29975,Bridget Killian
"Mon, Jan-17-2022","Minnesota, UCLA",9.8250,,9.8500,9.7500,,A,Iowa,29975,Bridget Killian
"Sat, Jan-22-2022",Michigan State,9.7750,,9.8750,9.8250,,A,Iowa,29975,Bridget Killian
"Sat, Jan-29-2022",Nebraska,9.8500,,9.8000,9.8750,,H,Iowa,29975,Bridget Killian
"Fri, Feb-04-2022",Penn State,9.8250,,9.8000,9.7750,,H,Iowa,29975,Bridget Killian
"Fri, Feb-11-2022","Kent State, Rutgers, Ursinus College",9.8750,,9.8750,9.8500,,A,Iowa,29975,Bridget Killian
"Fri, Feb-18-2022","Illinois, Michigan, Michigan State, Minnesota",9.7250,,9.8000,9.8250,,A,Iowa,29975,Bridget Killian
"Fri, Feb-25-2022",Minnesota,9.9000,,9.7000,9.8250,,A,Iowa,29975,Bridget Killian
"Fri, Mar-04-2022",Iowa State,9.9000,,9.9000,9.7750,,A,Iowa,29975,Bridget Killian
"Sun, Mar-13-2022",California,9.8000,,9.8250,9.8000,,A,Iowa,29975,Bridget Killian
"Sat, Mar-19-2022","Illinois, Maryland, Michigan, Michigan State, Minnesota, Nebraska, Ohio State, Penn State, Rutgers",9.8750,,9.7250,9.6500,,A,Iowa,29975,Bridget Killian
"Thu, Mar-31-2022",,9.8000,,9.8750,9.8000,,A,Iowa,29975,Bridget Killian
"Sat, Apr-02-2022",,9.8500,,9.8250,9.8250,,A,Iowa,29975,Bridget Killian
"Sat, Jan-08-2022","Eastern Michigan, Lindenwood",,,,,,H,Iowa,31204,Kendal Laplante
"Fri, Jan-14-2022",Texas Woman's,9.6750,,,,,H,Iowa,31204,Kendal Laplante
"Mon, Jan-17-2022","Minnesota, UCLA",9.7000,,,,,A,Iowa,31204,Kendal Laplante
"Sat, Jan-22-2022",Michigan State,9.7750,,,,,A,Iowa,31204,Kendal Laplante
"Sat, Jan-29-2022",Nebraska,9.6250,,,,,H,Iowa,31204,Kendal Laplante
"Fri, Feb-11-2022","Kent State, Rutgers, Ursinus College",9.7750,,,,,A,Iowa,31204,Kendal Laplante
"Fri, Feb-18-2022","Illinois, Michigan, Michigan State, Minnesota",9.7500,,,,,A,Iowa,31204,Kendal Laplante
"Fri, Feb-25-2022",Minnesota,9.7250,,,,,A,Iowa,31204,Kendal Laplante
"Fri, Mar-04-2022",Iowa State,9.8000,,,,,A,Iowa,31204,Kendal Laplante
"Sun, Mar-13-2022",California,9.6750,,,,,A,Iowa,31204,Kendal Laplante
"Sat, Mar-19-2022","Illinois, Maryland, Michigan, Michigan State, Minnesota, Nebraska, Ohio State, Penn State, Rutgers",9.8500,,,,,A,Iowa,31204,Kendal Laplante
"Thu, Mar-31-2022",,9.8000,,,,,A,Iowa,31204,Kendal Laplante
"Sat, Apr-02-2022",,9.8000,,,,,A,Iowa,31204,Kendal Laplante
"Fri, Feb-11-2022","Kent State, Rutgers, Ursinus College",,9.7500,,,,A,Iowa,30910,Kareena McSweeny
"Fri, Feb-18-2022","Illinois, Michigan, Michigan State, Minnesota",,9.8250,,,,A,Iowa,30910,Kareena McSweeny
"Fri, Feb-25-2022",Minnesota,,9.7250,,,,A,Iowa,30910,Kareena McSweeny
"Sat, Jan-08-2022","Eastern Michigan, Lindenwood",,,9.7750,,,H,Iowa,30911,Aubrey Nick
"Fri, Jan-14-2022",Texas Woman's,,,9.8250,,,H,Iowa,30911,Aubrey Nick
"Mon, Jan-17-2022","Minnesota, UCLA",,,9.7500,,,A,Iowa,30911,Aubrey Nick
"Sat, Jan-22-2022",Michigan State,,,9.7000,,,A,Iowa,30911,Aubrey Nick
"Sat, Jan-29-2022",Nebraska,,,9.7750,,,H,Iowa,30911,Aubrey Nick
"Fri, Feb-04-2022",Penn State,,,9.3000,,,H,Iowa,30911,Aubrey Nick
"Fri, Feb-11-2022","Kent State, Rutgers, Ursinus College",,,9.7000,,,A,Iowa,30911,Aubrey Nick
"Fri, Feb-18-2022","Illinois, Michigan, Michigan State, Minnesota",,,9.7500,,,A,Iowa,30911,Aubrey Nick
"Fri, Feb-25-2022",Minnesota,,,9.1750,,,A,Iowa,30911,Aubrey Nick
"Sat, Jan-22-2022",Michigan State,,9.7750,,,,A,Iowa,30420,Ellie Rogers
"Sat, Jan-29-2022",Nebraska,,9.8000,,,,H,Iowa,30420,Ellie Rogers
"Fri, Feb-04-2022",Penn State,,9.8250,,,,H,Iowa,30420,Ellie Rogers
"Fri, Feb-11-2022","Kent State, Rutgers, Ursinus College",,9.7250,,,,A,Iowa,30420,Ellie Rogers
"Fri, Feb-18-2022","Illinois, Michigan, Michigan State, Minnesota",,9.7250,,,,A,Iowa,30420,Ellie Rogers
"Fri, Feb-25-2022",Minnesota,,9.5250,,,,A,Iowa,30420,Ellie Rogers
"Sat, Jan-08-2022","Eastern Michigan, Lindenwood",9.6750,,,,,H,Iowa,31357,Marissa Rojas
"Sat, Jan-22-2022",Michigan State,,,9.9250,9.8000,,A,Iowa,31357,Marissa Rojas
"Sat, Jan-29-2022",Nebraska,,,9.8000,9.8250,,H,Iowa,31357,Marissa Rojas
"Fri, Feb-11-2022","Kent State, Rutgers, Ursinus College",,,9.8250,9.8750,,A,Iowa,31357,Marissa Rojas
"Fri, Feb-18-2022","Illinois, Michigan, Michigan State, Minnesota",,,9.8250,9.1750,,A,Iowa,31357,Marissa Rojas
"Fri, Feb-25-2022",Minnesota,,,9.8250,9.5000,,A,Iowa,31357,Marissa Rojas
"Fri, Mar-04-2022",Iowa State,,9.7500,9.7250,9.7500,,A,Iowa,31357,Marissa Rojas
"Sun, Mar-13-2022",California,,9.3000,9.7500,9.7750,,A,Iowa,31357,Marissa Rojas
"Sat, Mar-19-2022","Illinois, Maryland, Michigan, Michigan State, Minnesota, Nebraska, Ohio State, Penn State, Rutgers",,9.7500,9.8250,,,A,Iowa,31357,Marissa Rojas
"Thu, Mar-31-2022",,,9.7250,9.2500,,,A,Iowa,31357,Marissa Rojas
"Sat, Apr-02-2022",,,9.8000,9.7500,,,A,Iowa,31357,Marissa Rojas
"Sat, Jan-08-2022","Eastern Michigan, Lindenwood",,9.6000,,,,H,Iowa,30422,Allyson Steffensmeier
"Fri, Jan-14-2022",Texas Woman's,,9.8750,,,,H,Iowa,30422,Allyson Steffensmeier
"Mon, Jan-17-2022","Minnesota, UCLA",,9.6500,,,,A,Iowa,30422,Allyson Steffensmeier
"Sat, Jan-22-2022",Michigan State,,9.7750,,,,A,Iowa,30422,Allyson Steffensmeier
"Sat, Jan-29-2022",Nebraska,,9.9250,,,,H,Iowa,30422,Allyson Steffensmeier
"Fri, Feb-04-2022",Penn State,,9.8250,,,,H,Iowa,30422,Allyson Steffensmeier
"Fri, Feb-11-2022","Kent State, Rutgers, Ursinus College",,9.8500,,,,A,Iowa,30422,Allyson Steffensmeier
"Fri, Feb-18-2022","Illinois, Michigan, Michigan State, Minnesota",,9.8250,,,,A,Iowa,30422,Allyson Steffensmeier
"Fri, Feb-25-2022",Minnesota,,9.8500,,,,A,Iowa,30422,Allyson Steffensmeier
"Fri, Mar-04-2022",Iowa State,,9.2750,,,,A,Iowa,30422,Allyson Steffensmeier
"Sun, Mar-13-2022",California,,9.4500,,,,A,Iowa,30422,Allyson Steffensmeier
"Sat, Mar-19-2022","Illinois, Maryland, Michigan, Michigan State, Minnesota, Nebraska, Ohio State, Penn State, Rutgers",,9.9000,,,,A,Iowa,30422,Allyson Steffensmeier
"Thu, Mar-31-2022",,,9.8500,,,,A,Iowa,30422,Allyson Steffensmeier
"Sat, Apr-02-2022",,,9.3500,,,,A,Iowa,30422,Allyson Steffensmeier
"Sat, Jan-08-2022","Eastern Michigan, Lindenwood",,9.7750,,,,H,Iowa,29977,Carina Tolan
"Fri, Jan-14-2022",Texas Woman's,,9.8250,,,,H,Iowa,29977,Carina Tolan
"Mon, Jan-17-2022","Minnesota, UCLA",,9.4000,,,,A,Iowa,29977,Carina Tolan
"Sat, Jan-22-2022",Michigan State,,9.7000,,,,A,Iowa,29977,Carina Tolan
"Sat, Jan-29-2022",Nebraska,,9.8000,,,,H,Iowa,29977,Carina Tolan
"Fri, Feb-04-2022",Penn State,,9.1500,,,,H,Iowa,29977,Carina Tolan
"Fri, Mar-04-2022",Iowa State,,9.7500,,,,A,Iowa,29977,Carina Tolan
"Sun, Mar-13-2022",California,,9.7750,,,,A,Iowa,29977,Carina Tolan
"Sat, Mar-19-2022","Illinois, Maryland, Michigan, Michigan State, Minnesota, Nebraska, Ohio State, Penn State, Rutgers",,9.7500,,,,A,Iowa,29977,Carina Tolan
"Thu, Mar-31-2022",,,9.8250,,,,A,Iowa,29977,Carina Tolan
"Sat, Apr-02-2022",,,9.8500,,,,A,Iowa,29977,Carina Tolan
"Sat, Jan-08-2022","Eastern Michigan, Lindenwood",,9.8500,9.7750,,,H,Iowa,29978,Mackenzie Vance
"Fri, Jan-14-2022",Texas Woman's,,9.8250,9.7500,,,H,Iowa,29978,Mackenzie Vance
"Mon, Jan-17-2022","Minnesota, UCLA",,9.3000,9.7750,,,A,Iowa,29978,Mackenzie Vance
"Sat, Jan-22-2022",Michigan State,,,9.8250,,,A,Iowa,29978,Mackenzie Vance
"Sat, Jan-29-2022",Nebraska,,,9.6500,,,H,Iowa,29978,Mackenzie Vance
"Fri, Feb-04-2022",Penn State,,,9.7500,,,H,Iowa,29978,Mackenzie Vance
"Fri, Feb-11-2022","Kent State, Rutgers, Ursinus College",,,9.8000,,,A,Iowa,29978,Mackenzie Vance
"Fri, Feb-18-2022","Illinois, Michigan, Michigan State, Minnesota",,,9.7000,,,A,Iowa,29978,Mackenzie Vance
"Fri, Mar-04-2022",Iowa State,,,9.8000,,,A,Iowa,29978,Mackenzie Vance
"Sun, Mar-13-2022",California,,,9.7500,,,A,Iowa,29978,Mackenzie Vance
"Sat, Mar-19-2022","Illinois, Maryland, Michigan, Michigan State, Minnesota, Nebraska, Ohio State, Penn State, Rutgers",,,9.8000,,,A,Iowa,29978,Mackenzie Vance
"Thu, Mar-31-2022",,,,9.8500,,,A,Iowa,29978,Mackenzie Vance
"Sat, Apr-02-2022",,,,9.8000,,,A,Iowa,29978,Mackenzie Vance
"Sat, Jan-08-2022","Eastern Michigan, Lindenwood",9.7750,,,9.7750,,H,Iowa,30456,Linda Zivat
"Fri, Jan-14-2022",Texas Woman's,9.8250,,,9.8750,,H,Iowa,30456,Linda Zivat
"Mon, Jan-17-2022","Minnesota, UCLA",9.8500,,,9.8750,,A,Iowa,30456,Linda Zivat
"Sat, Jan-22-2022",Michigan State,9.8000,,,9.8750,,A,Iowa,30456,Linda Zivat
"Sat, Jan-29-2022",Nebraska,9.9000,,,9.8500,,H,Iowa,30456,Linda Zivat
"Fri, Feb-04-2022",Penn State,9.8750,,,9.9000,,H,Iowa,30456,Linda Zivat
"Fri, Mar-04-2022",Iowa State,9.9250,,,,,A,Iowa,30456,Linda Zivat
"Sun, Mar-13-2022",California,9.8500,,,,,A,Iowa,30456,Linda Zivat
"Sat, Mar-19-2022","Illinois, Maryland, Michigan, Michigan State, Minnesota, Nebraska, Ohio State, Penn State, Rutgers",9.8250,,,,,A,Iowa,30456,Linda Zivat
"Thu, Mar-31-2022",,9.8750,,,,,A,Iowa,30456,Linda Zivat
"Sat, Apr-02-2022",,9.9000,,,,,A,Iowa,30456,Linda Zivat
"Sat, Jan-29-2022",Nebraska,9.8000,,,,,H,Iowa,31084,Allison Zuhlke
"Fri, Feb-04-2022",Penn State,9.8000,,,,,H,Iowa,31084,Allison Zuhlke
"Fri, Feb-11-2022","Kent State, Rutgers, Ursinus College",9.7500,,,,,A,Iowa,31084,Allison Zuhlke
"Fri, Feb-18-2022","Illinois, Michigan, Michigan State, Minnesota",9.6500,,,,,A,Iowa,31084,Allison Zuhlke
"Fri, Feb-25-2022",Minnesota,9.7750,,,,,A,Iowa,31084,Allison Zuhlke
"Fri, Mar-04-2022",Iowa State,9.8750,,,,,A,Iowa,31084,Allison Zuhlke
"Sun, Mar-13-2022",California,9.8250,9.8000,,,,A,Iowa,31084,Allison Zuhlke
"Sat, Mar-19-2022","Illinois, Maryland, Michigan, Michigan State, Minnesota, Nebraska, Ohio State, Penn State, Rutgers",9.8500,9.8000,,,,A,Iowa,31084,Allison Zuhlke
"Thu, Mar-31-2022",,9.8750,9.8250,,,,A,Iowa,31084,Allison Zuhlke
"Sat, Apr-02-2022",,9.8500,9.8250,,,,A,Iowa,31084,Allison Zuhlke
"Fri, Jan-07-2022",Nebraska,,9.7000,9.5750,,,H,Iowa State,30607,Loganne Basuel
"Sat, Jan-15-2022",Temple,,9.8000,9.8250,,,A,Iowa State,30607,Loganne Basuel
"Fri, Jan-21-2022",Auburn,,9.7750,9.7750,,,A,Iowa State,30607,Loganne Basuel
"Fri, Jan-28-2022",West Virginia,,9.8500,9.8000,,,H,Iowa State,30607,Loganne Basuel
"Sun, Feb-13-2022",Denver,,9.8750,9.8500,,,A,Iowa State,30607,Loganne Basuel
"Fri, Feb-18-2022","Illinois State, Lindenwood, S.E. Missouri",,9.6000,9.7750,,,A,Iowa State,30607,Loganne Basuel
"Sun, Feb-20-2022","Central Michigan, Northern Illinois, Western Michigan",,9.8750,9.7500,,,A,Iowa State,30607,Loganne Basuel
"Fri, Feb-25-2022",Lindenwood,,9.8000,9.8500,,,H,Iowa State,30607,Loganne Basuel
"Fri, Mar-04-2022",Iowa,,9.7250,9.5500,,,H,Iowa State,30607,Loganne Basuel
"Sat, Mar-19-2022","Denver, Oklahoma, West Virginia",,9.7500,9.7500,,,A,Iowa State,30607,Loganne Basuel
"Wed, Mar-30-2022",,,9.7750,9.0750,,,A,Iowa State,30607,Loganne Basuel
"Thu, Mar-31-2022",,,9.8750,9.8500,,,A,Iowa State,30607,Loganne Basuel
"Fri, Jan-07-2022",Nebraska,9.7250,,,,,H,Iowa State,31586,Josie Bergstrom-Te Slaa
"Sat, Jan-15-2022",Temple,9.8250,,,,,A,Iowa State,31586,Josie Bergstrom-Te Slaa
"Fri, Jan-21-2022",Auburn,9.8500,,9.7500,,,A,Iowa State,31586,Josie Bergstrom-Te Slaa
"Fri, Jan-28-2022",West Virginia,9.8250,,9.7000,,,H,Iowa State,31586,Josie Bergstrom-Te Slaa
"Sun, Feb-13-2022",Denver,9.8750,,,,,A,Iowa State,31586,Josie Bergstrom-Te Slaa
"Fri, Feb-18-2022","Illinois State, Lindenwood, S.E. Missouri",9.7750,,,,,A,Iowa State,31586,Josie Bergstrom-Te Slaa
"Sun, Feb-20-2022","Central Michigan, Northern Illinois, Western Michigan",9.8500,,9.8500,,,A,Iowa State,31586,Josie Bergstrom-Te Slaa
"Fri, Feb-25-2022",Lindenwood,9.8750,,9.8250,,,H,Iowa State,31586,Josie Bergstrom-Te Slaa
"Fri, Mar-04-2022",Iowa,9.8500,,9.8500,,,H,Iowa State,31586,Josie Bergstrom-Te Slaa
"Sat, Mar-12-2022","Illinois, Lindenwood, Missouri",9.7000,,9.8500,,,A,Iowa State,31586,Josie Bergstrom-Te Slaa
"Sat, Mar-19-2022","Denver, Oklahoma, West Virginia",9.7750,,9.8000,,,A,Iowa State,31586,Josie Bergstrom-Te Slaa
"Wed, Mar-30-2022",,9.9000,,9.8000,,,A,Iowa State,31586,Josie Bergstrom-Te Slaa
"Thu, Mar-31-2022",,9.9000,,9.8000,,,A,Iowa State,31586,Josie Bergstrom-Te Slaa
"Fri, Jan-07-2022",Nebraska,9.5750,,9.2500,9.7500,,H,Iowa State,29830,Kelsey Boychuk
"Sat, Jan-15-2022",Temple,9.8000,,,9.7500,,A,Iowa State,29830,Kelsey Boychuk
"Fri, Jan-21-2022",Auburn,9.8000,,,9.8250,,A,Iowa State,29830,Kelsey Boychuk
"Fri, Jan-28-2022",West Virginia,9.8250,,,9.8250,,H,Iowa State,29830,Kelsey Boychuk
"Sun, Feb-13-2022",Denver,9.8500,,9.7500,9.6750,,A,Iowa State,29830,Kelsey Boychuk
"Fri, Feb-18-2022","Illinois State, Lindenwood, S.E. Missouri",9.8750,,9.7500,9.7500,,A,Iowa State,29830,Kelsey Boychuk
"Sun, Feb-20-2022","Central Michigan, Northern Illinois, Western Michigan",9.8500,,9.7750,,,A,Iowa State,29830,Kelsey Boychuk
"Fri, Feb-25-2022",Lindenwood,9.8500,,9.2500,9.6750,,H,Iowa State,29830,Kelsey Boychuk
"Fri, Mar-04-2022",Iowa,9.8250,,,,,H,Iowa State,29830,Kelsey Boychuk
"Sat, Mar-12-2022","Illinois, Lindenwood, Missouri",9.8000,,9.8750,9.8250,,A,Iowa State,29830,Kelsey Boychuk
"Sat, Mar-19-2022","Denver, Oklahoma, West Virginia",9.8500,,9.1500,9.8000,,A,Iowa State,29830,Kelsey Boychuk
"Wed, Mar-30-2022",,9.8500,,9.6250,9.7500,,A,Iowa State,29830,Kelsey Boychuk
"Thu, Mar-31-2022",,9.8500,,9.8500,9.7750,,A,Iowa State,29830,Kelsey Boychuk
"Fri, Jan-07-2022",Nebraska,,9.1250,,9.9000,,H,Iowa State,30790,Laura Cooke
"Sat, Jan-15-2022",Temple,,9.7750,,9.0500,,A,Iowa State,30790,Laura Cooke
"Fri, Jan-21-2022",Auburn,,9.7750,,9.8250,,A,Iowa State,30790,Laura Cooke
"Fri, Jan-28-2022",West Virginia,,9.8250,,9.9000,,H,Iowa State,30790,Laura Cooke
"Sun, Feb-13-2022",Denver,,9.8250,,9.8250,,A,Iowa State,30790,Laura Cooke
"Fri, Feb-18-2022","Illinois State, Lindenwood, S.E. Missouri",,9.9000,,9.8500,,A,Iowa State,30790,Laura Cooke
"Sun, Feb-20-2022","Central Michigan, Northern Illinois, Western Michigan",,9.8250,,9.6500,,A,Iowa State,30790,Laura Cooke
"Fri, Feb-25-2022",Lindenwood,,9.8750,,9.0500,,H,Iowa State,30790,Laura Cooke
"Fri, Mar-04-2022",Iowa,,9.7500,,9.6250,,H,Iowa State,30790,Laura Cooke
"Sat, Mar-12-2022","Illinois, Lindenwood, Missouri",,9.8750,,,,A,Iowa State,30790,Laura Cooke
"Sat, Mar-19-2022","Denver, Oklahoma, West Virginia",,9.8500,,8.9750,,A,Iowa State,30790,Laura Cooke
"Wed, Mar-30-2022",,,9.8000,,,,A,Iowa State,30790,Laura Cooke
"Thu, Mar-31-2022",,,9.8500,,9.7500,,A,Iowa State,30790,Laura Cooke
"Fri, Jan-07-2022",Nebraska,,9.7500,,,,H,Iowa State,30039,Adnerys De Jesus
"Fri, Jan-07-2022",Nebraska,,,,9.9000,,H,Iowa State,30608,Maddie Diab
"Sat, Jan-15-2022",Temple,,,,9.9000,,A,Iowa State,30608,Maddie Diab
"Fri, Jan-21-2022",Auburn,,,,9.9000,,A,Iowa State,30608,Maddie Diab
"Fri, Jan-28-2022",West Virginia,,,,9.8750,,H,Iowa State,30608,Maddie Diab
"Sun, Feb-13-2022",Denver,,,,9.7750,,A,Iowa State,30608,Maddie Diab
"Fri, Feb-18-2022","Illinois State, Lindenwood, S.E. Missouri",,,,9.9500,,A,Iowa State,30608,Maddie Diab
"Sun, Feb-20-2022","Central Michigan, Northern Illinois, Western Michigan",,,,9.9000,,A,Iowa State,30608,Maddie Diab
"Fri, Feb-25-2022",Lindenwood,,,,10.0000,,H,Iowa State,30608,Maddie Diab
"Fri, Mar-04-2022",Iowa,,,,9.8750,,H,Iowa State,30608,Maddie Diab
"Sat, Mar-12-2022","Illinois, Lindenwood, Missouri",,,,9.9500,,A,Iowa State,30608,Maddie Diab
"Sat, Mar-19-2022","Denver, Oklahoma, West Virginia",,,,9.9500,,A,Iowa State,30608,Maddie Diab
"Wed, Mar-30-2022",,,,,9.9250,,A,Iowa State,30608,Maddie Diab
"Thu, Mar-31-2022",,,,,9.9250,,A,Iowa State,30608,Maddie Diab
"Fri, Jan-07-2022",Nebraska,,9.8000,,,,H,Iowa State,30609,Maya Ford
"Fri, Feb-18-2022","Illinois State, Lindenwood, S.E. Missouri",,9.7250,,,,A,Iowa State,30609,Maya Ford
"Fri, Mar-04-2022",Iowa,,9.5500,,,,H,Iowa State,30609,Maya Ford
"Sat, Mar-12-2022","Illinois, Lindenwood, Missouri",,9.9250,,,,A,Iowa State,30609,Maya Ford
"Sat, Mar-19-2022","Denver, Oklahoma, West Virginia",,9.0500,,,,A,Iowa State,30609,Maya Ford
"Fri, Jan-07-2022",Nebraska,9.7500,,,,,H,Iowa State,31164,Emilie Hong
"Sat, Jan-15-2022",Temple,9.8250,,,,,A,Iowa State,31164,Emilie Hong
"Fri, Jan-21-2022",Auburn,9.8500,,,,,A,Iowa State,31164,Emilie Hong
"Fri, Jan-28-2022",West Virginia,9.8500,,,,,H,Iowa State,31164,Emilie Hong
"Sun, Feb-13-2022",Denver,9.8250,,,,,A,Iowa State,31164,Emilie Hong
"Fri, Feb-18-2022","Illinois State, Lindenwood, S.E. Missouri",9.8750,,,,,A,Iowa State,31164,Emilie Hong
"Sun, Feb-20-2022","Central Michigan, Northern Illinois, Western Michigan",9.8500,,,,,A,Iowa State,31164,Emilie Hong
"Fri, Feb-25-2022",Lindenwood,9.8750,,,,,H,Iowa State,31164,Emilie Hong
"Fri, Mar-04-2022",Iowa,9.8500,,,,,H,Iowa State,31164,Emilie Hong
"Sat, Mar-12-2022","Illinois, Lindenwood, Missouri",9.8750,,,,,A,Iowa State,31164,Emilie Hong
"Sat, Mar-19-2022","Denver, Oklahoma, West Virginia",9.7500,,,,,A,Iowa State,31164,Emilie Hong
"Fri, Jan-07-2022",Nebraska,9.7000,9.7000,9.7250,,,H,Iowa State,31589,Hannah Loyim
"Sat, Jan-15-2022",Temple,9.7500,9.7000,9.7750,9.0250,38.2500,A,Iowa State,31589,Hannah Loyim
"Fri, Jan-21-2022",Auburn,7.0000,9.8000,9.8500,,,A,Iowa State,31589,Hannah Loyim
"Fri, Jan-28-2022",West Virginia,9.7250,9.7750,9.7750,,,H,Iowa State,31589,Hannah Loyim
"Sun, Feb-13-2022",Denver,,9.6750,9.7500,9.6500,,A,Iowa State,31589,Hannah Loyim
"Fri, Feb-18-2022","Illinois State, Lindenwood, S.E. Missouri",,9.9000,9.8000,9.8500,,A,Iowa State,31589,Hannah Loyim
"Sun, Feb-20-2022","Central Michigan, Northern Illinois, Western Michigan",,9.8000,9.8250,,,A,Iowa State,31589,Hannah Loyim
"Fri, Feb-25-2022",Lindenwood,,9.8000,9.8250,,,H,Iowa State,31589,Hannah Loyim
"Fri, Mar-04-2022",Iowa,,9.7250,9.7750,9.9250,,H,Iowa State,31589,Hannah Loyim
"Sat, Mar-12-2022","Illinois, Lindenwood, Missouri",,9.7500,9.7750,9.8000,,A,Iowa State,31589,Hannah Loyim
"Sat, Mar-19-2022","Denver, Oklahoma, West Virginia",9.7250,9.7500,9.7250,9.8500,39.0500,A,Iowa State,31589,Hannah Loyim
"Wed, Mar-30-2022",,9.7500,9.8250,9.8250,9.7750,39.1750,A,Iowa State,31589,Hannah Loyim
"Thu, Mar-31-2022",,9.7000,9.8250,9.7500,8.4000,37.6750,A,Iowa State,31589,Hannah Loyim
"Fri, Feb-18-2022","Illinois State, Lindenwood, S.E. Missouri",,,9.6750,9.6500,,A,Iowa State,30610,Alondra Maldonado
"Sun, Feb-20-2022","Central Michigan, Northern Illinois, Western Michigan",,,,9.8000,,A,Iowa State,30610,Alondra Maldonado
"Fri, Feb-25-2022",Lindenwood,,,,9.8500,,H,Iowa State,30610,Alondra Maldonado
"Fri, Mar-04-2022",Iowa,,,9.8250,9.8750,,H,Iowa State,30610,Alondra Maldonado
"Sat, Mar-12-2022","Illinois, Lindenwood, Missouri",,,9.7250,9.8250,,A,Iowa State,30610,Alondra Maldonado
"Fri, Jan-07-2022",Nebraska,,,,9.3500,,H,Iowa State,30611,Andrea Maldonado
"Sat, Jan-15-2022",Temple,,,,9.8500,,A,Iowa State,30611,Andrea Maldonado
"Fri, Jan-21-2022",Auburn,,,,9.8750,,A,Iowa State,30611,Andrea Maldonado
"Fri, Jan-28-2022",West Virginia,,,,9.8250,,H,Iowa State,30611,Andrea Maldonado
"Sun, Feb-13-2022",Denver,,,,9.6000,,A,Iowa State,30611,Andrea Maldonado
"Fri, Feb-18-2022","Illinois State, Lindenwood, S.E. Missouri",,,,9.8750,,A,Iowa State,30611,Andrea Maldonado
"Sun, Feb-20-2022","Central Michigan, Northern Illinois, Western Michigan",,,,9.8500,,A,Iowa State,30611,Andrea Maldonado
"Fri, Feb-25-2022",Lindenwood,,,,9.9750,,H,Iowa State,30611,Andrea Maldonado
"Fri, Mar-04-2022",Iowa,,,,9.9000,,H,Iowa State,30611,Andrea Maldonado
"Sat, Mar-12-2022","Illinois, Lindenwood, Missouri",,,,9.7000,,A,Iowa State,30611,Andrea Maldonado
"Sat, Mar-19-2022","Denver, Oklahoma, West Virginia",,,,9.9000,,A,Iowa State,30611,Andrea Maldonado
"Fri, Jan-07-2022",Nebraska,9.7750,9.7250,,,,H,Iowa State,29832,Makayla Maxwell
"Sat, Jan-15-2022",Temple,9.8000,9.7750,,,,A,Iowa State,29832,Makayla Maxwell
"Fri, Jan-21-2022",Auburn,9.9000,9.8250,,,,A,Iowa State,29832,Makayla Maxwell
"Fri, Jan-28-2022",West Virginia,9.8750,9.6250,,,,H,Iowa State,29832,Makayla Maxwell
"Sun, Feb-13-2022",Denver,9.9000,9.0750,,,,A,Iowa State,29832,Makayla Maxwell
"Fri, Feb-18-2022","Illinois State, Lindenwood, S.E. Missouri",9.8500,9.7000,,,,A,Iowa State,29832,Makayla Maxwell
"Sun, Feb-20-2022","Central Michigan, Northern Illinois, Western Michigan",9.7750,9.0750,,,,A,Iowa State,29832,Makayla Maxwell
"Fri, Feb-25-2022",Lindenwood,9.9250,9.8000,,,,H,Iowa State,29832,Makayla Maxwell
"Fri, Mar-04-2022",Iowa,9.9000,,,,,H,Iowa State,29832,Makayla Maxwell
"Sat, Mar-12-2022","Illinois, Lindenwood, Missouri",10.0000,9.8250,,,,A,Iowa State,29832,Makayla Maxwell
"Sat, Mar-19-2022","Denver, Oklahoma, West Virginia",9.9500,9.7500,,,,A,Iowa State,29832,Makayla Maxwell
"Wed, Mar-30-2022",,9.8000,9.8250,,,,A,Iowa State,29832,Makayla Maxwell
"Thu, Mar-31-2022",,9.8500,9.8750,,,,A,Iowa State,29832,Makayla Maxwell
"Fri, Jan-07-2022",Nebraska,9.6250,,,9.6750,,H,Iowa State,25088,Ariana Orrego
"Sat, Jan-15-2022",Temple,9.7750,6.0000,,,,A,Iowa State,25088,Ariana Orrego
"Fri, Jan-21-2022",Auburn,9.7500,9.6000,,,,A,Iowa State,25088,Ariana Orrego
"Fri, Jan-28-2022",West Virginia,9.8000,9.8250,,,,H,Iowa State,25088,Ariana Orrego
"Sun, Feb-13-2022",Denver,9.7750,9.8250,,,,A,Iowa State,25088,Ariana Orrego
"Fri, Feb-18-2022","Illinois State, Lindenwood, S.E. Missouri",9.7750,,,,,A,Iowa State,25088,Ariana Orrego
"Sun, Feb-20-2022","Central Michigan, Northern Illinois, Western Michigan",,9.9250,,9.6750,,A,Iowa State,25088,Ariana Orrego
"Fri, Feb-25-2022",Lindenwood,9.7000,9.7750,,,,H,Iowa State,25088,Ariana Orrego
"Fri, Mar-04-2022",Iowa,,9.8000,,9.8500,,H,Iowa State,25088,Ariana Orrego
"Sat, Mar-12-2022","Illinois, Lindenwood, Missouri",,9.7250,,9.8000,,A,Iowa State,25088,Ariana Orrego
"Sat, Mar-19-2022","Denver, Oklahoma, West Virginia",,,,9.6500,,A,Iowa State,25088,Ariana Orrego
"Wed, Mar-30-2022",,,9.8500,,9.8000,,A,Iowa State,25088,Ariana Orrego
"Thu, Mar-31-2022",,9.8000,9.8000,,9.9000,,A,Iowa State,25088,Ariana Orrego
"Sun, Feb-20-2022","Central Michigan, Northern Illinois, Western Michigan",9.7000,,,,,A,Iowa State,31665,Ana Irene Palacios
"Fri, Jan-07-2022",Nebraska,,,9.4500,,,H,Iowa State,29833,Ana Palacios
"Sat, Jan-15-2022",Temple,,9.7250,8.9250,,,A,Iowa State,29833,Ana Palacios
"Fri, Jan-21-2022",Auburn,,9.8500,9.0500,,,A,Iowa State,29833,Ana Palacios
"Fri, Jan-28-2022",West Virginia,,9.0250,9.8000,,,H,Iowa State,29833,Ana Palacios
"Sun, Feb-13-2022",Denver,,9.7250,8.9750,,,A,Iowa State,29833,Ana Palacios
"Fri, Feb-18-2022","Illinois State, Lindenwood, S.E. Missouri",,9.8500,,,,A,Iowa State,29833,Ana Palacios
"Sun, Feb-20-2022","Central Michigan, Northern Illinois, Western Michigan",,9.7500,,,,A,Iowa State,29833,Ana Palacios
"Fri, Feb-25-2022",Lindenwood,,9.7500,,,,H,Iowa State,29833,Ana Palacios
"Fri, Mar-04-2022",Iowa,,9.7500,,,,H,Iowa State,29833,Ana Palacios
"Sat, Mar-19-2022","Denver, Oklahoma, West Virginia",,9.7750,,,,A,Iowa State,29833,Ana Palacios
"Wed, Mar-30-2022",,,9.7750,,,,A,Iowa State,29833,Ana Palacios
"Thu, Mar-31-2022",,,9.8500,,,,A,Iowa State,29833,Ana Palacios
"Fri, Jan-07-2022",Nebraska,,,,9.7750,,H,Iowa State,31165,Kaia Parker
"Sat, Jan-15-2022",Temple,,,8.4000,9.6250,,A,Iowa State,31165,Kaia Parker
"Fri, Jan-21-2022",Auburn,,,,9.4750,,A,Iowa State,31165,Kaia Parker
"Fri, Jan-28-2022",West Virginia,,,,9.0000,,H,Iowa State,31165,Kaia Parker
"Sun, Feb-13-2022",Denver,9.7750,,,,,A,Iowa State,31165,Kaia Parker
"Fri, Feb-18-2022","Illinois State, Lindenwood, S.E. Missouri",9.7750,,,,,A,Iowa State,31165,Kaia Parker
"Sun, Feb-20-2022","Central Michigan, Northern Illinois, Western Michigan",9.8000,,,,,A,Iowa State,31165,Kaia Parker
"Fri, Feb-25-2022",Lindenwood,9.7750,,,,,H,Iowa State,31165,Kaia Parker
"Fri, Mar-04-2022",Iowa,9.8250,,,,,H,Iowa State,31165,Kaia Parker
"Sat, Mar-12-2022","Illinois, Lindenwood, Missouri",9.3000,,,,,A,Iowa State,31165,Kaia Parker
"Wed, Mar-30-2022",,9.1000,,,9.6000,,A,Iowa State,31165,Kaia Parker
"Thu, Mar-31-2022",,,,,9.8500,,A,Iowa State,31165,Kaia Parker
"Fri, Jan-07-2022",Nebraska,,,9.8000,,,H,Iowa State,29834,Meixi Semple
"Sat, Jan-15-2022",Temple,,,9.8250,,,A,Iowa State,29834,Meixi Semple
"Fri, Jan-21-2022",Auburn,,,9.8500,,,A,Iowa State,29834,Meixi Semple
"Fri, Jan-28-2022",West Virginia,,,9.8500,,,H,Iowa State,29834,Meixi Semple
"Sun, Feb-13-2022",Denver,,,9.8000,,,A,Iowa State,29834,Meixi Semple
"Fri, Feb-18-2022","Illinois State, Lindenwood, S.E. Missouri",,,9.0750,,,A,Iowa State,29834,Meixi Semple
"Sun, Feb-20-2022","Central Michigan, Northern Illinois, Western Michigan",,,9.6750,,,A,Iowa State,29834,Meixi Semple
"Fri, Feb-25-2022",Lindenwood,,,9.9000,,,H,Iowa State,29834,Meixi Semple
"Fri, Mar-04-2022",Iowa,,,9.8000,,,H,Iowa State,29834,Meixi Semple
"Sat, Mar-12-2022","Illinois, Lindenwood, Missouri",,,9.8750,,,A,Iowa State,29834,Meixi Semple
"Sat, Mar-19-2022","Denver, Oklahoma, West Virginia",,,9.8000,,,A,Iowa State,29834,Meixi Semple
"Wed, Mar-30-2022",,,,9.8000,,,A,Iowa State,29834,Meixi Semple
"Thu, Mar-31-2022",,,,9.8750,,,A,Iowa State,29834,Meixi Semple
"Fri, Jan-07-2022",Nebraska,,,9.6500,,,H,Iowa State,25089,Sophia Steinmeyer
"Sat, Jan-15-2022",Temple,,,9.7500,,,A,Iowa State,25089,Sophia Steinmeyer
"Fri, Jan-21-2022",Auburn,,,9.1500,,,A,Iowa State,25089,Sophia Steinmeyer
"Fri, Jan-28-2022",West Virginia,,,9.7000,,,H,Iowa State,25089,Sophia Steinmeyer
"Sun, Feb-13-2022",Denver,,,9.7750,,,A,Iowa State,25089,Sophia Steinmeyer
"Fri, Feb-18-2022","Illinois State, Lindenwood, S.E. Missouri",,,9.8250,,,A,Iowa State,25089,Sophia Steinmeyer
"Sun, Feb-20-2022","Central Michigan, Northern Illinois, Western Michigan",,,9.7750,,,A,Iowa State,25089,Sophia Steinmeyer
"Fri, Feb-25-2022",Lindenwood,,,9.7750,,,H,Iowa State,25089,Sophia Steinmeyer
"Fri, Mar-04-2022",Iowa,9.8250,,9.8250,,,H,Iowa State,25089,Sophia Steinmeyer
"Sat, Mar-12-2022","Illinois, Lindenwood, Missouri",9.9250,,9.8500,,,A,Iowa State,25089,Sophia Steinmeyer
"Sat, Mar-19-2022","Denver, Oklahoma, West Virginia",9.9000,,9.7750,,,A,Iowa State,25089,Sophia Steinmeyer
"Wed, Mar-30-2022",,9.8000,,9.6750,,,A,Iowa State,25089,Sophia Steinmeyer
"Thu, Mar-31-2022",,9.3250,,9.7750,,,A,Iowa State,25089,Sophia Steinmeyer
"Fri, Jan-21-2022",Auburn,,,,9.6000,,A,Iowa State,31592,Rachel Wilke
"Fri, Jan-28-2022",West Virginia,,,,9.8000,,H,Iowa State,31592,Rachel Wilke
"Sun, Feb-13-2022",Denver,,,,9.7750,,A,Iowa State,31592,Rachel Wilke
"Sun, Feb-20-2022","Central Michigan, Northern Illinois, Western Michigan",,,,9.7750,,A,Iowa State,31592,Rachel Wilke
"Fri, Feb-25-2022",Lindenwood,,,,9.8500,,H,Iowa State,31592,Rachel Wilke
"Sun, Jan-16-2022","Illinois, Northern Illinois, S.E. Missouri",9.0000,9.8500,,9.8500,,H,Kent State,30423,Olivia Amodei
"Sun, Jan-23-2022",Ball State,9.7000,9.7000,,9.7500,,A,Kent State,30423,Olivia Amodei
"Fri, Jan-28-2022","Cornell, Rutgers",9.7250,9.8000,,9.9250,,H,Kent State,30423,Olivia Amodei
"Sun, Feb-06-2022","Eastern Michigan, George Washington, LIU",9.7500,9.7750,,9.8250,,A,Kent State,30423,Olivia Amodei
"Fri, Feb-11-2022","Iowa, Rutgers, Ursinus College",9.7750,9.7750,,9.7750,,A,Kent State,30423,Olivia Amodei
"Sun, Feb-20-2022",Bowling Green,9.8000,9.7750,,9.8250,,H,Kent State,30423,Olivia Amodei
"Sun, Feb-27-2022",Central Michigan,9.8250,9.8000,,9.8500,,A,Kent State,30423,Olivia Amodei
"Fri, Mar-04-2022","Bowling Green, Ohio State",9.7500,9.8250,,9.8000,,A,Kent State,30423,Olivia Amodei
"Sun, Mar-06-2022","Eastern Michigan, Ohio State",9.7750,9.7500,,9.8500,,H,Kent State,30423,Olivia Amodei
"Sun, Mar-13-2022",Western Michigan,9.7750,8.9000,,9.8750,,A,Kent State,30423,Olivia Amodei
"Sat, Mar-19-2022","Ball State, Bowling Green, Central Michigan, Eastern Michigan, Northern Illinois, Western Michigan",9.7750,9.7750,,9.8000,,A,Kent State,30423,Olivia Amodei
"Sun, Jan-16-2022","Illinois, Northern Illinois, S.E. Missouri",,,9.8000,,,H,Kent State,30007,Riley Danielson
"Sun, Jan-23-2022",Ball State,,,9.7750,,,A,Kent State,30007,Riley Danielson
"Fri, Jan-28-2022","Cornell, Rutgers",,,9.8000,,,H,Kent State,30007,Riley Danielson
"Sun, Feb-06-2022","Eastern Michigan, George Washington, LIU",,,9.6500,,,A,Kent State,30007,Riley Danielson
"Fri, Feb-11-2022","Iowa, Rutgers, Ursinus College",,,9.8500,,,A,Kent State,30007,Riley Danielson
"Sun, Feb-20-2022",Bowling Green,,,9.1000,,,H,Kent State,30007,Riley Danielson
"Sun, Feb-27-2022",Central Michigan,,,9.7000,,,A,Kent State,30007,Riley Danielson
"Fri, Mar-04-2022","Bowling Green, Ohio State",,,9.8750,,,A,Kent State,30007,Riley Danielson
"Sun, Mar-06-2022","Eastern Michigan, Ohio State",,,9.8500,,,H,Kent State,30007,Riley Danielson
"Sun, Mar-13-2022",Western Michigan,,,9.8500,,,A,Kent State,30007,Riley Danielson
"Sat, Mar-19-2022","Ball State, Bowling Green, Central Michigan, Eastern Michigan, Northern Illinois, Western Michigan",,,9.8750,,,A,Kent State,30007,Riley Danielson
"Sun, Jan-16-2022","Illinois, Northern Illinois, S.E. Missouri",9.7500,9.8000,9.5250,9.7250,38.8000,H,Kent State,30424,Rachel Decavitch
"Sun, Jan-23-2022",Ball State,9.8000,9.6500,9.7250,9.8250,39.0000,A,Kent State,30424,Rachel Decavitch
"Fri, Jan-28-2022","Cornell, Rutgers",9.5250,9.5750,9.2250,9.7500,38.0750,H,Kent State,30424,Rachel Decavitch
"Sun, Feb-06-2022","Eastern Michigan, George Washington, LIU",9.7750,9.8750,9.7000,9.7750,39.1250,A,Kent State,30424,Rachel Decavitch
"Fri, Feb-11-2022","Iowa, Rutgers, Ursinus College",9.8250,9.7750,9.6250,9.8250,39.0500,A,Kent State,30424,Rachel Decavitch
"Sun, Feb-20-2022",Bowling Green,9.8500,9.7500,9.8250,9.8750,39.3000,H,Kent State,30424,Rachel Decavitch
"Sun, Feb-27-2022",Central Michigan,9.5250,9.7750,9.2500,9.8750,38.4250,A,Kent State,30424,Rachel Decavitch
"Fri, Mar-04-2022","Bowling Green, Ohio State",9.7750,9.8750,9.8750,9.8000,39.3250,A,Kent State,30424,Rachel Decavitch
"Sun, Mar-06-2022","Eastern Michigan, Ohio State",9.8500,9.8000,9.8750,9.8250,39.3500,H,Kent State,30424,Rachel Decavitch
"Sun, Mar-13-2022",Western Michigan,9.8000,9.8500,9.7500,9.9000,39.3000,A,Kent State,30424,Rachel Decavitch
"Sat, Mar-19-2022","Ball State, Bowling Green, Central Michigan, Eastern Michigan, Northern Illinois, Western Michigan",9.7750,9.7750,9.7750,9.8500,39.1750,A,Kent State,30424,Rachel Decavitch
"Thu, Mar-31-2022",,9.7000,9.8000,9.6500,9.7500,38.9000,A,Kent State,30424,Rachel Decavitch
"Sun, Jan-16-2022","Illinois, Northern Illinois, S.E. Missouri",9.7250,9.8250,,9.8250,,H,Kent State,30425,Karlie Franz
"Sun, Jan-23-2022",Ball State,9.7250,9.8000,,9.8750,,A,Kent State,30425,Karlie Franz
"Fri, Jan-28-2022","Cornell, Rutgers",9.6750,9.7750,,9.9000,,H,Kent State,30425,Karlie Franz
"Sun, Feb-06-2022","Eastern Michigan, George Washington, LIU",9.6000,9.8000,,9.8250,,A,Kent State,30425,Karlie Franz
"Fri, Feb-11-2022","Iowa, Rutgers, Ursinus College",9.7750,9.8500,,9.8500,,A,Kent State,30425,Karlie Franz
"Sun, Feb-20-2022",Bowling Green,9.7750,9.7500,,9.1750,,H,Kent State,30425,Karlie Franz
"Sun, Feb-27-2022",Central Michigan,9.8500,9.8250,,9.9000,,A,Kent State,30425,Karlie Franz
"Fri, Mar-04-2022","Bowling Green, Ohio State",9.6750,9.8500,,9.9250,,A,Kent State,30425,Karlie Franz
"Sun, Mar-06-2022","Eastern Michigan, Ohio State",9.8000,9.7000,,9.9000,,H,Kent State,30425,Karlie Franz
"Sun, Mar-13-2022",Western Michigan,9.8250,9.8500,,9.9250,,A,Kent State,30425,Karlie Franz
"Sat, Mar-19-2022","Ball State, Bowling Green, Central Michigan, Eastern Michigan, Northern Illinois, Western Michigan",9.8500,9.8250,,9.9000,,A,Kent State,30425,Karlie Franz
"Thu, Mar-31-2022",,,,,9.8750,,A,Kent State,30425,Karlie Franz
"Sun, Jan-16-2022","Illinois, Northern Illinois, S.E. Missouri",9.8750,9.8000,,9.6500,,H,Kent State,30913,Kyndall Gilbert
"Sun, Jan-23-2022",Ball State,9.9000,8.9000,,,,A,Kent State,30913,Kyndall Gilbert
"Fri, Jan-28-2022","Cornell, Rutgers",9.8250,9.5250,,,,H,Kent State,30913,Kyndall Gilbert
"Sun, Feb-06-2022","Eastern Michigan, George Washington, LIU",9.8250,,,,,A,Kent State,30913,Kyndall Gilbert
"Fri, Feb-11-2022","Iowa, Rutgers, Ursinus College",9.8250,,,,,A,Kent State,30913,Kyndall Gilbert
"Sun, Feb-20-2022",Bowling Green,9.7750,,,,,H,Kent State,30913,Kyndall Gilbert
"Sun, Feb-27-2022",Central Michigan,9.8250,,,,,A,Kent State,30913,Kyndall Gilbert
"Fri, Mar-04-2022","Bowling Green, Ohio State",9.7000,,,,,A,Kent State,30913,Kyndall Gilbert
"Fri, Jan-28-2022","Cornell, Rutgers",9.7000,,,9.9750,,H,Kent State,31362,Alyssa Guns
"Sun, Feb-06-2022","Eastern Michigan, George Washington, LIU",9.8750,,9.7000,9.8750,,A,Kent State,31362,Alyssa Guns
"Fri, Feb-11-2022","Iowa, Rutgers, Ursinus College",9.7750,,9.7750,9.8000,,A,Kent State,31362,Alyssa Guns
"Sun, Feb-20-2022",Bowling Green,9.8500,,9.8500,9.9000,,H,Kent State,31362,Alyssa Guns
"Sun, Feb-27-2022",Central Michigan,9.8250,,8.9500,9.9000,,A,Kent State,31362,Alyssa Guns
"Fri, Mar-04-2022","Bowling Green, Ohio State",9.7750,,9.8500,9.8750,,A,Kent State,31362,Alyssa Guns
"Sun, Mar-06-2022","Eastern Michigan, Ohio State",9.8750,,9.8500,9.8000,,H,Kent State,31362,Alyssa Guns
"Sun, Mar-13-2022",Western Michigan,9.1750,,9.6500,9.9500,,A,Kent State,31362,Alyssa Guns
"Sat, Mar-19-2022","Ball State, Bowling Green, Central Michigan, Eastern Michigan, Northern Illinois, Western Michigan",9.7750,,9.8250,9.4000,,A,Kent State,31362,Alyssa Guns
"Thu, Mar-31-2022",,,,,9.7750,,A,Kent State,31362,Alyssa Guns
"Sun, Jan-16-2022","Illinois, Northern Illinois, S.E. Missouri",,9.8500,9.2750,9.7250,,H,Kent State,30914,Sarah Haxton
"Sun, Jan-23-2022",Ball State,,9.8250,9.5750,9.7500,,A,Kent State,30914,Sarah Haxton
"Fri, Jan-28-2022","Cornell, Rutgers",,9.8750,9.7250,,,H,Kent State,30914,Sarah Haxton
"Sun, Feb-06-2022","Eastern Michigan, George Washington, LIU",,9.8500,,,,A,Kent State,30914,Sarah Haxton
"Fri, Feb-11-2022","Iowa, Rutgers, Ursinus College",,9.8750,,,,A,Kent State,30914,Sarah Haxton
"Sun, Feb-20-2022",Bowling Green,,9.7750,9.2500,,,H,Kent State,30914,Sarah Haxton
"Sun, Feb-27-2022",Central Michigan,,9.8750,9.8750,,,A,Kent State,30914,Sarah Haxton
"Fri, Mar-04-2022","Bowling Green, Ohio State",,9.9000,9.7750,,,A,Kent State,30914,Sarah Haxton
"Sun, Mar-06-2022","Eastern Michigan, Ohio State",,9.6750,9.8750,,,H,Kent State,30914,Sarah Haxton
"Sun, Mar-13-2022",Western Michigan,,9.8750,9.8750,,,A,Kent State,30914,Sarah Haxton
"Sat, Mar-19-2022","Ball State, Bowling Green, Central Michigan, Eastern Michigan, Northern Illinois, Western Michigan",,8.9000,9.7500,,,A,Kent State,30914,Sarah Haxton
"Thu, Mar-31-2022",,,9.9000,,,,A,Kent State,30914,Sarah Haxton
"Sun, Jan-16-2022","Illinois, Northern Illinois, S.E. Missouri",,,9.7250,,,H,Kent State,30009,Samantha Henry
"Sun, Jan-23-2022",Ball State,,,9.6750,,,A,Kent State,30009,Samantha Henry
"Fri, Jan-28-2022","Cornell, Rutgers",,,9.7000,,,H,Kent State,30009,Samantha Henry
"Sun, Feb-06-2022","Eastern Michigan, George Washington, LIU",,,9.7250,,,A,Kent State,30009,Samantha Henry
"Fri, Feb-11-2022","Iowa, Rutgers, Ursinus College",,,9.8500,,,A,Kent State,30009,Samantha Henry
"Sun, Feb-20-2022",Bowling Green,,,9.0750,,,H,Kent State,30009,Samantha Henry
"Sun, Feb-27-2022",Central Michigan,,,9.7250,,,A,Kent State,30009,Samantha Henry
"Fri, Mar-04-2022","Bowling Green, Ohio State",,,9.1000,,,A,Kent State,30009,Samantha Henry
"Sun, Mar-06-2022","Eastern Michigan, Ohio State",,,9.6750,,,H,Kent State,30009,Samantha Henry
"Sun, Mar-13-2022",Western Michigan,,,9.8000,,,A,Kent State,30009,Samantha Henry
"Sat, Mar-19-2022","Ball State, Bowling Green, Central Michigan, Eastern Michigan, Northern Illinois, Western Michigan",,,9.7500,,,A,Kent State,30009,Samantha Henry
"Sun, Jan-16-2022","Illinois, Northern Illinois, S.E. Missouri",,9.6750,,,,H,Kent State,30010,Madison Iannuzzo
"Sun, Jan-23-2022",Ball State,,9.6500,,,,A,Kent State,30010,Madison Iannuzzo
"Fri, Jan-28-2022","Cornell, Rutgers",,9.7250,,,,H,Kent State,30010,Madison Iannuzzo
"Sun, Feb-06-2022","Eastern Michigan, George Washington, LIU",,9.7750,,,,A,Kent State,30010,Madison Iannuzzo
"Fri, Feb-11-2022","Iowa, Rutgers, Ursinus College",,9.7250,,,,A,Kent State,30010,Madison Iannuzzo
"Sun, Feb-20-2022",Bowling Green,,9.7500,,,,H,Kent State,30010,Madison Iannuzzo
"Sun, Feb-27-2022",Central Michigan,,9.0750,,,,A,Kent State,30010,Madison Iannuzzo
"Fri, Mar-04-2022","Bowling Green, Ohio State",,9.7500,,,,A,Kent State,30010,Madison Iannuzzo
"Sun, Mar-06-2022","Eastern Michigan, Ohio State",,9.8500,,,,H,Kent State,30010,Madison Iannuzzo
"Sun, Mar-13-2022",Western Michigan,,9.8500,,,,A,Kent State,30010,Madison Iannuzzo
"Sat, Mar-19-2022","Ball State, Bowling Green, Central Michigan, Eastern Michigan, Northern Illinois, Western Michigan",,9.7500,,,,A,Kent State,30010,Madison Iannuzzo
"Sun, Jan-16-2022","Illinois, Northern Illinois, S.E. Missouri",9.7000,,9.8500,,,H,Kent State,30011,Cami Klein
"Sun, Jan-23-2022",Ball State,9.3500,,9.7750,,,A,Kent State,30011,Cami Klein
"Fri, Jan-28-2022","Cornell, Rutgers",,,9.8500,,,H,Kent State,30011,Cami Klein
"Sun, Feb-06-2022","Eastern Michigan, George Washington, LIU",,,9.8000,,,A,Kent State,30011,Cami Klein
"Fri, Feb-11-2022","Iowa, Rutgers, Ursinus College",,,9.8500,,,A,Kent State,30011,Cami Klein
"Sun, Feb-20-2022",Bowling Green,,,9.8750,,,H,Kent State,30011,Cami Klein
"Sun, Feb-27-2022",Central Michigan,,,9.1000,,,A,Kent State,30011,Cami Klein
"Fri, Mar-04-2022","Bowling Green, Ohio State",,,9.8500,,,A,Kent State,30011,Cami Klein
"Sun, Mar-06-2022","Eastern Michigan, Ohio State",9.8000,,9.8000,,,H,Kent State,30011,Cami Klein
"Sun, Mar-13-2022",Western Michigan,9.7250,,9.9250,,,A,Kent State,30011,Cami Klein
"Sat, Mar-19-2022","Ball State, Bowling Green, Central Michigan, Eastern Michigan, Northern Illinois, Western Michigan",,,9.8250,,,A,Kent State,30011,Cami Klein
"Fri, Feb-11-2022","Iowa, Rutgers, Ursinus College",9.7250,,,,,A,Kent State,30012,Kendra Lindway
"Sun, Feb-20-2022",Bowling Green,9.7250,,,,,H,Kent State,30012,Kendra Lindway
"Sun, Feb-27-2022",Central Michigan,9.7250,,,,,A,Kent State,30012,Kendra Lindway
"Fri, Mar-04-2022","Bowling Green, Ohio State",9.0750,,,,,A,Kent State,30012,Kendra Lindway
"Sun, Mar-06-2022","Eastern Michigan, Ohio State",9.8000,,,,,H,Kent State,30012,Kendra Lindway
"Sun, Mar-13-2022",Western Michigan,9.7250,,,,,A,Kent State,30012,Kendra Lindway
"Sat, Mar-19-2022","Ball State, Bowling Green, Central Michigan, Eastern Michigan, Northern Illinois, Western Michigan",9.7000,,,,,A,Kent State,30012,Kendra Lindway
"Sun, Jan-23-2022",Ball State,,,,9.7750,,A,Kent State,31364,Cheyenne Pratola
"Fri, Jan-28-2022","Cornell, Rutgers",,,,9.8000,,H,Kent State,31364,Cheyenne Pratola
"Sun, Feb-06-2022","Eastern Michigan, George Washington, LIU",,,,9.7250,,A,Kent State,30013,Madison Trott
"Sun, Feb-27-2022",Central Michigan,,9.8000,,,,A,Kent State,31365,Brynne Tsipis
"Sat, Mar-19-2022","Ball State, Bowling Green, Central Michigan, Eastern Michigan, Northern Illinois, Western Michigan",9.7500,,,,,A,Kent State,31365,Brynne Tsipis
"Sun, Jan-16-2022","Illinois, Northern Illinois, S.E. Missouri",9.7750,,9.5250,9.8000,,H,Kent State,31366,Grace Wehry
"Sun, Jan-23-2022",Ball State,9.6250,,9.5000,9.0250,,A,Kent State,31366,Grace Wehry
"Fri, Jan-28-2022","Cornell, Rutgers",9.7250,,9.6000,9.8750,,H,Kent State,31366,Grace Wehry
"Sun, Feb-06-2022","Eastern Michigan, George Washington, LIU",9.6500,,9.6000,9.7750,,A,Kent State,31366,Grace Wehry
"Fri, Feb-11-2022","Iowa, Rutgers, Ursinus College",,,9.1500,9.8750,,A,Kent State,31366,Grace Wehry
"Sun, Feb-20-2022",Bowling Green,,,,9.7250,,H,Kent State,31366,Grace Wehry
"Sun, Feb-27-2022",Central Michigan,,,,9.7250,,A,Kent State,31366,Grace Wehry
"Fri, Mar-04-2022","Bowling Green, Ohio State",,,,9.8750,,A,Kent State,31366,Grace Wehry
"Sun, Mar-06-2022","Eastern Michigan, Ohio State",,,,9.8250,,H,Kent State,31366,Grace Wehry
"Sun, Mar-13-2022",Western Michigan,,,,9.8500,,A,Kent State,31366,Grace Wehry
"Sat, Mar-19-2022","Ball State, Bowling Green, Central Michigan, Eastern Michigan, Northern Illinois, Western Michigan",,,,9.7500,,A,Kent State,31366,Grace Wehry
"Sun, Feb-06-2022","Eastern Michigan, George Washington, LIU",,9.7500,,,,A,Kent State,30916,Kennedy Weinpert
"Fri, Feb-11-2022","Iowa, Rutgers, Ursinus College",,9.8750,,9.6500,,A,Kent State,30916,Kennedy Weinpert
"Sun, Feb-20-2022",Bowling Green,,9.8500,,9.8750,,H,Kent State,30916,Kennedy Weinpert
"Sun, Feb-27-2022",Central Michigan,,,,9.7750,,A,Kent State,30916,Kennedy Weinpert
"Fri, Mar-04-2022","Bowling Green, Ohio State",,9.7500,,9.7750,,A,Kent State,30916,Kennedy Weinpert
"Sun, Mar-06-2022","Eastern Michigan, Ohio State",,9.7750,,9.9000,,H,Kent State,30916,Kennedy Weinpert
"Sun, Mar-13-2022",Western Michigan,,9.8250,,9.9000,,A,Kent State,30916,Kennedy Weinpert
"Sat, Mar-19-2022","Ball State, Bowling Green, Central Michigan, Eastern Michigan, Northern Illinois, Western Michigan",,9.0750,,9.8500,,A,Kent State,30916,Kennedy Weinpert
"Fri, Jan-21-2022",Alabama,,,,9.7000,,A,Kentucky,30428,Raina Albores
"Fri, Feb-11-2022",Arkansas,,,,9.7500,,A,Kentucky,30428,Raina Albores
"Fri, Jan-14-2022",Ball State,,9.8000,9.8000,,,H,Kentucky,30136,Josie Angeny
"Fri, Jan-21-2022",Alabama,,9.7750,9.8500,,,A,Kentucky,30136,Josie Angeny
"Sat, Jan-29-2022",Missouri,,9.8500,9.7750,,,H,Kentucky,30136,Josie Angeny
"Fri, Feb-04-2022","Central Michigan, Georgia, Illinois",,,9.9000,,,H,Kentucky,30136,Josie Angeny
"Fri, Feb-11-2022",Arkansas,,9.8750,9.9500,,,A,Kentucky,30136,Josie Angeny
"Fri, Feb-18-2022",Florida,,9.8750,9.8250,,,H,Kentucky,30136,Josie Angeny
"Fri, Feb-25-2022",Auburn,,9.9250,9.2500,,,A,Kentucky,30136,Josie Angeny
"Fri, Mar-04-2022",LSU,,9.9000,9.8250,,,A,Kentucky,30136,Josie Angeny
"Fri, Mar-11-2022",Michigan State,,9.9500,9.8000,,,H,Kentucky,30136,Josie Angeny
"Sat, Mar-19-2022","Alabama, Arkansas, Auburn, Florida, Georgia, LSU, Missouri",9.7750,9.8250,9.8500,,,A,Kentucky,30136,Josie Angeny
"Thu, Mar-31-2022",,9.8500,9.8750,9.9000,,,A,Kentucky,30136,Josie Angeny
"Sat, Apr-02-2022",,9.8500,9.8500,9.8250,,,A,Kentucky,30136,Josie Angeny
"Fri, Jan-14-2022",Ball State,,9.8000,9.0500,9.7750,,H,Kentucky,30918,Bailey Bunn
"Fri, Jan-21-2022",Alabama,,9.8250,9.2500,9.8500,,A,Kentucky,30918,Bailey Bunn
"Sat, Jan-29-2022",Missouri,,9.8500,9.8500,9.8250,,H,Kentucky,30918,Bailey Bunn
"Fri, Feb-04-2022","Central Michigan, Georgia, Illinois",,9.8250,9.9000,9.8500,,H,Kentucky,30918,Bailey Bunn
"Fri, Feb-11-2022",Arkansas,,,9.6250,,,A,Kentucky,30920,Carissa Clay
"Fri, Feb-18-2022",Florida,,,9.7250,,,H,Kentucky,30920,Carissa Clay
"Fri, Feb-25-2022",Auburn,,,9.1250,,,A,Kentucky,30920,Carissa Clay
"Fri, Jan-14-2022",Ball State,,9.8250,,9.9250,,H,Kentucky,30921,Hailey Davis
"Sat, Jan-29-2022",Missouri,,9.8750,,9.9000,,H,Kentucky,30921,Hailey Davis
"Fri, Feb-04-2022","Central Michigan, Georgia, Illinois",,9.7500,,9.7750,,H,Kentucky,30921,Hailey Davis
"Fri, Feb-11-2022",Arkansas,,9.8000,,9.6000,,A,Kentucky,30921,Hailey Davis
"Fri, Feb-18-2022",Florida,,9.8000,,9.9250,,H,Kentucky,30921,Hailey Davis
"Fri, Feb-25-2022",Auburn,,9.8000,,9.9500,,A,Kentucky,30921,Hailey Davis
"Fri, Mar-04-2022",LSU,,9.7500,,9.8750,,A,Kentucky,30921,Hailey Davis
"Fri, Mar-11-2022",Michigan State,,9.8250,,9.9500,,H,Kentucky,30921,Hailey Davis
"Sat, Mar-19-2022","Alabama, Arkansas, Auburn, Florida, Georgia, LSU, Missouri",,9.7000,,9.9000,,A,Kentucky,30921,Hailey Davis
"Thu, Mar-31-2022",,,9.8750,,9.9500,,A,Kentucky,30921,Hailey Davis
"Sat, Apr-02-2022",,,9.7750,,9.9500,,A,Kentucky,30921,Hailey Davis
"Thu, Apr-14-2022",,,,,9.8500,,A,Kentucky,30921,Hailey Davis
"Fri, Jan-14-2022",Ball State,,9.8000,,,,H,Kentucky,30429,Kaitlin Deguzman
"Fri, Jan-21-2022",Alabama,,9.7750,,,,A,Kentucky,30429,Kaitlin Deguzman
"Sat, Jan-29-2022",Missouri,,9.8250,,9.7750,,H,Kentucky,30429,Kaitlin Deguzman
"Fri, Feb-04-2022","Central Michigan, Georgia, Illinois",,9.8500,,,,H,Kentucky,30429,Kaitlin Deguzman
"Fri, Feb-11-2022",Arkansas,,9.8750,,,,A,Kentucky,30429,Kaitlin Deguzman
"Fri, Jan-14-2022",Ball State,,,9.7750,9.8500,,H,Kentucky,30137,Anna Haigis
"Fri, Jan-21-2022",Alabama,,,9.8000,9.9250,,A,Kentucky,30137,Anna Haigis
"Fri, Feb-04-2022","Central Michigan, Georgia, Illinois",,,9.5750,9.9250,,H,Kentucky,30137,Anna Haigis
"Fri, Feb-11-2022",Arkansas,,,9.3750,9.8750,,A,Kentucky,30137,Anna Haigis
"Fri, Feb-18-2022",Florida,,,,9.8250,,H,Kentucky,30137,Anna Haigis
"Fri, Feb-25-2022",Auburn,,,,9.9250,,A,Kentucky,30137,Anna Haigis
"Fri, Mar-04-2022",LSU,,,,9.8750,,A,Kentucky,30137,Anna Haigis
"Fri, Mar-11-2022",Michigan State,,,,9.9750,,H,Kentucky,30137,Anna Haigis
"Sat, Mar-19-2022","Alabama, Arkansas, Auburn, Florida, Georgia, LSU, Missouri",,,,9.8750,,A,Kentucky,30137,Anna Haigis
"Thu, Mar-31-2022",,,,9.8500,9.9500,,A,Kentucky,30137,Anna Haigis
"Sat, Apr-02-2022",,,,9.8250,9.9000,,A,Kentucky,30137,Anna Haigis
"Fri, Jan-14-2022",Ball State,,,,9.0000,,H,Kentucky,30430,Kassidy Howell
"Sat, Jan-29-2022",Missouri,,,,9.7500,,H,Kentucky,30768,Ashlyn LaClair
"Fri, Feb-04-2022","Central Michigan, Georgia, Illinois",,,,9.8250,,H,Kentucky,30768,Ashlyn LaClair
"Fri, Feb-11-2022",Arkansas,,,,9.7250,,A,Kentucky,30768,Ashlyn LaClair
"Fri, Feb-18-2022",Florida,,,,9.0750,,H,Kentucky,30768,Ashlyn LaClair
"Fri, Feb-25-2022",Auburn,,,,9.8750,,A,Kentucky,30768,Ashlyn LaClair
"Fri, Mar-04-2022",LSU,,,,9.7250,,A,Kentucky,30768,Ashlyn LaClair
"Fri, Jan-21-2022",Alabama,,9.6000,,,,A,Kentucky,30431,Shealyn Luksik
"Sat, Jan-29-2022",Missouri,,,9.8750,,,H,Kentucky,30431,Shealyn Luksik
"Fri, Feb-04-2022","Central Michigan, Georgia, Illinois",,9.9000,9.7500,,,H,Kentucky,30431,Shealyn Luksik
"Fri, Feb-11-2022",Arkansas,,9.7750,9.8500,,,A,Kentucky,30431,Shealyn Luksik
"Fri, Feb-18-2022",Florida,,9.9250,9.6750,,,H,Kentucky,30431,Shealyn Luksik
"Fri, Feb-25-2022",Auburn,,9.7750,9.9500,,,A,Kentucky,30431,Shealyn Luksik
"Fri, Mar-04-2022",LSU,,9.8750,9.8250,,,A,Kentucky,30431,Shealyn Luksik
"Fri, Mar-11-2022",Michigan State,,9.9000,9.7250,,,H,Kentucky,30431,Shealyn Luksik
"Sat, Mar-19-2022","Alabama, Arkansas, Auburn, Florida, Georgia, LSU, Missouri",,9.8000,9.7250,,,A,Kentucky,30431,Shealyn Luksik
"Thu, Mar-31-2022",,,9.8750,9.8000,,,A,Kentucky,30431,Shealyn Luksik
"Sat, Apr-02-2022",,,9.9000,9.8000,,,A,Kentucky,30431,Shealyn Luksik
"Fri, Jan-14-2022",Ball State,9.7500,,9.7250,9.6750,,H,Kentucky,30922,Isabella Magnelli
"Fri, Jan-21-2022",Alabama,9.8000,,9.7750,9.9250,,A,Kentucky,30922,Isabella Magnelli
"Sat, Jan-29-2022",Missouri,9.7750,,9.8750,9.8750,,H,Kentucky,30922,Isabella Magnelli
"Fri, Feb-04-2022","Central Michigan, Georgia, Illinois",9.1000,,9.8000,9.8750,,H,Kentucky,30922,Isabella Magnelli
"Fri, Feb-11-2022",Arkansas,9.7500,,9.8000,9.8500,,A,Kentucky,30922,Isabella Magnelli
"Fri, Feb-18-2022",Florida,9.8500,,9.8500,9.8500,,H,Kentucky,30922,Isabella Magnelli
"Fri, Feb-25-2022",Auburn,9.8750,,9.8750,9.7750,,A,Kentucky,30922,Isabella Magnelli
"Fri, Mar-04-2022",LSU,9.8500,,9.8750,9.8750,,A,Kentucky,30922,Isabella Magnelli
"Fri, Mar-11-2022",Michigan State,9.8250,,9.9000,9.8500,,H,Kentucky,30922,Isabella Magnelli
"Sat, Mar-19-2022","Alabama, Arkansas, Auburn, Florida, Georgia, LSU, Missouri",9.7750,,9.7000,9.8500,,A,Kentucky,30922,Isabella Magnelli
"Thu, Mar-31-2022",,9.9000,,9.8750,9.9000,,A,Kentucky,30922,Isabella Magnelli
"Sat, Apr-02-2022",,9.9000,,9.9000,9.9000,,A,Kentucky,30922,Isabella Magnelli
"Fri, Jan-14-2022",Ball State,9.8250,9.9000,,,,H,Kentucky,30138,Cally Nixon
"Fri, Jan-21-2022",Alabama,9.8750,9.8500,,,,A,Kentucky,30138,Cally Nixon
"Sat, Jan-29-2022",Missouri,9.8500,9.9000,,,,H,Kentucky,30138,Cally Nixon
"Fri, Feb-04-2022","Central Michigan, Georgia, Illinois",9.8500,9.9750,,,,H,Kentucky,30138,Cally Nixon
"Fri, Feb-11-2022",Arkansas,9.6500,9.8750,,,,A,Kentucky,30138,Cally Nixon
"Fri, Feb-18-2022",Florida,9.8000,9.8750,,,,H,Kentucky,30138,Cally Nixon
"Fri, Feb-25-2022",Auburn,9.8000,9.9000,,,,A,Kentucky,30138,Cally Nixon
"Fri, Mar-04-2022",LSU,9.8500,9.9250,,,,A,Kentucky,30138,Cally Nixon
"Fri, Mar-11-2022",Michigan State,9.7500,9.9500,,,,H,Kentucky,30138,Cally Nixon
"Sat, Mar-19-2022","Alabama, Arkansas, Auburn, Florida, Georgia, LSU, Missouri",,9.7750,,,,A,Kentucky,30138,Cally Nixon
"Thu, Mar-31-2022",,9.8000,9.9500,,,,A,Kentucky,30138,Cally Nixon
"Sat, Apr-02-2022",,9.8500,9.8500,,,,A,Kentucky,30138,Cally Nixon
"Thu, Apr-14-2022",,,9.8250,,,,A,Kentucky,30138,Cally Nixon
"Fri, Jan-14-2022",Ball State,9.8750,,,,,H,Kentucky,30139,Arianna Patterson
"Fri, Jan-21-2022",Alabama,9.8500,,,,,A,Kentucky,30139,Arianna Patterson
"Sat, Jan-29-2022",Missouri,9.9000,,,,,H,Kentucky,30139,Arianna Patterson
"Fri, Feb-04-2022","Central Michigan, Georgia, Illinois",9.8750,,,,,H,Kentucky,30139,Arianna Patterson
"Fri, Feb-11-2022",Arkansas,9.8750,,,,,A,Kentucky,30139,Arianna Patterson
"Fri, Feb-18-2022",Florida,9.9500,,9.8500,,,H,Kentucky,30139,Arianna Patterson
"Fri, Feb-25-2022",Auburn,9.9250,,9.8750,,,A,Kentucky,30139,Arianna Patterson
"Fri, Mar-04-2022",LSU,9.8000,,9.9250,,,A,Kentucky,30139,Arianna Patterson
"Fri, Mar-11-2022",Michigan State,9.8750,,9.1750,9.8500,,H,Kentucky,30139,Arianna Patterson
"Sat, Mar-19-2022","Alabama, Arkansas, Auburn, Florida, Georgia, LSU, Missouri",9.8750,,9.8000,9.8000,,A,Kentucky,30139,Arianna Patterson
"Thu, Mar-31-2022",,9.9000,,9.8000,9.4250,,A,Kentucky,30139,Arianna Patterson
"Sat, Apr-02-2022",,9.8750,,9.8000,9.0250,,A,Kentucky,30139,Arianna Patterson
"Fri, Jan-14-2022",Ball State,9.8000,,,,,H,Kentucky,31358,Jillian Procasky
"Fri, Jan-21-2022",Alabama,9.8500,,,9.4750,,A,Kentucky,31358,Jillian Procasky
"Sat, Jan-29-2022",Missouri,9.8750,,9.1500,,,H,Kentucky,31358,Jillian Procasky
"Fri, Feb-04-2022","Central Michigan, Georgia, Illinois",9.8250,,,,,H,Kentucky,31358,Jillian Procasky
"Fri, Feb-11-2022",Arkansas,9.7750,,,,,A,Kentucky,31358,Jillian Procasky
"Fri, Feb-18-2022",Florida,9.9000,9.8000,,9.8250,,H,Kentucky,31358,Jillian Procasky
"Fri, Feb-25-2022",Auburn,9.8000,9.9000,,9.7250,,A,Kentucky,31358,Jillian Procasky
"Fri, Mar-04-2022",LSU,9.9000,9.8500,9.6000,9.8500,39.2000,A,Kentucky,31358,Jillian Procasky
"Fri, Mar-11-2022",Michigan State,9.8000,9.6250,9.9000,9.5500,38.8750,H,Kentucky,31358,Jillian Procasky
"Sat, Mar-19-2022","Alabama, Arkansas, Auburn, Florida, Georgia, LSU, Missouri",9.6000,9.7500,9.2500,9.7000,38.3000,A,Kentucky,31358,Jillian Procasky
"Thu, Mar-31-2022",,9.7250,9.8750,,9.8000,,A,Kentucky,31358,Jillian Procasky
"Sat, Apr-02-2022",,9.8000,9.8000,,9.8500,,A,Kentucky,31358,Jillian Procasky
"Fri, Jan-14-2022",Ball State,,,9.7000,,,H,Kentucky,31359,Annie Reigert
"Fri, Jan-21-2022",Alabama,,,8.8250,,,A,Kentucky,31359,Annie Reigert
"Fri, Jan-14-2022",Ball State,9.8250,,,,,H,Kentucky,31361,Makenzie Wilson
"Fri, Jan-21-2022",Alabama,9.7250,,,,,A,Kentucky,31361,Makenzie Wilson
"Sat, Jan-29-2022",Missouri,9.8500,,,,,H,Kentucky,31361,Makenzie Wilson
"Fri, Feb-04-2022","Central Michigan, Georgia, Illinois",9.8000,,,,,H,Kentucky,31361,Makenzie Wilson
"Fri, Feb-11-2022",Arkansas,9.8250,,,,,A,Kentucky,31361,Makenzie Wilson
"Fri, Feb-18-2022",Florida,9.8750,,,,,H,Kentucky,31361,Makenzie Wilson
"Fri, Feb-25-2022",Auburn,9.8500,,,,,A,Kentucky,31361,Makenzie Wilson
"Fri, Mar-04-2022",LSU,9.8250,,,,,A,Kentucky,31361,Makenzie Wilson
"Fri, Mar-11-2022",Michigan State,9.8250,,,,,H,Kentucky,31361,Makenzie Wilson
"Sat, Mar-19-2022","Alabama, Arkansas, Auburn, Florida, Georgia, LSU, Missouri",9.8250,,,,,A,Kentucky,31361,Makenzie Wilson
"Fri, Jan-14-2022",Ball State,9.9000,9.9500,9.8750,9.9250,39.6500,H,Kentucky,30433,Raena Worley
"Fri, Jan-21-2022",Alabama,9.9000,9.8750,9.9000,9.9250,39.6000,A,Kentucky,30433,Raena Worley
"Sat, Jan-29-2022",Missouri,9.9250,9.9500,9.9000,9.9750,39.7500,H,Kentucky,30433,Raena Worley
"Fri, Feb-04-2022","Central Michigan, Georgia, Illinois",9.9000,9.9250,9.9250,9.9750,39.7250,H,Kentucky,30433,Raena Worley
"Fri, Feb-11-2022",Arkansas,9.9250,9.9000,9.9250,9.8750,39.6250,A,Kentucky,30433,Raena Worley
"Fri, Feb-18-2022",Florida,9.8750,9.9250,9.8750,9.9500,39.6250,H,Kentucky,30433,Raena Worley
"Fri, Feb-25-2022",Auburn,9.8750,9.9250,9.9500,9.9500,39.7000,A,Kentucky,30433,Raena Worley
"Fri, Mar-04-2022",LSU,9.9000,9.9500,9.8250,9.9250,39.6000,A,Kentucky,30433,Raena Worley
"Fri, Mar-11-2022",Michigan State,9.9250,9.9500,9.9250,9.9500,39.7500,H,Kentucky,30433,Raena Worley
"Sat, Mar-19-2022","Alabama, Arkansas, Auburn, Florida, Georgia, LSU, Missouri",9.8000,9.9000,9.8000,9.9500,39.4500,A,Kentucky,30433,Raena Worley
"Thu, Mar-31-2022",,9.9500,9.9500,9.8750,9.9250,39.7000,A,Kentucky,30433,Raena Worley
"Sat, Apr-02-2022",,9.9000,9.8500,9.9500,9.9750,39.6750,A,Kentucky,30433,Raena Worley
"Thu, Apr-14-2022",,9.8250,9.8750,9.8750,9.9125,39.4875,A,Kentucky,30433,Raena Worley
"Sun, Jan-09-2022","Brown, West Chester, Yale",,,,9.2750,,A,LIU,30933,Ella Barrington
"Sun, Jan-16-2022","Maryland, Pittsburgh",,,,9.6250,,A,LIU,30933,Ella Barrington
"Sun, Jan-23-2022",Yale,,,,9.7500,,H,LIU,30933,Ella Barrington
"Sun, Jan-30-2022",Temple,,,,9.7500,,H,LIU,30933,Ella Barrington
"Fri, Feb-04-2022","Eastern Michigan, Temple, Towson",,,,8.9750,,A,LIU,30933,Ella Barrington
"Sun, Feb-06-2022","Eastern Michigan, George Washington, Kent State",,,,9.7750,,A,LIU,30933,Ella Barrington
"Sun, Feb-13-2022",North Carolina State,,,,9.8000,,H,LIU,30933,Ella Barrington
"Sun, Feb-20-2022","Brown, Rhode Island College, Southern Conn.",,,,9.7500,,A,LIU,30933,Ella Barrington
"Fri, Feb-25-2022","Centenary College, New Hampshire",,,,9.7500,,A,LIU,30933,Ella Barrington
"Sun, Mar-06-2022",North Carolina,,,,9.8750,,H,LIU,30933,Ella Barrington
"Sat, Mar-12-2022","Minnesota, Temple, Utah State",,,,9.6250,,A,LIU,30933,Ella Barrington
"Sat, Mar-19-2022","George Washington, New Hampshire, North Carolina, North Carolina State, Pittsburgh, Temple, Towson",,,,9.8000,,A,LIU,30933,Ella Barrington
"Sun, Jan-09-2022","Brown, West Chester, Yale",9.8250,9.1250,,9.8250,,A,LIU,30934,Jah'Liyah Bedminster
"Sun, Jan-16-2022","Maryland, Pittsburgh",9.1500,9.5250,,9.6500,,A,LIU,30934,Jah'Liyah Bedminster
"Sun, Jan-23-2022",Yale,8.8500,9.4750,,,,H,LIU,30934,Jah'Liyah Bedminster
"Sun, Jan-30-2022",Temple,,9.8750,,,,H,LIU,30934,Jah'Liyah Bedminster
"Fri, Feb-04-2022","Eastern Michigan, Temple, Towson",9.8250,9.1750,,,,A,LIU,30934,Jah'Liyah Bedminster
"Sun, Feb-06-2022","Eastern Michigan, George Washington, Kent State",9.6750,9.6250,,8.9500,,A,LIU,30934,Jah'Liyah Bedminster
"Sun, Feb-13-2022",North Carolina State,9.7250,9.8500,,9.8250,,H,LIU,30934,Jah'Liyah Bedminster
"Sun, Feb-20-2022","Brown, Rhode Island College, Southern Conn.",9.8500,9.4000,,9.8500,,A,LIU,30934,Jah'Liyah Bedminster
"Fri, Feb-25-2022","Centenary College, New Hampshire",9.7500,7.8500,,9.6750,,A,LIU,30934,Jah'Liyah Bedminster
"Sun, Mar-06-2022",North Carolina,9.5000,9.7750,,9.8000,,H,LIU,30934,Jah'Liyah Bedminster
"Sat, Mar-12-2022","Minnesota, Temple, Utah State",,9.6750,,9.5750,,A,LIU,30934,Jah'Liyah Bedminster
"Sat, Mar-19-2022","George Washington, New Hampshire, North Carolina, North Carolina State, Pittsburgh, Temple, Towson",9.8500,9.7250,,9.7500,,A,LIU,30934,Jah'Liyah Bedminster
"Sun, Jan-16-2022","Maryland, Pittsburgh",,,9.7000,,,A,LIU,30935,Cael Bixler
"Sun, Jan-23-2022",Yale,,,9.7000,,,H,LIU,30935,Cael Bixler
"Sun, Jan-30-2022",Temple,,,9.6750,,,H,LIU,30935,Cael Bixler
"Fri, Feb-04-2022","Eastern Michigan, Temple, Towson",,,9.8000,,,A,LIU,30935,Cael Bixler
"Sun, Feb-06-2022","Eastern Michigan, George Washington, Kent State",,8.1000,9.7750,,,A,LIU,30935,Cael Bixler
"Sun, Feb-13-2022",North Carolina State,,,9.8750,,,H,LIU,30935,Cael Bixler
"Sun, Feb-20-2022","Brown, Rhode Island College, Southern Conn.",,,9.8250,,,A,LIU,30935,Cael Bixler
"Fri, Feb-25-2022","Centenary College, New Hampshire",,,9.7750,,,A,LIU,30935,Cael Bixler
"Sun, Mar-06-2022",North Carolina,,,9.8250,,,H,LIU,30935,Cael Bixler
"Sat, Mar-12-2022","Minnesota, Temple, Utah State",,,9.8000,,,A,LIU,30935,Cael Bixler
"Sat, Mar-19-2022","George Washington, New Hampshire, North Carolina, North Carolina State, Pittsburgh, Temple, Towson",,,9.8000,,,A,LIU,30935,Cael Bixler
"Sun, Jan-09-2022","Brown, West Chester, Yale",,9.7750,9.7250,,,A,LIU,30936,Ella Castellanos
"Sun, Jan-16-2022","Maryland, Pittsburgh",,9.7500,9.8000,,,A,LIU,30936,Ella Castellanos
"Sun, Jan-23-2022",Yale,,9.7000,9.0500,,,H,LIU,30936,Ella Castellanos
"Sun, Jan-30-2022",Temple,,9.8000,9.7000,,,H,LIU,30936,Ella Castellanos
"Fri, Feb-04-2022","Eastern Michigan, Temple, Towson",,9.8000,9.7500,9.8000,,A,LIU,30936,Ella Castellanos
"Sun, Feb-06-2022","Eastern Michigan, George Washington, Kent State",,9.6750,9.4250,9.8000,,A,LIU,30936,Ella Castellanos
"Sun, Feb-13-2022",North Carolina State,,9.8000,9.8250,9.1000,,H,LIU,30936,Ella Castellanos
"Sun, Feb-20-2022","Brown, Rhode Island College, Southern Conn.",,9.2000,,,,A,LIU,30936,Ella Castellanos
"Fri, Feb-25-2022","Centenary College, New Hampshire",,9.7500,9.7500,9.3750,,A,LIU,30936,Ella Castellanos
"Sun, Mar-06-2022",North Carolina,,9.7250,9.9000,,,H,LIU,30936,Ella Castellanos
"Sat, Mar-12-2022","Minnesota, Temple, Utah State",,9.4750,9.7250,,,A,LIU,30936,Ella Castellanos
"Sat, Mar-19-2022","George Washington, New Hampshire, North Carolina, North Carolina State, Pittsburgh, Temple, Towson",,9.7500,9.7750,,,A,LIU,30936,Ella Castellanos
"Sun, Jan-09-2022","Brown, West Chester, Yale",,,8.8750,,,A,LIU,30938,Taylor Doten
"Sun, Jan-16-2022","Maryland, Pittsburgh",,,9.8000,,,A,LIU,30938,Taylor Doten
"Sun, Jan-23-2022",Yale,,,9.7000,,,H,LIU,30938,Taylor Doten
"Sun, Jan-30-2022",Temple,,,9.1500,,,H,LIU,30938,Taylor Doten
"Fri, Feb-04-2022","Eastern Michigan, Temple, Towson",,,9.7000,,,A,LIU,30938,Taylor Doten
"Sun, Feb-06-2022","Eastern Michigan, George Washington, Kent State",,,9.8250,,,A,LIU,30938,Taylor Doten
"Sun, Feb-13-2022",North Carolina State,,,9.5000,,,H,LIU,30938,Taylor Doten
"Sun, Feb-20-2022","Brown, Rhode Island College, Southern Conn.",,,9.7750,,,A,LIU,30938,Taylor Doten
"Fri, Feb-25-2022","Centenary College, New Hampshire",,,9.6000,,,A,LIU,30938,Taylor Doten
"Sun, Mar-06-2022",North Carolina,,,9.8750,,,H,LIU,30938,Taylor Doten
"Sat, Mar-12-2022","Minnesota, Temple, Utah State",,,8.9000,,,A,LIU,30938,Taylor Doten
"Sat, Mar-19-2022","George Washington, New Hampshire, North Carolina, North Carolina State, Pittsburgh, Temple, Towson",,,9.2750,,,A,LIU,30938,Taylor Doten
"Sun, Jan-09-2022","Brown, West Chester, Yale",9.5000,,9.4500,9.4000,,A,LIU,30939,Talia Folino
"Sun, Jan-16-2022","Maryland, Pittsburgh",,,9.7500,,,A,LIU,30939,Talia Folino
"Sun, Jan-23-2022",Yale,,,9.6500,9.7500,,H,LIU,30939,Talia Folino
"Fri, Feb-25-2022","Centenary College, New Hampshire",,,9.6500,,,A,LIU,30939,Talia Folino
"Sun, Mar-06-2022",North Carolina,,,9.7000,9.7500,,H,LIU,30939,Talia Folino
"Sat, Mar-12-2022","Minnesota, Temple, Utah State",,,9.5750,9.3500,,A,LIU,30939,Talia Folino
"Sat, Mar-19-2022","George Washington, New Hampshire, North Carolina, North Carolina State, Pittsburgh, Temple, Towson",,,9.0750,9.6750,,A,LIU,30939,Talia Folino
"Sun, Jan-16-2022","Maryland, Pittsburgh",9.5000,,,8.8500,,A,LIU,31776,Karsyn Foster
"Sun, Jan-30-2022",Temple,9.7750,,,9.1250,,H,LIU,31776,Karsyn Foster
"Fri, Feb-04-2022","Eastern Michigan, Temple, Towson",9.5500,,9.0250,9.6250,,A,LIU,31776,Karsyn Foster
"Sun, Feb-06-2022","Eastern Michigan, George Washington, Kent State",9.5250,,,,,A,LIU,31776,Karsyn Foster
"Sun, Feb-13-2022",North Carolina State,8.8750,,,,,H,LIU,31776,Karsyn Foster
"Sun, Feb-20-2022","Brown, Rhode Island College, Southern Conn.",,,8.4000,9.3750,,A,LIU,31776,Karsyn Foster
"Sat, Mar-12-2022","Minnesota, Temple, Utah State",9.7000,,,,,A,LIU,31776,Karsyn Foster
"Sat, Mar-19-2022","George Washington, New Hampshire, North Carolina, North Carolina State, Pittsburgh, Temple, Towson",9.8250,,,,,A,LIU,31776,Karsyn Foster
"Sun, Jan-09-2022","Brown, West Chester, Yale",,,,9.5000,,A,LIU,30942,Reagan Jones
"Sun, Jan-16-2022","Maryland, Pittsburgh",,,,9.7750,,A,LIU,30942,Reagan Jones
"Sun, Jan-23-2022",Yale,,,,9.7750,,H,LIU,30942,Reagan Jones
"Sun, Jan-30-2022",Temple,,,,9.8000,,H,LIU,30942,Reagan Jones
"Fri, Feb-04-2022","Eastern Michigan, Temple, Towson",,,,9.8250,,A,LIU,30942,Reagan Jones
"Sun, Feb-06-2022","Eastern Michigan, George Washington, Kent State",,,,9.8500,,A,LIU,30942,Reagan Jones
"Sun, Feb-13-2022",North Carolina State,,,,9.8250,,H,LIU,30942,Reagan Jones
"Sun, Feb-20-2022","Brown, Rhode Island College, Southern Conn.",,,,9.7000,,A,LIU,30942,Reagan Jones
"Fri, Feb-25-2022","Centenary College, New Hampshire",,,,9.7250,,A,LIU,30942,Reagan Jones
"Sun, Mar-06-2022",North Carolina,,,,9.7750,,H,LIU,30942,Reagan Jones
"Sat, Mar-12-2022","Minnesota, Temple, Utah State",,,,9.6750,,A,LIU,30942,Reagan Jones
"Sat, Mar-19-2022","George Washington, New Hampshire, North Carolina, North Carolina State, Pittsburgh, Temple, Towson",,,,9.4000,,A,LIU,30942,Reagan Jones
"Sun, Jan-09-2022","Brown, West Chester, Yale",9.7750,9.6000,9.7500,,,A,LIU,31777,Ilka Juk
"Sun, Jan-16-2022","Maryland, Pittsburgh",9.7000,9.2000,9.0750,,,A,LIU,31777,Ilka Juk
"Sun, Jan-23-2022",Yale,9.4500,9.7750,9.8250,,,H,LIU,31777,Ilka Juk
"Sun, Jan-30-2022",Temple,,9.7750,9.7500,,,H,LIU,31777,Ilka Juk
"Fri, Feb-04-2022","Eastern Michigan, Temple, Towson",,9.6750,9.8500,,,A,LIU,31777,Ilka Juk
"Sun, Feb-06-2022","Eastern Michigan, George Washington, Kent State",,9.5750,9.2750,,,A,LIU,31777,Ilka Juk
"Sun, Feb-13-2022",North Carolina State,9.3750,9.5500,9.7750,,,H,LIU,31777,Ilka Juk
"Sun, Feb-20-2022","Brown, Rhode Island College, Southern Conn.",,9.7500,9.9250,,,A,LIU,31777,Ilka Juk
"Fri, Feb-25-2022","Centenary College, New Hampshire",9.7250,9.7500,9.7250,,,A,LIU,31777,Ilka Juk
"Sun, Mar-06-2022",North Carolina,9.6750,9.4250,9.9250,,,H,LIU,31777,Ilka Juk
"Sat, Mar-12-2022","Minnesota, Temple, Utah State",9.7000,9.4750,9.8000,,,A,LIU,31777,Ilka Juk
"Sat, Mar-19-2022","George Washington, New Hampshire, North Carolina, North Carolina State, Pittsburgh, Temple, Towson",,9.7000,9.7750,,,A,LIU,31777,Ilka Juk
"Sun, Jan-09-2022","Brown, West Chester, Yale",9.7000,,8.7750,,,A,LIU,30712,Katy Koopman
"Sun, Jan-16-2022","Maryland, Pittsburgh",9.7750,,,,,A,LIU,30712,Katy Koopman
"Sun, Jan-23-2022",Yale,9.6000,,,9.7500,,H,LIU,30712,Katy Koopman
"Sun, Jan-30-2022",Temple,9.7500,,9.6250,8.8000,,H,LIU,30712,Katy Koopman
"Fri, Feb-04-2022","Eastern Michigan, Temple, Towson",9.8000,,,9.7250,,A,LIU,30712,Katy Koopman
"Sun, Feb-06-2022","Eastern Michigan, George Washington, Kent State",9.7500,,9.3000,9.7250,,A,LIU,30712,Katy Koopman
"Sun, Feb-13-2022",North Carolina State,9.7250,,9.4500,9.8000,,H,LIU,30712,Katy Koopman
"Sun, Feb-20-2022","Brown, Rhode Island College, Southern Conn.",9.7250,,8.8000,9.6250,,A,LIU,30712,Katy Koopman
"Fri, Feb-25-2022","Centenary College, New Hampshire",9.6000,,,9.8000,,A,LIU,30712,Katy Koopman
"Sun, Mar-06-2022",North Carolina,9.8500,,,9.8000,,H,LIU,30712,Katy Koopman
"Sat, Mar-12-2022","Minnesota, Temple, Utah State",9.6000,,,9.6250,,A,LIU,30712,Katy Koopman
"Sat, Mar-19-2022","George Washington, New Hampshire, North Carolina, North Carolina State, Pittsburgh, Temple, Towson",9.7500,,,9.5750,,A,LIU,30712,Katy Koopman
"Sun, Jan-09-2022","Brown, West Chester, Yale",,,,8.9250,,A,LIU,30715,Amanda Loo
"Sun, Jan-16-2022","Maryland, Pittsburgh",9.7750,,,9.8250,,A,LIU,30715,Amanda Loo
"Sun, Jan-23-2022",Yale,9.6750,,,9.8000,,H,LIU,30715,Amanda Loo
"Sun, Jan-30-2022",Temple,9.6500,,,9.9000,,H,LIU,30715,Amanda Loo
"Fri, Feb-04-2022","Eastern Michigan, Temple, Towson",9.7250,,,9.0250,,A,LIU,30715,Amanda Loo
"Sun, Feb-06-2022","Eastern Michigan, George Washington, Kent State",9.5750,,,9.7250,,A,LIU,30715,Amanda Loo
"Sun, Feb-13-2022",North Carolina State,9.7750,,,9.9250,,H,LIU,30715,Amanda Loo
"Sun, Feb-20-2022","Brown, Rhode Island College, Southern Conn.",9.8250,,,9.8000,,A,LIU,30715,Amanda Loo
"Fri, Feb-25-2022","Centenary College, New Hampshire",9.6250,,,9.7500,,A,LIU,30715,Amanda Loo
"Sun, Mar-06-2022",North Carolina,9.8250,,,9.7750,,H,LIU,30715,Amanda Loo
"Sat, Mar-12-2022","Minnesota, Temple, Utah State",8.8750,,,9.7750,,A,LIU,30715,Amanda Loo
"Sat, Mar-19-2022","George Washington, New Hampshire, North Carolina, North Carolina State, Pittsburgh, Temple, Towson",8.5000,,,9.7500,,A,LIU,30715,Amanda Loo
"Sun, Jan-09-2022","Brown, West Chester, Yale",9.6500,9.6500,,9.0000,,A,LIU,30945,Lauren Miller
"Sun, Jan-16-2022","Maryland, Pittsburgh",,9.3500,,8.5250,,A,LIU,30945,Lauren Miller
"Sun, Jan-23-2022",Yale,9.7250,9.6500,,9.6000,,H,LIU,30945,Lauren Miller
"Sun, Jan-30-2022",Temple,9.7500,9.8250,,9.6500,,H,LIU,30945,Lauren Miller
"Fri, Feb-04-2022","Eastern Michigan, Temple, Towson",9.7500,9.6750,,,,A,LIU,30945,Lauren Miller
"Sun, Feb-06-2022","Eastern Michigan, George Washington, Kent State",9.7250,9.6250,,,,A,LIU,30945,Lauren Miller
"Sun, Feb-13-2022",North Carolina State,,9.7750,,,,H,LIU,30945,Lauren Miller
"Sun, Feb-20-2022","Brown, Rhode Island College, Southern Conn.",9.7000,9.7000,,,,A,LIU,30945,Lauren Miller
"Fri, Feb-25-2022","Centenary College, New Hampshire",9.7000,9.6750,,,,A,LIU,30945,Lauren Miller
"Sun, Mar-06-2022",North Carolina,9.8000,8.9250,,,,H,LIU,30945,Lauren Miller
"Sat, Mar-12-2022","Minnesota, Temple, Utah State",9.5750,8.8500,,,,A,LIU,30945,Lauren Miller
"Sat, Mar-19-2022","George Washington, New Hampshire, North Carolina, North Carolina State, Pittsburgh, Temple, Towson",9.6000,9.7250,,,,A,LIU,30945,Lauren Miller
"Sun, Jan-16-2022","Maryland, Pittsburgh",9.8000,,9.7500,,,A,LIU,30946,Alana Ricketts
"Sun, Jan-23-2022",Yale,9.6250,,9.7250,,,H,LIU,30946,Alana Ricketts
"Sun, Jan-30-2022",Temple,8.9250,,9.7500,,,H,LIU,30946,Alana Ricketts
"Fri, Feb-04-2022","Eastern Michigan, Temple, Towson",,,9.3250,,,A,LIU,30946,Alana Ricketts
"Sun, Feb-06-2022","Eastern Michigan, George Washington, Kent State",,,9.7000,,,A,LIU,30946,Alana Ricketts
"Sun, Feb-13-2022",North Carolina State,9.6500,,9.8250,,,H,LIU,30946,Alana Ricketts
"Sun, Feb-20-2022","Brown, Rhode Island College, Southern Conn.",9.7750,,9.7000,,,A,LIU,30946,Alana Ricketts
"Fri, Feb-25-2022","Centenary College, New Hampshire",9.7750,,9.6750,,,A,LIU,30946,Alana Ricketts
"Sun, Mar-06-2022",North Carolina,9.8250,,9.6750,,,H,LIU,30946,Alana Ricketts
"Sat, Mar-12-2022","Minnesota, Temple, Utah State",9.6000,,9.8250,,,A,LIU,30946,Alana Ricketts
"Sat, Mar-19-2022","George Washington, New Hampshire, North Carolina, North Carolina State, Pittsburgh, Temple, Towson",9.7750,,9.1250,,,A,LIU,30946,Alana Ricketts
"Sun, Jan-09-2022","Brown, West Chester, Yale",9.6750,9.7000,,,,A,LIU,31778,Kira Sanchez
"Sun, Jan-16-2022","Maryland, Pittsburgh",,8.8250,,,,A,LIU,31778,Kira Sanchez
"Sun, Jan-23-2022",Yale,,9.6750,,,,H,LIU,31778,Kira Sanchez
"Sun, Jan-30-2022",Temple,9.0000,8.9750,,,,H,LIU,31778,Kira Sanchez
"Fri, Feb-04-2022","Eastern Michigan, Temple, Towson",9.1000,8.8000,,,,A,LIU,31778,Kira Sanchez
"Sun, Feb-13-2022",North Carolina State,,8.8500,,,,H,LIU,31778,Kira Sanchez
"Sun, Feb-20-2022","Brown, Rhode Island College, Southern Conn.",,9.7250,,,,A,LIU,31778,Kira Sanchez
"Fri, Feb-25-2022","Centenary College, New Hampshire",,9.7000,,,,A,LIU,31778,Kira Sanchez
"Sun, Mar-06-2022",North Carolina,,8.1500,,,,H,LIU,31778,Kira Sanchez
"Sat, Mar-12-2022","Minnesota, Temple, Utah State",,9.5000,,,,A,LIU,31778,Kira Sanchez
"Sat, Mar-19-2022","George Washington, New Hampshire, North Carolina, North Carolina State, Pittsburgh, Temple, Towson",,8.2750,,,,A,LIU,31778,Kira Sanchez
"Sun, Jan-09-2022","Brown, West Chester, Yale",,,9.1500,,,A,LIU,30719,Nika Takagi
"Sun, Jan-09-2022","Brown, West Chester, Yale",,9.5250,,,,A,LIU,30948,Mara Titarsolej
"Sun, Jan-16-2022","Maryland, Pittsburgh",,9.7500,,,,A,LIU,30948,Mara Titarsolej
"Sun, Jan-23-2022",Yale,,9.9000,,,,H,LIU,30948,Mara Titarsolej
"Sun, Jan-30-2022",Temple,,9.9250,,,,H,LIU,30948,Mara Titarsolej
"Fri, Feb-04-2022","Eastern Michigan, Temple, Towson",,9.9500,,,,A,LIU,30948,Mara Titarsolej
"Sun, Feb-06-2022","Eastern Michigan, George Washington, Kent State",,9.9250,,,,A,LIU,30948,Mara Titarsolej
"Sun, Feb-13-2022",North Carolina State,,9.8500,,,,H,LIU,30948,Mara Titarsolej
"Sun, Feb-20-2022","Brown, Rhode Island College, Southern Conn.",,9.9000,,,,A,LIU,30948,Mara Titarsolej
"Fri, Feb-25-2022","Centenary College, New Hampshire",,9.9500,,,,A,LIU,30948,Mara Titarsolej
"Sun, Mar-06-2022",North Carolina,,10.0000,,,,H,LIU,30948,Mara Titarsolej
"Sat, Mar-12-2022","Minnesota, Temple, Utah State",,9.9000,,,,A,LIU,30948,Mara Titarsolej
"Sat, Mar-19-2022","George Washington, New Hampshire, North Carolina, North Carolina State, Pittsburgh, Temple, Towson",,9.9500,,,,A,LIU,30948,Mara Titarsolej
"Thu, Mar-31-2022",,,9.9250,,,,A,LIU,30948,Mara Titarsolej
"Fri, Jan-07-2022",Centenary College,,,,9.7750,,H,LSU,30949,Elena Arenas
"Fri, Jan-28-2022",Georgia,,,,9.2000,,A,LSU,30949,Elena Arenas
"Sat, Feb-05-2022",Auburn,9.8500,,,,,H,LSU,30949,Elena Arenas
"Fri, Feb-11-2022",Florida,9.8500,,,,,A,LSU,30949,Elena Arenas
"Fri, Feb-18-2022",Alabama,9.8750,9.3500,,,,H,LSU,30949,Elena Arenas
"Sun, Feb-20-2022","Arkansas, Missouri",9.8500,9.8500,,,,A,LSU,30949,Elena Arenas
"Fri, Feb-25-2022","Centenary College, Pittsburgh, Texas Woman's",9.8750,9.8750,9.8000,,,A,LSU,30949,Elena Arenas
"Fri, Mar-04-2022",Kentucky,9.8500,9.8250,9.8250,,,H,LSU,30949,Elena Arenas
"Fri, Mar-11-2022",Utah,9.9000,9.8750,,,,H,LSU,30949,Elena Arenas
"Sat, Mar-19-2022","Alabama, Arkansas, Auburn, Florida, Georgia, Kentucky, Missouri",9.8000,9.6250,,,,A,LSU,30949,Elena Arenas
"Thu, Mar-31-2022",,9.8250,9.7000,,,,A,LSU,30949,Elena Arenas
"Fri, Jan-07-2022",Centenary College,,,,9.7500,,H,LSU,30950,Sierra Ballard
"Sun, Feb-20-2022","Arkansas, Missouri",,,,9.7750,,A,LSU,30950,Sierra Ballard
"Fri, Jan-07-2022",Centenary College,9.9250,9.9250,9.8750,,,H,LSU,30952,Haleigh Bryant
"Fri, Jan-28-2022",Georgia,9.8500,9.9000,,,,A,LSU,30952,Haleigh Bryant
"Sat, Feb-05-2022",Auburn,10.0000,9.8500,9.8750,9.9500,39.6750,H,LSU,30952,Haleigh Bryant
"Fri, Feb-11-2022",Florida,9.9000,9.9500,,9.7750,,A,LSU,30952,Haleigh Bryant
"Fri, Feb-18-2022",Alabama,9.9250,9.9250,9.9500,9.8750,39.6750,H,LSU,30952,Haleigh Bryant
"Sun, Feb-20-2022","Arkansas, Missouri",10.0000,9.9000,9.9000,9.9000,39.7000,A,LSU,30952,Haleigh Bryant
"Fri, Feb-25-2022","Centenary College, Pittsburgh, Texas Woman's",9.9500,9.9250,9.8750,,,A,LSU,30952,Haleigh Bryant
"Fri, Mar-04-2022",Kentucky,9.9500,9.9500,9.9500,9.9000,39.7500,H,LSU,30952,Haleigh Bryant
"Fri, Mar-11-2022",Utah,10.0000,9.9000,9.8500,9.9500,39.7000,H,LSU,30952,Haleigh Bryant
"Sat, Mar-19-2022","Alabama, Arkansas, Auburn, Florida, Georgia, Kentucky, Missouri",9.0500,9.9250,9.9500,9.8500,38.7750,A,LSU,30952,Haleigh Bryant
"Thu, Mar-31-2022",,9.9500,9.0500,,,,A,LSU,30952,Haleigh Bryant
"Fri, Jan-07-2022",Centenary College,,,9.7500,,,H,LSU,25096,Reagan Campbell
"Fri, Jan-07-2022",Centenary College,,,9.0000,,,H,LSU,25098,Bridget Dean
"Fri, Jan-28-2022",Georgia,,,9.8000,,,A,LSU,25098,Bridget Dean
"Sat, Feb-05-2022",Auburn,,,9.2750,,,H,LSU,25098,Bridget Dean
"Fri, Feb-11-2022",Florida,,,9.8750,,,A,LSU,25098,Bridget Dean
"Fri, Feb-18-2022",Alabama,,,9.9000,,,H,LSU,25098,Bridget Dean
"Sun, Feb-20-2022","Arkansas, Missouri",,,9.8500,,,A,LSU,25098,Bridget Dean
"Fri, Mar-04-2022",Kentucky,,,9.8500,,,H,LSU,25098,Bridget Dean
"Fri, Mar-11-2022",Utah,,,9.8500,,,H,LSU,25098,Bridget Dean
"Sat, Mar-19-2022","Alabama, Arkansas, Auburn, Florida, Georgia, Kentucky, Missouri",,,9.8750,,,A,LSU,25098,Bridget Dean
"Thu, Mar-31-2022",,,,9.8750,,,A,LSU,25098,Bridget Dean
"Fri, Jan-07-2022",Centenary College,,,9.8500,,,H,LSU,25099,Christina Desiderio
"Fri, Jan-28-2022",Georgia,,,9.9000,9.7000,,A,LSU,25099,Christina Desiderio
"Sat, Feb-05-2022",Auburn,,,9.9250,9.9500,,H,LSU,25099,Christina Desiderio
"Fri, Feb-11-2022",Florida,,,9.8750,9.9000,,A,LSU,25099,Christina Desiderio
"Fri, Feb-18-2022",Alabama,,,9.9000,9.9000,,H,LSU,25099,Christina Desiderio
"Sun, Feb-20-2022","Arkansas, Missouri",,,9.7500,9.8750,,A,LSU,25099,Christina Desiderio
"Fri, Feb-25-2022","Centenary College, Pittsburgh, Texas Woman's",,,9.8000,9.3500,,A,LSU,25099,Christina Desiderio
"Fri, Mar-04-2022",Kentucky,,,9.9000,9.7500,,H,LSU,25099,Christina Desiderio
"Fri, Mar-11-2022",Utah,,,9.9250,9.9250,,H,LSU,25099,Christina Desiderio
"Sat, Mar-19-2022","Alabama, Arkansas, Auburn, Florida, Georgia, Kentucky, Missouri",,,9.9000,9.9000,,A,LSU,25099,Christina Desiderio
"Thu, Mar-31-2022",,,,9.3000,9.8500,,A,LSU,25099,Christina Desiderio
"Fri, Jan-07-2022",Centenary College,,9.9250,,,,H,LSU,30953,Olivia Dunne
"Fri, Jan-28-2022",Georgia,,9.8250,,9.8000,,A,LSU,30953,Olivia Dunne
"Sat, Feb-05-2022",Auburn,,9.8250,,,,H,LSU,30953,Olivia Dunne
"Fri, Feb-11-2022",Florida,,9.9000,,,,A,LSU,30953,Olivia Dunne
"Fri, Feb-18-2022",Alabama,,9.8000,,9.9000,,H,LSU,30953,Olivia Dunne
"Sun, Feb-20-2022","Arkansas, Missouri",,9.8250,,9.8500,,A,LSU,30953,Olivia Dunne
"Fri, Feb-25-2022","Centenary College, Pittsburgh, Texas Woman's",,9.7000,,9.8750,,A,LSU,30953,Olivia Dunne
"Fri, Mar-04-2022",Kentucky,,9.8750,,9.8000,,H,LSU,30953,Olivia Dunne
"Fri, Mar-11-2022",Utah,,9.2500,,,,H,LSU,30953,Olivia Dunne
"Sat, Mar-19-2022","Alabama, Arkansas, Auburn, Florida, Georgia, Kentucky, Missouri",,9.8750,,,,A,LSU,30953,Olivia Dunne
"Thu, Mar-31-2022",,,9.8500,,9.9000,,A,LSU,30953,Olivia Dunne
"Fri, Jan-07-2022",Centenary College,,8.7000,,,,H,LSU,25100,Sami Durante
"Fri, Jan-28-2022",Georgia,,9.8250,9.7750,,,A,LSU,25100,Sami Durante
"Sat, Feb-05-2022",Auburn,,9.9750,9.8500,,,H,LSU,25100,Sami Durante
"Fri, Feb-11-2022",Florida,,9.9000,9.3500,,,A,LSU,25100,Sami Durante
"Fri, Feb-18-2022",Alabama,,9.9500,,,,H,LSU,25100,Sami Durante
"Sun, Feb-20-2022","Arkansas, Missouri",9.7500,9.9250,9.7250,,,A,LSU,25100,Sami Durante
"Fri, Feb-25-2022","Centenary College, Pittsburgh, Texas Woman's",9.8000,9.9250,9.7750,,,A,LSU,25100,Sami Durante
"Fri, Mar-04-2022",Kentucky,9.8750,9.9500,9.2000,,,H,LSU,25100,Sami Durante
"Fri, Mar-11-2022",Utah,,9.8250,,,,H,LSU,25100,Sami Durante
"Sat, Mar-19-2022","Alabama, Arkansas, Auburn, Florida, Georgia, Kentucky, Missouri",,9.2500,,,,A,LSU,25100,Sami Durante
"Thu, Mar-31-2022",,,9.6500,,,,A,LSU,25100,Sami Durante
"Fri, Jan-07-2022",Centenary College,9.8250,,,9.8250,,H,LSU,25101,Sarah Edwards
"Fri, Jan-28-2022",Georgia,9.7250,,,9.8250,,A,LSU,25101,Sarah Edwards
"Sat, Feb-05-2022",Auburn,9.6750,,,,,H,LSU,25101,Sarah Edwards
"Fri, Feb-11-2022",Florida,9.8750,,,,,A,LSU,25101,Sarah Edwards
"Fri, Feb-18-2022",Alabama,9.9000,,,,,H,LSU,25101,Sarah Edwards
"Sun, Feb-20-2022","Arkansas, Missouri",9.8500,,,,,A,LSU,25101,Sarah Edwards
"Fri, Feb-25-2022","Centenary College, Pittsburgh, Texas Woman's",9.8500,,,9.8750,,A,LSU,25101,Sarah Edwards
"Fri, Mar-04-2022",Kentucky,9.7750,,,9.9250,,H,LSU,25101,Sarah Edwards
"Fri, Mar-11-2022",Utah,9.8000,,,9.9750,,H,LSU,25101,Sarah Edwards
"Sat, Mar-19-2022","Alabama, Arkansas, Auburn, Florida, Georgia, Kentucky, Missouri",9.8750,,,9.8000,,A,LSU,25101,Sarah Edwards
"Thu, Mar-31-2022",,9.8250,,,,,A,LSU,25101,Sarah Edwards
"Fri, Jan-28-2022",Georgia,,,9.8750,,,A,LSU,31367,Aleah Finnegan
"Sat, Feb-05-2022",Auburn,,,9.9000,9.8000,,H,LSU,31367,Aleah Finnegan
"Fri, Feb-11-2022",Florida,,,9.8750,9.9000,,A,LSU,31367,Aleah Finnegan
"Fri, Feb-18-2022",Alabama,,,9.9000,9.9000,,H,LSU,31367,Aleah Finnegan
"Sun, Feb-20-2022","Arkansas, Missouri",,9.8500,9.1750,9.1750,,A,LSU,31367,Aleah Finnegan
"Fri, Feb-25-2022","Centenary College, Pittsburgh, Texas Woman's",,,9.9250,9.9000,,A,LSU,31367,Aleah Finnegan
"Fri, Mar-04-2022",Kentucky,,,9.9000,9.8250,,H,LSU,31367,Aleah Finnegan
"Fri, Mar-11-2022",Utah,,,9.8750,9.9250,,H,LSU,31367,Aleah Finnegan
"Sat, Mar-19-2022","Alabama, Arkansas, Auburn, Florida, Georgia, Kentucky, Missouri",,,9.9250,9.8250,,A,LSU,31367,Aleah Finnegan
"Thu, Mar-31-2022",,,,9.0750,9.9000,,A,LSU,31367,Aleah Finnegan
"Fri, Jan-07-2022",Centenary College,9.8750,9.8250,9.8000,,,H,LSU,30435,Kiya Johnson
"Fri, Jan-28-2022",Georgia,9.8750,9.9000,9.9000,,,A,LSU,30435,Kiya Johnson
"Sat, Feb-05-2022",Auburn,9.8750,9.8000,9.9000,10.0000,39.5750,H,LSU,30435,Kiya Johnson
"Fri, Feb-11-2022",Florida,9.9500,9.8250,9.9500,9.8500,39.5750,A,LSU,30435,Kiya Johnson
"Fri, Feb-18-2022",Alabama,9.9000,9.9000,10.0000,,,H,LSU,30435,Kiya Johnson
"Sun, Feb-20-2022","Arkansas, Missouri",9.9000,9.8500,9.9250,,,A,LSU,30435,Kiya Johnson
"Fri, Feb-25-2022","Centenary College, Pittsburgh, Texas Woman's",9.8750,9.8000,9.8250,9.9500,39.4500,A,LSU,30435,Kiya Johnson
"Fri, Mar-04-2022",Kentucky,9.8250,9.8250,,,,H,LSU,30435,Kiya Johnson
"Fri, Mar-11-2022",Utah,9.9750,9.9000,9.9500,,,H,LSU,30435,Kiya Johnson
"Sat, Mar-19-2022","Alabama, Arkansas, Auburn, Florida, Georgia, Kentucky, Missouri",9.8750,9.2000,9.9000,9.9000,38.8750,A,LSU,30435,Kiya Johnson
"Thu, Mar-31-2022",,9.9500,9.9000,9.7500,9.9500,39.5500,A,LSU,30435,Kiya Johnson
"Thu, Apr-14-2022",,9.9125,,,,,A,LSU,30435,Kiya Johnson
"Fri, Jan-07-2022",Centenary College,9.9000,,,9.9000,,H,LSU,31368,KJ Johnson
"Fri, Jan-28-2022",Georgia,9.8500,,,9.8750,,A,LSU,31368,KJ Johnson
"Sat, Feb-05-2022",Auburn,9.9000,,,9.9500,,H,LSU,31368,KJ Johnson
"Fri, Feb-11-2022",Florida,9.9000,,,9.9500,,A,LSU,31368,KJ Johnson
"Fri, Feb-18-2022",Alabama,9.8750,,,9.8750,,H,LSU,31368,KJ Johnson
"Sun, Feb-20-2022","Arkansas, Missouri",9.8000,,,9.8750,,A,LSU,31368,KJ Johnson
"Fri, Feb-25-2022","Centenary College, Pittsburgh, Texas Woman's",9.9500,,,9.8750,,A,LSU,31368,KJ Johnson
"Fri, Mar-04-2022",Kentucky,9.8500,,,9.8000,,H,LSU,31368,KJ Johnson
"Fri, Mar-11-2022",Utah,9.8500,,,9.9000,,H,LSU,31368,KJ Johnson
"Sat, Mar-19-2022","Alabama, Arkansas, Auburn, Florida, Georgia, Kentucky, Missouri",9.9000,,,,,A,LSU,31368,KJ Johnson
"Thu, Mar-31-2022",,9.8500,,,9.9000,,A,LSU,31368,KJ Johnson
"Fri, Jan-07-2022",Centenary College,9.8750,9.8750,,,,H,LSU,30436,Kai Rivers
"Fri, Jan-28-2022",Georgia,9.8500,9.9000,,,,A,LSU,30436,Kai Rivers
"Sat, Feb-05-2022",Auburn,9.7500,9.7500,,,,H,LSU,30436,Kai Rivers
"Fri, Feb-11-2022",Florida,9.8250,9.8250,9.9000,,,A,LSU,30436,Kai Rivers
"Fri, Feb-18-2022",Alabama,9.9000,9.8750,9.8500,,,H,LSU,30436,Kai Rivers
"Fri, Mar-11-2022",Utah,,,9.9000,,,H,LSU,30436,Kai Rivers
"Sat, Mar-19-2022","Alabama, Arkansas, Auburn, Florida, Georgia, Kentucky, Missouri",,,9.7750,,,A,LSU,30436,Kai Rivers
"Thu, Mar-31-2022",,,,9.8000,,,A,LSU,30436,Kai Rivers
"Fri, Jan-07-2022",Centenary College,9.8250,9.9500,9.8000,9.7250,39.3000,H,LSU,30438,Alyona Shchennikova
"Fri, Jan-28-2022",Georgia,9.5750,9.7750,9.7250,9.9000,38.9750,A,LSU,30438,Alyona Shchennikova
"Sat, Feb-05-2022",Auburn,,9.9250,,9.9250,,H,LSU,30438,Alyona Shchennikova
"Fri, Feb-11-2022",Florida,,9.8500,,9.8500,,A,LSU,30438,Alyona Shchennikova
"Fri, Feb-25-2022","Centenary College, Pittsburgh, Texas Woman's",,9.9000,,,,A,LSU,30438,Alyona Shchennikova
"Fri, Mar-04-2022",Kentucky,,9.8000,,,,H,LSU,30438,Alyona Shchennikova
"Fri, Mar-11-2022",Utah,9.8000,9.9250,,9.9000,,H,LSU,30438,Alyona Shchennikova
"Sat, Mar-19-2022","Alabama, Arkansas, Auburn, Florida, Georgia, Kentucky, Missouri",9.8250,9.9000,,9.8500,,A,LSU,30438,Alyona Shchennikova
"Thu, Mar-31-2022",,9.9000,9.9000,9.8750,9.8000,39.4750,A,LSU,30438,Alyona Shchennikova
"Sun, Jan-16-2022","LIU, Pittsburgh",9.7750,9.8500,9.8250,9.7750,39.2250,A,Maryland,29641,Audrey Barber
"Sat, Jan-22-2022",Rutgers,9.8500,9.7750,9.7250,9.8000,39.1500,H,Maryland,29641,Audrey Barber
"Sat, Feb-05-2022",Michigan State,9.8000,9.8750,9.8250,9.8000,39.3000,A,Maryland,29641,Audrey Barber
"Fri, Feb-11-2022",Nebraska,9.8500,9.9000,9.9250,9.9000,39.5750,H,Maryland,29641,Audrey Barber
"Mon, Feb-14-2022","Minnesota, Pittsburgh",9.8250,9.9000,9.8000,9.9000,39.4250,H,Maryland,29641,Audrey Barber
"Fri, Feb-18-2022","Nebraska, Ohio State, Penn State, Rutgers",9.1750,9.8500,9.7500,9.9000,38.6750,A,Maryland,29641,Audrey Barber
"Sat, Feb-26-2022",Penn State,9.8500,9.8750,9.8250,9.8750,39.4250,A,Maryland,29641,Audrey Barber
"Thu, Mar-03-2022","Bridgeport, Southern Conn., Temple",9.8500,9.8500,9.8750,9.9250,39.5000,A,Maryland,29641,Audrey Barber
"Sun, Mar-06-2022","North Carolina State, William & Mary, Yale",9.9000,9.8750,9.9000,9.7750,39.4500,H,Maryland,29641,Audrey Barber
"Fri, Mar-11-2022","George Washington, Southern Conn., Towson",9.9000,9.9000,9.8750,9.9500,39.6250,A,Maryland,29641,Audrey Barber
"Sun, Mar-13-2022","Bridgeport, George Washington, Pennsylvania",9.8500,9.9000,9.8750,9.9500,39.5750,H,Maryland,29641,Audrey Barber
"Sat, Mar-19-2022","Illinois, Iowa, Michigan, Michigan State, Minnesota, Nebraska, Ohio State, Penn State, Rutgers",9.8500,9.8250,9.7750,9.9000,39.3500,A,Maryland,29641,Audrey Barber
"Thu, Mar-31-2022",,9.8500,9.8250,9.8000,9.8500,39.3250,A,Maryland,29641,Audrey Barber
"Sun, Jan-16-2022","LIU, Pittsburgh",9.7500,9.7250,9.0250,,,A,Maryland,30954,Elizabeth Debarberie
"Sat, Jan-22-2022",Rutgers,9.7750,9.8250,9.7250,,,H,Maryland,30954,Elizabeth Debarberie
"Sat, Feb-05-2022",Michigan State,9.8250,9.8250,9.7250,,,A,Maryland,30954,Elizabeth Debarberie
"Fri, Feb-11-2022",Nebraska,9.8000,8.9500,,,,H,Maryland,30954,Elizabeth Debarberie
"Mon, Feb-14-2022","Minnesota, Pittsburgh",,9.8500,9.8250,,,H,Maryland,30954,Elizabeth Debarberie
"Fri, Feb-18-2022","Nebraska, Ohio State, Penn State, Rutgers",9.7500,9.7000,9.8000,,,A,Maryland,30954,Elizabeth Debarberie
"Sat, Feb-26-2022",Penn State,9.7500,9.8000,9.6500,,,A,Maryland,30954,Elizabeth Debarberie
"Thu, Mar-03-2022","Bridgeport, Southern Conn., Temple",9.7750,9.8250,9.7750,,,A,Maryland,30954,Elizabeth Debarberie
"Sun, Mar-06-2022","North Carolina State, William & Mary, Yale",9.8000,9.8250,9.8750,,,H,Maryland,30954,Elizabeth Debarberie
"Fri, Mar-11-2022","George Washington, Southern Conn., Towson",9.7750,9.8500,9.8000,,,A,Maryland,30954,Elizabeth Debarberie
"Sun, Mar-13-2022","Bridgeport, George Washington, Pennsylvania",9.8250,9.9250,9.8500,,,H,Maryland,30954,Elizabeth Debarberie
"Sat, Mar-19-2022","Illinois, Iowa, Michigan, Michigan State, Minnesota, Nebraska, Ohio State, Penn State, Rutgers",9.8250,9.8000,9.7750,,,A,Maryland,30954,Elizabeth Debarberie
"Thu, Mar-31-2022",,9.8000,9.2000,9.9000,,,A,Maryland,30954,Elizabeth Debarberie
"Sun, Jan-16-2022","LIU, Pittsburgh",,9.6250,,,,A,Maryland,31372,Athlyn Drage
"Sat, Jan-22-2022",Rutgers,,8.9750,,,,H,Maryland,31372,Athlyn Drage
"Sat, Feb-05-2022",Michigan State,,9.7750,,,,A,Maryland,31372,Athlyn Drage
"Fri, Feb-11-2022",Nebraska,,9.7500,,,,H,Maryland,31372,Athlyn Drage
"Mon, Feb-14-2022","Minnesota, Pittsburgh",,9.8000,,,,H,Maryland,31372,Athlyn Drage
"Fri, Feb-18-2022","Nebraska, Ohio State, Penn State, Rutgers",,9.0750,,,,A,Maryland,31372,Athlyn Drage
"Mon, Feb-14-2022","Minnesota, Pittsburgh",9.7500,,,,,H,Maryland,30955,Samantha Gilbert
"Sun, Jan-16-2022","LIU, Pittsburgh",,,,8.6500,,A,Maryland,30015,Sanya Glauber
"Thu, Mar-03-2022","Bridgeport, Southern Conn., Temple",,9.8750,,,,A,Maryland,30015,Sanya Glauber
"Sun, Mar-06-2022","North Carolina State, William & Mary, Yale",,9.3250,,,,H,Maryland,30015,Sanya Glauber
"Sun, Mar-13-2022","Bridgeport, George Washington, Pennsylvania",,,,9.7250,,H,Maryland,30015,Sanya Glauber
"Sat, Mar-19-2022","Illinois, Iowa, Michigan, Michigan State, Minnesota, Nebraska, Ohio State, Penn State, Rutgers",,,,9.7500,,A,Maryland,30015,Sanya Glauber
"Thu, Mar-31-2022",,,,,9.7000,,A,Maryland,30015,Sanya Glauber
"Sun, Jan-16-2022","LIU, Pittsburgh",9.8500,,9.6500,9.6500,,A,Maryland,31373,Josephine Kogler
"Sat, Jan-22-2022",Rutgers,9.8000,,9.6250,9.7750,,H,Maryland,31373,Josephine Kogler
"Sat, Feb-05-2022",Michigan State,9.8000,,9.7750,9.7750,,A,Maryland,31373,Josephine Kogler
"Fri, Feb-11-2022",Nebraska,9.9000,,9.8000,9.7000,,H,Maryland,31373,Josephine Kogler
"Mon, Feb-14-2022","Minnesota, Pittsburgh",9.8250,,9.8750,,,H,Maryland,31373,Josephine Kogler
"Fri, Feb-18-2022","Nebraska, Ohio State, Penn State, Rutgers",9.6250,,9.7750,,,A,Maryland,31373,Josephine Kogler
"Sat, Feb-26-2022",Penn State,9.8000,,9.6750,,,A,Maryland,31373,Josephine Kogler
"Thu, Mar-03-2022","Bridgeport, Southern Conn., Temple",9.7250,,8.9500,,,A,Maryland,31373,Josephine Kogler
"Sun, Mar-06-2022","North Carolina State, William & Mary, Yale",9.8500,,9.8000,,,H,Maryland,31373,Josephine Kogler
"Fri, Mar-11-2022","George Washington, Southern Conn., Towson",9.8000,,9.8000,,,A,Maryland,31373,Josephine Kogler
"Sun, Mar-13-2022","Bridgeport, George Washington, Pennsylvania",9.7750,,9.8500,,,H,Maryland,31373,Josephine Kogler
"Sat, Mar-19-2022","Illinois, Iowa, Michigan, Michigan State, Minnesota, Nebraska, Ohio State, Penn State, Rutgers",9.8250,,9.8250,,,A,Maryland,31373,Josephine Kogler
"Thu, Mar-31-2022",,9.8250,,9.9000,,,A,Maryland,31373,Josephine Kogler
"Sun, Jan-16-2022","LIU, Pittsburgh",,9.6000,,,,A,Maryland,31374,Sierra Kondo
"Sat, Jan-22-2022",Rutgers,,9.7750,,,,H,Maryland,31374,Sierra Kondo
"Sat, Feb-05-2022",Michigan State,,9.8500,,,,A,Maryland,31374,Sierra Kondo
"Fri, Feb-11-2022",Nebraska,,9.8750,,,,H,Maryland,31374,Sierra Kondo
"Mon, Feb-14-2022","Minnesota, Pittsburgh",,9.8250,,,,H,Maryland,31374,Sierra Kondo
"Fri, Feb-18-2022","Nebraska, Ohio State, Penn State, Rutgers",,9.8000,,,,A,Maryland,31374,Sierra Kondo
"Sat, Feb-26-2022",Penn State,,9.8000,,,,A,Maryland,31374,Sierra Kondo
"Thu, Mar-03-2022","Bridgeport, Southern Conn., Temple",,9.8500,,,,A,Maryland,31374,Sierra Kondo
"Sun, Mar-06-2022","North Carolina State, William & Mary, Yale",,9.8000,,,,H,Maryland,31374,Sierra Kondo
"Fri, Mar-11-2022","George Washington, Southern Conn., Towson",,9.9250,,,,A,Maryland,31374,Sierra Kondo
"Sun, Mar-13-2022","Bridgeport, George Washington, Pennsylvania",,9.8500,,,,H,Maryland,31374,Sierra Kondo
"Sat, Mar-19-2022","Illinois, Iowa, Michigan, Michigan State, Minnesota, Nebraska, Ohio State, Penn State, Rutgers",,9.7750,,,,A,Maryland,31374,Sierra Kondo
"Thu, Mar-31-2022",,,9.7500,,,,A,Maryland,31374,Sierra Kondo
"Sat, Jan-22-2022",Rutgers,,,,8.8000,,H,Maryland,31375,Rhea Leblanc
"Sat, Feb-05-2022",Michigan State,,,,9.7000,,A,Maryland,31375,Rhea Leblanc
"Fri, Feb-11-2022",Nebraska,,,,9.5750,,H,Maryland,31375,Rhea Leblanc
"Mon, Feb-14-2022","Minnesota, Pittsburgh",,,,9.7750,,H,Maryland,31375,Rhea Leblanc
"Fri, Feb-18-2022","Nebraska, Ohio State, Penn State, Rutgers",,,,9.8250,,A,Maryland,31375,Rhea Leblanc
"Sat, Feb-26-2022",Penn State,,9.7250,,9.7500,,A,Maryland,31375,Rhea Leblanc
"Thu, Mar-03-2022","Bridgeport, Southern Conn., Temple",,,,9.6750,,A,Maryland,31375,Rhea Leblanc
"Sun, Mar-06-2022","North Carolina State, William & Mary, Yale",,,,8.9250,,H,Maryland,31375,Rhea Leblanc
"Fri, Mar-11-2022","George Washington, Southern Conn., Towson",,9.7750,,,,A,Maryland,31375,Rhea Leblanc
"Sun, Mar-13-2022","Bridgeport, George Washington, Pennsylvania",,9.8000,,,,H,Maryland,31375,Rhea Leblanc
"Sat, Mar-19-2022","Illinois, Iowa, Michigan, Michigan State, Minnesota, Nebraska, Ohio State, Penn State, Rutgers",,9.7500,,,,A,Maryland,31375,Rhea Leblanc
"Thu, Mar-31-2022",,,9.8000,,,,A,Maryland,31375,Rhea Leblanc
"Sun, Jan-16-2022","LIU, Pittsburgh",,,,9.6250,,A,Maryland,30442,Sophia Leblanc
"Sat, Jan-22-2022",Rutgers,,,,9.7750,,H,Maryland,30442,Sophia Leblanc
"Sat, Feb-05-2022",Michigan State,,,9.7500,,,A,Maryland,30443,Reese Mcclure
"Fri, Feb-11-2022",Nebraska,,,9.5250,,,H,Maryland,30443,Reese Mcclure
"Mon, Feb-14-2022","Minnesota, Pittsburgh",,,9.4500,,,H,Maryland,30443,Reese Mcclure
"Fri, Feb-18-2022","Nebraska, Ohio State, Penn State, Rutgers",,,9.7750,,,A,Maryland,30443,Reese Mcclure
"Sat, Feb-26-2022",Penn State,,,8.9000,,,A,Maryland,30443,Reese Mcclure
"Thu, Mar-03-2022","Bridgeport, Southern Conn., Temple",,,9.8000,9.8250,,A,Maryland,30443,Reese Mcclure
"Sun, Mar-06-2022","North Carolina State, William & Mary, Yale",,,9.9250,9.8750,,H,Maryland,30443,Reese Mcclure
"Fri, Mar-11-2022","George Washington, Southern Conn., Towson",,,9.8250,9.9000,,A,Maryland,30443,Reese Mcclure
"Sun, Mar-13-2022","Bridgeport, George Washington, Pennsylvania",,,9.7750,9.7500,,H,Maryland,30443,Reese Mcclure
"Sat, Mar-19-2022","Illinois, Iowa, Michigan, Michigan State, Minnesota, Nebraska, Ohio State, Penn State, Rutgers",,,9.7500,9.8500,,A,Maryland,30443,Reese Mcclure
"Thu, Mar-31-2022",,,,9.8000,9.7250,,A,Maryland,30443,Reese Mcclure
"Mon, Feb-14-2022","Minnesota, Pittsburgh",,,,9.8500,,H,Maryland,30956,Tayler Osterhout
"Fri, Feb-18-2022","Nebraska, Ohio State, Penn State, Rutgers",,,,9.7500,,A,Maryland,30956,Tayler Osterhout
"Sat, Feb-26-2022",Penn State,,,,9.7500,,A,Maryland,30956,Tayler Osterhout
"Thu, Mar-03-2022","Bridgeport, Southern Conn., Temple",,,,9.8000,,A,Maryland,30956,Tayler Osterhout
"Sun, Mar-06-2022","North Carolina State, William & Mary, Yale",,,,9.8250,,H,Maryland,30956,Tayler Osterhout
"Fri, Mar-11-2022","George Washington, Southern Conn., Towson",,,,9.7750,,A,Maryland,30956,Tayler Osterhout
"Sun, Mar-13-2022","Bridgeport, George Washington, Pennsylvania",,,,9.7750,,H,Maryland,30956,Tayler Osterhout
"Sat, Mar-19-2022","Illinois, Iowa, Michigan, Michigan State, Minnesota, Nebraska, Ohio State, Penn State, Rutgers",,,,9.8000,,A,Maryland,30956,Tayler Osterhout
"Thu, Mar-31-2022",,,,,9.7250,,A,Maryland,30956,Tayler Osterhout
"Sun, Jan-16-2022","LIU, Pittsburgh",,,,9.8000,,A,Maryland,30958,Alexa Rothenbuescher
"Sat, Jan-22-2022",Rutgers,,,,9.4500,,H,Maryland,30958,Alexa Rothenbuescher
"Sat, Feb-05-2022",Michigan State,,,,9.6750,,A,Maryland,30958,Alexa Rothenbuescher
"Fri, Feb-11-2022",Nebraska,,,,9.8500,,H,Maryland,30958,Alexa Rothenbuescher
"Mon, Feb-14-2022","Minnesota, Pittsburgh",,,,9.8500,,H,Maryland,30958,Alexa Rothenbuescher
"Fri, Feb-18-2022","Nebraska, Ohio State, Penn State, Rutgers",,,,9.7250,,A,Maryland,30958,Alexa Rothenbuescher
"Sat, Feb-26-2022",Penn State,,,,9.8250,,A,Maryland,30958,Alexa Rothenbuescher
"Thu, Mar-03-2022","Bridgeport, Southern Conn., Temple",,,,9.8750,,A,Maryland,30958,Alexa Rothenbuescher
"Sun, Mar-06-2022","North Carolina State, William & Mary, Yale",,,,9.8500,,H,Maryland,30958,Alexa Rothenbuescher
"Fri, Mar-11-2022","George Washington, Southern Conn., Towson",,,,9.9000,,A,Maryland,30958,Alexa Rothenbuescher
"Sun, Mar-13-2022","Bridgeport, George Washington, Pennsylvania",,,,9.8750,,H,Maryland,30958,Alexa Rothenbuescher
"Sat, Mar-19-2022","Illinois, Iowa, Michigan, Michigan State, Minnesota, Nebraska, Ohio State, Penn State, Rutgers",,,,9.8750,,A,Maryland,30958,Alexa Rothenbuescher
"Thu, Mar-31-2022",,,,,9.8500,,A,Maryland,30958,Alexa Rothenbuescher
"Sun, Jan-16-2022","LIU, Pittsburgh",9.8250,,8.3000,9.7500,,A,Maryland,30016,Alexsis Rubio
"Sat, Jan-22-2022",Rutgers,9.8000,,9.5000,9.6500,,H,Maryland,30016,Alexsis Rubio
"Sat, Feb-05-2022",Michigan State,9.8750,,,9.7750,,A,Maryland,30016,Alexsis Rubio
"Fri, Feb-11-2022",Nebraska,9.9000,,9.4250,9.7500,,H,Maryland,30016,Alexsis Rubio
"Mon, Feb-14-2022","Minnesota, Pittsburgh",9.9000,,,9.7750,,H,Maryland,30016,Alexsis Rubio
"Fri, Feb-18-2022","Nebraska, Ohio State, Penn State, Rutgers",9.8000,,,9.8000,,A,Maryland,30016,Alexsis Rubio
"Sat, Feb-26-2022",Penn State,9.7750,,,9.7500,,A,Maryland,30016,Alexsis Rubio
"Thu, Mar-03-2022","Bridgeport, Southern Conn., Temple",9.8250,,,9.0750,,A,Maryland,30016,Alexsis Rubio
"Sun, Mar-06-2022","North Carolina State, William & Mary, Yale",9.8750,,,9.8250,,H,Maryland,30016,Alexsis Rubio
"Fri, Mar-11-2022","George Washington, Southern Conn., Towson",9.8500,,,9.8000,,A,Maryland,30016,Alexsis Rubio
"Sun, Mar-13-2022","Bridgeport, George Washington, Pennsylvania",9.9000,,,9.7500,,H,Maryland,30016,Alexsis Rubio
"Sat, Mar-19-2022","Illinois, Iowa, Michigan, Michigan State, Minnesota, Nebraska, Ohio State, Penn State, Rutgers",9.9000,,,9.7500,,A,Maryland,30016,Alexsis Rubio
"Thu, Mar-31-2022",,9.8500,,,9.7750,,A,Maryland,30016,Alexsis Rubio
"Sun, Jan-16-2022","LIU, Pittsburgh",9.7750,9.8250,9.8000,,,A,Maryland,30445,Emma Silberman
"Sat, Jan-22-2022",Rutgers,9.7750,9.8000,9.8000,,,H,Maryland,30445,Emma Silberman
"Sat, Feb-05-2022",Michigan State,9.8500,9.7000,9.8000,8.8500,38.2000,A,Maryland,30445,Emma Silberman
"Fri, Feb-11-2022",Nebraska,9.8500,9.7750,9.7250,9.7250,39.0750,H,Maryland,30445,Emma Silberman
"Mon, Feb-14-2022","Minnesota, Pittsburgh",9.8000,9.8750,9.7500,9.8500,39.2750,H,Maryland,30445,Emma Silberman
"Fri, Feb-18-2022","Nebraska, Ohio State, Penn State, Rutgers",9.8000,9.8000,9.0000,9.8250,38.4250,A,Maryland,30445,Emma Silberman
"Sat, Feb-26-2022",Penn State,9.8250,9.7500,9.7250,9.4500,38.7500,A,Maryland,30445,Emma Silberman
"Thu, Mar-03-2022","Bridgeport, Southern Conn., Temple",9.8500,9.7500,9.7750,,,A,Maryland,30445,Emma Silberman
"Sun, Mar-06-2022","North Carolina State, William & Mary, Yale",9.8250,9.8500,9.8750,,,H,Maryland,30445,Emma Silberman
"Fri, Mar-11-2022","George Washington, Southern Conn., Towson",9.8500,9.8500,9.8750,,,A,Maryland,30445,Emma Silberman
"Sun, Mar-13-2022","Bridgeport, George Washington, Pennsylvania",9.7500,9.9500,9.8750,,,H,Maryland,30445,Emma Silberman
"Sat, Mar-19-2022","Illinois, Iowa, Michigan, Michigan State, Minnesota, Nebraska, Ohio State, Penn State, Rutgers",9.8500,9.9000,9.6500,,,A,Maryland,30445,Emma Silberman
"Thu, Mar-31-2022",,9.8500,9.5750,9.7500,,,A,Maryland,30445,Emma Silberman
"Sun, Jan-16-2022","LIU, Pittsburgh",,9.7250,,,,A,Maryland,30446,Aleka Tsiknias
"Sat, Jan-22-2022",Rutgers,,9.8250,,,,H,Maryland,30446,Aleka Tsiknias
"Sat, Feb-05-2022",Michigan State,,9.7500,,,,A,Maryland,30446,Aleka Tsiknias
"Fri, Feb-11-2022",Nebraska,,9.8250,,,,H,Maryland,30446,Aleka Tsiknias
"Mon, Feb-14-2022","Minnesota, Pittsburgh",,9.8750,,,,H,Maryland,30446,Aleka Tsiknias
"Fri, Feb-18-2022","Nebraska, Ohio State, Penn State, Rutgers",,9.8500,,,,A,Maryland,30446,Aleka Tsiknias
"Sat, Feb-26-2022",Penn State,,9.8000,,,,A,Maryland,30446,Aleka Tsiknias
"Thu, Mar-03-2022","Bridgeport, Southern Conn., Temple",,9.9250,,,,A,Maryland,30446,Aleka Tsiknias
"Sun, Mar-06-2022","North Carolina State, William & Mary, Yale",,9.9000,,,,H,Maryland,30446,Aleka Tsiknias
"Fri, Mar-11-2022","George Washington, Southern Conn., Towson",,9.9250,,8.9500,,A,Maryland,30446,Aleka Tsiknias
"Sun, Mar-13-2022","Bridgeport, George Washington, Pennsylvania",,9.8500,,,,H,Maryland,30446,Aleka Tsiknias
"Sat, Mar-19-2022","Illinois, Iowa, Michigan, Michigan State, Minnesota, Nebraska, Ohio State, Penn State, Rutgers",,9.9000,,,,A,Maryland,30446,Aleka Tsiknias
"Thu, Mar-31-2022",,,9.8250,,,,A,Maryland,30446,Aleka Tsiknias
"Sun, Jan-16-2022","LIU, Pittsburgh",9.7500,,8.2250,,,A,Maryland,30960,Olivia Weir
"Sat, Jan-22-2022",Rutgers,9.7750,,9.6000,,,H,Maryland,30960,Olivia Weir
"Sat, Feb-05-2022",Michigan State,9.7500,,9.8500,,,A,Maryland,30960,Olivia Weir
"Fri, Feb-11-2022",Nebraska,9.8000,,9.8000,,,H,Maryland,30960,Olivia Weir
"Mon, Feb-14-2022","Minnesota, Pittsburgh",9.8000,,9.7500,,,H,Maryland,30960,Olivia Weir
"Fri, Feb-18-2022","Nebraska, Ohio State, Penn State, Rutgers",9.7500,,9.8000,,,A,Maryland,30960,Olivia Weir
"Sat, Feb-26-2022",Penn State,9.6000,,9.5750,,,A,Maryland,30960,Olivia Weir
"Thu, Mar-03-2022","Bridgeport, Southern Conn., Temple",9.8500,,9.7500,,,A,Maryland,30960,Olivia Weir
"Sun, Mar-06-2022","North Carolina State, William & Mary, Yale",9.8750,,9.7750,,,H,Maryland,30960,Olivia Weir
"Fri, Mar-11-2022","George Washington, Southern Conn., Towson",9.8250,,9.6750,,,A,Maryland,30960,Olivia Weir
"Sun, Mar-13-2022","Bridgeport, George Washington, Pennsylvania",9.8250,,9.8250,,,H,Maryland,30960,Olivia Weir
"Sat, Mar-19-2022","Illinois, Iowa, Michigan, Michigan State, Minnesota, Nebraska, Ohio State, Penn State, Rutgers",9.8000,,9.7000,,,A,Maryland,30960,Olivia Weir
"Thu, Mar-31-2022",,9.8000,,9.1000,,,A,Maryland,30960,Olivia Weir
"Thu, Jan-06-2022",Georgia,,9.8750,,,,H,Michigan,30018,Abby Brenner
"Sat, Jan-15-2022",Arizona State,,9.8750,,9.9500,,H,Michigan,30018,Abby Brenner
"Mon, Jan-24-2022",Minnesota,,9.9000,,9.8750,,A,Michigan,30018,Abby Brenner
"Sun, Jan-30-2022",Michigan State,9.8750,9.9000,,9.8750,,H,Michigan,30018,Abby Brenner
"Fri, Feb-04-2022","Alaska, Rutgers",,9.9000,,9.8500,,A,Michigan,30018,Abby Brenner
"Sun, Feb-13-2022",Penn State,9.8500,9.8500,,9.8250,,H,Michigan,30018,Abby Brenner
"Fri, Feb-18-2022","Illinois, Iowa, Michigan State, Minnesota",,9.9250,,9.9000,,A,Michigan,30018,Abby Brenner
"Sat, Feb-26-2022",Nebraska,9.2000,9.9000,,9.8500,,A,Michigan,30018,Abby Brenner
"Fri, Mar-04-2022",Oklahoma,,9.8750,,9.8750,,A,Michigan,30018,Abby Brenner
"Sat, Mar-12-2022","Auburn, West Virginia",,9.8750,,9.9250,,H,Michigan,30018,Abby Brenner
"Sat, Mar-19-2022","Illinois, Iowa, Maryland, Michigan State, Minnesota, Nebraska, Ohio State, Penn State, Rutgers",,9.9000,,9.9000,,A,Michigan,30018,Abby Brenner
"Thu, Mar-31-2022",,,9.9250,,9.8750,,A,Michigan,30018,Abby Brenner
"Sat, Apr-02-2022",,,9.9000,,9.8500,,A,Michigan,30018,Abby Brenner
"Thu, Apr-14-2022",,,9.0000,,9.8625,,A,Michigan,30018,Abby Brenner
"Thu, Jan-06-2022",Georgia,9.9000,9.8500,9.8250,9.9250,39.5000,H,Michigan,30448,Sierra Brooks
"Sat, Jan-15-2022",Arizona State,9.8000,9.8750,9.8250,9.9250,39.4250,H,Michigan,30448,Sierra Brooks
"Mon, Jan-24-2022",Minnesota,9.9500,9.8500,9.9500,9.9500,39.7000,A,Michigan,30448,Sierra Brooks
"Sun, Jan-30-2022",Michigan State,9.9750,9.9500,9.8500,9.9500,39.7250,H,Michigan,30448,Sierra Brooks
"Fri, Feb-04-2022","Alaska, Rutgers",9.1250,,9.8750,,,A,Michigan,30448,Sierra Brooks
"Sun, Feb-13-2022",Penn State,9.9500,9.9250,9.8250,9.9750,39.6750,H,Michigan,30448,Sierra Brooks
"Fri, Feb-18-2022","Illinois, Iowa, Michigan State, Minnesota",9.8750,9.9000,9.3500,9.9500,39.0750,A,Michigan,30448,Sierra Brooks
"Sat, Feb-26-2022",Nebraska,10.0000,9.9000,9.8500,9.9750,39.7250,A,Michigan,30448,Sierra Brooks
"Fri, Mar-04-2022",Oklahoma,9.8500,9.8500,9.8250,9.9500,39.4750,A,Michigan,30448,Sierra Brooks
"Sat, Mar-12-2022","Auburn, West Virginia",9.8750,9.9250,9.9500,9.9250,39.6750,H,Michigan,30448,Sierra Brooks
"Sat, Mar-19-2022","Illinois, Iowa, Maryland, Michigan State, Minnesota, Nebraska, Ohio State, Penn State, Rutgers",10.0000,9.8750,9.8750,9.9000,39.6500,A,Michigan,30448,Sierra Brooks
"Thu, Mar-31-2022",,9.8500,9.8250,9.9500,,,A,Michigan,30448,Sierra Brooks
"Sat, Apr-02-2022",,9.9750,9.9000,9.8500,,,A,Michigan,30448,Sierra Brooks
"Thu, Apr-14-2022",,9.9000,9.9500,9.2875,9.9000,39.0375,A,Michigan,30448,Sierra Brooks
"Thu, Jan-06-2022",Georgia,9.9000,,9.8250,9.8250,,H,Michigan,30962,Reyna Guggino
"Sat, Jan-15-2022",Arizona State,9.7000,,9.6750,,,H,Michigan,30962,Reyna Guggino
"Mon, Jan-24-2022",Minnesota,9.9250,,9.8500,,,A,Michigan,30962,Reyna Guggino
"Sun, Jan-30-2022",Michigan State,9.8500,,9.8750,9.8500,,H,Michigan,30962,Reyna Guggino
"Fri, Feb-04-2022","Alaska, Rutgers",10.0000,,9.8500,9.8250,,A,Michigan,30962,Reyna Guggino
"Sun, Feb-13-2022",Penn State,9.8500,,9.2750,9.8500,,H,Michigan,30962,Reyna Guggino
"Fri, Feb-18-2022","Illinois, Iowa, Michigan State, Minnesota",9.9750,,9.8000,,,A,Michigan,30962,Reyna Guggino
"Sat, Feb-26-2022",Nebraska,9.3250,,9.8000,9.3500,,A,Michigan,30962,Reyna Guggino
"Fri, Mar-04-2022",Oklahoma,9.9000,,9.2000,,,A,Michigan,30962,Reyna Guggino
"Sat, Mar-12-2022","Auburn, West Virginia",9.8250,,,,,H,Michigan,30962,Reyna Guggino
"Sat, Mar-19-2022","Illinois, Iowa, Maryland, Michigan State, Minnesota, Nebraska, Ohio State, Penn State, Rutgers",9.8250,,,,,A,Michigan,30962,Reyna Guggino
"Thu, Mar-31-2022",,9.3500,,,,,A,Michigan,30962,Reyna Guggino
"Sat, Apr-02-2022",,9.5500,,,9.7750,,A,Michigan,30962,Reyna Guggino
"Thu, Apr-14-2022",,9.8875,,,,,A,Michigan,30962,Reyna Guggino
"Thu, Jan-06-2022",Georgia,9.9000,9.8750,9.9250,9.9000,39.6000,H,Michigan,30019,Abby Heiskell
"Sat, Jan-15-2022",Arizona State,9.9250,9.8750,9.9250,9.9250,39.6500,H,Michigan,30019,Abby Heiskell
"Mon, Jan-24-2022",Minnesota,9.9000,9.8250,9.7000,9.8250,39.2500,A,Michigan,30019,Abby Heiskell
"Sun, Jan-30-2022",Michigan State,,9.9000,9.8000,,,H,Michigan,30019,Abby Heiskell
"Fri, Feb-04-2022","Alaska, Rutgers",10.0000,9.9250,9.9250,9.3000,39.1500,A,Michigan,30019,Abby Heiskell
"Sun, Feb-13-2022",Penn State,9.9250,9.8500,9.7000,9.9750,39.4500,H,Michigan,30019,Abby Heiskell
"Fri, Feb-18-2022","Illinois, Iowa, Michigan State, Minnesota",9.8000,9.9000,9.9000,9.8750,39.4750,A,Michigan,30019,Abby Heiskell
"Sat, Feb-26-2022",Nebraska,9.8500,9.9500,9.7500,9.9500,39.5000,A,Michigan,30019,Abby Heiskell
"Fri, Mar-04-2022",Oklahoma,9.8500,9.9000,9.9250,9.8500,39.5250,A,Michigan,30019,Abby Heiskell
"Sat, Mar-12-2022","Auburn, West Virginia",9.7500,9.8500,9.7500,9.9000,39.2500,H,Michigan,30019,Abby Heiskell
"Sat, Mar-19-2022","Illinois, Iowa, Maryland, Michigan State, Minnesota, Nebraska, Ohio State, Penn State, Rutgers",9.9500,9.9500,9.8500,9.9500,39.7000,A,Michigan,30019,Abby Heiskell
"Thu, Mar-31-2022",,9.9000,9.0250,9.1500,9.9000,37.9750,A,Michigan,30019,Abby Heiskell
"Sat, Apr-02-2022",,9.8500,9.9500,9.8000,,,A,Michigan,30019,Abby Heiskell
"Thu, Apr-14-2022",,9.8625,9.9125,9.9000,9.9000,39.5750,A,Michigan,30019,Abby Heiskell
"Sun, Feb-13-2022",Penn State,,,,,,H,Michigan,30450,Nicoletta Koulos
"Thu, Mar-31-2022",,,9.7000,,9.6500,,A,Michigan,30450,Nicoletta Koulos
"Thu, Jan-06-2022",Georgia,9.8250,9.8500,9.7750,9.8750,39.3250,H,Michigan,30963,Naomi Morrison
"Sat, Jan-15-2022",Arizona State,9.9750,9.8250,9.8250,9.9500,39.5750,H,Michigan,30963,Naomi Morrison
"Mon, Jan-24-2022",Minnesota,9.9750,9.8500,9.7500,9.9500,39.5250,A,Michigan,30963,Naomi Morrison
"Sun, Jan-30-2022",Michigan State,9.8500,9.8750,9.8500,,,H,Michigan,30963,Naomi Morrison
"Fri, Feb-04-2022","Alaska, Rutgers",9.9750,9.3250,9.8250,9.9750,39.1000,A,Michigan,30963,Naomi Morrison
"Fri, Feb-18-2022","Illinois, Iowa, Michigan State, Minnesota",9.8750,,9.8750,9.9250,,A,Michigan,30963,Naomi Morrison
"Sat, Feb-26-2022",Nebraska,9.8750,9.8500,9.7750,9.9500,39.4500,A,Michigan,30963,Naomi Morrison
"Fri, Mar-04-2022",Oklahoma,9.7250,9.8750,9.8250,9.9250,39.3500,A,Michigan,30963,Naomi Morrison
"Sat, Mar-12-2022","Auburn, West Virginia",9.9000,9.8250,9.8250,9.9250,39.4750,H,Michigan,30963,Naomi Morrison
"Sat, Mar-19-2022","Illinois, Iowa, Maryland, Michigan State, Minnesota, Nebraska, Ohio State, Penn State, Rutgers",9.9500,9.9000,9.8500,9.9000,39.6000,A,Michigan,30963,Naomi Morrison
"Thu, Mar-31-2022",,9.9000,9.8250,9.9250,9.8750,39.5250,A,Michigan,30963,Naomi Morrison
"Sat, Apr-02-2022",,9.9000,9.8000,9.8500,9.9000,39.4500,A,Michigan,30963,Naomi Morrison
"Thu, Apr-14-2022",,9.7875,9.8875,9.0750,9.7750,38.5250,A,Michigan,30963,Naomi Morrison
"Sun, Jan-30-2022",Michigan State,9.8250,,,9.8500,,H,Michigan,30964,Jenna Mulligan
"Sun, Feb-13-2022",Penn State,9.7500,,,9.8250,,H,Michigan,30964,Jenna Mulligan
"Sat, Apr-02-2022",,,,,9.8250,,A,Michigan,30964,Jenna Mulligan
"Mon, Jan-24-2022",Minnesota,,9.9000,,,,A,Michigan,31378,Jacey Vore
"Sun, Jan-30-2022",Michigan State,,9.8500,,,,H,Michigan,31378,Jacey Vore
"Fri, Feb-04-2022","Alaska, Rutgers",,9.9250,,,,A,Michigan,31378,Jacey Vore
"Sun, Feb-13-2022",Penn State,,9.9000,9.9250,,,H,Michigan,31378,Jacey Vore
"Fri, Feb-18-2022","Illinois, Iowa, Michigan State, Minnesota",,9.8500,9.7750,,,A,Michigan,31378,Jacey Vore
"Sat, Feb-26-2022",Nebraska,,9.8750,9.8500,,,A,Michigan,31378,Jacey Vore
"Fri, Mar-04-2022",Oklahoma,,9.5000,,,,A,Michigan,31378,Jacey Vore
"Sat, Mar-12-2022","Auburn, West Virginia",,9.9000,9.9000,,,H,Michigan,31378,Jacey Vore
"Sat, Mar-19-2022","Illinois, Iowa, Maryland, Michigan State, Minnesota, Nebraska, Ohio State, Penn State, Rutgers",,9.9000,9.2000,,,A,Michigan,31378,Jacey Vore
"Thu, Mar-31-2022",,,,9.8500,,,A,Michigan,31378,Jacey Vore
"Sat, Apr-02-2022",,,9.8500,9.8500,,,A,Michigan,31378,Jacey Vore
"Thu, Apr-14-2022",,,8.9750,9.8125,,,A,Michigan,31378,Jacey Vore
"Thu, Jan-06-2022",Georgia,9.8750,9.9250,9.7000,9.9500,39.4500,H,Michigan,30451,Gabby Wilson
"Sat, Jan-15-2022",Arizona State,9.9500,9.8000,9.2250,9.9500,38.9250,H,Michigan,30451,Gabby Wilson
"Mon, Jan-24-2022",Minnesota,9.9250,9.9000,9.8500,9.9500,39.6250,A,Michigan,30451,Gabby Wilson
"Sun, Jan-30-2022",Michigan State,9.8750,9.9250,9.9000,9.9500,39.6500,H,Michigan,30451,Gabby Wilson
"Fri, Feb-04-2022","Alaska, Rutgers",9.9000,9.8750,9.9000,10.0000,39.6750,A,Michigan,30451,Gabby Wilson
"Sun, Feb-13-2022",Penn State,,9.9000,9.9000,,,H,Michigan,30451,Gabby Wilson
"Fri, Feb-18-2022","Illinois, Iowa, Michigan State, Minnesota",9.9750,9.9250,,9.9750,,A,Michigan,30451,Gabby Wilson
"Fri, Mar-04-2022",Oklahoma,9.9500,,9.9000,9.9000,,A,Michigan,30451,Gabby Wilson
"Sat, Mar-12-2022","Auburn, West Virginia",9.9000,,9.7500,10.0000,,H,Michigan,30451,Gabby Wilson
"Sat, Mar-19-2022","Illinois, Iowa, Maryland, Michigan State, Minnesota, Nebraska, Ohio State, Penn State, Rutgers",9.8750,,9.8500,9.9250,,A,Michigan,30451,Gabby Wilson
"Thu, Mar-31-2022",,9.8750,,9.9000,9.9500,,A,Michigan,30451,Gabby Wilson
"Sat, Apr-02-2022",,10.0000,,9.8500,9.9000,,A,Michigan,30451,Gabby Wilson
"Thu, Apr-14-2022",,9.8875,,9.8375,9.9125,,A,Michigan,30451,Gabby Wilson
"Thu, Jan-06-2022",Georgia,9.8500,9.9500,9.9500,9.9000,39.6500,H,Michigan,30021,Natalie Wojcik
"Sat, Jan-15-2022",Arizona State,9.9750,9.9500,9.9750,9.7750,39.6750,H,Michigan,30021,Natalie Wojcik
"Mon, Jan-24-2022",Minnesota,9.8750,,9.9000,9.9250,,A,Michigan,30021,Natalie Wojcik
"Sun, Jan-30-2022",Michigan State,,,9.9000,9.9500,,H,Michigan,30021,Natalie Wojcik
"Fri, Feb-04-2022","Alaska, Rutgers",10.0000,9.9250,9.9500,9.9500,39.8250,A,Michigan,30021,Natalie Wojcik
"Sun, Feb-13-2022",Penn State,9.9500,9.9250,9.7750,9.6750,39.3250,H,Michigan,30021,Natalie Wojcik
"Fri, Feb-18-2022","Illinois, Iowa, Michigan State, Minnesota",9.7750,9.9500,9.8750,8.9750,38.5750,A,Michigan,30021,Natalie Wojcik
"Sat, Feb-26-2022",Nebraska,9.3250,9.8750,9.9000,9.7000,38.8000,A,Michigan,30021,Natalie Wojcik
"Fri, Mar-04-2022",Oklahoma,9.9000,9.9500,9.9250,9.9500,39.7250,A,Michigan,30021,Natalie Wojcik
"Sat, Mar-12-2022","Auburn, West Virginia",9.8500,9.9250,9.9500,9.9750,39.7000,H,Michigan,30021,Natalie Wojcik
"Sat, Mar-19-2022","Illinois, Iowa, Maryland, Michigan State, Minnesota, Nebraska, Ohio State, Penn State, Rutgers",9.9500,9.0250,9.9500,9.6000,38.5250,A,Michigan,30021,Natalie Wojcik
"Thu, Mar-31-2022",,9.8500,9.9500,9.9250,9.7500,39.4750,A,Michigan,30021,Natalie Wojcik
"Sat, Apr-02-2022",,9.8750,9.9250,9.8500,9.9500,39.6000,A,Michigan,30021,Natalie Wojcik
"Thu, Apr-14-2022",,9.8875,9.9250,9.8625,9.9125,39.5875,A,Michigan,30021,Natalie Wojcik
"Sun, Jan-09-2022","Sacramento State, UC Davis, UW-Oshkosh",,,,9.8000,,A,Michigan State,30024,Sydney Ewing
"Sat, Jan-15-2022","Bowling Green, Illinois State",,,,9.7250,,H,Michigan State,30024,Sydney Ewing
"Sat, Jan-22-2022",Iowa,,,,9.9000,,H,Michigan State,30024,Sydney Ewing
"Sun, Jan-30-2022",Michigan,,,,9.8500,,A,Michigan State,30024,Sydney Ewing
"Sat, Feb-05-2022",Maryland,,,,9.8500,,H,Michigan State,30024,Sydney Ewing
"Fri, Feb-11-2022","Central Michigan, Western Michigan",,,,9.8000,,A,Michigan State,30024,Sydney Ewing
"Sun, Feb-13-2022",Illinois,,,,9.8750,,H,Michigan State,30024,Sydney Ewing
"Sat, Feb-19-2022","Illinois, Iowa, Michigan, Minnesota",,,,9.7500,,A,Michigan State,30024,Sydney Ewing
"Sat, Feb-26-2022",Ohio State,,,,9.8750,,A,Michigan State,30024,Sydney Ewing
"Sat, Mar-05-2022",Western Michigan,,,,9.9000,,H,Michigan State,30024,Sydney Ewing
"Fri, Mar-11-2022",Kentucky,,,,9.7750,,A,Michigan State,30024,Sydney Ewing
"Sat, Mar-19-2022","Illinois, Iowa, Maryland, Michigan, Minnesota, Nebraska, Ohio State, Penn State, Rutgers",,,,9.9000,,A,Michigan State,30024,Sydney Ewing
"Thu, Mar-31-2022",,,,,9.6250,,A,Michigan State,30024,Sydney Ewing
"Sat, Apr-02-2022",,,,,9.8750,,A,Michigan State,30024,Sydney Ewing
"Sun, Jan-09-2022","Sacramento State, UC Davis, UW-Oshkosh",9.8250,,9.9000,,,A,Michigan State,30966,Baleigh Garcia
"Sat, Jan-15-2022","Bowling Green, Illinois State",9.8000,9.7000,9.9250,,,H,Michigan State,30966,Baleigh Garcia
"Sat, Jan-22-2022",Iowa,9.7750,,9.9000,,,H,Michigan State,30966,Baleigh Garcia
"Sun, Jan-30-2022",Michigan,9.8500,,9.9250,,,A,Michigan State,30966,Baleigh Garcia
"Sat, Feb-05-2022",Maryland,9.8500,9.3250,9.9000,,,H,Michigan State,30966,Baleigh Garcia
"Fri, Feb-11-2022","Central Michigan, Western Michigan",9.8000,9.6500,9.8250,,,A,Michigan State,30966,Baleigh Garcia
"Sun, Feb-13-2022",Illinois,9.8000,9.7750,9.9250,,,H,Michigan State,30966,Baleigh Garcia
"Sat, Feb-19-2022","Illinois, Iowa, Michigan, Minnesota",9.8250,9.7500,9.8250,,,A,Michigan State,30966,Baleigh Garcia
"Sat, Feb-26-2022",Ohio State,9.8250,9.8000,9.9000,,,A,Michigan State,30966,Baleigh Garcia
"Sat, Mar-05-2022",Western Michigan,9.7750,9.8500,9.5250,,,H,Michigan State,30966,Baleigh Garcia
"Fri, Mar-11-2022",Kentucky,,,9.9000,,,A,Michigan State,30966,Baleigh Garcia
"Sat, Mar-19-2022","Illinois, Iowa, Maryland, Michigan, Minnesota, Nebraska, Ohio State, Penn State, Rutgers",9.8000,,9.5000,,,A,Michigan State,30966,Baleigh Garcia
"Thu, Mar-31-2022",,9.8250,,9.8500,,,A,Michigan State,30966,Baleigh Garcia
"Sat, Apr-02-2022",,9.9000,,9.9500,,,A,Michigan State,30966,Baleigh Garcia
"Sun, Jan-09-2022","Sacramento State, UC Davis, UW-Oshkosh",9.7750,9.9000,9.8750,9.6250,39.1750,A,Michigan State,30968,Delanie Harkness
"Sat, Jan-15-2022","Bowling Green, Illinois State",9.7250,9.8500,9.7250,9.8500,39.1500,H,Michigan State,30968,Delanie Harkness
"Sat, Jan-22-2022",Iowa,,9.9250,9.7000,9.8250,,H,Michigan State,30968,Delanie Harkness
"Sun, Jan-30-2022",Michigan,,9.8750,9.7750,9.9000,,A,Michigan State,30968,Delanie Harkness
"Sat, Feb-05-2022",Maryland,,9.8750,,9.8500,,H,Michigan State,30968,Delanie Harkness
"Fri, Feb-11-2022","Central Michigan, Western Michigan",,9.8000,,9.9000,,A,Michigan State,30968,Delanie Harkness
"Sun, Feb-13-2022",Illinois,,9.9000,,9.9250,,H,Michigan State,30968,Delanie Harkness
"Sat, Feb-19-2022","Illinois, Iowa, Michigan, Minnesota",,9.8250,,9.9000,,A,Michigan State,30968,Delanie Harkness
"Sat, Feb-26-2022",Ohio State,,9.1500,,,,A,Michigan State,30968,Delanie Harkness
"Sat, Mar-05-2022",Western Michigan,,9.9500,,9.9250,,H,Michigan State,30968,Delanie Harkness
"Fri, Mar-11-2022",Kentucky,,9.9000,,9.8750,,A,Michigan State,30968,Delanie Harkness
"Sat, Mar-19-2022","Illinois, Iowa, Maryland, Michigan, Minnesota, Nebraska, Ohio State, Penn State, Rutgers",,9.8500,,9.8750,,A,Michigan State,30968,Delanie Harkness
"Thu, Mar-31-2022",,,9.9000,,9.9000,,A,Michigan State,30968,Delanie Harkness
"Sat, Apr-02-2022",,,9.8750,,9.9000,,A,Michigan State,30968,Delanie Harkness
"Sun, Jan-09-2022","Sacramento State, UC Davis, UW-Oshkosh",9.7750,,,9.8750,,A,Michigan State,30025,Ashley Hofelich
"Sat, Jan-15-2022","Bowling Green, Illinois State",9.7750,,,9.9250,,H,Michigan State,30025,Ashley Hofelich
"Sat, Jan-22-2022",Iowa,9.8000,,,9.9000,,H,Michigan State,30025,Ashley Hofelich
"Sun, Jan-30-2022",Michigan,9.8000,,,9.9250,,A,Michigan State,30025,Ashley Hofelich
"Sat, Feb-05-2022",Maryland,9.9250,,,9.9250,,H,Michigan State,30025,Ashley Hofelich
"Fri, Feb-11-2022","Central Michigan, Western Michigan",9.8500,,,9.9250,,A,Michigan State,30025,Ashley Hofelich
"Sun, Feb-13-2022",Illinois,9.8250,,,9.9250,,H,Michigan State,30025,Ashley Hofelich
"Sat, Feb-19-2022","Illinois, Iowa, Michigan, Minnesota",9.7750,,,9.9250,,A,Michigan State,30025,Ashley Hofelich
"Sat, Feb-26-2022",Ohio State,9.7250,,,9.9250,,A,Michigan State,30025,Ashley Hofelich
"Sat, Mar-05-2022",Western Michigan,9.7500,,,9.9750,,H,Michigan State,30025,Ashley Hofelich
"Fri, Mar-11-2022",Kentucky,9.8750,,,9.8750,,A,Michigan State,30025,Ashley Hofelich
"Sat, Mar-19-2022","Illinois, Iowa, Maryland, Michigan, Minnesota, Nebraska, Ohio State, Penn State, Rutgers",9.8250,,,9.9000,,A,Michigan State,30025,Ashley Hofelich
"Thu, Mar-31-2022",,9.8250,,,9.9500,,A,Michigan State,30025,Ashley Hofelich
"Sat, Apr-02-2022",,9.8500,,,9.9000,,A,Michigan State,30025,Ashley Hofelich
"Sun, Jan-09-2022","Sacramento State, UC Davis, UW-Oshkosh",9.8250,,,,,A,Michigan State,31379,Lauren Hsu
"Sat, Jan-15-2022","Bowling Green, Illinois State",9.6750,,,,,H,Michigan State,31379,Lauren Hsu
"Sat, Jan-22-2022",Iowa,9.8000,,,,,H,Michigan State,31379,Lauren Hsu
"Sun, Jan-30-2022",Michigan,9.7750,,,,,A,Michigan State,31379,Lauren Hsu
"Sat, Feb-05-2022",Maryland,9.7000,,,,,H,Michigan State,31379,Lauren Hsu
"Fri, Feb-11-2022","Central Michigan, Western Michigan",9.7500,,,,,A,Michigan State,31379,Lauren Hsu
"Sun, Feb-13-2022",Illinois,9.8250,,,,,H,Michigan State,31379,Lauren Hsu
"Sat, Feb-19-2022","Illinois, Iowa, Michigan, Minnesota",9.8500,,,,,A,Michigan State,31379,Lauren Hsu
"Sat, Feb-26-2022",Ohio State,9.9000,,,,,A,Michigan State,31379,Lauren Hsu
"Sat, Mar-05-2022",Western Michigan,9.8250,,,,,H,Michigan State,31379,Lauren Hsu
"Fri, Mar-11-2022",Kentucky,9.8750,,,,,A,Michigan State,31379,Lauren Hsu
"Sat, Mar-19-2022","Illinois, Iowa, Maryland, Michigan, Minnesota, Nebraska, Ohio State, Penn State, Rutgers",9.8500,,,,,A,Michigan State,31379,Lauren Hsu
"Thu, Mar-31-2022",,9.8000,,,,,A,Michigan State,31379,Lauren Hsu
"Sat, Apr-02-2022",,9.2250,,,,,A,Michigan State,31379,Lauren Hsu
"Sun, Jan-09-2022","Sacramento State, UC Davis, UW-Oshkosh",,9.7750,,,,A,Michigan State,30454,Jori Jackard
"Sat, Jan-15-2022","Bowling Green, Illinois State",,9.8500,,,,H,Michigan State,30454,Jori Jackard
"Sat, Jan-22-2022",Iowa,,9.9000,,,,H,Michigan State,30454,Jori Jackard
"Sun, Jan-30-2022",Michigan,,9.8250,,,,A,Michigan State,30454,Jori Jackard
"Sat, Feb-05-2022",Maryland,,9.9250,,,,H,Michigan State,30454,Jori Jackard
"Sat, Feb-19-2022","Illinois, Iowa, Michigan, Minnesota",,9.7000,,,,A,Michigan State,30454,Jori Jackard
"Sat, Feb-26-2022",Ohio State,,9.8250,,,,A,Michigan State,30454,Jori Jackard
"Sat, Mar-05-2022",Western Michigan,,9.8750,,,,H,Michigan State,30454,Jori Jackard
"Fri, Mar-11-2022",Kentucky,,9.9250,,,,A,Michigan State,30454,Jori Jackard
"Sat, Mar-19-2022","Illinois, Iowa, Maryland, Michigan, Minnesota, Nebraska, Ohio State, Penn State, Rutgers",,9.8500,,,,A,Michigan State,30454,Jori Jackard
"Thu, Mar-31-2022",,,9.8500,,,,A,Michigan State,30454,Jori Jackard
"Sat, Apr-02-2022",,,9.8500,,,,A,Michigan State,30454,Jori Jackard
"Sun, Jan-09-2022","Sacramento State, UC Davis, UW-Oshkosh",,,9.9000,,,A,Michigan State,30970,Giana Kalefe
"Sat, Jan-15-2022","Bowling Green, Illinois State",,,9.1000,,,H,Michigan State,30970,Giana Kalefe
"Fri, Feb-11-2022","Central Michigan, Western Michigan",,,9.9250,,,A,Michigan State,30970,Giana Kalefe
"Sun, Feb-13-2022",Illinois,,,9.9250,,,H,Michigan State,30970,Giana Kalefe
"Sat, Feb-19-2022","Illinois, Iowa, Michigan, Minnesota",,,9.8500,,,A,Michigan State,30970,Giana Kalefe
"Sat, Feb-26-2022",Ohio State,,,9.9000,,,A,Michigan State,30970,Giana Kalefe
"Sat, Mar-05-2022",Western Michigan,,,9.9000,,,H,Michigan State,30970,Giana Kalefe
"Fri, Mar-11-2022",Kentucky,,,9.8500,,,A,Michigan State,30970,Giana Kalefe
"Sat, Mar-19-2022","Illinois, Iowa, Maryland, Michigan, Minnesota, Nebraska, Ohio State, Penn State, Rutgers",,,9.8500,,,A,Michigan State,30970,Giana Kalefe
"Thu, Mar-31-2022",,,,9.8750,,,A,Michigan State,30970,Giana Kalefe
"Sat, Apr-02-2022",,,,9.8250,,,A,Michigan State,30970,Giana Kalefe
"Sat, Feb-26-2022",Ohio State,,,,,,A,Michigan State,31380,Genna Lebster
"Sun, Jan-09-2022","Sacramento State, UC Davis, UW-Oshkosh",,9.6500,,,,A,Michigan State,30552,Tori Loomis
"Sun, Jan-30-2022",Michigan,,8.9500,,,,A,Michigan State,30552,Tori Loomis
"Sat, Feb-26-2022",Ohio State,,,,,,A,Michigan State,30552,Tori Loomis
"Fri, Mar-11-2022",Kentucky,,9.8500,,,,A,Michigan State,30552,Tori Loomis
"Sat, Mar-19-2022","Illinois, Iowa, Maryland, Michigan, Minnesota, Nebraska, Ohio State, Penn State, Rutgers",,9.8500,,,,A,Michigan State,30552,Tori Loomis
"Thu, Mar-31-2022",,,9.8500,,,,A,Michigan State,30552,Tori Loomis
"Sat, Apr-02-2022",,,9.8750,,,,A,Michigan State,30552,Tori Loomis
"Sat, Jan-15-2022","Bowling Green, Illinois State",,9.7250,9.9000,,,H,Michigan State,25184,Lea Mitchell
"Sat, Jan-22-2022",Iowa,,9.8250,9.5500,9.7000,,H,Michigan State,25184,Lea Mitchell
"Sun, Jan-30-2022",Michigan,,9.8000,9.7500,9.8500,,A,Michigan State,25184,Lea Mitchell
"Sat, Feb-05-2022",Maryland,,9.9000,9.8000,9.8750,,H,Michigan State,25184,Lea Mitchell
"Fri, Feb-11-2022","Central Michigan, Western Michigan",,9.8250,9.8250,9.8750,,A,Michigan State,25184,Lea Mitchell
"Sun, Feb-13-2022",Illinois,,9.8750,9.8750,9.9000,,H,Michigan State,25184,Lea Mitchell
"Sat, Feb-19-2022","Illinois, Iowa, Michigan, Minnesota",,9.8750,9.8500,9.8500,,A,Michigan State,25184,Lea Mitchell
"Sat, Feb-26-2022",Ohio State,,9.7250,9.0000,9.9000,,A,Michigan State,25184,Lea Mitchell
"Sat, Mar-05-2022",Western Michigan,,9.8500,9.8500,9.1500,,H,Michigan State,25184,Lea Mitchell
"Fri, Mar-11-2022",Kentucky,,9.8750,9.9250,9.9000,,A,Michigan State,25184,Lea Mitchell
"Sat, Mar-19-2022","Illinois, Iowa, Maryland, Michigan, Minnesota, Nebraska, Ohio State, Penn State, Rutgers",,9.8750,9.8500,9.8250,,A,Michigan State,25184,Lea Mitchell
"Thu, Mar-31-2022",,,9.8000,9.7000,9.8750,,A,Michigan State,25184,Lea Mitchell
"Sat, Apr-02-2022",,,9.8500,9.8750,9.9000,,A,Michigan State,25184,Lea Mitchell
"Sun, Jan-09-2022","Sacramento State, UC Davis, UW-Oshkosh",,9.0500,,,,A,Michigan State,30026,Alaina Raybon
"Sat, Jan-22-2022",Iowa,,9.7250,,,,H,Michigan State,30026,Alaina Raybon
"Fri, Feb-11-2022","Central Michigan, Western Michigan",,9.0750,,,,A,Michigan State,30026,Alaina Raybon
"Sun, Feb-13-2022",Illinois,,9.2750,,,,H,Michigan State,30026,Alaina Raybon
"Sat, Feb-26-2022",Ohio State,,,,,,A,Michigan State,30026,Alaina Raybon
"Fri, Feb-11-2022","Central Michigan, Western Michigan",9.7000,,,,,A,Michigan State,31381,Katie Sawyer
"Sun, Jan-09-2022","Sacramento State, UC Davis, UW-Oshkosh",9.8750,9.7000,9.7250,9.8250,39.1250,A,Michigan State,31382,Skyla Schulte
"Sat, Jan-15-2022","Bowling Green, Illinois State",9.7750,9.7750,9.8500,9.8750,39.2750,H,Michigan State,31382,Skyla Schulte
"Sat, Jan-22-2022",Iowa,9.7500,9.9250,9.7250,9.8250,39.2250,H,Michigan State,31382,Skyla Schulte
"Sun, Jan-30-2022",Michigan,9.7500,9.8250,9.8750,9.9000,39.3500,A,Michigan State,31382,Skyla Schulte
"Sat, Feb-05-2022",Maryland,9.8250,9.8250,9.7500,9.5500,38.9500,H,Michigan State,31382,Skyla Schulte
"Fri, Feb-11-2022","Central Michigan, Western Michigan",,9.8750,,9.7250,,A,Michigan State,31382,Skyla Schulte
"Sun, Feb-13-2022",Illinois,9.8250,9.8750,9.8500,9.9250,39.4750,H,Michigan State,31382,Skyla Schulte
"Sat, Feb-19-2022","Illinois, Iowa, Michigan, Minnesota",9.8500,9.7500,8.9500,9.9000,38.4500,A,Michigan State,31382,Skyla Schulte
"Sat, Feb-26-2022",Ohio State,9.8250,9.8250,9.9000,9.8750,39.4250,A,Michigan State,31382,Skyla Schulte
"Sat, Mar-05-2022",Western Michigan,9.9000,9.8750,9.9500,9.9500,39.6750,H,Michigan State,31382,Skyla Schulte
"Fri, Mar-11-2022",Kentucky,9.8000,9.9500,9.9500,9.8750,39.5750,A,Michigan State,31382,Skyla Schulte
"Sat, Mar-19-2022","Illinois, Iowa, Maryland, Michigan, Minnesota, Nebraska, Ohio State, Penn State, Rutgers",9.8750,9.8750,9.8500,9.9000,39.5000,A,Michigan State,31382,Skyla Schulte
"Thu, Mar-31-2022",,9.7250,9.8000,9.9250,9.9500,39.4000,A,Michigan State,31382,Skyla Schulte
"Sat, Apr-02-2022",,9.9000,9.8250,9.9250,9.9500,39.6000,A,Michigan State,31382,Skyla Schulte
"Thu, Apr-14-2022",,,,9.9125,,,A,Michigan State,31382,Skyla Schulte
"Sat, Jan-22-2022",Iowa,9.7750,,,,,H,Michigan State,30455,Nyah Smith
"Sun, Jan-30-2022",Michigan,9.8000,,9.8000,,,A,Michigan State,30455,Nyah Smith
"Sat, Feb-05-2022",Maryland,9.8000,,9.8000,,,H,Michigan State,30455,Nyah Smith
"Fri, Feb-11-2022","Central Michigan, Western Michigan",9.6750,,9.6750,9.7500,,A,Michigan State,30455,Nyah Smith
"Sat, Feb-26-2022",Ohio State,,,,9.8750,,A,Michigan State,30455,Nyah Smith
"Sat, Mar-05-2022",Western Michigan,,,,9.9250,,H,Michigan State,30455,Nyah Smith
"Fri, Mar-11-2022",Kentucky,9.8250,,,9.8500,,A,Michigan State,30455,Nyah Smith
"Sat, Mar-19-2022","Illinois, Iowa, Maryland, Michigan, Minnesota, Nebraska, Ohio State, Penn State, Rutgers",,,,9.8500,,A,Michigan State,30455,Nyah Smith
"Thu, Mar-31-2022",,9.8500,,,9.8750,,A,Michigan State,30455,Nyah Smith
"Sat, Apr-02-2022",,,,,9.9000,,A,Michigan State,30455,Nyah Smith
"Sun, Jan-09-2022","Sacramento State, UC Davis, UW-Oshkosh",9.8750,9.6000,9.8000,9.2750,38.5500,A,Michigan State,31383,Gabrielle Stephen
"Sat, Jan-15-2022","Bowling Green, Illinois State",9.8500,9.7750,9.9000,9.9000,39.4250,H,Michigan State,31383,Gabrielle Stephen
"Sat, Jan-22-2022",Iowa,9.9500,9.7000,9.1750,9.8750,38.7000,H,Michigan State,31383,Gabrielle Stephen
"Sun, Jan-30-2022",Michigan,9.8250,9.7500,9.8500,9.8500,39.2750,A,Michigan State,31383,Gabrielle Stephen
"Sat, Feb-05-2022",Maryland,9.8750,9.8000,9.9500,9.2250,38.8500,H,Michigan State,31383,Gabrielle Stephen
"Fri, Feb-11-2022","Central Michigan, Western Michigan",9.8750,9.7750,9.9250,,,A,Michigan State,31383,Gabrielle Stephen
"Sun, Feb-13-2022",Illinois,9.9250,9.7000,9.9250,9.9000,39.4500,H,Michigan State,31383,Gabrielle Stephen
"Sat, Feb-19-2022","Illinois, Iowa, Michigan, Minnesota",9.8750,9.8000,9.9000,9.9000,39.4750,A,Michigan State,31383,Gabrielle Stephen
"Sat, Feb-26-2022",Ohio State,9.7250,9.7250,9.9000,9.8000,39.1500,A,Michigan State,31383,Gabrielle Stephen
"Sat, Mar-05-2022",Western Michigan,9.8250,9.3500,9.8750,,,H,Michigan State,31383,Gabrielle Stephen
"Fri, Mar-11-2022",Kentucky,9.8500,9.8000,9.1250,,,A,Michigan State,31383,Gabrielle Stephen
"Sat, Mar-19-2022","Illinois, Iowa, Maryland, Michigan, Minnesota, Nebraska, Ohio State, Penn State, Rutgers",9.9000,9.8500,9.7500,,,A,Michigan State,31383,Gabrielle Stephen
"Thu, Mar-31-2022",,9.9000,9.8250,9.9000,,,A,Michigan State,31383,Gabrielle Stephen
"Sat, Apr-02-2022",,9.9000,9.8250,9.8500,,29.5750,A,Michigan State,31383,Gabrielle Stephen
"Sun, Jan-09-2022","Sacramento State, UC Davis, UW-Oshkosh",,,9.4000,9.7500,,A,Michigan State,30029,Alyssa Wiedeman
"Sat, Jan-15-2022","Bowling Green, Illinois State",,,,9.6750,,H,Michigan State,30029,Alyssa Wiedeman
"Sat, Jan-22-2022",Iowa,,,9.7500,,,H,Michigan State,30029,Alyssa Wiedeman
"Sat, Feb-05-2022",Maryland,,,9.7750,,,H,Michigan State,30029,Alyssa Wiedeman
"Fri, Feb-11-2022","Central Michigan, Western Michigan",,,9.8500,,,A,Michigan State,30029,Alyssa Wiedeman
"Sun, Feb-13-2022",Illinois,9.8250,,9.8000,,,H,Michigan State,30029,Alyssa Wiedeman
"Sat, Feb-19-2022","Illinois, Iowa, Michigan, Minnesota",9.8000,,9.8750,,,A,Michigan State,30029,Alyssa Wiedeman
"Sat, Feb-26-2022",Ohio State,9.7750,,9.8500,,,A,Michigan State,30029,Alyssa Wiedeman
"Sat, Mar-05-2022",Western Michigan,9.7750,,9.8250,,,H,Michigan State,30029,Alyssa Wiedeman
"Fri, Mar-11-2022",Kentucky,9.7500,,9.7750,,,A,Michigan State,30029,Alyssa Wiedeman
"Sat, Mar-19-2022","Illinois, Iowa, Maryland, Michigan, Minnesota, Nebraska, Ohio State, Penn State, Rutgers",9.8000,,9.7750,,,A,Michigan State,30029,Alyssa Wiedeman
"Thu, Mar-31-2022",,,,9.8000,,,A,Michigan State,30029,Alyssa Wiedeman
"Sat, Apr-02-2022",,9.8500,,9.2000,,,A,Michigan State,30029,Alyssa Wiedeman
"Mon, Jan-24-2022",Michigan,9.8000,,,,,H,Minnesota,30972,Gianna Gerdes
"Sun, Feb-06-2022",Illinois,9.8500,,9.6750,9.7750,,A,Minnesota,30972,Gianna Gerdes
"Sat, Feb-12-2022",Ohio State,9.8000,,,,,H,Minnesota,30972,Gianna Gerdes
"Mon, Feb-14-2022","Maryland, Pittsburgh",9.8250,,9.7500,9.9000,,A,Minnesota,30972,Gianna Gerdes
"Sat, Feb-19-2022","Illinois, Iowa, Michigan, Michigan State",9.8250,,9.8500,9.8500,,A,Minnesota,30972,Gianna Gerdes
"Fri, Feb-25-2022",Iowa,9.8750,,9.8000,9.8500,,H,Minnesota,30972,Gianna Gerdes
"Fri, Mar-04-2022",Utah,9.8250,,9.8750,9.8750,,A,Minnesota,30972,Gianna Gerdes
"Sat, Mar-12-2022","LIU, Temple, Utah State",9.8000,,9.8750,9.9000,,H,Minnesota,30972,Gianna Gerdes
"Sat, Mar-19-2022","Illinois, Iowa, Maryland, Michigan, Michigan State, Nebraska, Ohio State, Penn State, Rutgers",9.8250,,9.0000,9.9250,,A,Minnesota,30972,Gianna Gerdes
"Thu, Mar-31-2022",,9.8500,,9.8000,9.9000,,A,Minnesota,30972,Gianna Gerdes
"Sat, Apr-02-2022",,9.8000,,9.8250,9.8500,,A,Minnesota,30972,Gianna Gerdes
"Thu, Apr-14-2022",,9.7750,,9.7750,9.8750,,A,Minnesota,30972,Gianna Gerdes
"Mon, Jan-17-2022","Iowa, UCLA",9.7500,,,,,H,Minnesota,30458,Kate Grotenhuis
"Sat, Feb-12-2022",Ohio State,9.7750,,,,,H,Minnesota,30458,Kate Grotenhuis
"Mon, Feb-14-2022","Maryland, Pittsburgh",9.8250,,,,,A,Minnesota,30458,Kate Grotenhuis
"Sat, Feb-19-2022","Illinois, Iowa, Michigan, Michigan State",9.7750,,,,,A,Minnesota,30458,Kate Grotenhuis
"Fri, Feb-25-2022",Iowa,9.8000,,,,,H,Minnesota,30458,Kate Grotenhuis
"Mon, Jan-17-2022","Iowa, UCLA",9.7750,9.8500,,9.9000,,H,Minnesota,30973,Mya Hooten
"Mon, Jan-24-2022",Michigan,9.8500,9.8000,,10.0000,,H,Minnesota,30973,Mya Hooten
"Sun, Feb-06-2022",Illinois,9.7750,9.2500,,,,A,Minnesota,30973,Mya Hooten
"Sat, Feb-12-2022",Ohio State,9.7750,9.8250,,9.9750,,H,Minnesota,30973,Mya Hooten
"Mon, Feb-14-2022","Maryland, Pittsburgh",9.9500,9.8500,,,,A,Minnesota,30973,Mya Hooten
"Sat, Feb-19-2022","Illinois, Iowa, Michigan, Michigan State",9.8500,9.8250,,9.9750,,A,Minnesota,30973,Mya Hooten
"Fri, Feb-25-2022",Iowa,9.9750,9.8750,,10.0000,,H,Minnesota,30973,Mya Hooten
"Fri, Mar-04-2022",Utah,9.9750,9.6750,,9.9250,,A,Minnesota,30973,Mya Hooten
"Sat, Mar-12-2022","LIU, Temple, Utah State",9.8750,9.8750,,10.0000,,H,Minnesota,30973,Mya Hooten
"Sat, Mar-19-2022","Illinois, Iowa, Maryland, Michigan, Michigan State, Nebraska, Ohio State, Penn State, Rutgers",9.9500,9.8750,,9.9500,,A,Minnesota,30973,Mya Hooten
"Thu, Mar-31-2022",,9.9000,9.9000,,9.9500,,A,Minnesota,30973,Mya Hooten
"Sat, Apr-02-2022",,9.9000,9.8000,,9.9750,,A,Minnesota,30973,Mya Hooten
"Thu, Apr-14-2022",,9.9000,9.8500,,9.9500,,A,Minnesota,30973,Mya Hooten
"Sun, Feb-06-2022",Illinois,9.8000,,,,,A,Minnesota,31385,Marissa Jencks
"Mon, Feb-14-2022","Maryland, Pittsburgh",9.6250,,,,,A,Minnesota,31385,Marissa Jencks
"Sat, Feb-19-2022","Illinois, Iowa, Michigan, Michigan State",9.8250,,,,,A,Minnesota,31385,Marissa Jencks
"Fri, Feb-25-2022",Iowa,9.7250,,,,,H,Minnesota,31385,Marissa Jencks
"Mon, Jan-17-2022","Iowa, UCLA",,,9.8000,9.8500,,H,Minnesota,30975,Emily Koch
"Mon, Jan-24-2022",Michigan,9.7250,,9.7750,9.9250,,H,Minnesota,30975,Emily Koch
"Sun, Feb-06-2022",Illinois,,,9.8750,9.8250,,A,Minnesota,30975,Emily Koch
"Sat, Feb-12-2022",Ohio State,,,9.7750,9.8500,,H,Minnesota,30975,Emily Koch
"Mon, Feb-14-2022","Maryland, Pittsburgh",,,9.1500,9.8500,,A,Minnesota,30975,Emily Koch
"Sat, Feb-19-2022","Illinois, Iowa, Michigan, Michigan State",,,9.7500,9.8000,,A,Minnesota,30975,Emily Koch
"Fri, Feb-25-2022",Iowa,,,9.8500,9.8250,,H,Minnesota,30975,Emily Koch
"Fri, Mar-04-2022",Utah,9.8750,,9.8250,9.8250,,A,Minnesota,30975,Emily Koch
"Sat, Mar-12-2022","LIU, Temple, Utah State",9.8500,,9.9000,9.8750,,H,Minnesota,30975,Emily Koch
"Sat, Mar-19-2022","Illinois, Iowa, Maryland, Michigan, Michigan State, Nebraska, Ohio State, Penn State, Rutgers",9.8000,,9.7750,9.8750,,A,Minnesota,30975,Emily Koch
"Thu, Mar-31-2022",,9.7500,,9.9000,9.8750,,A,Minnesota,30975,Emily Koch
"Sat, Apr-02-2022",,9.7500,,9.7500,9.9000,,A,Minnesota,30975,Emily Koch
"Thu, Apr-14-2022",,9.8375,,9.6500,9.8500,,A,Minnesota,30975,Emily Koch
"Mon, Jan-17-2022","Iowa, UCLA",,9.7000,,9.6500,,H,Minnesota,30459,Mallory Leneave
"Mon, Jan-24-2022",Michigan,,9.8000,,9.6750,,H,Minnesota,30459,Mallory Leneave
"Sun, Feb-06-2022",Illinois,,9.7500,,,,A,Minnesota,30459,Mallory Leneave
"Mon, Feb-14-2022","Maryland, Pittsburgh",,,,9.8000,,A,Minnesota,30459,Mallory Leneave
"Mon, Jan-17-2022","Iowa, UCLA",9.9500,9.8500,9.8750,9.8500,39.5250,H,Minnesota,25046,Ona Loper
"Mon, Jan-24-2022",Michigan,10.0000,9.9000,9.9000,9.9250,39.7250,H,Minnesota,25046,Ona Loper
"Sun, Feb-06-2022",Illinois,9.9000,9.8750,9.8500,9.8750,39.5000,A,Minnesota,25046,Ona Loper
"Sat, Feb-12-2022",Ohio State,9.9750,9.9500,9.8750,9.9500,39.7500,H,Minnesota,25046,Ona Loper
"Mon, Feb-14-2022","Maryland, Pittsburgh",10.0000,9.8750,9.8750,9.9250,39.6750,A,Minnesota,25046,Ona Loper
"Sat, Feb-19-2022","Illinois, Iowa, Michigan, Michigan State",9.2000,9.8500,9.2000,9.9250,38.1750,A,Minnesota,25046,Ona Loper
"Fri, Feb-25-2022",Iowa,9.8750,9.9250,9.9000,9.9250,39.6250,H,Minnesota,25046,Ona Loper
"Fri, Mar-04-2022",Utah,9.9500,9.9000,9.9250,9.9000,39.6750,A,Minnesota,25046,Ona Loper
"Sat, Mar-12-2022","LIU, Temple, Utah State",9.9250,9.9000,9.8750,9.9500,39.6500,H,Minnesota,25046,Ona Loper
"Sat, Mar-19-2022","Illinois, Iowa, Maryland, Michigan, Michigan State, Nebraska, Ohio State, Penn State, Rutgers",9.8500,9.9000,9.7250,9.9000,39.3750,A,Minnesota,25046,Ona Loper
"Thu, Mar-31-2022",,9.9500,9.9250,9.9000,9.9000,39.6750,A,Minnesota,25046,Ona Loper
"Sat, Apr-02-2022",,9.9500,9.9000,9.9000,9.9500,39.7000,A,Minnesota,25046,Ona Loper
"Thu, Apr-14-2022",,9.8375,9.9000,9.7250,9.8875,39.3500,A,Minnesota,25046,Ona Loper
"Mon, Jan-17-2022","Iowa, UCLA",,,9.8750,,,H,Minnesota,30032,Abbie Nylin
"Sun, Feb-06-2022",Illinois,,,9.8500,,,A,Minnesota,30032,Abbie Nylin
"Sat, Feb-12-2022",Ohio State,,,8.9750,,,H,Minnesota,30032,Abbie Nylin
"Sat, Feb-19-2022","Illinois, Iowa, Michigan, Michigan State",,,9.8250,,,A,Minnesota,30032,Abbie Nylin
"Fri, Feb-25-2022",Iowa,,,9.7750,,,H,Minnesota,30032,Abbie Nylin
"Fri, Mar-04-2022",Utah,,,9.7750,,,A,Minnesota,30032,Abbie Nylin
"Sat, Mar-12-2022","LIU, Temple, Utah State",,,9.7750,,,H,Minnesota,30032,Abbie Nylin
"Sat, Mar-19-2022","Illinois, Iowa, Maryland, Michigan, Michigan State, Nebraska, Ohio State, Penn State, Rutgers",,,9.7750,,,A,Minnesota,30032,Abbie Nylin
"Thu, Mar-31-2022",,,,9.8000,,,A,Minnesota,30032,Abbie Nylin
"Sat, Apr-02-2022",,,,9.8250,,,A,Minnesota,30032,Abbie Nylin
"Thu, Apr-14-2022",,,,9.8000,,,A,Minnesota,30032,Abbie Nylin
"Mon, Jan-17-2022","Iowa, UCLA",,,9.5750,,,H,Minnesota,31386,Lauren Pearl
"Mon, Jan-24-2022",Michigan,,,9.5250,,,H,Minnesota,31386,Lauren Pearl
"Mon, Jan-17-2022","Iowa, UCLA",9.8250,,,,,H,Minnesota,30460,Maddie Quarles
"Mon, Jan-24-2022",Michigan,9.9500,,,,,H,Minnesota,30460,Maddie Quarles
"Sun, Feb-06-2022",Illinois,9.8750,,,9.9000,,A,Minnesota,30460,Maddie Quarles
"Sat, Feb-12-2022",Ohio State,9.8250,,,9.9500,,H,Minnesota,30460,Maddie Quarles
"Sat, Mar-12-2022","LIU, Temple, Utah State",9.8000,,,,,H,Minnesota,30460,Maddie Quarles
"Sat, Mar-19-2022","Illinois, Iowa, Maryland, Michigan, Michigan State, Nebraska, Ohio State, Penn State, Rutgers",9.9000,,,,,A,Minnesota,30460,Maddie Quarles
"Thu, Mar-31-2022",,9.8750,,,,,A,Minnesota,30460,Maddie Quarles
"Sat, Apr-02-2022",,9.9750,,,,,A,Minnesota,30460,Maddie Quarles
"Thu, Apr-14-2022",,9.8375,,,,,A,Minnesota,30460,Maddie Quarles
"Mon, Jan-17-2022","Iowa, UCLA",9.8750,9.9500,9.9500,9.9250,39.7000,H,Minnesota,25049,Lexy Ramler
"Mon, Jan-24-2022",Michigan,9.9750,9.9500,9.9250,9.9750,39.8250,H,Minnesota,25049,Lexy Ramler
"Sun, Feb-06-2022",Illinois,9.8750,9.8750,9.9750,9.8500,39.5750,A,Minnesota,25049,Lexy Ramler
"Sat, Feb-12-2022",Ohio State,9.8750,9.9250,9.9750,9.9500,39.7250,H,Minnesota,25049,Lexy Ramler
"Mon, Feb-14-2022","Maryland, Pittsburgh",9.7750,9.9750,9.8250,9.7500,39.3250,A,Minnesota,25049,Lexy Ramler
"Sat, Feb-19-2022","Illinois, Iowa, Michigan, Michigan State",9.8750,9.8750,9.9500,9.8750,39.5750,A,Minnesota,25049,Lexy Ramler
"Fri, Feb-25-2022",Iowa,9.8750,9.9500,10.0000,9.9500,39.7750,H,Minnesota,25049,Lexy Ramler
"Fri, Mar-04-2022",Utah,9.8250,9.8750,9.9500,9.9250,39.5750,A,Minnesota,25049,Lexy Ramler
"Sat, Mar-12-2022","LIU, Temple, Utah State",9.8500,9.9000,9.9500,9.9500,39.6500,H,Minnesota,25049,Lexy Ramler
"Sat, Mar-19-2022","Illinois, Iowa, Maryland, Michigan, Michigan State, Nebraska, Ohio State, Penn State, Rutgers",9.8750,9.9500,9.9500,9.9000,39.6750,A,Minnesota,25049,Lexy Ramler
"Thu, Mar-31-2022",,9.9500,9.9000,9.9500,9.8750,39.6750,A,Minnesota,25049,Lexy Ramler
"Sat, Apr-02-2022",,9.9250,9.8750,9.9000,9.9000,39.6000,A,Minnesota,25049,Lexy Ramler
"Thu, Apr-14-2022",,9.8375,9.9500,9.9375,9.8875,39.6125,A,Minnesota,25049,Lexy Ramler
"Mon, Jan-17-2022","Iowa, UCLA",9.5500,9.7750,,9.8500,,H,Minnesota,30461,Halle Remlinger
"Mon, Jan-24-2022",Michigan,,9.8000,,9.9000,,H,Minnesota,30461,Halle Remlinger
"Sun, Feb-06-2022",Illinois,,9.7500,,9.9250,,A,Minnesota,30461,Halle Remlinger
"Sat, Feb-12-2022",Ohio State,,9.8000,,9.8750,,H,Minnesota,30461,Halle Remlinger
"Mon, Feb-14-2022","Maryland, Pittsburgh",,9.8000,,9.9000,,A,Minnesota,30461,Halle Remlinger
"Sat, Feb-19-2022","Illinois, Iowa, Michigan, Michigan State",,9.7500,,9.9250,,A,Minnesota,30461,Halle Remlinger
"Fri, Feb-25-2022",Iowa,,9.8750,,9.9250,,H,Minnesota,30461,Halle Remlinger
"Fri, Mar-04-2022",Utah,9.7500,9.8000,,9.9250,,A,Minnesota,30461,Halle Remlinger
"Sat, Mar-12-2022","LIU, Temple, Utah State",,9.8000,,9.9500,,H,Minnesota,30461,Halle Remlinger
"Sat, Mar-19-2022","Illinois, Iowa, Maryland, Michigan, Michigan State, Nebraska, Ohio State, Penn State, Rutgers",,9.8750,,9.9000,,A,Minnesota,30461,Halle Remlinger
"Thu, Mar-31-2022",,,9.8000,,9.9250,,A,Minnesota,30461,Halle Remlinger
"Sat, Apr-02-2022",,,9.8500,,9.9250,,A,Minnesota,30461,Halle Remlinger
"Thu, Apr-14-2022",,,9.7875,,9.9000,,A,Minnesota,30461,Halle Remlinger
"Sat, Feb-12-2022",Ohio State,,9.9000,,,,H,Minnesota,30033,Tiarre Sales
"Mon, Feb-14-2022","Maryland, Pittsburgh",,9.8500,,,,A,Minnesota,30033,Tiarre Sales
"Sat, Feb-19-2022","Illinois, Iowa, Michigan, Michigan State",,9.8250,9.2750,,,A,Minnesota,30033,Tiarre Sales
"Fri, Feb-25-2022",Iowa,,9.9000,9.8750,,,H,Minnesota,30033,Tiarre Sales
"Fri, Mar-04-2022",Utah,,9.9250,9.9000,,,A,Minnesota,30033,Tiarre Sales
"Sat, Mar-12-2022","LIU, Temple, Utah State",,9.8750,8.8500,,,H,Minnesota,30033,Tiarre Sales
"Sat, Mar-19-2022","Illinois, Iowa, Maryland, Michigan, Michigan State, Nebraska, Ohio State, Penn State, Rutgers",,9.9000,8.6750,,,A,Minnesota,30033,Tiarre Sales
"Thu, Mar-31-2022",,,9.3500,,,,A,Minnesota,30033,Tiarre Sales
"Sat, Apr-02-2022",,,9.8500,,,,A,Minnesota,30033,Tiarre Sales
"Thu, Apr-14-2022",,,9.2375,,,,A,Minnesota,30033,Tiarre Sales
"Mon, Jan-24-2022",Michigan,,,9.6500,,,H,Minnesota,30034,Ali Sonier
"Sat, Feb-12-2022",Ohio State,,,9.8000,,,H,Minnesota,30034,Ali Sonier
"Mon, Feb-14-2022","Maryland, Pittsburgh",,,9.4500,,,A,Minnesota,30034,Ali Sonier
"Thu, Mar-31-2022",,,,9.6500,,,A,Minnesota,30034,Ali Sonier
"Sat, Apr-02-2022",,,,9.8000,,,A,Minnesota,30034,Ali Sonier
"Thu, Apr-14-2022",,,,9.7375,,,A,Minnesota,30034,Ali Sonier
"Mon, Jan-17-2022","Iowa, UCLA",,,9.0500,,,H,Minnesota,31388,Haley Tyson
"Mon, Jan-24-2022",Michigan,,,9.7750,,,H,Minnesota,31388,Haley Tyson
"Sun, Feb-06-2022",Illinois,,,9.8250,,,A,Minnesota,31388,Haley Tyson
"Sat, Feb-12-2022",Ohio State,,,9.7250,,,H,Minnesota,31388,Haley Tyson
"Mon, Feb-14-2022","Maryland, Pittsburgh",,,8.9500,,,A,Minnesota,31388,Haley Tyson
"Mon, Jan-17-2022","Iowa, UCLA",,9.8500,,,,H,Minnesota,30266,Hannah Willmarth
"Mon, Jan-24-2022",Michigan,,9.8750,,,,H,Minnesota,30266,Hannah Willmarth
"Sun, Feb-06-2022",Illinois,,9.8250,,,,A,Minnesota,30266,Hannah Willmarth
"Sat, Feb-12-2022",Ohio State,,9.8750,,,,H,Minnesota,30266,Hannah Willmarth
"Mon, Feb-14-2022","Maryland, Pittsburgh",,9.8750,,,,A,Minnesota,30266,Hannah Willmarth
"Sat, Feb-19-2022","Illinois, Iowa, Michigan, Michigan State",,9.7750,,,,A,Minnesota,30266,Hannah Willmarth
"Fri, Feb-25-2022",Iowa,,9.9000,,,,H,Minnesota,30266,Hannah Willmarth
"Fri, Mar-04-2022",Utah,,9.8750,,,,A,Minnesota,30266,Hannah Willmarth
"Sat, Mar-12-2022","LIU, Temple, Utah State",,9.8750,,,,H,Minnesota,30266,Hannah Willmarth
"Sat, Mar-19-2022","Illinois, Iowa, Maryland, Michigan, Michigan State, Nebraska, Ohio State, Penn State, Rutgers",,9.9000,,,,A,Minnesota,30266,Hannah Willmarth
"Thu, Mar-31-2022",,,9.8750,,,,A,Minnesota,30266,Hannah Willmarth
"Sat, Apr-02-2022",,,9.8000,,,,A,Minnesota,30266,Hannah Willmarth
"Thu, Apr-14-2022",,,9.9000,,,,A,Minnesota,30266,Hannah Willmarth
"Sat, Jan-22-2022","Brown, George Washington, North Carolina",,,,9.8250,,A,Missouri,30977,Kyra Burns
"Sat, Jan-29-2022",Kentucky,,,,9.6250,,A,Missouri,30977,Kyra Burns
"Fri, Feb-11-2022",Auburn,,,,9.7750,,A,Missouri,30977,Kyra Burns
"Fri, Jan-07-2022","Ball State, Illinois State, S.E. Missouri",9.8750,9.7750,,9.8750,,H,Missouri,31389,Amari Celestine
"Sat, Jan-29-2022",Kentucky,9.9000,9.2250,,9.9000,,A,Missouri,31389,Amari Celestine
"Fri, Feb-04-2022",Florida,9.9250,9.8500,,9.9500,,H,Missouri,31389,Amari Celestine
"Fri, Feb-11-2022",Auburn,9.8750,9.9000,,9.9000,,A,Missouri,31389,Amari Celestine
"Sun, Feb-20-2022","Arkansas, LSU",9.9000,9.2250,,9.9000,,H,Missouri,31389,Amari Celestine
"Fri, Feb-25-2022",Alabama,9.8500,9.7250,,9.8750,,A,Missouri,31389,Amari Celestine
"Fri, Mar-04-2022",Georgia,9.9000,9.8500,,9.9500,,A,Missouri,31389,Amari Celestine
"Sat, Mar-12-2022","Illinois, Iowa State, Lindenwood",9.9250,9.7750,,9.9750,,H,Missouri,31389,Amari Celestine
"Sat, Mar-19-2022","Alabama, Arkansas, Auburn, Florida, Georgia, Kentucky, LSU",9.8500,9.7750,,9.9250,,A,Missouri,31389,Amari Celestine
"Thu, Mar-31-2022",,9.8250,9.8000,,9.8000,,A,Missouri,31389,Amari Celestine
"Sat, Apr-02-2022",,9.8750,9.8750,,9.9250,,A,Missouri,31389,Amari Celestine
"Thu, Apr-14-2022",,9.9500,9.7125,,9.9250,,A,Missouri,31389,Amari Celestine
"Fri, Jan-07-2022","Ball State, Illinois State, S.E. Missouri",9.7250,,,,,H,Missouri,31390,Grace Anne Davis
"Sat, Jan-22-2022","Brown, George Washington, North Carolina",9.8000,,,,,A,Missouri,31390,Grace Anne Davis
"Sat, Jan-29-2022",Kentucky,9.6750,,,,,A,Missouri,31390,Grace Anne Davis
"Fri, Feb-04-2022",Florida,9.8250,,,,,H,Missouri,31390,Grace Anne Davis
"Fri, Feb-11-2022",Auburn,9.6500,,,,,A,Missouri,31390,Grace Anne Davis
"Sun, Feb-20-2022","Arkansas, LSU",9.7750,,,,,H,Missouri,31390,Grace Anne Davis
"Fri, Feb-25-2022",Alabama,9.8500,,9.7250,,,A,Missouri,31390,Grace Anne Davis
"Fri, Mar-04-2022",Georgia,9.7750,,,,,A,Missouri,31390,Grace Anne Davis
"Sat, Mar-12-2022","Illinois, Iowa State, Lindenwood",9.8750,,,,,H,Missouri,31390,Grace Anne Davis
"Sat, Mar-19-2022","Alabama, Arkansas, Auburn, Florida, Georgia, Kentucky, LSU",9.7750,,,,,A,Missouri,31390,Grace Anne Davis
"Thu, Mar-31-2022",,9.8250,,,,,A,Missouri,31390,Grace Anne Davis
"Sat, Apr-02-2022",,9.7750,,,,,A,Missouri,31390,Grace Anne Davis
"Thu, Apr-14-2022",,9.8000,,,,,A,Missouri,31390,Grace Anne Davis
"Sat, Jan-22-2022","Brown, George Washington, North Carolina",,9.8500,9.7750,,,A,Missouri,31391,Victoria Gatzendorfer
"Fri, Feb-04-2022",Florida,,,9.8750,,,H,Missouri,31391,Victoria Gatzendorfer
"Fri, Feb-11-2022",Auburn,,,9.8250,,,A,Missouri,31391,Victoria Gatzendorfer
"Sun, Feb-20-2022","Arkansas, LSU",,9.7250,9.8000,,,H,Missouri,31391,Victoria Gatzendorfer
"Fri, Jan-07-2022","Ball State, Illinois State, S.E. Missouri",,,9.9000,,,H,Missouri,30462,Helen Hu
"Sat, Jan-22-2022","Brown, George Washington, North Carolina",,,9.8250,,,A,Missouri,30462,Helen Hu
"Sat, Jan-29-2022",Kentucky,,,9.9000,,,A,Missouri,30462,Helen Hu
"Fri, Feb-11-2022",Auburn,,,9.7500,,,A,Missouri,30462,Helen Hu
"Sun, Feb-20-2022","Arkansas, LSU",,,9.9500,,,H,Missouri,30462,Helen Hu
"Fri, Feb-25-2022",Alabama,,9.8000,9.9500,,,A,Missouri,30462,Helen Hu
"Fri, Mar-04-2022",Georgia,,9.8750,9.8500,,,A,Missouri,30462,Helen Hu
"Sat, Mar-12-2022","Illinois, Iowa State, Lindenwood",,9.2750,9.9500,,,H,Missouri,30462,Helen Hu
"Sat, Mar-19-2022","Alabama, Arkansas, Auburn, Florida, Georgia, Kentucky, LSU",,9.8750,9.3750,,,A,Missouri,30462,Helen Hu
"Thu, Mar-31-2022",,,9.8500,9.9500,,,A,Missouri,30462,Helen Hu
"Sat, Apr-02-2022",,,9.9000,9.8250,,,A,Missouri,30462,Helen Hu
"Thu, Apr-14-2022",,,9.8875,9.9375,,,A,Missouri,30462,Helen Hu
"Sat, Jan-22-2022","Brown, George Washington, North Carolina",9.8000,,,9.8500,,A,Missouri,31392,Alonna Kratzer
"Sat, Jan-29-2022",Kentucky,,,,9.7500,,A,Missouri,31392,Alonna Kratzer
"Sat, Mar-12-2022","Illinois, Iowa State, Lindenwood",,,,9.8500,,H,Missouri,31392,Alonna Kratzer
"Sat, Mar-19-2022","Alabama, Arkansas, Auburn, Florida, Georgia, Kentucky, LSU",,,,9.8000,,A,Missouri,31392,Alonna Kratzer
"Thu, Apr-14-2022",,,,,9.8125,,A,Missouri,31392,Alonna Kratzer
"Fri, Jan-07-2022","Ball State, Illinois State, S.E. Missouri",9.8000,9.7500,9.8000,,,H,Missouri,30978,Amaya Marshall
"Sat, Jan-22-2022","Brown, George Washington, North Carolina",9.7500,9.8750,9.7750,,,A,Missouri,30978,Amaya Marshall
"Sat, Jan-29-2022",Kentucky,9.6750,9.8250,9.8500,,,A,Missouri,30978,Amaya Marshall
"Fri, Feb-04-2022",Florida,9.8250,9.8000,9.8750,,,H,Missouri,30978,Amaya Marshall
"Fri, Feb-11-2022",Auburn,9.7000,9.8250,8.5500,,,A,Missouri,30978,Amaya Marshall
"Sun, Feb-20-2022","Arkansas, LSU",,9.8750,,,,H,Missouri,30978,Amaya Marshall
"Fri, Feb-25-2022",Alabama,9.7750,9.7750,,,,A,Missouri,30978,Amaya Marshall
"Fri, Mar-04-2022",Georgia,9.8000,9.7500,9.7750,,,A,Missouri,30978,Amaya Marshall
"Sat, Mar-12-2022","Illinois, Iowa State, Lindenwood",9.7500,9.8750,9.9000,,,H,Missouri,30978,Amaya Marshall
"Sat, Mar-19-2022","Alabama, Arkansas, Auburn, Florida, Georgia, Kentucky, LSU",9.7500,9.7750,9.8250,,,A,Missouri,30978,Amaya Marshall
"Thu, Mar-31-2022",,,9.8750,9.8500,,,A,Missouri,30978,Amaya Marshall
"Sat, Apr-02-2022",,,9.8250,9.8250,,,A,Missouri,30978,Amaya Marshall
"Thu, Apr-14-2022",,,9.7875,9.8375,,,A,Missouri,30978,Amaya Marshall
"Fri, Jan-07-2022","Ball State, Illinois State, S.E. Missouri",,,9.7000,9.6750,,H,Missouri,30038,Hannah McCrary
"Sat, Jan-22-2022","Brown, George Washington, North Carolina",9.5500,,9.7250,9.8250,,A,Missouri,30038,Hannah McCrary
"Sat, Jan-29-2022",Kentucky,,,9.6250,,,A,Missouri,30038,Hannah McCrary
"Fri, Feb-04-2022",Florida,,,9.8250,9.9500,,H,Missouri,30038,Hannah McCrary
"Fri, Feb-11-2022",Auburn,,,,9.7250,,A,Missouri,30038,Hannah McCrary
"Sun, Feb-20-2022","Arkansas, LSU",9.6250,,9.8250,9.8750,,H,Missouri,30038,Hannah McCrary
"Fri, Feb-25-2022",Alabama,9.7750,,9.8250,9.8250,,A,Missouri,30038,Hannah McCrary
"Fri, Mar-04-2022",Georgia,9.8000,,9.8000,9.9000,,A,Missouri,30038,Hannah McCrary
"Sat, Mar-12-2022","Illinois, Iowa State, Lindenwood",,,9.7250,9.9250,,H,Missouri,30038,Hannah McCrary
"Sat, Mar-19-2022","Alabama, Arkansas, Auburn, Florida, Georgia, Kentucky, LSU",,,9.7750,9.8250,,A,Missouri,30038,Hannah McCrary
"Thu, Mar-31-2022",,9.7500,,9.8750,9.9000,,A,Missouri,30038,Hannah McCrary
"Sat, Apr-02-2022",,9.8250,,9.8000,9.8750,,A,Missouri,30038,Hannah McCrary
"Thu, Apr-14-2022",,9.7750,,9.7875,9.8750,,A,Missouri,30038,Hannah McCrary
"Fri, Jan-07-2022","Ball State, Illinois State, S.E. Missouri",9.8250,9.7750,,9.8500,,H,Missouri,31393,Jocelyn Moore
"Sat, Jan-22-2022","Brown, George Washington, North Carolina",9.9500,9.8250,,9.9000,,A,Missouri,31393,Jocelyn Moore
"Sat, Jan-29-2022",Kentucky,9.8750,9.8500,,9.9250,,A,Missouri,31393,Jocelyn Moore
"Fri, Feb-04-2022",Florida,9.8250,9.8500,,9.9000,,H,Missouri,31393,Jocelyn Moore
"Fri, Feb-11-2022",Auburn,9.8000,9.7000,,9.9000,,A,Missouri,31393,Jocelyn Moore
"Sun, Feb-20-2022","Arkansas, LSU",9.9250,,,9.9500,,H,Missouri,31393,Jocelyn Moore
"Fri, Feb-25-2022",Alabama,9.9250,,,9.8750,,A,Missouri,31393,Jocelyn Moore
"Fri, Mar-04-2022",Georgia,9.9500,,,9.9250,,A,Missouri,31393,Jocelyn Moore
"Sat, Mar-12-2022","Illinois, Iowa State, Lindenwood",9.9500,,,9.9250,,H,Missouri,31393,Jocelyn Moore
"Sat, Mar-19-2022","Alabama, Arkansas, Auburn, Florida, Georgia, Kentucky, LSU",9.9500,,,9.9000,,A,Missouri,31393,Jocelyn Moore
"Thu, Mar-31-2022",,9.9000,,,9.9000,,A,Missouri,31393,Jocelyn Moore
"Sat, Apr-02-2022",,9.8500,,,9.9500,,A,Missouri,31393,Jocelyn Moore
"Thu, Apr-14-2022",,9.8875,,,9.8375,,A,Missouri,31393,Jocelyn Moore
"Fri, Jan-07-2022","Ball State, Illinois State, S.E. Missouri",,9.8250,,,,H,Missouri,30465,Hollyn Patrick
"Sat, Jan-22-2022","Brown, George Washington, North Carolina",,9.7500,,,,A,Missouri,30465,Hollyn Patrick
"Sat, Jan-29-2022",Kentucky,,9.8500,,,,A,Missouri,30465,Hollyn Patrick
"Fri, Feb-04-2022",Florida,,9.8750,,,,H,Missouri,30465,Hollyn Patrick
"Fri, Feb-11-2022",Auburn,,8.8750,,,,A,Missouri,30465,Hollyn Patrick
"Sun, Feb-20-2022","Arkansas, LSU",,9.9500,,,,H,Missouri,30465,Hollyn Patrick
"Fri, Feb-25-2022",Alabama,,9.7750,,,,A,Missouri,30465,Hollyn Patrick
"Fri, Mar-04-2022",Georgia,,9.8500,,,,A,Missouri,30465,Hollyn Patrick
"Sat, Mar-12-2022","Illinois, Iowa State, Lindenwood",9.8000,9.8000,,,,H,Missouri,30465,Hollyn Patrick
"Sat, Mar-19-2022","Alabama, Arkansas, Auburn, Florida, Georgia, Kentucky, LSU",9.0500,9.8500,,,,A,Missouri,30465,Hollyn Patrick
"Thu, Mar-31-2022",,,9.8500,,,,A,Missouri,30465,Hollyn Patrick
"Sat, Apr-02-2022",,,9.8750,,,,A,Missouri,30465,Hollyn Patrick
"Thu, Apr-14-2022",,,9.7750,,,,A,Missouri,30465,Hollyn Patrick
"Fri, Jan-07-2022","Ball State, Illinois State, S.E. Missouri",9.7250,,9.8750,9.8000,,H,Missouri,30980,Sydney Schaffer
"Sat, Jan-29-2022",Kentucky,9.7750,,9.8750,,,A,Missouri,30980,Sydney Schaffer
"Fri, Feb-04-2022",Florida,9.7750,,9.9250,9.7500,,H,Missouri,30980,Sydney Schaffer
"Fri, Feb-11-2022",Auburn,9.7250,,9.7500,,,A,Missouri,30980,Sydney Schaffer
"Sun, Feb-20-2022","Arkansas, LSU",9.7500,,9.8000,9.8500,,H,Missouri,30980,Sydney Schaffer
"Fri, Feb-25-2022",Alabama,,,9.6750,9.8250,,A,Missouri,30980,Sydney Schaffer
"Fri, Mar-04-2022",Georgia,,,9.8750,9.8500,,A,Missouri,30980,Sydney Schaffer
"Sat, Mar-12-2022","Illinois, Iowa State, Lindenwood",,,9.9250,,,H,Missouri,30980,Sydney Schaffer
"Sat, Mar-19-2022","Alabama, Arkansas, Auburn, Florida, Georgia, Kentucky, LSU",,,9.8000,,,A,Missouri,30980,Sydney Schaffer
"Thu, Mar-31-2022",,9.7500,,9.8000,9.8500,,A,Missouri,30980,Sydney Schaffer
"Sat, Apr-02-2022",,9.7500,,9.8500,9.8500,,A,Missouri,30980,Sydney Schaffer
"Thu, Apr-14-2022",,9.7750,,9.8250,,,A,Missouri,30980,Sydney Schaffer
"Fri, Jan-07-2022","Ball State, Illinois State, S.E. Missouri",9.7750,9.7500,9.9250,9.8500,39.3000,H,Missouri,30466,Sienna Schreiber
"Sat, Jan-22-2022","Brown, George Washington, North Carolina",9.8250,9.8750,9.9500,9.8500,39.5000,A,Missouri,30466,Sienna Schreiber
"Sat, Jan-29-2022",Kentucky,9.8250,9.8000,9.9000,9.8500,39.3750,A,Missouri,30466,Sienna Schreiber
"Fri, Feb-04-2022",Florida,9.8500,9.9000,9.9250,9.8750,39.5500,H,Missouri,30466,Sienna Schreiber
"Fri, Feb-11-2022",Auburn,9.8250,9.8500,9.8750,9.7250,39.2750,A,Missouri,30466,Sienna Schreiber
"Sun, Feb-20-2022","Arkansas, LSU",9.8750,9.8500,9.9000,9.9000,39.5250,H,Missouri,30466,Sienna Schreiber
"Fri, Feb-25-2022",Alabama,9.8250,9.8000,9.9250,9.8250,39.3750,A,Missouri,30466,Sienna Schreiber
"Fri, Mar-04-2022",Georgia,9.8500,9.8500,9.8750,9.8500,39.4250,A,Missouri,30466,Sienna Schreiber
"Sat, Mar-12-2022","Illinois, Iowa State, Lindenwood",9.9000,9.8250,9.9750,9.8750,39.5750,H,Missouri,30466,Sienna Schreiber
"Sat, Mar-19-2022","Alabama, Arkansas, Auburn, Florida, Georgia, Kentucky, LSU",9.8250,9.8500,9.9500,9.8250,39.4500,A,Missouri,30466,Sienna Schreiber
"Thu, Mar-31-2022",,9.8500,9.7750,9.9750,9.8500,39.4500,A,Missouri,30466,Sienna Schreiber
"Sat, Apr-02-2022",,9.8000,9.3000,9.9500,9.9000,38.9500,A,Missouri,30466,Sienna Schreiber
"Thu, Apr-14-2022",,9.8375,9.8250,9.9500,9.8875,39.5000,A,Missouri,30466,Sienna Schreiber
"Fri, Jan-07-2022","Ball State, Illinois State, S.E. Missouri",,9.8750,9.9000,9.8250,,H,Missouri,30068,Alisa Sheremeta
"Sat, Jan-22-2022","Brown, George Washington, North Carolina",,9.7500,9.9000,9.9000,,A,Missouri,30068,Alisa Sheremeta
"Sat, Jan-29-2022",Kentucky,,9.8250,9.8750,9.8500,,A,Missouri,30068,Alisa Sheremeta
"Fri, Feb-04-2022",Florida,,9.9000,9.6500,9.9250,,H,Missouri,30068,Alisa Sheremeta
"Fri, Feb-11-2022",Auburn,,9.8750,9.8250,9.8750,,A,Missouri,30068,Alisa Sheremeta
"Sun, Feb-20-2022","Arkansas, LSU",,9.8750,9.8500,9.9000,,H,Missouri,30068,Alisa Sheremeta
"Fri, Feb-25-2022",Alabama,,9.8750,9.8250,9.8750,,A,Missouri,30068,Alisa Sheremeta
"Fri, Mar-04-2022",Georgia,,9.8250,9.8000,9.4500,,A,Missouri,30068,Alisa Sheremeta
"Sat, Mar-12-2022","Illinois, Iowa State, Lindenwood",,9.8250,9.2750,9.9500,,H,Missouri,30068,Alisa Sheremeta
"Sat, Mar-19-2022","Alabama, Arkansas, Auburn, Florida, Georgia, Kentucky, LSU",,9.8000,9.9000,9.8500,,A,Missouri,30068,Alisa Sheremeta
"Thu, Mar-31-2022",,,9.8000,9.2500,9.8750,,A,Missouri,30068,Alisa Sheremeta
"Sat, Apr-02-2022",,,9.9000,9.9000,9.9250,,A,Missouri,30068,Alisa Sheremeta
"Thu, Apr-14-2022",,,9.8375,9.8750,9.8875,,A,Missouri,30068,Alisa Sheremeta
"Fri, Jan-07-2022",Iowa State,,9.8000,,,,A,Nebraska,30467,Clara Colombo
"Sat, Jan-15-2022",BYU,,9.8000,9.6250,,,H,Nebraska,30467,Clara Colombo
"Sat, Jan-29-2022",Iowa,,9.8250,,,,A,Nebraska,30467,Clara Colombo
"Mon, Jan-31-2022",Illinois,,9.2750,,,,H,Nebraska,30467,Clara Colombo
"Mon, Feb-07-2022",Ohio State,,9.8500,9.8500,,,H,Nebraska,30467,Clara Colombo
"Fri, Feb-11-2022",Maryland,,9.8750,9.7000,,,A,Nebraska,30467,Clara Colombo
"Sat, Feb-19-2022","Maryland, Ohio State, Penn State, Rutgers",,9.9000,,,,A,Nebraska,30467,Clara Colombo
"Sat, Feb-26-2022",Michigan,,9.9000,9.8250,,,H,Nebraska,30467,Clara Colombo
"Fri, Mar-04-2022","George Washington, Lindenwood, Pennsylvania",,9.7500,,,,H,Nebraska,30467,Clara Colombo
"Sun, Mar-13-2022","Arkansas, Denver, Oregon State",,9.7750,,,,A,Nebraska,30467,Clara Colombo
"Sat, Mar-19-2022","Illinois, Iowa, Maryland, Michigan, Michigan State, Minnesota, Ohio State, Penn State, Rutgers",,9.9000,,,,A,Nebraska,30467,Clara Colombo
"Thu, Mar-31-2022",,,9.9000,,,,A,Nebraska,30467,Clara Colombo
"Fri, Jan-07-2022",Iowa State,9.7750,,,9.7500,,A,Nebraska,30982,Martina Comin
"Sat, Jan-29-2022",Iowa,9.7250,,,,,A,Nebraska,30982,Martina Comin
"Fri, Mar-04-2022","George Washington, Lindenwood, Pennsylvania",9.9000,,,,,H,Nebraska,30982,Martina Comin
"Sun, Mar-13-2022","Arkansas, Denver, Oregon State",9.7500,,,,,A,Nebraska,30982,Martina Comin
"Sat, Mar-19-2022","Illinois, Iowa, Maryland, Michigan, Michigan State, Minnesota, Ohio State, Penn State, Rutgers",9.8250,,,,,A,Nebraska,30982,Martina Comin
"Fri, Jan-07-2022",Iowa State,,,9.7500,9.6750,,A,Nebraska,24979,Makayla Curtis
"Sat, Jan-15-2022",BYU,9.6750,,9.2750,9.2000,,H,Nebraska,24979,Makayla Curtis
"Sat, Jan-29-2022",Iowa,9.7750,,,9.8000,,A,Nebraska,24979,Makayla Curtis
"Mon, Jan-31-2022",Illinois,9.7250,,,9.8500,,H,Nebraska,24979,Makayla Curtis
"Mon, Feb-07-2022",Ohio State,9.8250,,,9.8500,,H,Nebraska,24979,Makayla Curtis
"Fri, Feb-11-2022",Maryland,9.8250,,,9.8750,,A,Nebraska,24979,Makayla Curtis
"Sat, Feb-19-2022","Maryland, Ohio State, Penn State, Rutgers",9.7250,,9.9000,9.8500,,A,Nebraska,24979,Makayla Curtis
"Sat, Feb-26-2022",Michigan,9.7250,,9.8750,9.8500,,H,Nebraska,24979,Makayla Curtis
"Fri, Mar-04-2022","George Washington, Lindenwood, Pennsylvania",9.7750,,9.8000,9.7500,,H,Nebraska,24979,Makayla Curtis
"Sun, Mar-13-2022","Arkansas, Denver, Oregon State",9.7250,,9.8250,9.6500,,A,Nebraska,24979,Makayla Curtis
"Sat, Mar-19-2022","Illinois, Iowa, Maryland, Michigan, Michigan State, Minnesota, Ohio State, Penn State, Rutgers",9.8250,,9.7750,9.8250,,A,Nebraska,24979,Makayla Curtis
"Fri, Jan-07-2022",Iowa State,9.6500,9.8250,9.0500,,,A,Nebraska,30983,Kinsey Davis
"Sat, Jan-15-2022",BYU,9.8000,9.9000,9.6250,,,H,Nebraska,30983,Kinsey Davis
"Sat, Jan-29-2022",Iowa,9.8500,9.9000,9.8500,,,A,Nebraska,30983,Kinsey Davis
"Mon, Jan-31-2022",Illinois,9.7750,9.8750,9.7500,,,H,Nebraska,30983,Kinsey Davis
"Mon, Feb-07-2022",Ohio State,9.8750,9.2000,9.9000,,,H,Nebraska,30983,Kinsey Davis
"Fri, Feb-11-2022",Maryland,9.8500,9.4000,9.9250,,,A,Nebraska,30983,Kinsey Davis
"Sat, Feb-19-2022","Maryland, Ohio State, Penn State, Rutgers",9.8250,9.8750,9.8000,,,A,Nebraska,30983,Kinsey Davis
"Sat, Feb-26-2022",Michigan,9.8500,9.9750,9.8250,,,H,Nebraska,30983,Kinsey Davis
"Fri, Mar-04-2022","George Washington, Lindenwood, Pennsylvania",9.8750,9.8750,9.8500,,,H,Nebraska,30983,Kinsey Davis
"Sun, Mar-13-2022","Arkansas, Denver, Oregon State",9.8750,9.8000,9.9000,,,A,Nebraska,30983,Kinsey Davis
"Sat, Mar-19-2022","Illinois, Iowa, Maryland, Michigan, Michigan State, Minnesota, Ohio State, Penn State, Rutgers",9.8000,9.8000,9.8000,,,A,Nebraska,30983,Kinsey Davis
"Thu, Mar-31-2022",,9.9000,9.9250,9.2000,,,A,Nebraska,30983,Kinsey Davis
"Sat, Jan-15-2022",BYU,,9.2000,,,,H,Nebraska,31395,Genesis Gibson
"Sat, Jan-29-2022",Iowa,,9.8000,,,,A,Nebraska,31395,Genesis Gibson
"Mon, Jan-31-2022",Illinois,,9.7000,,,,H,Nebraska,31395,Genesis Gibson
"Mon, Feb-07-2022",Ohio State,,9.8250,,,,H,Nebraska,31395,Genesis Gibson
"Fri, Feb-11-2022",Maryland,,9.8000,,,,A,Nebraska,31395,Genesis Gibson
"Sat, Feb-19-2022","Maryland, Ohio State, Penn State, Rutgers",,9.8000,,,,A,Nebraska,31395,Genesis Gibson
"Sat, Feb-26-2022",Michigan,,9.7750,,,,H,Nebraska,31395,Genesis Gibson
"Fri, Jan-07-2022",Iowa State,9.7250,,9.4500,8.2500,,A,Nebraska,31396,Ayzhia Hall
"Sat, Jan-15-2022",BYU,9.6000,,9.7750,9.7500,,H,Nebraska,31396,Ayzhia Hall
"Sat, Jan-29-2022",Iowa,9.7750,,9.8000,9.2000,,A,Nebraska,31396,Ayzhia Hall
"Mon, Jan-31-2022",Illinois,9.8000,,9.7250,9.8250,,H,Nebraska,31396,Ayzhia Hall
"Mon, Feb-07-2022",Ohio State,9.7000,,8.9250,9.0750,,H,Nebraska,31396,Ayzhia Hall
"Fri, Feb-11-2022",Maryland,9.8500,,9.2000,9.7750,,A,Nebraska,31396,Ayzhia Hall
"Sat, Feb-19-2022","Maryland, Ohio State, Penn State, Rutgers",9.7750,,9.7500,9.8250,,A,Nebraska,31396,Ayzhia Hall
"Sat, Feb-26-2022",Michigan,9.4500,,,9.9000,,H,Nebraska,31396,Ayzhia Hall
"Fri, Mar-04-2022","George Washington, Lindenwood, Pennsylvania",9.8250,,,8.6750,,H,Nebraska,31396,Ayzhia Hall
"Sun, Mar-13-2022","Arkansas, Denver, Oregon State",9.8250,,,9.5000,,A,Nebraska,31396,Ayzhia Hall
"Sat, Mar-19-2022","Illinois, Iowa, Maryland, Michigan, Michigan State, Minnesota, Ohio State, Penn State, Rutgers",9.7500,,,9.8750,,A,Nebraska,31396,Ayzhia Hall
"Sat, Jan-15-2022",BYU,,,,9.1500,,H,Nebraska,30985,Kaitlyn Higgins
"Sat, Jan-29-2022",Iowa,,,9.8750,9.8250,,A,Nebraska,30985,Kaitlyn Higgins
"Mon, Jan-31-2022",Illinois,9.7250,,8.9250,9.7750,,H,Nebraska,30985,Kaitlyn Higgins
"Mon, Feb-07-2022",Ohio State,9.7750,,9.8750,9.9000,,H,Nebraska,30985,Kaitlyn Higgins
"Fri, Feb-11-2022",Maryland,9.7250,,9.0000,9.6250,,A,Nebraska,30985,Kaitlyn Higgins
"Sat, Feb-19-2022","Maryland, Ohio State, Penn State, Rutgers",9.7750,,9.8250,9.9000,,A,Nebraska,30985,Kaitlyn Higgins
"Sat, Feb-26-2022",Michigan,9.4500,,9.8000,9.8250,,H,Nebraska,30985,Kaitlyn Higgins
"Fri, Mar-04-2022","George Washington, Lindenwood, Pennsylvania",,,9.7750,9.1750,,H,Nebraska,30985,Kaitlyn Higgins
"Sun, Mar-13-2022","Arkansas, Denver, Oregon State",,,9.8000,9.8750,,A,Nebraska,30985,Kaitlyn Higgins
"Sat, Mar-19-2022","Illinois, Iowa, Maryland, Michigan, Michigan State, Minnesota, Ohio State, Penn State, Rutgers",,,9.5500,9.8750,,A,Nebraska,30985,Kaitlyn Higgins
"Sat, Jan-29-2022",Iowa,,,,9.6250,,A,Nebraska,31397,Katie Kuenemann
"Mon, Jan-31-2022",Illinois,9.7000,,,9.6500,,H,Nebraska,31397,Katie Kuenemann
"Mon, Feb-07-2022",Ohio State,,,,9.8500,,H,Nebraska,31397,Katie Kuenemann
"Fri, Feb-11-2022",Maryland,,,,9.0000,,A,Nebraska,31397,Katie Kuenemann
"Sat, Feb-19-2022","Maryland, Ohio State, Penn State, Rutgers",,,,9.8500,,A,Nebraska,31397,Katie Kuenemann
"Sat, Feb-26-2022",Michigan,,,,9.7250,,H,Nebraska,31397,Katie Kuenemann
"Fri, Mar-04-2022","George Washington, Lindenwood, Pennsylvania",,,,9.5500,,H,Nebraska,31397,Katie Kuenemann
"Sun, Mar-13-2022","Arkansas, Denver, Oregon State",,,,9.6000,,A,Nebraska,31397,Katie Kuenemann
"Sat, Mar-19-2022","Illinois, Iowa, Maryland, Michigan, Michigan State, Minnesota, Ohio State, Penn State, Rutgers",,,,9.6250,,A,Nebraska,31397,Katie Kuenemann
"Fri, Jan-07-2022",Iowa State,9.7500,,,9.7750,,A,Nebraska,30468,Kylie Piringer
"Sat, Jan-15-2022",BYU,9.7500,,,9.8500,,H,Nebraska,30468,Kylie Piringer
"Mon, Feb-07-2022",Ohio State,9.8250,,,9.7250,,H,Nebraska,30468,Kylie Piringer
"Fri, Feb-11-2022",Maryland,9.7750,,,9.8500,,A,Nebraska,30468,Kylie Piringer
"Sat, Feb-19-2022","Maryland, Ohio State, Penn State, Rutgers",9.8000,,,9.8750,,A,Nebraska,30468,Kylie Piringer
"Sat, Feb-26-2022",Michigan,9.8000,,,9.8000,,H,Nebraska,30468,Kylie Piringer
"Fri, Mar-04-2022","George Washington, Lindenwood, Pennsylvania",9.7500,,,9.8250,,H,Nebraska,30468,Kylie Piringer
"Sun, Mar-13-2022","Arkansas, Denver, Oregon State",9.7750,,,9.7750,,A,Nebraska,30468,Kylie Piringer
"Sat, Mar-19-2022","Illinois, Iowa, Maryland, Michigan, Michigan State, Minnesota, Ohio State, Penn State, Rutgers",9.8500,,,9.7500,,A,Nebraska,30468,Kylie Piringer
"Fri, Jan-07-2022",Iowa State,9.8000,9.1500,9.7750,9.7000,38.4250,A,Nebraska,24985,Kynsee Roby
"Sat, Jan-29-2022",Iowa,,9.8750,9.8500,,,A,Nebraska,24985,Kynsee Roby
"Mon, Jan-31-2022",Illinois,,9.8000,9.8500,,,H,Nebraska,24985,Kynsee Roby
"Fri, Mar-04-2022","George Washington, Lindenwood, Pennsylvania",,9.7500,9.9000,,,H,Nebraska,24985,Kynsee Roby
"Sun, Mar-13-2022","Arkansas, Denver, Oregon State",,9.8000,9.8000,,,A,Nebraska,24985,Kynsee Roby
"Sat, Mar-19-2022","Illinois, Iowa, Maryland, Michigan, Michigan State, Minnesota, Ohio State, Penn State, Rutgers",,9.8750,9.8500,,,A,Nebraska,24985,Kynsee Roby
"Sat, Jan-15-2022",BYU,,,,9.8750,,H,Nebraska,31398,Halle Rourke
"Sat, Jan-29-2022",Iowa,,,,9.0750,,A,Nebraska,31398,Halle Rourke
"Mon, Jan-31-2022",Illinois,,,,9.3500,,H,Nebraska,31398,Halle Rourke
"Fri, Jan-07-2022",Iowa State,,9.5750,,,,A,Nebraska,31399,Emma Simpton
"Sat, Jan-15-2022",BYU,,8.1250,,,,H,Nebraska,31399,Emma Simpton
"Mon, Feb-07-2022",Ohio State,,9.8000,,,,H,Nebraska,31399,Emma Simpton
"Fri, Feb-11-2022",Maryland,,9.7000,,,,A,Nebraska,31399,Emma Simpton
"Sat, Feb-19-2022","Maryland, Ohio State, Penn State, Rutgers",,9.8500,,,,A,Nebraska,31399,Emma Simpton
"Sat, Feb-26-2022",Michigan,,9.7750,,,,H,Nebraska,31399,Emma Simpton
"Fri, Mar-04-2022","George Washington, Lindenwood, Pennsylvania",,9.2750,,,,H,Nebraska,31399,Emma Simpton
"Sun, Mar-13-2022","Arkansas, Denver, Oregon State",,9.7250,,,,A,Nebraska,31399,Emma Simpton
"Sat, Mar-19-2022","Illinois, Iowa, Maryland, Michigan, Michigan State, Minnesota, Ohio State, Penn State, Rutgers",,9.3000,,,,A,Nebraska,31399,Emma Simpton
"Fri, Jan-07-2022",Iowa State,9.7250,9.6750,9.7250,9.7500,38.8750,A,Nebraska,31400,Emma Spence
"Sat, Jan-15-2022",BYU,9.7000,9.8500,9.7250,9.7750,39.0500,H,Nebraska,31400,Emma Spence
"Sat, Jan-29-2022",Iowa,9.7250,9.8250,9.8250,9.8000,39.1750,A,Nebraska,31400,Emma Spence
"Mon, Jan-31-2022",Illinois,9.6750,9.8500,9.8000,9.8250,39.1500,H,Nebraska,31400,Emma Spence
"Mon, Feb-07-2022",Ohio State,9.8500,9.5500,9.8250,9.6750,38.9000,H,Nebraska,31400,Emma Spence
"Fri, Feb-11-2022",Maryland,9.8750,9.8500,9.9250,9.7250,39.3750,A,Nebraska,31400,Emma Spence
"Sat, Feb-19-2022","Maryland, Ohio State, Penn State, Rutgers",9.7250,9.3250,9.8250,9.8500,38.7250,A,Nebraska,31400,Emma Spence
"Sat, Feb-26-2022",Michigan,9.7750,9.8750,9.7750,9.8500,39.2750,H,Nebraska,31400,Emma Spence
"Fri, Mar-04-2022","George Washington, Lindenwood, Pennsylvania",9.7500,9.8250,9.8000,9.8250,39.2000,H,Nebraska,31400,Emma Spence
"Sun, Mar-13-2022","Arkansas, Denver, Oregon State",9.7750,9.7500,9.5250,9.7500,38.8000,A,Nebraska,31400,Emma Spence
"Sat, Mar-19-2022","Illinois, Iowa, Maryland, Michigan, Michigan State, Minnesota, Ohio State, Penn State, Rutgers",9.8000,9.8250,9.8000,9.8500,39.2750,A,Nebraska,31400,Emma Spence
"Fri, Jan-07-2022",Iowa State,,9.7250,9.7000,,,A,Nebraska,30469,Kathryn Thaler
"Sat, Jan-15-2022",BYU,,9.7250,9.7250,,,H,Nebraska,30469,Kathryn Thaler
"Sat, Jan-29-2022",Iowa,,9.7000,9.1000,,,A,Nebraska,30469,Kathryn Thaler
"Mon, Jan-31-2022",Illinois,,9.7250,9.7750,,,H,Nebraska,30469,Kathryn Thaler
"Mon, Feb-07-2022",Ohio State,,9.8250,9.9000,,,H,Nebraska,30469,Kathryn Thaler
"Fri, Feb-11-2022",Maryland,,9.7750,9.8500,,,A,Nebraska,30469,Kathryn Thaler
"Sat, Feb-19-2022","Maryland, Ohio State, Penn State, Rutgers",,9.8000,9.9500,,,A,Nebraska,30469,Kathryn Thaler
"Sat, Feb-26-2022",Michigan,,9.7000,9.1750,,,H,Nebraska,30469,Kathryn Thaler
"Fri, Mar-04-2022","George Washington, Lindenwood, Pennsylvania",,9.2250,9.8500,,,H,Nebraska,30469,Kathryn Thaler
"Sun, Mar-13-2022","Arkansas, Denver, Oregon State",,9.8000,9.8500,,,A,Nebraska,30469,Kathryn Thaler
"Sat, Mar-19-2022","Illinois, Iowa, Maryland, Michigan, Michigan State, Minnesota, Ohio State, Penn State, Rutgers",,9.7500,9.8000,,,A,Nebraska,30469,Kathryn Thaler
"Sun, Jan-09-2022","Southern Conn., Towson",9.6000,,9.1250,,,H,New Hampshire,30044,Hannah Baddick
"Sat, Jan-15-2022","North Carolina, North Carolina State, Rutgers",9.7750,,9.7500,,,A,New Hampshire,30044,Hannah Baddick
"Sun, Jan-23-2022","Pennsylvania, Temple",9.6250,,9.8750,,,H,New Hampshire,30044,Hannah Baddick
"Sun, Feb-06-2022",Denver,9.6500,,9.7000,,,A,New Hampshire,30044,Hannah Baddick
"Sat, Feb-12-2022",Brown,9.8750,,9.8250,,,H,New Hampshire,30044,Hannah Baddick
"Sun, Feb-20-2022","George Washington, Pittsburgh",9.7750,,9.1000,,,A,New Hampshire,30044,Hannah Baddick
"Fri, Feb-25-2022","Centenary College, LIU",9.8250,,9.8250,,,H,New Hampshire,30044,Hannah Baddick
"Sun, Mar-06-2022","Temple, Ursinus College, West Chester",9.6750,,9.2000,,,A,New Hampshire,30044,Hannah Baddick
"Sun, Mar-13-2022","Brown, Penn State, Southern Conn.",,,9.1250,,,H,New Hampshire,30044,Hannah Baddick
"Sat, Mar-19-2022","George Washington, LIU, North Carolina, North Carolina State, Pittsburgh, Temple, Towson",9.7250,,9.2000,,,A,New Hampshire,30044,Hannah Baddick
"Sun, Jan-23-2022","Pennsylvania, Temple",9.7000,9.6750,9.0500,,,H,New Hampshire,31140,Sierra Bauman
"Sat, Jan-29-2022","George Washington, North Carolina State, William & Mary",9.4750,8.7500,9.7250,,,A,New Hampshire,31140,Sierra Bauman
"Sun, Feb-06-2022",Denver,9.6250,,9.7250,,,A,New Hampshire,31140,Sierra Bauman
"Sat, Feb-12-2022",Brown,,,9.7500,,,H,New Hampshire,31140,Sierra Bauman
"Sun, Feb-20-2022","George Washington, Pittsburgh",9.6750,,9.7250,,,A,New Hampshire,31140,Sierra Bauman
"Fri, Feb-25-2022","Centenary College, LIU",9.6500,9.5500,9.8000,,,H,New Hampshire,31140,Sierra Bauman
"Sun, Mar-06-2022","Temple, Ursinus College, West Chester",,,9.8250,,,A,New Hampshire,31140,Sierra Bauman
"Sun, Mar-13-2022","Brown, Penn State, Southern Conn.",9.6500,,9.7750,,,H,New Hampshire,31140,Sierra Bauman
"Sat, Mar-19-2022","George Washington, LIU, North Carolina, North Carolina State, Pittsburgh, Temple, Towson",,,9.6750,,,A,New Hampshire,31140,Sierra Bauman
"Sun, Mar-13-2022","Brown, Penn State, Southern Conn.",,,,9.8000,,H,New Hampshire,31402,Alyssa Beaulieu
"Sat, Mar-19-2022","George Washington, LIU, North Carolina, North Carolina State, Pittsburgh, Temple, Towson",,,,9.7250,,A,New Hampshire,31402,Alyssa Beaulieu
"Sun, Jan-09-2022","Southern Conn., Towson",9.5000,9.6250,,9.6750,,H,New Hampshire,30337,Larissa Biette
"Sat, Jan-15-2022","North Carolina, North Carolina State, Rutgers",9.6500,,,9.7250,,A,New Hampshire,30337,Larissa Biette
"Sun, Jan-23-2022","Pennsylvania, Temple",9.8000,,,9.7500,,H,New Hampshire,30337,Larissa Biette
"Sat, Jan-29-2022","George Washington, North Carolina State, William & Mary",9.7250,,,9.7000,,A,New Hampshire,30337,Larissa Biette
"Sun, Feb-06-2022",Denver,9.6750,,,9.6250,,A,New Hampshire,30337,Larissa Biette
"Sat, Feb-12-2022",Brown,9.7250,,,9.7750,,H,New Hampshire,30337,Larissa Biette
"Sun, Feb-20-2022","George Washington, Pittsburgh",9.7000,,,9.7250,,A,New Hampshire,30337,Larissa Biette
"Fri, Feb-25-2022","Centenary College, LIU",9.6500,,,9.7250,,H,New Hampshire,30337,Larissa Biette
"Sun, Mar-06-2022","Temple, Ursinus College, West Chester",9.6750,,,,,A,New Hampshire,30337,Larissa Biette
"Sun, Mar-13-2022","Brown, Penn State, Southern Conn.",9.7250,,,,,H,New Hampshire,30337,Larissa Biette
"Sat, Mar-19-2022","George Washington, LIU, North Carolina, North Carolina State, Pittsburgh, Temple, Towson",9.7250,,,,,A,New Hampshire,30337,Larissa Biette
"Sat, Jan-15-2022","North Carolina, North Carolina State, Rutgers",,,,9.7500,,A,New Hampshire,30346,Kenadi Brown
"Sun, Jan-23-2022","Pennsylvania, Temple",,9.7250,,9.9000,,H,New Hampshire,30346,Kenadi Brown
"Sat, Jan-29-2022","George Washington, North Carolina State, William & Mary",,9.7250,,9.6750,,A,New Hampshire,30346,Kenadi Brown
"Sun, Feb-06-2022",Denver,,9.6250,,9.7750,,A,New Hampshire,30346,Kenadi Brown
"Sat, Feb-12-2022",Brown,,9.8000,9.1000,9.8250,,H,New Hampshire,30346,Kenadi Brown
"Sun, Feb-20-2022","George Washington, Pittsburgh",,9.8000,9.6000,9.8250,,A,New Hampshire,30346,Kenadi Brown
"Fri, Feb-25-2022","Centenary College, LIU",,9.8250,9.2000,9.8000,,H,New Hampshire,30346,Kenadi Brown
"Sun, Mar-06-2022","Temple, Ursinus College, West Chester",,9.8000,,9.8250,,A,New Hampshire,30346,Kenadi Brown
"Sun, Mar-13-2022","Brown, Penn State, Southern Conn.",,9.8750,,9.8500,,H,New Hampshire,30346,Kenadi Brown
"Sat, Mar-19-2022","George Washington, LIU, North Carolina, North Carolina State, Pittsburgh, Temple, Towson",,9.8500,,9.8500,,A,New Hampshire,30346,Kenadi Brown
"Sun, Jan-09-2022","Southern Conn., Towson",,,,9.6000,,H,New Hampshire,30045,Alexandra Cucich
"Sat, Jan-15-2022","North Carolina, North Carolina State, Rutgers",,,,9.7250,,A,New Hampshire,30045,Alexandra Cucich
"Sun, Jan-09-2022","Southern Conn., Towson",,,8.8750,,,H,New Hampshire,31141,Jenna Devincenzo
"Sat, Jan-15-2022","North Carolina, North Carolina State, Rutgers",,,9.1500,,,A,New Hampshire,31141,Jenna Devincenzo
"Sun, Jan-23-2022","Pennsylvania, Temple",,,9.8250,,,H,New Hampshire,31141,Jenna Devincenzo
"Sat, Jan-29-2022","George Washington, North Carolina State, William & Mary",,,9.7750,,,A,New Hampshire,31141,Jenna Devincenzo
"Sun, Feb-06-2022",Denver,,8.6500,9.7250,,,A,New Hampshire,31141,Jenna Devincenzo
"Sat, Feb-12-2022",Brown,,9.5500,9.5750,,,H,New Hampshire,31141,Jenna Devincenzo
"Sun, Feb-20-2022","George Washington, Pittsburgh",,9.8500,9.8250,,,A,New Hampshire,31141,Jenna Devincenzo
"Fri, Feb-25-2022","Centenary College, LIU",,9.0500,9.4500,,,H,New Hampshire,31141,Jenna Devincenzo
"Sun, Mar-06-2022","Temple, Ursinus College, West Chester",,9.7500,9.7000,,,A,New Hampshire,31141,Jenna Devincenzo
"Sun, Mar-13-2022","Brown, Penn State, Southern Conn.",,9.8250,9.8000,,,H,New Hampshire,31141,Jenna Devincenzo
"Sat, Mar-19-2022","George Washington, LIU, North Carolina, North Carolina State, Pittsburgh, Temple, Towson",,9.7250,9.6750,,,A,New Hampshire,31141,Jenna Devincenzo
"Sun, Jan-09-2022","Southern Conn., Towson",9.5250,8.9750,,,,H,New Hampshire,29711,Lauren Diggan
"Sat, Jan-15-2022","North Carolina, North Carolina State, Rutgers",9.7000,9.6500,,,,A,New Hampshire,29711,Lauren Diggan
"Sun, Jan-23-2022","Pennsylvania, Temple",9.7500,9.7500,,,,H,New Hampshire,29711,Lauren Diggan
"Sat, Jan-29-2022","George Washington, North Carolina State, William & Mary",9.7250,9.6000,,,,A,New Hampshire,29711,Lauren Diggan
"Sun, Mar-06-2022","Temple, Ursinus College, West Chester",9.5500,,,,,A,New Hampshire,29711,Lauren Diggan
"Sun, Mar-13-2022","Brown, Penn State, Southern Conn.",9.4000,,,,,H,New Hampshire,29711,Lauren Diggan
"Sat, Mar-19-2022","George Washington, LIU, North Carolina, North Carolina State, Pittsburgh, Temple, Towson",9.0750,,,,,A,New Hampshire,29711,Lauren Diggan
"Sun, Jan-09-2022","Southern Conn., Towson",9.8000,9.8000,9.8500,9.0250,38.4750,H,New Hampshire,30338,Kylie Gorgenyi
"Sat, Jan-15-2022","North Carolina, North Carolina State, Rutgers",9.8750,9.8000,8.6250,,,A,New Hampshire,30338,Kylie Gorgenyi
"Sun, Jan-23-2022","Pennsylvania, Temple",9.8750,9.8500,,9.8000,,H,New Hampshire,30338,Kylie Gorgenyi
"Sat, Jan-29-2022","George Washington, North Carolina State, William & Mary",9.8750,9.8250,9.1250,9.8000,38.6250,A,New Hampshire,30338,Kylie Gorgenyi
"Sun, Feb-06-2022",Denver,9.7750,9.6250,,9.7500,,A,New Hampshire,30338,Kylie Gorgenyi
"Sat, Feb-12-2022",Brown,9.8750,9.9000,,9.7500,,H,New Hampshire,30338,Kylie Gorgenyi
"Sun, Feb-20-2022","George Washington, Pittsburgh",9.6250,9.8750,,9.8000,,A,New Hampshire,30338,Kylie Gorgenyi
"Fri, Feb-25-2022","Centenary College, LIU",9.7000,9.8750,,9.8000,,H,New Hampshire,30338,Kylie Gorgenyi
"Sun, Mar-06-2022","Temple, Ursinus College, West Chester",9.8500,9.8500,,9.8500,,A,New Hampshire,30338,Kylie Gorgenyi
"Sun, Mar-13-2022","Brown, Penn State, Southern Conn.",9.8500,9.9000,,9.8250,,H,New Hampshire,30338,Kylie Gorgenyi
"Sat, Mar-19-2022","George Washington, LIU, North Carolina, North Carolina State, Pittsburgh, Temple, Towson",9.8000,9.8500,,9.8000,,A,New Hampshire,30338,Kylie Gorgenyi
"Thu, Mar-31-2022",,9.8000,9.8000,,,,A,New Hampshire,30338,Kylie Gorgenyi
"Sun, Jan-09-2022","Southern Conn., Towson",,9.6500,,,,H,New Hampshire,31142,Gianna Graver
"Sat, Jan-15-2022","North Carolina, North Carolina State, Rutgers",,9.7250,,,,A,New Hampshire,31142,Gianna Graver
"Sat, Jan-15-2022","North Carolina, North Carolina State, Rutgers",,9.7000,,,,A,New Hampshire,29714,Kylie Kratchwell
"Sun, Jan-23-2022","Pennsylvania, Temple",,9.8250,,,,H,New Hampshire,29714,Kylie Kratchwell
"Sat, Jan-29-2022","George Washington, North Carolina State, William & Mary",,9.8250,,,,A,New Hampshire,29714,Kylie Kratchwell
"Sun, Feb-06-2022",Denver,,9.7750,,,,A,New Hampshire,29714,Kylie Kratchwell
"Sat, Feb-12-2022",Brown,,9.8000,,,,H,New Hampshire,29714,Kylie Kratchwell
"Sun, Feb-20-2022","George Washington, Pittsburgh",,9.7750,,,,A,New Hampshire,29714,Kylie Kratchwell
"Fri, Feb-25-2022","Centenary College, LIU",,9.9250,,,,H,New Hampshire,29714,Kylie Kratchwell
"Sun, Mar-06-2022","Temple, Ursinus College, West Chester",,9.8000,,,,A,New Hampshire,29714,Kylie Kratchwell
"Sun, Mar-13-2022","Brown, Penn State, Southern Conn.",,9.9000,,,,H,New Hampshire,29714,Kylie Kratchwell
"Sat, Mar-19-2022","George Washington, LIU, North Carolina, North Carolina State, Pittsburgh, Temple, Towson",,9.8750,,,,A,New Hampshire,29714,Kylie Kratchwell
"Sun, Jan-09-2022","Southern Conn., Towson",,,9.8750,,,H,New Hampshire,30046,Hailey Lui
"Sat, Jan-15-2022","North Carolina, North Carolina State, Rutgers",,9.6500,9.8000,9.6250,,A,New Hampshire,30046,Hailey Lui
"Sun, Jan-23-2022","Pennsylvania, Temple",,9.8000,9.9750,9.7500,,H,New Hampshire,30046,Hailey Lui
"Sat, Jan-29-2022","George Washington, North Carolina State, William & Mary",,9.7500,9.9000,9.8500,,A,New Hampshire,30046,Hailey Lui
"Sun, Feb-06-2022",Denver,,9.6750,9.7250,9.8250,,A,New Hampshire,30046,Hailey Lui
"Sat, Feb-12-2022",Brown,,9.7500,9.8500,9.9000,,H,New Hampshire,30046,Hailey Lui
"Sun, Feb-20-2022","George Washington, Pittsburgh",,9.7500,9.9250,9.8250,,A,New Hampshire,30046,Hailey Lui
"Fri, Feb-25-2022","Centenary College, LIU",,9.5750,9.9000,9.9000,,H,New Hampshire,30046,Hailey Lui
"Sun, Mar-06-2022","Temple, Ursinus College, West Chester",,9.8250,9.8750,9.7500,,A,New Hampshire,30046,Hailey Lui
"Sun, Mar-13-2022","Brown, Penn State, Southern Conn.",,9.7750,9.9500,9.8500,,H,New Hampshire,30046,Hailey Lui
"Sat, Mar-19-2022","George Washington, LIU, North Carolina, North Carolina State, Pittsburgh, Temple, Towson",,9.8000,9.1250,9.8500,,A,New Hampshire,30046,Hailey Lui
"Thu, Mar-31-2022",,,,9.5500,,,A,New Hampshire,30046,Hailey Lui
"Sun, Jan-09-2022","Southern Conn., Towson",9.6500,,,8.9250,,H,New Hampshire,30047,Mariella Miele
"Sat, Jan-15-2022","North Carolina, North Carolina State, Rutgers",9.7750,,,,,A,New Hampshire,30047,Mariella Miele
"Sun, Jan-23-2022","Pennsylvania, Temple",9.8250,,,,,H,New Hampshire,30047,Mariella Miele
"Sat, Jan-29-2022","George Washington, North Carolina State, William & Mary",9.7750,,,,,A,New Hampshire,30047,Mariella Miele
"Sun, Feb-06-2022",Denver,9.7750,,,,,A,New Hampshire,30047,Mariella Miele
"Sat, Feb-12-2022",Brown,9.7250,,,,,H,New Hampshire,30047,Mariella Miele
"Sun, Feb-20-2022","George Washington, Pittsburgh",9.8000,,,,,A,New Hampshire,30047,Mariella Miele
"Fri, Feb-25-2022","Centenary College, LIU",9.7500,,,,,H,New Hampshire,30047,Mariella Miele
"Sun, Mar-06-2022","Temple, Ursinus College, West Chester",9.8250,,,,,A,New Hampshire,30047,Mariella Miele
"Sun, Mar-13-2022","Brown, Penn State, Southern Conn.",9.6750,,,,,H,New Hampshire,30047,Mariella Miele
"Sat, Mar-19-2022","George Washington, LIU, North Carolina, North Carolina State, Pittsburgh, Temple, Towson",9.6000,,,,,A,New Hampshire,30047,Mariella Miele
"Sun, Jan-09-2022","Southern Conn., Towson",9.6750,9.0750,,9.7750,,H,New Hampshire,31403,Gracy Mowers
"Sat, Jan-15-2022","North Carolina, North Carolina State, Rutgers",9.8000,,,9.8500,,A,New Hampshire,31403,Gracy Mowers
"Sat, Jan-29-2022","George Washington, North Carolina State, William & Mary",9.7750,,,9.8500,,A,New Hampshire,31403,Gracy Mowers
"Sun, Feb-06-2022",Denver,9.8000,,,8.9250,,A,New Hampshire,31403,Gracy Mowers
"Sat, Feb-12-2022",Brown,9.9000,,,9.7500,,H,New Hampshire,31403,Gracy Mowers
"Sun, Feb-20-2022","George Washington, Pittsburgh",9.7750,,,9.7500,,A,New Hampshire,31403,Gracy Mowers
"Fri, Feb-25-2022","Centenary College, LIU",9.7250,,,9.7250,,H,New Hampshire,31403,Gracy Mowers
"Sun, Mar-06-2022","Temple, Ursinus College, West Chester",9.7750,,,9.8750,,A,New Hampshire,31403,Gracy Mowers
"Sun, Mar-13-2022","Brown, Penn State, Southern Conn.",9.8000,,,9.8500,,H,New Hampshire,31403,Gracy Mowers
"Sat, Mar-19-2022","George Washington, LIU, North Carolina, North Carolina State, Pittsburgh, Temple, Towson",9.7250,,,9.8000,,A,New Hampshire,31403,Gracy Mowers
"Sun, Jan-09-2022","Southern Conn., Towson",,9.6500,9.7500,,,H,New Hampshire,31404,Summer Simpkins
"Sat, Jan-15-2022","North Carolina, North Carolina State, Rutgers",,8.9500,8.7500,,,A,New Hampshire,31404,Summer Simpkins
"Sun, Jan-23-2022","Pennsylvania, Temple",,,9.8000,9.6250,,H,New Hampshire,31404,Summer Simpkins
"Sat, Jan-29-2022","George Washington, North Carolina State, William & Mary",,,9.7000,,,A,New Hampshire,31404,Summer Simpkins
"Sun, Feb-06-2022",Denver,,9.5750,9.4500,,,A,New Hampshire,31404,Summer Simpkins
"Sun, Feb-20-2022","George Washington, Pittsburgh",,9.6750,,,,A,New Hampshire,31404,Summer Simpkins
"Sun, Mar-06-2022","Temple, Ursinus College, West Chester",,9.5500,9.8500,9.7000,,A,New Hampshire,31404,Summer Simpkins
"Sun, Mar-13-2022","Brown, Penn State, Southern Conn.",,9.8250,9.0500,,,H,New Hampshire,31404,Summer Simpkins
"Sat, Mar-19-2022","George Washington, LIU, North Carolina, North Carolina State, Pittsburgh, Temple, Towson",,9.7750,9.0000,,,A,New Hampshire,31404,Summer Simpkins
"Sat, Feb-12-2022",Brown,9.5750,9.6000,,,,H,New Hampshire,30340,Jacy Whitehead
"Sun, Jan-09-2022","Southern Conn., Towson",,,9.8750,9.6500,,H,New Hampshire,30341,Alyssa Worthington
"Sat, Jan-15-2022","North Carolina, North Carolina State, Rutgers",,,9.9250,9.7500,,A,New Hampshire,30341,Alyssa Worthington
"Sun, Jan-23-2022","Pennsylvania, Temple",,,9.9750,9.9000,,H,New Hampshire,30341,Alyssa Worthington
"Sat, Jan-29-2022","George Washington, North Carolina State, William & Mary",,,9.8250,9.4750,,A,New Hampshire,30341,Alyssa Worthington
"Sun, Feb-06-2022",Denver,,,9.8000,9.0250,,A,New Hampshire,30341,Alyssa Worthington
"Sat, Feb-12-2022",Brown,,,9.9250,9.1000,,H,New Hampshire,30341,Alyssa Worthington
"Sun, Feb-20-2022","George Washington, Pittsburgh",,,9.2500,9.8250,,A,New Hampshire,30341,Alyssa Worthington
"Fri, Feb-25-2022","Centenary College, LIU",,,9.9000,9.9000,,H,New Hampshire,30341,Alyssa Worthington
"Sun, Mar-06-2022","Temple, Ursinus College, West Chester",,,9.7500,9.8250,,A,New Hampshire,30341,Alyssa Worthington
"Sun, Mar-13-2022","Brown, Penn State, Southern Conn.",,,9.9250,9.3250,,H,New Hampshire,30341,Alyssa Worthington
"Sat, Mar-19-2022","George Washington, LIU, North Carolina, North Carolina State, Pittsburgh, Temple, Towson",,,9.9000,9.8000,,A,New Hampshire,30341,Alyssa Worthington
"Thu, Mar-31-2022",,,,9.7500,,,A,New Hampshire,30341,Alyssa Worthington
"Fri, Jan-07-2022","Auburn, Bowling Green, North Carolina State",,9.8250,9.6500,9.8500,,H,North Carolina,30331,Elizabeth Culton
"Sat, Jan-15-2022","New Hampshire, North Carolina State, Rutgers",,9.9000,9.9000,9.1500,,A,North Carolina,30331,Elizabeth Culton
"Sat, Jan-22-2022","Brown, George Washington, Missouri",,9.9000,9.9250,9.8750,,H,North Carolina,30331,Elizabeth Culton
"Fri, Jan-28-2022","Pittsburgh, Towson",,9.8500,9.7750,9.8250,,H,North Carolina,30331,Elizabeth Culton
"Fri, Feb-04-2022","Alabama, Western Michigan",,9.8250,9.8750,9.7750,,A,North Carolina,30331,Elizabeth Culton
"Sat, Feb-12-2022",Temple,,9.1250,9.8750,9.8750,,H,North Carolina,30331,Elizabeth Culton
"Sat, Feb-19-2022",North Carolina State,,9.8250,9.7750,9.8250,,A,North Carolina,30331,Elizabeth Culton
"Thu, Feb-24-2022",West Virginia,,9.8750,9.9000,9.6000,,H,North Carolina,30331,Elizabeth Culton
"Sun, Mar-06-2022",LIU,,9.9500,9.9750,9.6750,,A,North Carolina,30331,Elizabeth Culton
"Sat, Mar-12-2022",Georgia,,9.8750,9.9000,9.9000,,A,North Carolina,30331,Elizabeth Culton
"Sat, Mar-19-2022","George Washington, LIU, New Hampshire, North Carolina State, Pittsburgh, Temple, Towson",,9.8000,9.9000,9.9000,,A,North Carolina,30331,Elizabeth Culton
"Wed, Mar-30-2022",,,9.8500,9.9250,9.8500,,A,North Carolina,30331,Elizabeth Culton
"Thu, Mar-31-2022",,,9.8250,9.8750,9.9000,,A,North Carolina,30331,Elizabeth Culton
"Fri, Jan-07-2022","Auburn, Bowling Green, North Carolina State",9.8250,9.8750,9.8500,9.7750,39.3250,H,North Carolina,31406,Lali Dekanoidze
"Sat, Jan-15-2022","New Hampshire, North Carolina State, Rutgers",9.9000,9.8500,9.3500,9.6500,38.7500,A,North Carolina,31406,Lali Dekanoidze
"Sat, Jan-22-2022","Brown, George Washington, Missouri",9.8000,9.8750,9.9000,9.8750,39.4500,H,North Carolina,31406,Lali Dekanoidze
"Fri, Jan-28-2022","Pittsburgh, Towson",9.9000,9.8250,9.8500,9.8750,39.4500,H,North Carolina,31406,Lali Dekanoidze
"Fri, Feb-04-2022","Alabama, Western Michigan",9.7500,9.8500,9.2750,9.8250,38.7000,A,North Carolina,31406,Lali Dekanoidze
"Sat, Feb-12-2022",Temple,9.8750,9.9500,9.8750,9.8500,39.5500,H,North Carolina,31406,Lali Dekanoidze
"Sat, Feb-19-2022",North Carolina State,9.8750,9.8000,9.9000,9.9000,39.4750,A,North Carolina,31406,Lali Dekanoidze
"Thu, Feb-24-2022",West Virginia,9.8750,9.8750,9.3250,,,H,North Carolina,31406,Lali Dekanoidze
"Sat, Jan-15-2022","New Hampshire, North Carolina State, Rutgers",9.6500,,,,,A,North Carolina,30989,Kate Greene
"Sat, Jan-22-2022","Brown, George Washington, Missouri",9.7750,,,,,H,North Carolina,30989,Kate Greene
"Fri, Jan-28-2022","Pittsburgh, Towson",9.3000,,,,,H,North Carolina,30989,Kate Greene
"Fri, Feb-04-2022","Alabama, Western Michigan",9.7000,,,,,A,North Carolina,30989,Kate Greene
"Sat, Feb-12-2022",Temple,9.7250,,,,,H,North Carolina,30989,Kate Greene
"Sat, Feb-19-2022",North Carolina State,9.8000,,,,,A,North Carolina,30989,Kate Greene
"Thu, Feb-24-2022",West Virginia,9.7750,,,,,H,North Carolina,30989,Kate Greene
"Sun, Mar-06-2022",LIU,9.7000,9.8750,,,,A,North Carolina,30989,Kate Greene
"Sat, Mar-12-2022",Georgia,9.7250,9.8000,,,,A,North Carolina,30989,Kate Greene
"Sat, Mar-19-2022","George Washington, LIU, New Hampshire, North Carolina State, Pittsburgh, Temple, Towson",9.8000,9.8250,,,,A,North Carolina,30989,Kate Greene
"Wed, Mar-30-2022",,9.7750,9.0000,,,,A,North Carolina,30989,Kate Greene
"Thu, Mar-31-2022",,9.8000,9.7000,,,,A,North Carolina,30989,Kate Greene
"Fri, Jan-07-2022","Auburn, Bowling Green, North Carolina State",,,9.6500,9.8250,,H,North Carolina,30568,Brianna Greenlow
"Sat, Jan-15-2022","New Hampshire, North Carolina State, Rutgers",,8.1500,,9.7750,,A,North Carolina,30568,Brianna Greenlow
"Sat, Jan-22-2022","Brown, George Washington, Missouri",,,,9.8500,,H,North Carolina,30568,Brianna Greenlow
"Fri, Jan-28-2022","Pittsburgh, Towson",,,,9.8250,,H,North Carolina,30568,Brianna Greenlow
"Fri, Feb-04-2022","Alabama, Western Michigan",,,,9.8500,,A,North Carolina,30568,Brianna Greenlow
"Sat, Feb-12-2022",Temple,,9.7750,,9.1000,,H,North Carolina,30568,Brianna Greenlow
"Sat, Feb-19-2022",North Carolina State,,9.8000,,9.7750,,A,North Carolina,30568,Brianna Greenlow
"Thu, Feb-24-2022",West Virginia,,9.7750,,9.0750,,H,North Carolina,30568,Brianna Greenlow
"Sun, Mar-06-2022",LIU,,9.7000,9.6750,9.8000,,A,North Carolina,30568,Brianna Greenlow
"Sat, Mar-12-2022",Georgia,,9.7500,9.1750,9.8750,,A,North Carolina,30568,Brianna Greenlow
"Sat, Mar-19-2022","George Washington, LIU, New Hampshire, North Carolina State, Pittsburgh, Temple, Towson",,9.7500,9.0500,9.7250,,A,North Carolina,30568,Brianna Greenlow
"Wed, Mar-30-2022",,,9.6250,9.8750,9.5750,,A,North Carolina,30568,Brianna Greenlow
"Thu, Mar-31-2022",,,9.4500,9.1000,9.7750,,A,North Carolina,30568,Brianna Greenlow
"Fri, Jan-07-2022","Auburn, Bowling Green, North Carolina State",9.7750,9.7750,9.9250,9.5250,39.0000,H,North Carolina,31407,Julia Knower
"Sat, Jan-15-2022","New Hampshire, North Carolina State, Rutgers",9.8250,9.7000,9.8750,9.8000,39.2000,A,North Carolina,31407,Julia Knower
"Sat, Jan-22-2022","Brown, George Washington, Missouri",9.6250,9.7000,9.5750,9.1000,38.0000,H,North Carolina,31407,Julia Knower
"Fri, Jan-28-2022","Pittsburgh, Towson",9.7500,9.8000,9.8750,9.9000,39.3250,H,North Carolina,31407,Julia Knower
"Fri, Feb-04-2022","Alabama, Western Michigan",9.6750,9.6000,9.9000,9.8500,39.0250,A,North Carolina,31407,Julia Knower
"Sat, Feb-12-2022",Temple,9.8750,9.8250,9.9000,9.6500,39.2500,H,North Carolina,31407,Julia Knower
"Sat, Feb-19-2022",North Carolina State,9.8750,9.8000,9.7000,9.8500,39.2250,A,North Carolina,31407,Julia Knower
"Thu, Feb-24-2022",West Virginia,9.6750,9.8250,9.2250,9.8500,38.5750,H,North Carolina,31407,Julia Knower
"Sun, Mar-06-2022",LIU,9.7750,9.8000,9.8750,9.7500,39.2000,A,North Carolina,31407,Julia Knower
"Sat, Mar-12-2022",Georgia,9.7750,9.8250,9.9000,9.9000,39.4000,A,North Carolina,31407,Julia Knower
"Sat, Mar-19-2022","George Washington, LIU, New Hampshire, North Carolina State, Pittsburgh, Temple, Towson",9.7750,9.8250,9.7000,9.9000,39.2000,A,North Carolina,31407,Julia Knower
"Wed, Mar-30-2022",,9.8000,9.7000,9.9000,9.7000,39.1000,A,North Carolina,31407,Julia Knower
"Thu, Mar-31-2022",,9.8500,9.6250,9.6750,9.8000,38.9500,A,North Carolina,31407,Julia Knower
"Sat, Jan-22-2022","Brown, George Washington, Missouri",,,,,,H,North Carolina,31408,Bella Miller
"Fri, Jan-07-2022","Auburn, Bowling Green, North Carolina State",,,9.8000,9.7750,,H,North Carolina,30332,Hannah Nam
"Sat, Jan-15-2022","New Hampshire, North Carolina State, Rutgers",,,9.6750,8.9000,,A,North Carolina,30332,Hannah Nam
"Sat, Jan-22-2022","Brown, George Washington, Missouri",,,9.8250,9.8750,,H,North Carolina,30332,Hannah Nam
"Fri, Jan-28-2022","Pittsburgh, Towson",,,9.8000,9.8000,,H,North Carolina,30332,Hannah Nam
"Fri, Feb-04-2022","Alabama, Western Michigan",,,9.7750,9.7500,,A,North Carolina,30332,Hannah Nam
"Sat, Feb-12-2022",Temple,,,9.2500,9.7750,,H,North Carolina,30332,Hannah Nam
"Sat, Feb-19-2022",North Carolina State,,,9.8500,9.8250,,A,North Carolina,30332,Hannah Nam
"Thu, Feb-24-2022",West Virginia,,,9.8500,9.8250,,H,North Carolina,30332,Hannah Nam
"Sun, Mar-06-2022",LIU,,,9.7750,9.8750,,A,North Carolina,30332,Hannah Nam
"Sat, Mar-12-2022",Georgia,,,9.8750,9.8000,,A,North Carolina,30332,Hannah Nam
"Sat, Mar-19-2022","George Washington, LIU, New Hampshire, North Carolina State, Pittsburgh, Temple, Towson",,,9.8500,9.8000,,A,North Carolina,30332,Hannah Nam
"Wed, Mar-30-2022",,,,9.8250,9.7750,,A,North Carolina,30332,Hannah Nam
"Thu, Mar-31-2022",,,,9.9000,9.7750,,A,North Carolina,30332,Hannah Nam
"Fri, Jan-07-2022","Auburn, Bowling Green, North Carolina State",,9.8750,,,,H,North Carolina,31409,Isabelle Schaefer
"Sat, Jan-15-2022","New Hampshire, North Carolina State, Rutgers",,9.8000,9.3000,,,A,North Carolina,31409,Isabelle Schaefer
"Fri, Jan-28-2022","Pittsburgh, Towson",,9.7750,,,,H,North Carolina,31409,Isabelle Schaefer
"Fri, Feb-04-2022","Alabama, Western Michigan",,9.6000,,,,A,North Carolina,31409,Isabelle Schaefer
"Sat, Feb-12-2022",Temple,,9.8750,,,,H,North Carolina,31409,Isabelle Schaefer
"Sat, Feb-19-2022",North Carolina State,,9.8000,,,,A,North Carolina,31409,Isabelle Schaefer
"Thu, Feb-24-2022",West Virginia,,9.7250,,,,H,North Carolina,31409,Isabelle Schaefer
"Sun, Mar-06-2022",LIU,9.8250,9.9250,,,,A,North Carolina,31409,Isabelle Schaefer
"Sat, Mar-12-2022",Georgia,9.7750,9.8500,,,,A,North Carolina,31409,Isabelle Schaefer
"Sat, Mar-19-2022","George Washington, LIU, New Hampshire, North Carolina State, Pittsburgh, Temple, Towson",9.7500,9.8500,,,,A,North Carolina,31409,Isabelle Schaefer
"Wed, Mar-30-2022",,9.7500,9.8000,,,,A,North Carolina,31409,Isabelle Schaefer
"Thu, Mar-31-2022",,9.8250,9.8750,,,,A,North Carolina,31409,Isabelle Schaefer
"Fri, Jan-07-2022","Auburn, Bowling Green, North Carolina State",9.4500,9.6500,,,,H,North Carolina,30992,Jamie Shearer
"Sat, Jan-15-2022","New Hampshire, North Carolina State, Rutgers",,9.7000,,,,A,North Carolina,30992,Jamie Shearer
"Sat, Jan-22-2022","Brown, George Washington, Missouri",,9.7000,9.8500,,,H,North Carolina,30992,Jamie Shearer
"Fri, Jan-28-2022","Pittsburgh, Towson",,9.7250,9.0250,,,H,North Carolina,30992,Jamie Shearer
"Fri, Feb-04-2022","Alabama, Western Michigan",,9.6500,9.7000,,,A,North Carolina,30992,Jamie Shearer
"Sat, Feb-12-2022",Temple,,8.1250,9.7250,,,H,North Carolina,30992,Jamie Shearer
"Sat, Feb-19-2022",North Carolina State,,9.7000,9.8500,,,A,North Carolina,30992,Jamie Shearer
"Thu, Feb-24-2022",West Virginia,,9.7750,9.7500,,,H,North Carolina,30992,Jamie Shearer
"Sun, Mar-06-2022",LIU,,9.7500,9.8250,,,A,North Carolina,30992,Jamie Shearer
"Sat, Mar-12-2022",Georgia,,9.8000,9.6750,,,A,North Carolina,30992,Jamie Shearer
"Sat, Mar-19-2022","George Washington, LIU, New Hampshire, North Carolina State, Pittsburgh, Temple, Towson",,9.8500,9.1500,,,A,North Carolina,30992,Jamie Shearer
"Wed, Mar-30-2022",,,9.7250,9.7500,,,A,North Carolina,30992,Jamie Shearer
"Thu, Mar-31-2022",,,9.6750,9.7750,,,A,North Carolina,30992,Jamie Shearer
"Fri, Jan-07-2022","Auburn, Bowling Green, North Carolina State",9.8000,,,,,H,North Carolina,30993,Cory Shinohara
"Sat, Jan-15-2022","New Hampshire, North Carolina State, Rutgers",9.7750,,,,,A,North Carolina,30993,Cory Shinohara
"Sat, Jan-22-2022","Brown, George Washington, Missouri",9.8000,,,,,H,North Carolina,30993,Cory Shinohara
"Fri, Jan-28-2022","Pittsburgh, Towson",9.6750,,,,,H,North Carolina,30993,Cory Shinohara
"Fri, Feb-04-2022","Alabama, Western Michigan",9.7250,,,,,A,North Carolina,30993,Cory Shinohara
"Sat, Feb-12-2022",Temple,9.8750,,,,,H,North Carolina,30993,Cory Shinohara
"Sat, Feb-19-2022",North Carolina State,9.7750,,,,,A,North Carolina,30993,Cory Shinohara
"Thu, Feb-24-2022",West Virginia,9.8500,,,,,H,North Carolina,30993,Cory Shinohara
"Sun, Mar-06-2022",LIU,9.8000,,,,,A,North Carolina,30993,Cory Shinohara
"Sat, Mar-12-2022",Georgia,9.7500,,,,,A,North Carolina,30993,Cory Shinohara
"Sat, Mar-19-2022","George Washington, LIU, New Hampshire, North Carolina State, Pittsburgh, Temple, Towson",9.8250,,,,,A,North Carolina,30993,Cory Shinohara
"Wed, Mar-30-2022",,9.8000,,,,,A,North Carolina,30993,Cory Shinohara
"Thu, Mar-31-2022",,9.8000,,,,,A,North Carolina,30993,Cory Shinohara
"Sat, Jan-22-2022","Brown, George Washington, Missouri",,9.7500,,,,H,North Carolina,30335,Sophie Silverstein
"Fri, Jan-28-2022","Pittsburgh, Towson",,9.7250,,,,H,North Carolina,30335,Sophie Silverstein
"Fri, Feb-04-2022","Alabama, Western Michigan",,9.5750,,,,A,North Carolina,30335,Sophie Silverstein
"Fri, Jan-07-2022","Auburn, Bowling Green, North Carolina State",,,,9.5750,,H,North Carolina,30334,Shailyn St. Brice
"Sat, Jan-22-2022","Brown, George Washington, Missouri",,,,9.8500,,H,North Carolina,30334,Shailyn St. Brice
"Fri, Jan-28-2022","Pittsburgh, Towson",,,,9.5500,,H,North Carolina,30334,Shailyn St. Brice
"Fri, Feb-04-2022","Alabama, Western Michigan",,,,9.6750,,A,North Carolina,30334,Shailyn St. Brice
"Sat, Feb-12-2022",Temple,,,,9.6000,,H,North Carolina,30334,Shailyn St. Brice
"Sat, Feb-19-2022",North Carolina State,,,,9.6750,,A,North Carolina,30334,Shailyn St. Brice
"Thu, Feb-24-2022",West Virginia,,,,9.8250,,H,North Carolina,30334,Shailyn St. Brice
"Sun, Mar-06-2022",LIU,,,,9.8000,,A,North Carolina,30334,Shailyn St. Brice
"Sat, Mar-12-2022",Georgia,,,,9.8500,,A,North Carolina,30334,Shailyn St. Brice
"Sat, Mar-19-2022","George Washington, LIU, New Hampshire, North Carolina State, Pittsburgh, Temple, Towson",,,,9.8000,,A,North Carolina,30334,Shailyn St. Brice
"Wed, Mar-30-2022",,,,,9.7000,,A,North Carolina,30334,Shailyn St. Brice
"Thu, Mar-31-2022",,,,,9.7250,,A,North Carolina,30334,Shailyn St. Brice
"Fri, Jan-07-2022","Auburn, Bowling Green, North Carolina State",9.8250,,9.1250,,,H,North Carolina,29827,Emery Summey
"Sat, Jan-15-2022","New Hampshire, North Carolina State, Rutgers",9.7250,,9.7000,,,A,North Carolina,29827,Emery Summey
"Sat, Jan-22-2022","Brown, George Washington, Missouri",9.7250,,9.8500,,,H,North Carolina,29827,Emery Summey
"Fri, Jan-28-2022","Pittsburgh, Towson",9.7500,,9.8250,,,H,North Carolina,29827,Emery Summey
"Fri, Feb-04-2022","Alabama, Western Michigan",9.7500,,9.8000,,,A,North Carolina,29827,Emery Summey
"Sat, Feb-12-2022",Temple,9.8000,,9.7500,,,H,North Carolina,29827,Emery Summey
"Sat, Feb-19-2022",North Carolina State,9.8250,,9.8250,,,A,North Carolina,29827,Emery Summey
"Thu, Feb-24-2022",West Virginia,9.7750,,9.8250,,,H,North Carolina,29827,Emery Summey
"Sun, Mar-06-2022",LIU,9.8750,,9.7000,,,A,North Carolina,29827,Emery Summey
"Sat, Mar-12-2022",Georgia,9.7750,,9.8250,,,A,North Carolina,29827,Emery Summey
"Sat, Mar-19-2022","George Washington, LIU, New Hampshire, North Carolina State, Pittsburgh, Temple, Towson",9.7000,,9.8250,,,A,North Carolina,29827,Emery Summey
"Wed, Mar-30-2022",,9.8250,,9.7000,,,A,North Carolina,29827,Emery Summey
"Thu, Mar-31-2022",,9.8000,,9.0500,,,A,North Carolina,29827,Emery Summey
"Fri, Jan-07-2022","Auburn, Bowling Green, North Carolina State",9.8000,9.1500,,,,H,North Carolina,30330,Hallie Thompson
"Sat, Jan-15-2022","New Hampshire, North Carolina State, Rutgers",9.7500,,,9.4250,,A,North Carolina,30447,Julianna Weil
"Sat, Jan-22-2022","Brown, George Washington, Missouri",9.7750,,,,,H,North Carolina,30447,Julianna Weil
"Fri, Jan-28-2022","Pittsburgh, Towson",9.6000,,,,,H,North Carolina,30447,Julianna Weil
"Fri, Feb-04-2022","Alabama, Western Michigan",9.7750,,,,,A,North Carolina,30447,Julianna Weil
"Sat, Feb-12-2022",Temple,9.7500,,,,,H,North Carolina,30447,Julianna Weil
"Sat, Feb-19-2022",North Carolina State,9.8500,,,,,A,North Carolina,30447,Julianna Weil
"Thu, Feb-24-2022",West Virginia,9.6250,,,9.4000,,H,North Carolina,30447,Julianna Weil
"Sun, Mar-06-2022",LIU,9.5250,,,9.8250,,A,North Carolina,30447,Julianna Weil
"Sat, Mar-12-2022",Georgia,9.7250,,,9.8250,,A,North Carolina,30447,Julianna Weil
"Sat, Mar-19-2022","George Washington, LIU, New Hampshire, North Carolina State, Pittsburgh, Temple, Towson",9.7000,,,8.7750,,A,North Carolina,30447,Julianna Weil
"Wed, Mar-30-2022",,9.7000,,,9.7750,,A,North Carolina,30447,Julianna Weil
"Thu, Mar-31-2022",,9.7500,,,9.8000,,A,North Carolina,30447,Julianna Weil
"Sat, Jan-15-2022","New Hampshire, North Carolina, Rutgers",9.8000,,,,,A,North Carolina State,31689,Shruthi Anand
"Sat, Jan-22-2022",Towson,9.7500,,,,,H,North Carolina State,31689,Shruthi Anand
"Sat, Jan-29-2022","George Washington, New Hampshire, William & Mary",9.8000,,,,,H,North Carolina State,31689,Shruthi Anand
"Sun, Feb-06-2022","Alaska, Pittsburgh, West Virginia",9.7750,,,,,A,North Carolina State,31689,Shruthi Anand
"Sun, Feb-13-2022",LIU,9.8500,,,,,A,North Carolina State,31689,Shruthi Anand
"Sat, Feb-19-2022",North Carolina,9.7250,,,,,H,North Carolina State,31689,Shruthi Anand
"Fri, Feb-25-2022",Temple,9.7250,,,,,H,North Carolina State,31689,Shruthi Anand
"Sun, Feb-27-2022","George Washington, Southern Utah, Temple",9.7250,,,,,A,North Carolina State,31689,Shruthi Anand
"Fri, Mar-04-2022","Brown, Rutgers, Southern Conn.",9.6000,,,,,A,North Carolina State,31689,Shruthi Anand
"Sun, Mar-06-2022","Maryland, William & Mary, Yale",9.2500,,,,,A,North Carolina State,31689,Shruthi Anand
"Fri, Mar-11-2022","Florida, Pennsylvania, Rutgers",9.6000,,,,,H,North Carolina State,31689,Shruthi Anand
"Sat, Jan-15-2022","New Hampshire, North Carolina, Rutgers",9.7250,,9.2000,9.6500,,A,North Carolina State,30994,Madison Benson
"Sat, Jan-22-2022",Towson,9.7000,,,9.8000,,H,North Carolina State,30994,Madison Benson
"Sat, Jan-29-2022","George Washington, New Hampshire, William & Mary",9.7750,9.3750,,9.8250,,H,North Carolina State,30994,Madison Benson
"Sun, Feb-06-2022","Alaska, Pittsburgh, West Virginia",9.7500,,,9.6750,,A,North Carolina State,30994,Madison Benson
"Sun, Feb-13-2022",LIU,9.6750,,,9.7750,,A,North Carolina State,30994,Madison Benson
"Sat, Feb-19-2022",North Carolina,9.8500,9.6750,,9.8250,,H,North Carolina State,30994,Madison Benson
"Fri, Feb-25-2022",Temple,9.7750,,,9.7000,,H,North Carolina State,30994,Madison Benson
"Sun, Feb-27-2022","George Washington, Southern Utah, Temple",9.7500,,,9.7500,,A,North Carolina State,30994,Madison Benson
"Fri, Mar-04-2022","Brown, Rutgers, Southern Conn.",,,,9.1500,,A,North Carolina State,30994,Madison Benson
"Fri, Mar-04-2022","Brown, Rutgers, Southern Conn.",,9.8500,,,,A,North Carolina State,31411,Peyton Childs
"Sun, Mar-06-2022","Maryland, William & Mary, Yale",,9.8250,,,,A,North Carolina State,31411,Peyton Childs
"Sat, Mar-19-2022","George Washington, LIU, New Hampshire, North Carolina, Pittsburgh, Temple, Towson",,8.8750,,,,A,North Carolina State,31411,Peyton Childs
"Thu, Mar-31-2022",,,9.6750,,,,A,North Carolina State,31411,Peyton Childs
"Sat, Jan-15-2022","New Hampshire, North Carolina, Rutgers",9.7250,,9.7000,9.7750,,A,North Carolina State,30996,Gabrielle Diaz
"Sat, Jan-22-2022",Towson,9.7250,,9.8000,9.7750,,H,North Carolina State,30996,Gabrielle Diaz
"Sat, Jan-29-2022","George Washington, New Hampshire, William & Mary",9.7250,,8.8750,9.8250,,H,North Carolina State,30996,Gabrielle Diaz
"Sun, Feb-06-2022","Alaska, Pittsburgh, West Virginia",9.8000,,9.7500,9.8250,,A,North Carolina State,30996,Gabrielle Diaz
"Sun, Feb-13-2022",LIU,9.7500,,9.7500,9.9000,,A,North Carolina State,30996,Gabrielle Diaz
"Sat, Feb-19-2022",North Carolina,9.8250,,9.7750,9.8500,,H,North Carolina State,30996,Gabrielle Diaz
"Fri, Feb-25-2022",Temple,9.8750,,9.8250,9.8250,,H,North Carolina State,30996,Gabrielle Diaz
"Sun, Feb-27-2022","George Washington, Southern Utah, Temple",9.7000,,9.7000,9.9250,,A,North Carolina State,30996,Gabrielle Diaz
"Fri, Mar-04-2022","Brown, Rutgers, Southern Conn.",9.5750,,9.8500,9.8250,,A,North Carolina State,30996,Gabrielle Diaz
"Sun, Mar-06-2022","Maryland, William & Mary, Yale",9.8000,,9.7000,9.8000,,A,North Carolina State,30996,Gabrielle Diaz
"Fri, Mar-11-2022","Florida, Pennsylvania, Rutgers",9.7000,,9.7250,9.9000,,H,North Carolina State,30996,Gabrielle Diaz
"Sat, Mar-19-2022","George Washington, LIU, New Hampshire, North Carolina, Pittsburgh, Temple, Towson",9.5500,,9.7000,9.8250,,A,North Carolina State,30996,Gabrielle Diaz
"Thu, Mar-31-2022",,9.8250,,9.7250,9.8500,,A,North Carolina State,30996,Gabrielle Diaz
"Sat, Jan-15-2022","New Hampshire, North Carolina, Rutgers",,,9.7000,,,A,North Carolina State,30049,Kailin Foland
"Sat, Jan-22-2022",Towson,,,9.4250,,,H,North Carolina State,30049,Kailin Foland
"Sat, Jan-29-2022","George Washington, New Hampshire, William & Mary",,,9.6500,,,H,North Carolina State,30049,Kailin Foland
"Sun, Feb-06-2022","Alaska, Pittsburgh, West Virginia",,,9.7000,,,A,North Carolina State,30049,Kailin Foland
"Sun, Feb-13-2022",LIU,,,9.8000,,,A,North Carolina State,30049,Kailin Foland
"Sat, Feb-19-2022",North Carolina,,,9.8000,,,H,North Carolina State,30049,Kailin Foland
"Fri, Feb-25-2022",Temple,,,9.7250,,,H,North Carolina State,30049,Kailin Foland
"Sun, Feb-27-2022","George Washington, Southern Utah, Temple",,,9.8250,,,A,North Carolina State,30049,Kailin Foland
"Fri, Mar-04-2022","Brown, Rutgers, Southern Conn.",,,9.8750,,,A,North Carolina State,30049,Kailin Foland
"Sun, Mar-06-2022","Maryland, William & Mary, Yale",,,9.6000,,,A,North Carolina State,30049,Kailin Foland
"Fri, Mar-11-2022","Florida, Pennsylvania, Rutgers",,,9.7500,,,H,North Carolina State,30049,Kailin Foland
"Sat, Mar-19-2022","George Washington, LIU, New Hampshire, North Carolina, Pittsburgh, Temple, Towson",,,9.7750,,,A,North Carolina State,30049,Kailin Foland
"Thu, Mar-31-2022",,,,9.7250,,,A,North Carolina State,30049,Kailin Foland
"Sat, Jan-22-2022",Towson,,,9.8000,,,H,North Carolina State,31412,Macy Jennings
"Sat, Jan-29-2022","George Washington, New Hampshire, William & Mary",,,9.7500,,,H,North Carolina State,31412,Macy Jennings
"Sun, Feb-06-2022","Alaska, Pittsburgh, West Virginia",,,9.8750,,,A,North Carolina State,31412,Macy Jennings
"Sun, Feb-13-2022",LIU,,,9.8250,,,A,North Carolina State,31412,Macy Jennings
"Sat, Feb-19-2022",North Carolina,,,9.8000,,,H,North Carolina State,31412,Macy Jennings
"Fri, Feb-25-2022",Temple,,,9.8000,,,H,North Carolina State,31412,Macy Jennings
"Sun, Feb-27-2022","George Washington, Southern Utah, Temple",,,9.8750,,,A,North Carolina State,31412,Macy Jennings
"Fri, Mar-04-2022","Brown, Rutgers, Southern Conn.",,,9.7500,,,A,North Carolina State,31412,Macy Jennings
"Sun, Mar-06-2022","Maryland, William & Mary, Yale",,,9.8500,9.8000,,A,North Carolina State,31412,Macy Jennings
"Fri, Mar-11-2022","Florida, Pennsylvania, Rutgers",,,9.8500,9.6500,,H,North Carolina State,31412,Macy Jennings
"Sat, Mar-19-2022","George Washington, LIU, New Hampshire, North Carolina, Pittsburgh, Temple, Towson",,,9.7500,,,A,North Carolina State,31412,Macy Jennings
"Thu, Mar-31-2022",,,,9.8500,9.7500,,A,North Carolina State,31412,Macy Jennings
"Sat, Jan-15-2022","New Hampshire, North Carolina, Rutgers",,9.7500,,9.0500,,A,North Carolina State,30998,Carina Jordan
"Sat, Jan-22-2022",Towson,,9.8250,,9.7250,,H,North Carolina State,30998,Carina Jordan
"Sat, Jan-29-2022","George Washington, New Hampshire, William & Mary",,9.8500,,9.8750,,H,North Carolina State,30998,Carina Jordan
"Sun, Feb-06-2022","Alaska, Pittsburgh, West Virginia",,9.7750,,9.7000,,A,North Carolina State,30998,Carina Jordan
"Sun, Feb-13-2022",LIU,,9.8750,,9.3500,,A,North Carolina State,30998,Carina Jordan
"Sat, Feb-19-2022",North Carolina,,9.8000,,,,H,North Carolina State,30998,Carina Jordan
"Fri, Feb-25-2022",Temple,,9.9500,,,,H,North Carolina State,30998,Carina Jordan
"Sun, Feb-27-2022","George Washington, Southern Utah, Temple",,9.7750,,,,A,North Carolina State,30998,Carina Jordan
"Fri, Mar-11-2022","Florida, Pennsylvania, Rutgers",,9.8500,,,,H,North Carolina State,30998,Carina Jordan
"Sat, Mar-19-2022","George Washington, LIU, New Hampshire, North Carolina, Pittsburgh, Temple, Towson",,,,8.9500,,A,North Carolina State,30998,Carina Jordan
"Sat, Jan-15-2022","New Hampshire, North Carolina, Rutgers",9.1500,,,,,A,North Carolina State,29698,Gabrielle Kistner
"Sat, Jan-22-2022",Towson,9.7000,,,,,H,North Carolina State,29698,Gabrielle Kistner
"Fri, Mar-04-2022","Brown, Rutgers, Southern Conn.",9.7750,,,,,A,North Carolina State,29698,Gabrielle Kistner
"Sun, Mar-06-2022","Maryland, William & Mary, Yale",9.8250,,,,,A,North Carolina State,29698,Gabrielle Kistner
"Fri, Mar-04-2022","Brown, Rutgers, Southern Conn.",9.7750,,,,,A,North Carolina State,31413,Lucy Lehman
"Sun, Mar-06-2022","Maryland, William & Mary, Yale",9.8250,,,,,A,North Carolina State,31413,Lucy Lehman
"Fri, Mar-11-2022","Florida, Pennsylvania, Rutgers",9.6000,,,,,H,North Carolina State,31413,Lucy Lehman
"Sat, Mar-19-2022","George Washington, LIU, New Hampshire, North Carolina, Pittsburgh, Temple, Towson",9.6750,,,,,A,North Carolina State,31413,Lucy Lehman
"Thu, Mar-31-2022",,9.8000,,,,,A,North Carolina State,31413,Lucy Lehman
"Sat, Jan-15-2022","New Hampshire, North Carolina, Rutgers",,9.7000,,,,A,North Carolina State,31414,Hailey Merchant
"Sat, Jan-22-2022",Towson,,9.7750,,,,H,North Carolina State,31414,Hailey Merchant
"Sat, Jan-29-2022","George Washington, New Hampshire, William & Mary",9.8000,9.7500,,,,H,North Carolina State,31414,Hailey Merchant
"Sun, Feb-06-2022","Alaska, Pittsburgh, West Virginia",9.7250,9.1000,,9.5750,,A,North Carolina State,31414,Hailey Merchant
"Sun, Feb-13-2022",LIU,9.7500,9.8250,,,,A,North Carolina State,31414,Hailey Merchant
"Sat, Feb-19-2022",North Carolina,9.7750,,,9.7250,,H,North Carolina State,31414,Hailey Merchant
"Fri, Feb-25-2022",Temple,9.6250,9.8750,,9.8000,,H,North Carolina State,31414,Hailey Merchant
"Sun, Feb-27-2022","George Washington, Southern Utah, Temple",9.7250,9.7750,,9.6750,,A,North Carolina State,31414,Hailey Merchant
"Fri, Mar-04-2022","Brown, Rutgers, Southern Conn.",,9.5250,,9.7250,,A,North Carolina State,31414,Hailey Merchant
"Sun, Mar-06-2022","Maryland, William & Mary, Yale",,9.8750,,9.8500,,A,North Carolina State,31414,Hailey Merchant
"Fri, Mar-11-2022","Florida, Pennsylvania, Rutgers",,9.7750,,9.8250,,H,North Carolina State,31414,Hailey Merchant
"Sat, Mar-19-2022","George Washington, LIU, New Hampshire, North Carolina, Pittsburgh, Temple, Towson",9.7250,9.7250,,9.8250,,A,North Carolina State,31414,Hailey Merchant
"Thu, Mar-31-2022",,9.8000,9.4750,,9.8000,,A,North Carolina State,31414,Hailey Merchant
"Sat, Jan-15-2022","New Hampshire, North Carolina, Rutgers",9.7750,9.7750,9.7250,,,A,North Carolina State,30471,Alexis Ortega
"Sat, Jan-22-2022",Towson,9.7250,9.7250,9.9000,,,H,North Carolina State,30471,Alexis Ortega
"Sat, Jan-29-2022","George Washington, New Hampshire, William & Mary",9.8250,9.1750,9.6500,,,H,North Carolina State,30471,Alexis Ortega
"Sun, Feb-06-2022","Alaska, Pittsburgh, West Virginia",9.7250,9.1000,9.7750,,,A,North Carolina State,30471,Alexis Ortega
"Sun, Feb-13-2022",LIU,9.8500,9.8750,9.8750,,,A,North Carolina State,30471,Alexis Ortega
"Sat, Feb-19-2022",North Carolina,9.7750,9.0750,9.8750,,,H,North Carolina State,30471,Alexis Ortega
"Fri, Feb-25-2022",Temple,9.7500,9.8250,9.8750,,,H,North Carolina State,30471,Alexis Ortega
"Sun, Feb-27-2022","George Washington, Southern Utah, Temple",9.7500,9.8250,9.7000,,,A,North Carolina State,30471,Alexis Ortega
"Fri, Mar-04-2022","Brown, Rutgers, Southern Conn.",9.6750,9.8000,9.0000,,,A,North Carolina State,30471,Alexis Ortega
"Sun, Mar-06-2022","Maryland, William & Mary, Yale",9.8250,9.8500,9.9000,,,A,North Carolina State,30471,Alexis Ortega
"Fri, Mar-11-2022","Florida, Pennsylvania, Rutgers",9.7000,9.8000,9.8250,,,H,North Carolina State,30471,Alexis Ortega
"Sat, Mar-19-2022","George Washington, LIU, New Hampshire, North Carolina, Pittsburgh, Temple, Towson",9.8000,9.1000,9.8750,,,A,North Carolina State,30471,Alexis Ortega
"Thu, Mar-31-2022",,9.7250,9.7000,8.8750,,,A,North Carolina State,30471,Alexis Ortega
"Sat, Jan-15-2022","New Hampshire, North Carolina, Rutgers",,9.6500,,,,A,North Carolina State,30050,Meredith Robinson
"Sat, Jan-22-2022",Towson,,9.8000,,,,H,North Carolina State,30050,Meredith Robinson
"Sun, Feb-06-2022","Alaska, Pittsburgh, West Virginia",,9.8000,,,,A,North Carolina State,30050,Meredith Robinson
"Sun, Feb-13-2022",LIU,,9.7750,,,,A,North Carolina State,30050,Meredith Robinson
"Sat, Feb-19-2022",North Carolina,,9.7250,,,,H,North Carolina State,30050,Meredith Robinson
"Fri, Feb-25-2022",Temple,,9.7500,,,,H,North Carolina State,30050,Meredith Robinson
"Sun, Feb-27-2022","George Washington, Southern Utah, Temple",,9.8500,,,,A,North Carolina State,30050,Meredith Robinson
"Fri, Mar-04-2022","Brown, Rutgers, Southern Conn.",,9.7500,,,,A,North Carolina State,30050,Meredith Robinson
"Sun, Mar-06-2022","Maryland, William & Mary, Yale",,9.8250,,,,A,North Carolina State,30050,Meredith Robinson
"Fri, Mar-11-2022","Florida, Pennsylvania, Rutgers",,9.7500,,,,H,North Carolina State,30050,Meredith Robinson
"Sat, Mar-19-2022","George Washington, LIU, New Hampshire, North Carolina, Pittsburgh, Temple, Towson",,9.9000,,,,A,North Carolina State,30050,Meredith Robinson
"Thu, Mar-31-2022",,,9.7750,,,,A,North Carolina State,30050,Meredith Robinson
"Sat, Jan-15-2022","New Hampshire, North Carolina, Rutgers",9.7750,9.8000,,9.7000,,A,North Carolina State,31415,Lauren Rutherford
"Sat, Jan-22-2022",Towson,9.6750,9.7750,,9.8500,,H,North Carolina State,31415,Lauren Rutherford
"Sat, Jan-29-2022","George Washington, New Hampshire, William & Mary",9.7750,9.5750,,9.8500,,H,North Carolina State,31415,Lauren Rutherford
"Sun, Feb-06-2022","Alaska, Pittsburgh, West Virginia",9.8250,9.1250,,9.7500,,A,North Carolina State,31415,Lauren Rutherford
"Sun, Feb-13-2022",LIU,9.7750,9.8500,,9.8250,,A,North Carolina State,31415,Lauren Rutherford
"Sat, Feb-19-2022",North Carolina,9.8250,9.8750,,9.8750,,H,North Carolina State,31415,Lauren Rutherford
"Fri, Feb-25-2022",Temple,9.7750,9.9250,,9.7750,,H,North Carolina State,31415,Lauren Rutherford
"Sun, Feb-27-2022","George Washington, Southern Utah, Temple",9.7750,9.8250,,9.8500,,A,North Carolina State,31415,Lauren Rutherford
"Fri, Mar-04-2022","Brown, Rutgers, Southern Conn.",9.7750,9.7750,,9.8750,,A,North Carolina State,31415,Lauren Rutherford
"Sun, Mar-06-2022","Maryland, William & Mary, Yale",9.8250,9.8750,,9.9000,,A,North Carolina State,31415,Lauren Rutherford
"Fri, Mar-11-2022","Florida, Pennsylvania, Rutgers",9.7500,9.7750,,9.9000,,H,North Carolina State,31415,Lauren Rutherford
"Sat, Mar-19-2022","George Washington, LIU, New Hampshire, North Carolina, Pittsburgh, Temple, Towson",9.8500,9.8250,,9.8750,,A,North Carolina State,31415,Lauren Rutherford
"Thu, Mar-31-2022",,9.8000,9.8500,,9.8250,,A,North Carolina State,31415,Lauren Rutherford
"Sat, Jan-15-2022","New Hampshire, North Carolina, Rutgers",,9.8250,9.8750,9.7750,,A,North Carolina State,30472,Emily Shepard
"Sat, Jan-22-2022",Towson,,9.4500,9.8750,9.7250,,H,North Carolina State,30472,Emily Shepard
"Sat, Jan-29-2022","George Washington, New Hampshire, William & Mary",,9.7500,9.8750,9.9000,,H,North Carolina State,30472,Emily Shepard
"Sun, Feb-06-2022","Alaska, Pittsburgh, West Virginia",,9.8750,9.9000,9.8750,,A,North Carolina State,30472,Emily Shepard
"Sun, Feb-13-2022",LIU,,9.8750,9.8250,9.9000,,A,North Carolina State,30472,Emily Shepard
"Sat, Feb-19-2022",North Carolina,,9.8250,9.8750,9.8750,,H,North Carolina State,30472,Emily Shepard
"Fri, Feb-25-2022",Temple,,9.8750,9.8500,9.9000,,H,North Carolina State,30472,Emily Shepard
"Sun, Feb-27-2022","George Washington, Southern Utah, Temple",,9.8000,9.8500,9.8500,,A,North Carolina State,30472,Emily Shepard
"Fri, Mar-04-2022","Brown, Rutgers, Southern Conn.",,9.8000,9.9250,9.6500,,A,North Carolina State,30472,Emily Shepard
"Sun, Mar-06-2022","Maryland, William & Mary, Yale",,9.6750,9.9000,9.9250,,A,North Carolina State,30472,Emily Shepard
"Fri, Mar-11-2022","Florida, Pennsylvania, Rutgers",9.8250,9.5000,9.9000,9.7750,39.0000,H,North Carolina State,30472,Emily Shepard
"Sat, Mar-19-2022","George Washington, LIU, New Hampshire, North Carolina, Pittsburgh, Temple, Towson",9.8250,9.8750,9.9250,9.8750,39.5000,A,North Carolina State,30472,Emily Shepard
"Thu, Mar-31-2022",,9.8000,9.8250,9.8750,9.6750,39.1750,A,North Carolina State,30472,Emily Shepard
"Sat, Jan-15-2022","New Hampshire, North Carolina, Rutgers",,,9.7500,9.8250,,A,North Carolina State,25084,Nicole Webb
"Sat, Jan-22-2022",Towson,,,9.8250,9.7500,,H,North Carolina State,25084,Nicole Webb
"Sat, Jan-29-2022","George Washington, New Hampshire, William & Mary",,,9.7750,9.8000,,H,North Carolina State,25084,Nicole Webb
"Sun, Feb-06-2022","Alaska, Pittsburgh, West Virginia",,,9.8750,,,A,North Carolina State,25084,Nicole Webb
"Sun, Feb-13-2022",LIU,,,9.8750,9.8500,,A,North Carolina State,25084,Nicole Webb
"Sat, Feb-19-2022",North Carolina,,,9.8250,9.8000,,H,North Carolina State,25084,Nicole Webb
"Fri, Feb-25-2022",Temple,,,9.9000,9.0000,,H,North Carolina State,25084,Nicole Webb
"Sun, Feb-27-2022","George Washington, Southern Utah, Temple",,,9.8250,9.7750,,A,North Carolina State,25084,Nicole Webb
"Fri, Mar-04-2022","Brown, Rutgers, Southern Conn.",,,9.9000,9.7500,,A,North Carolina State,25084,Nicole Webb
"Sun, Mar-06-2022","Maryland, William & Mary, Yale",,,9.9000,9.8500,,A,North Carolina State,25084,Nicole Webb
"Fri, Mar-11-2022","Florida, Pennsylvania, Rutgers",,,9.8500,9.8500,,H,North Carolina State,25084,Nicole Webb
"Sat, Mar-19-2022","George Washington, LIU, New Hampshire, North Carolina, Pittsburgh, Temple, Towson",,,9.8000,9.8000,,A,North Carolina State,25084,Nicole Webb
"Thu, Mar-31-2022",,,,9.7750,9.6250,,A,North Carolina State,25084,Nicole Webb
"Fri, Jan-07-2022","Florida, Rutgers, Texas Woman's",,9.7500,9.8250,,,A,Northern Illinois,30999,Alyssa Al-Ashari
"Sun, Jan-16-2022","Illinois, Kent State, S.E. Missouri",,9.7750,9.7750,,,A,Northern Illinois,30999,Alyssa Al-Ashari
"Fri, Jan-21-2022","Lindenwood, S.E. Missouri",,9.7500,9.2750,,,A,Northern Illinois,30999,Alyssa Al-Ashari
"Fri, Feb-04-2022","Lindenwood, S.E. Missouri, UW-Whitewater",,9.8250,9.9000,,,H,Northern Illinois,30999,Alyssa Al-Ashari
"Fri, Feb-11-2022",Illinois State,,9.7750,,,,A,Northern Illinois,30999,Alyssa Al-Ashari
"Sun, Feb-13-2022",Illinois State,,9.8000,9.9250,,,H,Northern Illinois,30999,Alyssa Al-Ashari
"Sun, Feb-20-2022","Central Michigan, Iowa State, Western Michigan",,9.7250,9.0750,,,H,Northern Illinois,30999,Alyssa Al-Ashari
"Fri, Feb-25-2022",Ball State,,9.7250,9.8000,,,H,Northern Illinois,30999,Alyssa Al-Ashari
"Fri, Mar-04-2022","Boise State, Central Michigan, Illinois",,9.7750,9.1250,,,A,Northern Illinois,30999,Alyssa Al-Ashari
"Sun, Mar-13-2022",Eastern Michigan,,9.7000,9.8500,,,A,Northern Illinois,30999,Alyssa Al-Ashari
"Sat, Mar-19-2022","Ball State, Bowling Green, Central Michigan, Eastern Michigan, Kent State, Western Michigan",,9.8750,9.8500,,,A,Northern Illinois,30999,Alyssa Al-Ashari
"Fri, Jan-07-2022","Florida, Rutgers, Texas Woman's",,,,9.8750,,A,Northern Illinois,31417,Alana Anderson
"Sun, Jan-16-2022","Illinois, Kent State, S.E. Missouri",,,,9.8000,,A,Northern Illinois,31417,Alana Anderson
"Fri, Jan-21-2022","Lindenwood, S.E. Missouri",,,,9.8750,,A,Northern Illinois,31417,Alana Anderson
"Sun, Jan-30-2022",Bowling Green,,9.8000,,9.8000,,A,Northern Illinois,31417,Alana Anderson
"Fri, Feb-04-2022","Lindenwood, S.E. Missouri, UW-Whitewater",,9.9000,,9.8750,,H,Northern Illinois,31417,Alana Anderson
"Fri, Feb-11-2022",Illinois State,,9.7250,,9.8500,,A,Northern Illinois,31417,Alana Anderson
"Sun, Feb-13-2022",Illinois State,,9.7750,,9.8750,,H,Northern Illinois,31417,Alana Anderson
"Sun, Feb-20-2022","Central Michigan, Iowa State, Western Michigan",,9.2000,,9.9000,,H,Northern Illinois,31417,Alana Anderson
"Fri, Feb-25-2022",Ball State,,8.0000,,9.6500,,H,Northern Illinois,31417,Alana Anderson
"Fri, Mar-04-2022","Boise State, Central Michigan, Illinois",,,,9.6750,,A,Northern Illinois,31417,Alana Anderson
"Sun, Mar-13-2022",Eastern Michigan,,,,9.8500,,A,Northern Illinois,31417,Alana Anderson
"Sun, Jan-30-2022",Bowling Green,,,9.7000,,,A,Northern Illinois,31419,Emma Brkljacic
"Fri, Feb-11-2022",Illinois State,,,8.9250,,,A,Northern Illinois,31419,Emma Brkljacic
"Fri, Jan-07-2022","Florida, Rutgers, Texas Woman's",,,9.5500,,,A,Northern Illinois,31000,Kendall George
"Sun, Jan-16-2022","Illinois, Kent State, S.E. Missouri",,,9.6750,,,A,Northern Illinois,31000,Kendall George
"Fri, Jan-21-2022","Lindenwood, S.E. Missouri",,,9.1500,,,A,Northern Illinois,31000,Kendall George
"Sun, Jan-30-2022",Bowling Green,,,9.7250,,,A,Northern Illinois,31000,Kendall George
"Fri, Feb-04-2022","Lindenwood, S.E. Missouri, UW-Whitewater",,,9.8000,,,H,Northern Illinois,31000,Kendall George
"Fri, Feb-11-2022",Illinois State,,,9.5500,,,A,Northern Illinois,31000,Kendall George
"Sun, Feb-13-2022",Illinois State,,,9.6500,,,H,Northern Illinois,31000,Kendall George
"Sun, Feb-20-2022","Central Michigan, Iowa State, Western Michigan",,,9.7500,,,H,Northern Illinois,31000,Kendall George
"Fri, Feb-25-2022",Ball State,,,9.5000,,,H,Northern Illinois,31000,Kendall George
"Fri, Mar-04-2022","Boise State, Central Michigan, Illinois",,,9.6500,,,A,Northern Illinois,31000,Kendall George
"Sun, Mar-13-2022",Eastern Michigan,,,9.8000,,,A,Northern Illinois,31000,Kendall George
"Sat, Mar-19-2022","Ball State, Bowling Green, Central Michigan, Eastern Michigan, Kent State, Western Michigan",,,9.7750,,,A,Northern Illinois,31000,Kendall George
"Fri, Jan-07-2022","Florida, Rutgers, Texas Woman's",,9.8500,,,,A,Northern Illinois,30475,Natalie Hamp
"Sun, Jan-16-2022","Illinois, Kent State, S.E. Missouri",,9.8000,,,,A,Northern Illinois,30475,Natalie Hamp
"Fri, Jan-21-2022","Lindenwood, S.E. Missouri",,8.8500,,,,A,Northern Illinois,30475,Natalie Hamp
"Fri, Feb-04-2022","Lindenwood, S.E. Missouri, UW-Whitewater",,9.9250,,,,H,Northern Illinois,30475,Natalie Hamp
"Fri, Feb-11-2022",Illinois State,,9.8250,,,,A,Northern Illinois,30475,Natalie Hamp
"Sun, Feb-13-2022",Illinois State,,9.8500,,,,H,Northern Illinois,30475,Natalie Hamp
"Sun, Feb-20-2022","Central Michigan, Iowa State, Western Michigan",,9.9000,,,,H,Northern Illinois,30475,Natalie Hamp
"Fri, Feb-25-2022",Ball State,,9.8000,,,,H,Northern Illinois,30475,Natalie Hamp
"Fri, Mar-04-2022","Boise State, Central Michigan, Illinois",,9.8750,,,,A,Northern Illinois,30475,Natalie Hamp
"Sun, Mar-13-2022",Eastern Michigan,,9.9000,,,,A,Northern Illinois,30475,Natalie Hamp
"Sat, Mar-19-2022","Ball State, Bowling Green, Central Michigan, Eastern Michigan, Kent State, Western Michigan",,9.9000,,,,A,Northern Illinois,30475,Natalie Hamp
"Thu, Mar-31-2022",,,9.8750,,,,A,Northern Illinois,30475,Natalie Hamp
"Fri, Jan-07-2022","Florida, Rutgers, Texas Woman's",,9.5500,9.8250,,,A,Northern Illinois,30199,Morgan Hooper
"Sun, Jan-16-2022","Illinois, Kent State, S.E. Missouri",9.7750,9.7000,9.8000,,,A,Northern Illinois,30199,Morgan Hooper
"Fri, Jan-21-2022","Lindenwood, S.E. Missouri",9.7250,9.7500,9.7750,9.0500,38.3000,A,Northern Illinois,30199,Morgan Hooper
"Sun, Jan-30-2022",Bowling Green,9.6250,9.7000,9.8250,9.8000,38.9500,A,Northern Illinois,30199,Morgan Hooper
"Fri, Feb-04-2022","Lindenwood, S.E. Missouri, UW-Whitewater",9.7000,9.0000,9.8250,9.8750,38.4000,H,Northern Illinois,30199,Morgan Hooper
"Fri, Feb-11-2022",Illinois State,8.8250,9.6500,9.8750,9.7250,38.0750,A,Northern Illinois,30199,Morgan Hooper
"Sun, Feb-13-2022",Illinois State,9.5500,9.7000,9.9000,9.8500,39.0000,H,Northern Illinois,30199,Morgan Hooper
"Sun, Feb-20-2022","Central Michigan, Iowa State, Western Michigan",9.6000,9.8250,9.7500,9.8750,39.0500,H,Northern Illinois,30199,Morgan Hooper
"Fri, Feb-25-2022",Ball State,9.6750,9.6750,9.8500,9.6500,38.8500,H,Northern Illinois,30199,Morgan Hooper
"Fri, Mar-04-2022","Boise State, Central Michigan, Illinois",9.7250,9.7000,9.8000,9.7500,38.9750,A,Northern Illinois,30199,Morgan Hooper
"Sun, Mar-13-2022",Eastern Michigan,9.6500,9.7750,9.7750,9.8000,39.0000,A,Northern Illinois,30199,Morgan Hooper
"Sat, Mar-19-2022","Ball State, Bowling Green, Central Michigan, Eastern Michigan, Kent State, Western Michigan",9.7000,9.7000,9.2000,9.7750,38.3750,A,Northern Illinois,30199,Morgan Hooper
"Fri, Jan-07-2022","Florida, Rutgers, Texas Woman's",9.8250,9.7250,9.5750,9.9250,39.0500,A,Northern Illinois,30200,Tara Kofmehl
"Sun, Jan-16-2022","Illinois, Kent State, S.E. Missouri",9.7750,9.0750,9.7500,9.8500,38.4500,A,Northern Illinois,30200,Tara Kofmehl
"Fri, Jan-21-2022","Lindenwood, S.E. Missouri",9.5000,9.5500,9.8000,9.9000,38.7500,A,Northern Illinois,30200,Tara Kofmehl
"Sun, Jan-30-2022",Bowling Green,,,9.7250,9.8500,,A,Northern Illinois,30200,Tara Kofmehl
"Fri, Feb-04-2022","Lindenwood, S.E. Missouri, UW-Whitewater",9.6750,,9.7000,9.9250,,H,Northern Illinois,30200,Tara Kofmehl
"Fri, Feb-11-2022",Illinois State,,,9.7000,9.8500,,A,Northern Illinois,30200,Tara Kofmehl
"Sun, Feb-13-2022",Illinois State,,,9.7250,9.8750,,H,Northern Illinois,30200,Tara Kofmehl
"Sun, Feb-20-2022","Central Michigan, Iowa State, Western Michigan",,,9.4250,9.8500,,H,Northern Illinois,30200,Tara Kofmehl
"Fri, Feb-25-2022",Ball State,,,9.6250,9.8750,,H,Northern Illinois,30200,Tara Kofmehl
"Fri, Mar-04-2022","Boise State, Central Michigan, Illinois",,,9.5750,9.9250,,A,Northern Illinois,30200,Tara Kofmehl
"Sun, Mar-13-2022",Eastern Michigan,,,9.2500,9.9250,,A,Northern Illinois,30200,Tara Kofmehl
"Sat, Mar-19-2022","Ball State, Bowling Green, Central Michigan, Eastern Michigan, Kent State, Western Michigan",,,9.7750,9.9500,,A,Northern Illinois,30200,Tara Kofmehl
"Thu, Mar-31-2022",,,,,9.8250,,A,Northern Illinois,30200,Tara Kofmehl
"Sun, Jan-30-2022",Bowling Green,9.5500,,,,,A,Northern Illinois,31002,Olivia Lynd
"Fri, Feb-11-2022",Illinois State,9.5500,,,9.7000,,A,Northern Illinois,31002,Olivia Lynd
"Sun, Feb-13-2022",Illinois State,,,,9.7750,,H,Northern Illinois,31002,Olivia Lynd
"Fri, Jan-07-2022","Florida, Rutgers, Texas Woman's",,,,9.8250,,A,Northern Illinois,30201,Kelsey Martz
"Sun, Jan-16-2022","Illinois, Kent State, S.E. Missouri",,,,9.6500,,A,Northern Illinois,30201,Kelsey Martz
"Fri, Jan-21-2022","Lindenwood, S.E. Missouri",,,,9.0000,,A,Northern Illinois,30201,Kelsey Martz
"Sun, Jan-30-2022",Bowling Green,,8.9000,,,,A,Northern Illinois,30201,Kelsey Martz
"Sat, Mar-19-2022","Ball State, Bowling Green, Central Michigan, Eastern Michigan, Kent State, Western Michigan",,,,9.6000,,A,Northern Illinois,30201,Kelsey Martz
"Fri, Jan-07-2022","Florida, Rutgers, Texas Woman's",9.7500,,,9.8000,,A,Northern Illinois,31420,Emmalise Nock
"Sun, Jan-16-2022","Illinois, Kent State, S.E. Missouri",9.3250,,,9.8000,,A,Northern Illinois,31420,Emmalise Nock
"Fri, Jan-21-2022","Lindenwood, S.E. Missouri",9.9000,,,9.8750,,A,Northern Illinois,31420,Emmalise Nock
"Sun, Jan-30-2022",Bowling Green,9.7750,9.5750,,9.9250,,A,Northern Illinois,31420,Emmalise Nock
"Fri, Feb-04-2022","Lindenwood, S.E. Missouri, UW-Whitewater",9.7750,,,9.8750,,H,Northern Illinois,31420,Emmalise Nock
"Fri, Feb-11-2022",Illinois State,9.1750,,,9.7500,,A,Northern Illinois,31420,Emmalise Nock
"Sun, Feb-13-2022",Illinois State,9.7500,,,9.8500,,H,Northern Illinois,31420,Emmalise Nock
"Fri, Jan-07-2022","Florida, Rutgers, Texas Woman's",,9.6500,,,,A,Northern Illinois,30202,Liana Roman
"Sun, Jan-16-2022","Illinois, Kent State, S.E. Missouri",,9.2000,,,,A,Northern Illinois,30202,Liana Roman
"Fri, Jan-21-2022","Lindenwood, S.E. Missouri",,9.6750,,,,A,Northern Illinois,30202,Liana Roman
"Sun, Jan-30-2022",Bowling Green,,9.6500,,,,A,Northern Illinois,30202,Liana Roman
"Fri, Feb-04-2022","Lindenwood, S.E. Missouri, UW-Whitewater",,9.8000,,,,H,Northern Illinois,30202,Liana Roman
"Fri, Feb-11-2022",Illinois State,,9.6750,,,,A,Northern Illinois,30202,Liana Roman
"Sun, Feb-13-2022",Illinois State,,9.8000,,,,H,Northern Illinois,30202,Liana Roman
"Sun, Feb-20-2022","Central Michigan, Iowa State, Western Michigan",,9.7000,,,,H,Northern Illinois,30202,Liana Roman
"Fri, Feb-25-2022",Ball State,,8.9000,,,,H,Northern Illinois,30202,Liana Roman
"Fri, Mar-04-2022","Boise State, Central Michigan, Illinois",,9.7250,,,,A,Northern Illinois,30202,Liana Roman
"Sun, Mar-13-2022",Eastern Michigan,,9.7500,,,,A,Northern Illinois,30202,Liana Roman
"Sat, Mar-19-2022","Ball State, Bowling Green, Central Michigan, Eastern Michigan, Kent State, Western Michigan",,9.8500,,,,A,Northern Illinois,30202,Liana Roman
"Fri, Jan-07-2022","Florida, Rutgers, Texas Woman's",9.7750,,,,,A,Northern Illinois,30476,Ciara Ryan
"Sun, Jan-16-2022","Illinois, Kent State, S.E. Missouri",9.6750,,,,,A,Northern Illinois,30476,Ciara Ryan
"Fri, Jan-21-2022","Lindenwood, S.E. Missouri",9.6750,,,,,A,Northern Illinois,30476,Ciara Ryan
"Sun, Jan-30-2022",Bowling Green,9.6250,,,,,A,Northern Illinois,30476,Ciara Ryan
"Fri, Feb-04-2022","Lindenwood, S.E. Missouri, UW-Whitewater",9.6000,,,,,H,Northern Illinois,30476,Ciara Ryan
"Fri, Feb-11-2022",Illinois State,9.7250,,,,,A,Northern Illinois,30476,Ciara Ryan
"Sun, Feb-13-2022",Illinois State,9.5000,,,,,H,Northern Illinois,30476,Ciara Ryan
"Sun, Feb-20-2022","Central Michigan, Iowa State, Western Michigan",9.6000,,,,,H,Northern Illinois,30476,Ciara Ryan
"Fri, Feb-25-2022",Ball State,9.7000,,,,,H,Northern Illinois,30476,Ciara Ryan
"Fri, Mar-04-2022","Boise State, Central Michigan, Illinois",9.6500,,,,,A,Northern Illinois,30476,Ciara Ryan
"Sun, Mar-13-2022",Eastern Michigan,9.5000,,,,,A,Northern Illinois,30476,Ciara Ryan
"Sat, Mar-19-2022","Ball State, Bowling Green, Central Michigan, Eastern Michigan, Kent State, Western Michigan",9.7250,,,,,A,Northern Illinois,30476,Ciara Ryan
"Sun, Jan-16-2022","Illinois, Kent State, S.E. Missouri",,9.8250,9.7000,,,A,Northern Illinois,30477,Brookelyn Sears
"Fri, Jan-21-2022","Lindenwood, S.E. Missouri",9.8250,9.7750,9.8000,,,A,Northern Illinois,30477,Brookelyn Sears
"Sun, Jan-30-2022",Bowling Green,9.7000,9.8000,9.7000,9.8750,39.0750,A,Northern Illinois,30477,Brookelyn Sears
"Fri, Feb-04-2022","Lindenwood, S.E. Missouri, UW-Whitewater",9.6750,9.8750,9.7750,9.8000,39.1250,H,Northern Illinois,30477,Brookelyn Sears
"Fri, Feb-11-2022",Illinois State,,9.8000,9.8750,,,A,Northern Illinois,30477,Brookelyn Sears
"Sun, Feb-13-2022",Illinois State,9.7500,9.8750,9.1750,,,H,Northern Illinois,30477,Brookelyn Sears
"Sun, Feb-20-2022","Central Michigan, Iowa State, Western Michigan",9.8000,9.9000,9.8500,9.8250,39.3750,H,Northern Illinois,30477,Brookelyn Sears
"Fri, Feb-25-2022",Ball State,9.7250,9.7750,9.1000,9.7500,38.3500,H,Northern Illinois,30477,Brookelyn Sears
"Fri, Mar-04-2022","Boise State, Central Michigan, Illinois",9.7750,9.8500,8.8250,9.8250,38.2750,A,Northern Illinois,30477,Brookelyn Sears
"Sun, Mar-13-2022",Eastern Michigan,9.8250,9.8500,9.8250,9.8500,39.3500,A,Northern Illinois,30477,Brookelyn Sears
"Sat, Mar-19-2022","Ball State, Bowling Green, Central Michigan, Eastern Michigan, Kent State, Western Michigan",9.7500,9.7750,9.8000,9.8500,39.1750,A,Northern Illinois,30477,Brookelyn Sears
"Fri, Jan-07-2022","Florida, Rutgers, Texas Woman's",9.7000,9.4500,9.1750,9.8000,38.1250,A,Northern Illinois,31421,Isabella Sissi
"Sun, Jan-16-2022","Illinois, Kent State, S.E. Missouri",9.7750,,9.1500,9.6750,,A,Northern Illinois,31421,Isabella Sissi
"Fri, Feb-11-2022",Illinois State,9.7250,,,,,A,Northern Illinois,31421,Isabella Sissi
"Sun, Feb-13-2022",Illinois State,9.7000,,,,,H,Northern Illinois,31421,Isabella Sissi
"Sun, Feb-20-2022","Central Michigan, Iowa State, Western Michigan",9.6750,,,9.8250,,H,Northern Illinois,31421,Isabella Sissi
"Fri, Feb-25-2022",Ball State,9.7750,,,9.8250,,H,Northern Illinois,31421,Isabella Sissi
"Fri, Mar-04-2022","Boise State, Central Michigan, Illinois",9.6750,8.9250,,9.7500,,A,Northern Illinois,31421,Isabella Sissi
"Sun, Mar-13-2022",Eastern Michigan,9.8000,9.7750,,9.8250,,A,Northern Illinois,31421,Isabella Sissi
"Sat, Mar-19-2022","Ball State, Bowling Green, Central Michigan, Eastern Michigan, Kent State, Western Michigan",9.8000,9.8000,,9.8500,,A,Northern Illinois,31421,Isabella Sissi
"Fri, Jan-07-2022","Florida, Rutgers, Texas Woman's",9.7500,,,9.6250,,A,Northern Illinois,29683,Gabby Welch
"Sun, Jan-16-2022","Illinois, Kent State, S.E. Missouri",9.3750,,,9.6500,,A,Northern Illinois,29683,Gabby Welch
"Fri, Jan-21-2022","Lindenwood, S.E. Missouri",9.8250,,,9.7250,,A,Northern Illinois,29683,Gabby Welch
"Sun, Jan-30-2022",Bowling Green,9.8000,,,9.8000,,A,Northern Illinois,29683,Gabby Welch
"Fri, Feb-04-2022","Lindenwood, S.E. Missouri, UW-Whitewater",9.8000,,,9.8000,,H,Northern Illinois,29683,Gabby Welch
"Fri, Feb-11-2022",Illinois State,9.7500,,,9.7250,,A,Northern Illinois,29683,Gabby Welch
"Sun, Feb-13-2022",Illinois State,9.7750,,,9.8250,,H,Northern Illinois,29683,Gabby Welch
"Sun, Feb-20-2022","Central Michigan, Iowa State, Western Michigan",9.8000,,,8.9500,,H,Northern Illinois,29683,Gabby Welch
"Fri, Feb-25-2022",Ball State,9.8250,,,9.7250,,H,Northern Illinois,29683,Gabby Welch
"Fri, Mar-04-2022","Boise State, Central Michigan, Illinois",9.6750,,,9.7250,,A,Northern Illinois,29683,Gabby Welch
"Sun, Mar-13-2022",Eastern Michigan,9.8500,,,9.6000,,A,Northern Illinois,29683,Gabby Welch
"Sat, Mar-19-2022","Ball State, Bowling Green, Central Michigan, Eastern Michigan, Kent State, Western Michigan",9.7500,,,9.7250,,A,Northern Illinois,29683,Gabby Welch
"Fri, Jan-07-2022","Florida, Rutgers, Texas Woman's",,,9.2250,,,A,Northern Illinois,31422,Ellery Werner
"Fri, Jan-21-2022","Lindenwood, S.E. Missouri",,,9.7000,,,A,Northern Illinois,31422,Ellery Werner
"Sun, Jan-30-2022",Bowling Green,,,9.8000,,,A,Northern Illinois,31422,Ellery Werner
"Fri, Feb-04-2022","Lindenwood, S.E. Missouri, UW-Whitewater",,,9.6000,,,H,Northern Illinois,31422,Ellery Werner
"Fri, Feb-11-2022",Illinois State,,,9.1500,,,A,Northern Illinois,31422,Ellery Werner
"Sun, Feb-13-2022",Illinois State,,,9.8500,,,H,Northern Illinois,31422,Ellery Werner
"Sun, Feb-20-2022","Central Michigan, Iowa State, Western Michigan",,,9.8250,,,H,Northern Illinois,31422,Ellery Werner
"Fri, Feb-25-2022",Ball State,,,9.8000,,,H,Northern Illinois,31422,Ellery Werner
"Fri, Mar-04-2022","Boise State, Central Michigan, Illinois",,,9.8500,,,A,Northern Illinois,31422,Ellery Werner
"Sun, Mar-13-2022",Eastern Michigan,,,9.8750,,,A,Northern Illinois,31422,Ellery Werner
"Sat, Mar-19-2022","Ball State, Bowling Green, Central Michigan, Eastern Michigan, Kent State, Western Michigan",,,9.8500,,,A,Northern Illinois,31422,Ellery Werner
"Fri, Jan-07-2022","Florida, Rutgers, Texas Woman's",9.6750,,,,,A,Northern Illinois,31003,Isabelle West
"Sun, Feb-20-2022","Central Michigan, Iowa State, Western Michigan",9.7000,,,,,H,Northern Illinois,31003,Isabelle West
"Fri, Feb-25-2022",Ball State,9.7500,,,,,H,Northern Illinois,31003,Isabelle West
"Fri, Mar-04-2022","Boise State, Central Michigan, Illinois",9.7250,,,,,A,Northern Illinois,31003,Isabelle West
"Sun, Mar-13-2022",Eastern Michigan,9.8000,,,,,A,Northern Illinois,31003,Isabelle West
"Sat, Mar-19-2022","Ball State, Bowling Green, Central Michigan, Eastern Michigan, Kent State, Western Michigan",9.7000,,,,,A,Northern Illinois,31003,Isabelle West
"Sat, Jan-15-2022",Denver,,9.8500,9.8000,,,H,Ohio State,31423,Stephanie Berger
"Sat, Jan-22-2022",Penn State,,9.8500,9.8500,,,H,Ohio State,31423,Stephanie Berger
"Sun, Jan-30-2022",Rutgers,,9.8250,9.8750,,,H,Ohio State,31423,Stephanie Berger
"Mon, Feb-07-2022",Nebraska,,9.8500,9.8750,,,A,Ohio State,31423,Stephanie Berger
"Sat, Feb-12-2022",Minnesota,,9.7750,9.7750,,,A,Ohio State,31423,Stephanie Berger
"Fri, Feb-18-2022","Maryland, Nebraska, Penn State, Rutgers",,9.8000,9.8500,,,A,Ohio State,31423,Stephanie Berger
"Sat, Feb-26-2022",Michigan State,,9.9000,9.9000,,,H,Ohio State,31423,Stephanie Berger
"Fri, Mar-04-2022","Bowling Green, Kent State",,9.8250,9.6750,,,H,Ohio State,31423,Stephanie Berger
"Sun, Mar-06-2022","Eastern Michigan, Kent State",,9.8250,9.9250,,,A,Ohio State,31423,Stephanie Berger
"Fri, Mar-11-2022","California, Pittsburgh",,9.8500,9.9250,,,H,Ohio State,31423,Stephanie Berger
"Sat, Mar-19-2022","Illinois, Iowa, Maryland, Michigan, Michigan State, Minnesota, Nebraska, Penn State, Rutgers",,9.8750,9.8000,,,H,Ohio State,31423,Stephanie Berger
"Thu, Mar-31-2022",,,9.8000,9.8000,,,A,Ohio State,31423,Stephanie Berger
"Fri, Jan-07-2022",Arkansas,9.8750,9.8250,,9.8500,,A,Ohio State,30478,Elexis Edwards
"Sat, Jan-15-2022",Denver,9.8750,9.8000,,9.8750,,H,Ohio State,30478,Elexis Edwards
"Sun, Jan-30-2022",Rutgers,9.8500,9.8250,,9.9250,,H,Ohio State,30478,Elexis Edwards
"Mon, Feb-07-2022",Nebraska,9.8750,9.8000,,9.9250,,A,Ohio State,30478,Elexis Edwards
"Sat, Feb-12-2022",Minnesota,9.2250,9.6500,,9.8250,,A,Ohio State,30478,Elexis Edwards
"Fri, Feb-18-2022","Maryland, Nebraska, Penn State, Rutgers",9.8250,9.8250,,9.9000,,A,Ohio State,30478,Elexis Edwards
"Sat, Feb-26-2022",Michigan State,9.7750,9.8500,,9.9250,,H,Ohio State,30478,Elexis Edwards
"Fri, Mar-04-2022","Bowling Green, Kent State",8.9000,9.9250,,9.9000,,H,Ohio State,30478,Elexis Edwards
"Sun, Mar-06-2022","Eastern Michigan, Kent State",,9.9000,,9.9250,,A,Ohio State,30478,Elexis Edwards
"Fri, Mar-11-2022","California, Pittsburgh",,9.8000,,9.9250,,H,Ohio State,30478,Elexis Edwards
"Sat, Mar-19-2022","Illinois, Iowa, Maryland, Michigan, Michigan State, Minnesota, Nebraska, Penn State, Rutgers",9.8750,9.8500,,9.7500,,H,Ohio State,30478,Elexis Edwards
"Thu, Mar-31-2022",,9.9500,9.9000,,9.8500,,A,Ohio State,30478,Elexis Edwards
"Thu, Apr-14-2022",,9.8625,,,,,A,Ohio State,30478,Elexis Edwards
"Fri, Jan-07-2022",Arkansas,,,,9.8500,,A,Ohio State,30145,Claire Gagliardi
"Sat, Jan-15-2022",Denver,,,,9.8000,,H,Ohio State,30145,Claire Gagliardi
"Sat, Jan-22-2022",Penn State,,,,9.8750,,H,Ohio State,30145,Claire Gagliardi
"Sun, Jan-30-2022",Rutgers,,,,9.9000,,H,Ohio State,30145,Claire Gagliardi
"Mon, Feb-07-2022",Nebraska,,,,9.8750,,A,Ohio State,30145,Claire Gagliardi
"Sat, Feb-12-2022",Minnesota,,,,9.8750,,A,Ohio State,30145,Claire Gagliardi
"Fri, Feb-18-2022","Maryland, Nebraska, Penn State, Rutgers",,,,9.8750,,A,Ohio State,30145,Claire Gagliardi
"Sat, Feb-26-2022",Michigan State,,,,9.9250,,H,Ohio State,30145,Claire Gagliardi
"Fri, Mar-04-2022","Bowling Green, Kent State",,,,9.9000,,H,Ohio State,30145,Claire Gagliardi
"Sun, Mar-06-2022","Eastern Michigan, Kent State",,,,9.8750,,A,Ohio State,30145,Claire Gagliardi
"Fri, Mar-11-2022","California, Pittsburgh",,,,9.8500,,H,Ohio State,30145,Claire Gagliardi
"Sat, Mar-19-2022","Illinois, Iowa, Maryland, Michigan, Michigan State, Minnesota, Nebraska, Penn State, Rutgers",,,,9.9000,,H,Ohio State,30145,Claire Gagliardi
"Thu, Mar-31-2022",,,,,9.8500,,A,Ohio State,30145,Claire Gagliardi
"Fri, Jan-07-2022",Arkansas,,,,9.3500,,A,Ohio State,31004,Savannah Gonzalez
"Sat, Jan-15-2022",Denver,,,,9.7250,,H,Ohio State,31004,Savannah Gonzalez
"Sun, Jan-30-2022",Rutgers,,,,9.8250,,H,Ohio State,31004,Savannah Gonzalez
"Mon, Feb-07-2022",Nebraska,,,,9.5750,,A,Ohio State,31004,Savannah Gonzalez
"Sat, Feb-12-2022",Minnesota,,,,9.7500,,A,Ohio State,31004,Savannah Gonzalez
"Fri, Feb-18-2022","Maryland, Nebraska, Penn State, Rutgers",,,,9.8000,,A,Ohio State,31004,Savannah Gonzalez
"Sat, Feb-26-2022",Michigan State,,,,9.8500,,H,Ohio State,31004,Savannah Gonzalez
"Fri, Mar-04-2022","Bowling Green, Kent State",,,,9.8250,,H,Ohio State,31004,Savannah Gonzalez
"Sun, Mar-06-2022","Eastern Michigan, Kent State",,,,9.7750,,A,Ohio State,31004,Savannah Gonzalez
"Fri, Mar-11-2022","California, Pittsburgh",,,,9.8500,,H,Ohio State,31004,Savannah Gonzalez
"Sat, Mar-19-2022","Illinois, Iowa, Maryland, Michigan, Michigan State, Minnesota, Nebraska, Penn State, Rutgers",,,,9.8500,,H,Ohio State,31004,Savannah Gonzalez
"Thu, Mar-31-2022",,,,,9.7750,,A,Ohio State,31004,Savannah Gonzalez
"Fri, Jan-07-2022",Arkansas,9.7250,9.0000,,,,A,Ohio State,31424,Kaitlyn Grimes
"Sat, Jan-15-2022",Denver,9.5500,,,,,H,Ohio State,31424,Kaitlyn Grimes
"Sat, Jan-22-2022",Penn State,9.7250,,,,,H,Ohio State,31424,Kaitlyn Grimes
"Sun, Jan-30-2022",Rutgers,9.7250,,,,,H,Ohio State,31424,Kaitlyn Grimes
"Mon, Feb-07-2022",Nebraska,9.7500,,,,,A,Ohio State,31424,Kaitlyn Grimes
"Sat, Feb-12-2022",Minnesota,9.7500,,,,,A,Ohio State,31424,Kaitlyn Grimes
"Fri, Feb-18-2022","Maryland, Nebraska, Penn State, Rutgers",9.8000,,,,,A,Ohio State,31424,Kaitlyn Grimes
"Sat, Feb-26-2022",Michigan State,9.8000,,,,,H,Ohio State,31424,Kaitlyn Grimes
"Fri, Mar-04-2022","Bowling Green, Kent State",9.7500,,,,,H,Ohio State,31424,Kaitlyn Grimes
"Sun, Mar-06-2022","Eastern Michigan, Kent State",9.9000,,,,,A,Ohio State,31424,Kaitlyn Grimes
"Fri, Mar-11-2022","California, Pittsburgh",9.7750,,,,,H,Ohio State,31424,Kaitlyn Grimes
"Thu, Mar-31-2022",,9.8250,,,9.8000,,A,Ohio State,31424,Kaitlyn Grimes
"Fri, Jan-07-2022",Arkansas,,9.7500,9.8000,9.7750,,A,Ohio State,30479,Alexis Hankins
"Sat, Jan-15-2022",Denver,,9.7000,9.8250,9.7750,,H,Ohio State,30479,Alexis Hankins
"Sat, Jan-22-2022",Penn State,,,9.7500,9.9000,,H,Ohio State,30479,Alexis Hankins
"Sun, Jan-30-2022",Rutgers,,9.8000,9.8500,9.8750,,H,Ohio State,30479,Alexis Hankins
"Mon, Feb-07-2022",Nebraska,,8.9250,9.7750,9.9250,,A,Ohio State,30479,Alexis Hankins
"Sat, Feb-12-2022",Minnesota,,,9.7000,9.8750,,A,Ohio State,30479,Alexis Hankins
"Fri, Feb-18-2022","Maryland, Nebraska, Penn State, Rutgers",,8.6000,9.7500,9.9250,,A,Ohio State,30479,Alexis Hankins
"Sat, Feb-26-2022",Michigan State,,9.7250,9.8250,9.9250,,H,Ohio State,30479,Alexis Hankins
"Fri, Mar-04-2022","Bowling Green, Kent State",,9.1500,9.9000,9.9000,,H,Ohio State,30479,Alexis Hankins
"Sun, Mar-06-2022","Eastern Michigan, Kent State",,9.8000,9.9000,9.8750,,A,Ohio State,30479,Alexis Hankins
"Fri, Mar-11-2022","California, Pittsburgh",,9.7750,9.8750,9.9250,,H,Ohio State,30479,Alexis Hankins
"Sat, Mar-19-2022","Illinois, Iowa, Maryland, Michigan, Michigan State, Minnesota, Nebraska, Penn State, Rutgers",,9.9000,9.7250,9.9000,,H,Ohio State,30479,Alexis Hankins
"Thu, Mar-31-2022",,,9.9000,9.8000,9.7750,,A,Ohio State,30479,Alexis Hankins
"Fri, Jan-07-2022",Arkansas,9.8000,9.7250,,9.8750,,A,Ohio State,31425,Jenna Hlavach
"Sat, Jan-15-2022",Denver,9.8250,9.8000,,9.8000,,H,Ohio State,31425,Jenna Hlavach
"Sat, Jan-22-2022",Penn State,9.8000,9.7750,,9.9250,,H,Ohio State,31425,Jenna Hlavach
"Sun, Jan-30-2022",Rutgers,9.8750,,,9.9250,,H,Ohio State,31425,Jenna Hlavach
"Mon, Feb-07-2022",Nebraska,9.8750,,,9.8750,,A,Ohio State,31425,Jenna Hlavach
"Sat, Feb-12-2022",Minnesota,9.6750,9.2500,,9.8000,,A,Ohio State,31425,Jenna Hlavach
"Fri, Feb-18-2022","Maryland, Nebraska, Penn State, Rutgers",9.7750,,,9.8750,,A,Ohio State,31425,Jenna Hlavach
"Sat, Feb-26-2022",Michigan State,9.8750,,,9.9500,,H,Ohio State,31425,Jenna Hlavach
"Fri, Mar-04-2022","Bowling Green, Kent State",9.8000,9.8500,,9.7250,,H,Ohio State,31425,Jenna Hlavach
"Sun, Mar-06-2022","Eastern Michigan, Kent State",9.7750,9.8250,,9.8750,,A,Ohio State,31425,Jenna Hlavach
"Fri, Mar-11-2022","California, Pittsburgh",9.8500,9.8000,,9.9250,,H,Ohio State,31425,Jenna Hlavach
"Sat, Mar-19-2022","Illinois, Iowa, Maryland, Michigan, Michigan State, Minnesota, Nebraska, Penn State, Rutgers",9.8000,9.7750,,9.8500,,H,Ohio State,31425,Jenna Hlavach
"Thu, Mar-31-2022",,9.8250,9.8250,,9.8500,,A,Ohio State,31425,Jenna Hlavach
"Fri, Jan-07-2022",Arkansas,,,9.8750,,,A,Ohio State,30480,Ella Hodges
"Sat, Jan-15-2022",Denver,,,9.7250,,,H,Ohio State,30480,Ella Hodges
"Fri, Jan-07-2022",Arkansas,9.7750,,,,,A,Ohio State,30147,Sydney Jennings
"Sat, Jan-15-2022",Denver,9.8000,,,,,H,Ohio State,30147,Sydney Jennings
"Sat, Jan-22-2022",Penn State,9.8500,,9.7750,,,H,Ohio State,30147,Sydney Jennings
"Sun, Jan-30-2022",Rutgers,9.8000,,9.0000,,,H,Ohio State,30147,Sydney Jennings
"Mon, Feb-07-2022",Nebraska,9.7750,,9.8500,,,A,Ohio State,30147,Sydney Jennings
"Sat, Feb-12-2022",Minnesota,9.8500,,9.8500,,,A,Ohio State,30147,Sydney Jennings
"Fri, Feb-18-2022","Maryland, Nebraska, Penn State, Rutgers",9.8250,,9.9000,,,A,Ohio State,30147,Sydney Jennings
"Sat, Feb-26-2022",Michigan State,9.9000,,9.5750,,,H,Ohio State,30147,Sydney Jennings
"Fri, Mar-04-2022","Bowling Green, Kent State",9.8500,,9.8000,,,H,Ohio State,30147,Sydney Jennings
"Sun, Mar-06-2022","Eastern Michigan, Kent State",9.9250,,9.8500,,,A,Ohio State,30147,Sydney Jennings
"Fri, Mar-11-2022","California, Pittsburgh",9.8500,,9.8500,,,H,Ohio State,30147,Sydney Jennings
"Sat, Mar-19-2022","Illinois, Iowa, Maryland, Michigan, Michigan State, Minnesota, Nebraska, Penn State, Rutgers",9.8500,,9.7750,,,H,Ohio State,30147,Sydney Jennings
"Thu, Mar-31-2022",,9.8500,,9.8500,,,A,Ohio State,30147,Sydney Jennings
"Sat, Jan-15-2022",Denver,9.7750,,,,,H,Ohio State,30481,Raina Malas
"Sun, Jan-30-2022",Rutgers,9.7500,,,,,H,Ohio State,30481,Raina Malas
"Mon, Feb-07-2022",Nebraska,9.8000,,,,,A,Ohio State,30481,Raina Malas
"Sat, Feb-12-2022",Minnesota,9.7750,,,,,A,Ohio State,30481,Raina Malas
"Fri, Feb-18-2022","Maryland, Nebraska, Penn State, Rutgers",9.9250,,,,,A,Ohio State,30481,Raina Malas
"Sat, Feb-26-2022",Michigan State,9.8000,,,,,H,Ohio State,30481,Raina Malas
"Fri, Mar-04-2022","Bowling Green, Kent State",9.7500,,,,,H,Ohio State,30481,Raina Malas
"Sun, Mar-06-2022","Eastern Michigan, Kent State",9.8250,,,,,A,Ohio State,30481,Raina Malas
"Fri, Mar-11-2022","California, Pittsburgh",9.8250,,,,,H,Ohio State,30481,Raina Malas
"Sat, Mar-19-2022","Illinois, Iowa, Maryland, Michigan, Michigan State, Minnesota, Nebraska, Penn State, Rutgers",9.8750,,,,,H,Ohio State,30481,Raina Malas
"Thu, Mar-31-2022",,9.8250,,,,,A,Ohio State,30481,Raina Malas
"Fri, Jan-07-2022",Arkansas,9.8000,9.8750,9.8000,,,A,Ohio State,30148,Colby Miller
"Sat, Jan-15-2022",Denver,8.8250,9.8500,8.8500,,,H,Ohio State,30148,Colby Miller
"Sat, Jan-22-2022",Penn State,9.7500,9.8250,9.2000,,,H,Ohio State,30148,Colby Miller
"Sun, Jan-30-2022",Rutgers,,9.8500,9.1000,,,H,Ohio State,30148,Colby Miller
"Mon, Feb-07-2022",Nebraska,,9.9250,,,,A,Ohio State,30148,Colby Miller
"Sat, Feb-12-2022",Minnesota,,9.9000,,,,A,Ohio State,30148,Colby Miller
"Fri, Feb-18-2022","Maryland, Nebraska, Penn State, Rutgers",,9.8500,,,,A,Ohio State,30148,Colby Miller
"Sat, Feb-26-2022",Michigan State,,9.9250,,,,H,Ohio State,30148,Colby Miller
"Fri, Mar-04-2022","Bowling Green, Kent State",,9.9250,,,,H,Ohio State,30148,Colby Miller
"Sun, Mar-06-2022","Eastern Michigan, Kent State",,9.9500,,,,A,Ohio State,30148,Colby Miller
"Fri, Mar-11-2022","California, Pittsburgh",,9.7750,,,,H,Ohio State,30148,Colby Miller
"Sat, Mar-19-2022","Illinois, Iowa, Maryland, Michigan, Michigan State, Minnesota, Nebraska, Penn State, Rutgers",,9.9500,,,,H,Ohio State,30148,Colby Miller
"Thu, Mar-31-2022",,,9.9000,,,,A,Ohio State,30148,Colby Miller
"Fri, Jan-07-2022",Arkansas,,,9.6000,,,A,Ohio State,31005,Hannah Oliveros
"Sat, Jan-15-2022",Denver,,,9.8250,,,H,Ohio State,31005,Hannah Oliveros
"Sun, Jan-30-2022",Rutgers,,,9.8000,,,H,Ohio State,31005,Hannah Oliveros
"Mon, Feb-07-2022",Nebraska,,,8.9750,,,A,Ohio State,31005,Hannah Oliveros
"Sat, Feb-12-2022",Minnesota,,,9.1500,,,A,Ohio State,31005,Hannah Oliveros
"Sat, Feb-26-2022",Michigan State,,,,,,H,Ohio State,31005,Hannah Oliveros
"Fri, Mar-04-2022","Bowling Green, Kent State",,,9.8750,,,H,Ohio State,31005,Hannah Oliveros
"Sun, Mar-06-2022","Eastern Michigan, Kent State",,,9.9000,,,A,Ohio State,31005,Hannah Oliveros
"Fri, Mar-11-2022","California, Pittsburgh",,,9.8750,,,H,Ohio State,31005,Hannah Oliveros
"Sat, Mar-19-2022","Illinois, Iowa, Maryland, Michigan, Michigan State, Minnesota, Nebraska, Penn State, Rutgers",,,9.6500,,,H,Ohio State,31005,Hannah Oliveros
"Thu, Mar-31-2022",,,,9.8750,,,A,Ohio State,31005,Hannah Oliveros
"Sat, Jan-22-2022",Penn State,,,,9.7250,,H,Ohio State,30149,Miriam Perez
"Sun, Jan-30-2022",Rutgers,,,,9.5750,,H,Ohio State,30149,Miriam Perez
"Fri, Jan-07-2022",Arkansas,9.6750,,,,,A,Ohio State,31426,Maddy Pike
"Sat, Jan-22-2022",Penn State,9.7250,,,,,H,Ohio State,31426,Maddy Pike
"Fri, Jan-07-2022",Arkansas,,,9.2000,,,A,Ohio State,31006,Emma Pritchard
"Mon, Feb-07-2022",Nebraska,,,9.8500,,,A,Ohio State,31006,Emma Pritchard
"Sat, Feb-12-2022",Minnesota,,,9.8250,,,A,Ohio State,31006,Emma Pritchard
"Fri, Feb-18-2022","Maryland, Nebraska, Penn State, Rutgers",,,9.8250,,,A,Ohio State,31006,Emma Pritchard
"Sat, Feb-26-2022",Michigan State,,,9.1000,,,H,Ohio State,31006,Emma Pritchard
"Fri, Mar-04-2022","Bowling Green, Kent State",,,9.8500,,,H,Ohio State,31006,Emma Pritchard
"Sun, Mar-06-2022","Eastern Michigan, Kent State",9.8000,,9.8500,,,A,Ohio State,31006,Emma Pritchard
"Fri, Mar-11-2022","California, Pittsburgh",9.8000,,9.8500,,,H,Ohio State,31006,Emma Pritchard
"Sat, Mar-19-2022","Illinois, Iowa, Maryland, Michigan, Michigan State, Minnesota, Nebraska, Penn State, Rutgers",9.8000,,9.7750,,,H,Ohio State,31006,Emma Pritchard
"Thu, Mar-31-2022",,,,9.7750,,,A,Ohio State,31006,Emma Pritchard
"Sat, Jan-22-2022",Penn State,9.8000,9.9000,,,,H,Ohio State,31007,Nicole Riccardi
"Sun, Jan-30-2022",Rutgers,9.7500,9.9000,,,,H,Ohio State,31007,Nicole Riccardi
"Mon, Feb-07-2022",Nebraska,9.8000,9.9250,,,,A,Ohio State,31007,Nicole Riccardi
"Sat, Feb-12-2022",Minnesota,9.7750,9.8500,,,,A,Ohio State,31007,Nicole Riccardi
"Fri, Feb-18-2022","Maryland, Nebraska, Penn State, Rutgers",9.7250,9.9000,,,,A,Ohio State,31007,Nicole Riccardi
"Sat, Feb-26-2022",Michigan State,9.8500,9.9000,,,,H,Ohio State,31007,Nicole Riccardi
"Fri, Mar-04-2022","Bowling Green, Kent State",9.7750,9.5500,,,,H,Ohio State,31007,Nicole Riccardi
"Sun, Mar-06-2022","Eastern Michigan, Kent State",9.8250,9.8750,,,,A,Ohio State,31007,Nicole Riccardi
"Fri, Mar-11-2022","California, Pittsburgh",9.8000,9.8500,,,,H,Ohio State,31007,Nicole Riccardi
"Sat, Mar-19-2022","Illinois, Iowa, Maryland, Michigan, Michigan State, Minnesota, Nebraska, Penn State, Rutgers",9.8000,9.8500,,,,H,Ohio State,31007,Nicole Riccardi
"Thu, Mar-31-2022",,9.8500,9.8750,,,,A,Ohio State,31007,Nicole Riccardi
"Fri, Jan-07-2022",Arkansas,,8.1500,9.8250,,,A,Ohio State,30483,Zoe Schweitzer
"Sat, Jan-15-2022",Denver,,9.7750,9.7000,,,H,Ohio State,30483,Zoe Schweitzer
"Sat, Jan-22-2022",Penn State,,9.7250,9.8750,,,H,Ohio State,30483,Zoe Schweitzer
"Sun, Jan-30-2022",Rutgers,,9.8500,9.6750,,,H,Ohio State,30483,Zoe Schweitzer
"Mon, Feb-07-2022",Nebraska,,9.8250,9.7000,,,A,Ohio State,30483,Zoe Schweitzer
"Sat, Feb-12-2022",Minnesota,,9.7250,9.6750,,,A,Ohio State,30483,Zoe Schweitzer
"Fri, Feb-18-2022","Maryland, Nebraska, Penn State, Rutgers",,9.7500,9.7500,,,A,Ohio State,30483,Zoe Schweitzer
"Sat, Feb-26-2022",Michigan State,,9.7750,9.7750,,,H,Ohio State,30483,Zoe Schweitzer
"Sat, Jan-22-2022",Penn State,,9.8000,9.9000,,,H,Ohio State,31427,Tory Vetter
"Fri, Jan-07-2022",Arkansas,,,,9.6250,,A,Ohio State,31008,Jojo Warga
"Sat, Jan-15-2022",Denver,,,,9.7250,,H,Ohio State,31008,Jojo Warga
"Sat, Jan-22-2022",Penn State,,,,9.8000,,H,Ohio State,31008,Jojo Warga
"Mon, Feb-07-2022",Nebraska,,,,9.0500,,A,Ohio State,31008,Jojo Warga
"Sat, Feb-12-2022",Minnesota,,,,9.8500,,A,Ohio State,31008,Jojo Warga
"Fri, Feb-18-2022","Maryland, Nebraska, Penn State, Rutgers",,,9.9250,9.0250,,A,Ohio State,31008,Jojo Warga
"Sat, Feb-26-2022",Michigan State,,,9.8000,9.9000,,H,Ohio State,31008,Jojo Warga
"Fri, Mar-04-2022","Bowling Green, Kent State",,,9.7250,9.9000,,H,Ohio State,31008,Jojo Warga
"Sun, Mar-06-2022","Eastern Michigan, Kent State",,,9.9250,9.8250,,A,Ohio State,31008,Jojo Warga
"Fri, Mar-11-2022","California, Pittsburgh",,,9.1000,9.9000,,H,Ohio State,31008,Jojo Warga
"Sat, Mar-19-2022","Illinois, Iowa, Maryland, Michigan, Michigan State, Minnesota, Nebraska, Penn State, Rutgers",,,8.9250,9.8500,,H,Ohio State,31008,Jojo Warga
"Thu, Mar-31-2022",,,,9.7000,,,A,Ohio State,31008,Jojo Warga
"Sun, Jan-09-2022",Alabama,9.3500,9.9000,9.8750,9.9250,39.0500,H,Oklahoma,31428,Jordan Bowers
"Fri, Jan-14-2022",Utah,9.9750,9.9000,9.7750,9.9000,39.5500,A,Oklahoma,31428,Jordan Bowers
"Sat, Jan-22-2022","Arizona, Stanford, Utah State",9.9750,9.9000,9.8000,9.9250,39.6000,A,Oklahoma,31428,Jordan Bowers
"Sun, Jan-30-2022",Denver,9.8750,9.8750,9.3500,9.9250,39.0250,H,Oklahoma,31428,Jordan Bowers
"Sun, Feb-06-2022",Texas Woman's,9.3750,9.9000,9.7500,9.9500,38.9750,H,Oklahoma,31428,Jordan Bowers
"Fri, Feb-11-2022",George Washington,9.8250,9.9500,9.3500,9.9000,39.0250,H,Oklahoma,31428,Jordan Bowers
"Sat, Feb-19-2022","Denver, Stanford, Washington",9.9750,9.9250,,9.9000,,A,Oklahoma,31428,Jordan Bowers
"Fri, Feb-25-2022",Florida,9.9250,9.9000,,9.9250,,A,Oklahoma,31428,Jordan Bowers
"Fri, Mar-04-2022",Michigan,10.0000,9.9750,,9.9500,,H,Oklahoma,31428,Jordan Bowers
"Sun, Mar-06-2022","Air Force, S.E. Missouri, Texas Woman's",9.9750,9.9500,,,,A,Oklahoma,31428,Jordan Bowers
"Fri, Mar-11-2022","Arizona State, Boise State",9.9000,9.8750,,9.9250,,A,Oklahoma,31428,Jordan Bowers
"Sat, Mar-19-2022","Denver, Iowa State, West Virginia",9.8250,9.9250,,9.9500,,A,Oklahoma,31428,Jordan Bowers
"Thu, Mar-31-2022",,9.9500,9.9750,,9.9500,,A,Oklahoma,31428,Jordan Bowers
"Sat, Apr-02-2022",,9.9500,9.9000,,9.9500,,A,Oklahoma,31428,Jordan Bowers
"Thu, Apr-14-2022",,9.8750,9.9000,,9.9625,,A,Oklahoma,31428,Jordan Bowers
"Sat, Apr-16-2022",,9.9375,9.9500,,9.6500,,A,Oklahoma,31428,Jordan Bowers
"Sun, Jan-09-2022",Alabama,9.7750,9.9500,9.8750,9.7250,39.3250,H,Oklahoma,31009,Audrey Davis
"Fri, Jan-14-2022",Utah,9.7750,9.9250,9.8500,9.8250,39.3750,A,Oklahoma,31009,Audrey Davis
"Sat, Jan-22-2022","Arizona, Stanford, Utah State",,9.9000,9.9250,9.8500,,A,Oklahoma,31009,Audrey Davis
"Sun, Jan-30-2022",Denver,9.8500,9.9750,9.8750,9.9000,39.6000,H,Oklahoma,31009,Audrey Davis
"Sun, Feb-06-2022",Texas Woman's,9.7500,9.9750,9.8250,9.8500,39.4000,H,Oklahoma,31009,Audrey Davis
"Fri, Feb-11-2022",George Washington,9.9000,9.9000,9.9250,9.9000,39.6250,H,Oklahoma,31009,Audrey Davis
"Sat, Feb-19-2022","Denver, Stanford, Washington",9.8000,9.9250,9.9250,9.8750,39.5250,A,Oklahoma,31009,Audrey Davis
"Fri, Feb-25-2022",Florida,9.8000,9.9250,9.9000,9.8750,39.5000,A,Oklahoma,31009,Audrey Davis
"Fri, Mar-04-2022",Michigan,,9.9750,9.9000,,,H,Oklahoma,31009,Audrey Davis
"Sun, Mar-06-2022","Air Force, S.E. Missouri, Texas Woman's",9.8250,9.8750,9.8250,9.8750,39.4000,A,Oklahoma,31009,Audrey Davis
"Fri, Mar-11-2022","Arizona State, Boise State",9.8000,9.9750,9.9000,,,A,Oklahoma,31009,Audrey Davis
"Sat, Mar-19-2022","Denver, Iowa State, West Virginia",,9.9000,9.8750,,,A,Oklahoma,31009,Audrey Davis
"Thu, Mar-31-2022",,,9.9500,9.9000,,,A,Oklahoma,31009,Audrey Davis
"Sat, Apr-02-2022",,,9.9000,9.8750,,,A,Oklahoma,31009,Audrey Davis
"Thu, Apr-14-2022",,9.8000,9.9500,9.8625,,,A,Oklahoma,31009,Audrey Davis
"Sat, Apr-16-2022",,,9.9625,9.9375,,,A,Oklahoma,31009,Audrey Davis
"Sun, Jan-09-2022",Alabama,,,9.8750,,,H,Oklahoma,30485,Jenna Dunn
"Fri, Jan-14-2022",Utah,,,9.9250,,,A,Oklahoma,30485,Jenna Dunn
"Sat, Jan-22-2022","Arizona, Stanford, Utah State",,,9.8750,,,A,Oklahoma,30485,Jenna Dunn
"Sun, Jan-30-2022",Denver,,,9.9000,,,H,Oklahoma,30485,Jenna Dunn
"Sun, Feb-06-2022",Texas Woman's,,,9.8750,,,H,Oklahoma,30485,Jenna Dunn
"Fri, Feb-11-2022",George Washington,,,9.8500,,,H,Oklahoma,30485,Jenna Dunn
"Sat, Feb-19-2022","Denver, Stanford, Washington",,,9.8750,,,A,Oklahoma,30485,Jenna Dunn
"Fri, Feb-25-2022",Florida,,,9.8750,,,A,Oklahoma,30485,Jenna Dunn
"Fri, Mar-04-2022",Michigan,,,9.8750,,,H,Oklahoma,30485,Jenna Dunn
"Sun, Mar-06-2022","Air Force, S.E. Missouri, Texas Woman's",,,9.8750,,,A,Oklahoma,30485,Jenna Dunn
"Fri, Mar-11-2022","Arizona State, Boise State",,,9.8750,,,A,Oklahoma,30485,Jenna Dunn
"Sat, Mar-19-2022","Denver, Iowa State, West Virginia",,,9.8750,,,A,Oklahoma,30485,Jenna Dunn
"Thu, Mar-31-2022",,,,9.9000,,,A,Oklahoma,30485,Jenna Dunn
"Sat, Apr-02-2022",,,,9.9000,,,A,Oklahoma,30485,Jenna Dunn
"Thu, Apr-14-2022",,,,9.7875,,,A,Oklahoma,30485,Jenna Dunn
"Sat, Apr-16-2022",,,,9.8500,,,A,Oklahoma,30485,Jenna Dunn
"Fri, Jan-14-2022",Utah,9.8000,,,,,A,Oklahoma,31429,Danae Fletcher
"Sat, Jan-22-2022","Arizona, Stanford, Utah State",9.8000,9.9000,,9.8500,,A,Oklahoma,31429,Danae Fletcher
"Sun, Jan-30-2022",Denver,9.8000,9.8250,,9.9250,,H,Oklahoma,31429,Danae Fletcher
"Sun, Feb-06-2022",Texas Woman's,9.8500,,,9.8750,,H,Oklahoma,31429,Danae Fletcher
"Fri, Feb-11-2022",George Washington,9.8500,9.9250,,9.9250,,H,Oklahoma,31429,Danae Fletcher
"Sat, Feb-19-2022","Denver, Stanford, Washington",9.8500,,,9.8250,,A,Oklahoma,31429,Danae Fletcher
"Fri, Feb-25-2022",Florida,,,,9.8250,,A,Oklahoma,31429,Danae Fletcher
"Fri, Mar-04-2022",Michigan,9.9500,,,9.9750,,H,Oklahoma,31429,Danae Fletcher
"Sun, Mar-06-2022","Air Force, S.E. Missouri, Texas Woman's",,,,9.9250,,A,Oklahoma,31429,Danae Fletcher
"Fri, Mar-11-2022","Arizona State, Boise State",,,,9.9000,,A,Oklahoma,31429,Danae Fletcher
"Sat, Mar-19-2022","Denver, Iowa State, West Virginia",9.9000,,,9.8500,,A,Oklahoma,31429,Danae Fletcher
"Thu, Mar-31-2022",,9.9500,,,9.8500,,A,Oklahoma,31429,Danae Fletcher
"Sat, Apr-02-2022",,9.8500,,,9.9000,,A,Oklahoma,31429,Danae Fletcher
"Thu, Apr-14-2022",,,,,9.9375,,A,Oklahoma,31429,Danae Fletcher
"Sat, Apr-16-2022",,9.8875,,,9.8750,,A,Oklahoma,31429,Danae Fletcher
"Sun, Jan-09-2022",Alabama,,,,9.9000,,H,Oklahoma,31011,Bell Johnson
"Fri, Jan-14-2022",Utah,,,,9.8750,,A,Oklahoma,31011,Bell Johnson
"Sat, Jan-22-2022","Arizona, Stanford, Utah State",,,,9.8250,,A,Oklahoma,31011,Bell Johnson
"Sun, Jan-30-2022",Denver,,,,9.8500,,H,Oklahoma,31011,Bell Johnson
"Sun, Feb-06-2022",Texas Woman's,,,,9.9250,,H,Oklahoma,31011,Bell Johnson
"Fri, Feb-11-2022",George Washington,,,,9.9000,,H,Oklahoma,31011,Bell Johnson
"Sat, Feb-19-2022","Denver, Stanford, Washington",,,,9.9000,,A,Oklahoma,31011,Bell Johnson
"Fri, Feb-25-2022",Florida,,,,9.8500,,A,Oklahoma,31011,Bell Johnson
"Fri, Mar-04-2022",Michigan,,,,9.9000,,H,Oklahoma,31011,Bell Johnson
"Sun, Mar-06-2022","Air Force, S.E. Missouri, Texas Woman's",,,,9.9000,,A,Oklahoma,31011,Bell Johnson
"Fri, Mar-11-2022","Arizona State, Boise State",,,,9.8500,,A,Oklahoma,31011,Bell Johnson
"Sat, Mar-19-2022","Denver, Iowa State, West Virginia",,,,9.8500,,A,Oklahoma,31011,Bell Johnson
"Thu, Mar-31-2022",,,,,9.9000,,A,Oklahoma,31011,Bell Johnson
"Sat, Apr-02-2022",,,,,9.8750,,A,Oklahoma,31011,Bell Johnson
"Thu, Apr-14-2022",,,,,9.9000,,A,Oklahoma,31011,Bell Johnson
"Sat, Apr-16-2022",,,,,9.8500,,A,Oklahoma,31011,Bell Johnson
"Sun, Jan-09-2022",Alabama,,,,9.8250,,H,Oklahoma,30053,Emma LaPinta
"Fri, Jan-14-2022",Utah,,,,9.7000,,A,Oklahoma,30053,Emma LaPinta
"Sun, Jan-09-2022",Alabama,10.0000,9.8500,,,,H,Oklahoma,31013,Katherine LeVasseur
"Fri, Jan-14-2022",Utah,9.9500,9.8250,,,,A,Oklahoma,31013,Katherine LeVasseur
"Sat, Jan-22-2022","Arizona, Stanford, Utah State",9.9500,9.8250,9.8750,,,A,Oklahoma,31013,Katherine LeVasseur
"Sun, Jan-30-2022",Denver,9.9000,9.9250,9.9750,,,H,Oklahoma,31013,Katherine LeVasseur
"Sun, Feb-06-2022",Texas Woman's,9.8750,9.1750,9.9750,,,H,Oklahoma,31013,Katherine LeVasseur
"Sat, Feb-19-2022","Denver, Stanford, Washington",9.9750,9.9250,9.3250,,,A,Oklahoma,31013,Katherine LeVasseur
"Fri, Feb-25-2022",Florida,9.8500,9.8500,9.9250,,,A,Oklahoma,31013,Katherine LeVasseur
"Fri, Mar-04-2022",Michigan,9.8250,9.9750,9.8750,,,H,Oklahoma,31013,Katherine LeVasseur
"Sun, Mar-06-2022","Air Force, S.E. Missouri, Texas Woman's",9.8750,9.8000,9.9000,,,A,Oklahoma,31013,Katherine LeVasseur
"Fri, Mar-11-2022","Arizona State, Boise State",9.8250,9.0250,9.9250,,,A,Oklahoma,31013,Katherine LeVasseur
"Sat, Mar-19-2022","Denver, Iowa State, West Virginia",9.9000,9.9250,9.9000,,,A,Oklahoma,31013,Katherine LeVasseur
"Thu, Mar-31-2022",,9.8000,9.8750,9.9000,,,A,Oklahoma,31013,Katherine LeVasseur
"Sat, Apr-02-2022",,9.9000,9.8750,9.8250,,,A,Oklahoma,31013,Katherine LeVasseur
"Thu, Apr-14-2022",,9.6500,9.9375,9.9000,,,A,Oklahoma,31013,Katherine LeVasseur
"Sat, Apr-16-2022",,9.9750,9.9375,9.9000,,,A,Oklahoma,31013,Katherine LeVasseur
"Fri, Feb-11-2022",George Washington,,,,,,H,Oklahoma,31014,Audrey Lynn
"Sun, Jan-09-2022",Alabama,9.7750,,,,,H,Oklahoma,31015,Sheridan Ramsey
"Fri, Jan-14-2022",Utah,9.8250,,,,,A,Oklahoma,31015,Sheridan Ramsey
"Sat, Jan-22-2022","Arizona, Stanford, Utah State",9.8750,,,,,A,Oklahoma,31015,Sheridan Ramsey
"Sun, Jan-30-2022",Denver,9.8500,,,,,H,Oklahoma,31015,Sheridan Ramsey
"Sun, Feb-06-2022",Texas Woman's,9.8000,,,,,H,Oklahoma,31015,Sheridan Ramsey
"Fri, Feb-11-2022",George Washington,9.7750,,,,,H,Oklahoma,31015,Sheridan Ramsey
"Fri, Feb-25-2022",Florida,9.8250,,,,,A,Oklahoma,31015,Sheridan Ramsey
"Fri, Mar-04-2022",Michigan,9.7750,,,,,H,Oklahoma,31015,Sheridan Ramsey
"Sun, Mar-06-2022","Air Force, S.E. Missouri, Texas Woman's",9.3000,,,,,A,Oklahoma,31015,Sheridan Ramsey
"Sun, Jan-09-2022",Alabama,,9.8500,,,,H,Oklahoma,31432,Danielle Sievers
"Fri, Jan-14-2022",Utah,,9.8750,,,,A,Oklahoma,31432,Danielle Sievers
"Sat, Jan-22-2022","Arizona, Stanford, Utah State",,9.8250,,,,A,Oklahoma,31432,Danielle Sievers
"Sun, Jan-30-2022",Denver,,9.9000,,,,H,Oklahoma,31432,Danielle Sievers
"Sun, Feb-06-2022",Texas Woman's,,9.9000,,,,H,Oklahoma,31432,Danielle Sievers
"Fri, Feb-11-2022",George Washington,9.9000,9.9000,,,,H,Oklahoma,31432,Danielle Sievers
"Sat, Feb-19-2022","Denver, Stanford, Washington",9.8500,9.8250,,,,A,Oklahoma,31432,Danielle Sievers
"Fri, Feb-25-2022",Florida,9.9250,9.8250,,9.8500,,A,Oklahoma,31432,Danielle Sievers
"Fri, Mar-04-2022",Michigan,9.8250,9.9250,,9.9250,,H,Oklahoma,31432,Danielle Sievers
"Sun, Mar-06-2022","Air Force, S.E. Missouri, Texas Woman's",9.9000,9.9000,,9.9250,,A,Oklahoma,31432,Danielle Sievers
"Fri, Mar-11-2022","Arizona State, Boise State",9.8750,9.8500,,9.8750,,A,Oklahoma,31432,Danielle Sievers
"Sat, Mar-19-2022","Denver, Iowa State, West Virginia",9.8750,9.9000,,9.9500,,A,Oklahoma,31432,Danielle Sievers
"Thu, Mar-31-2022",,9.8500,9.9000,,9.9000,,A,Oklahoma,31432,Danielle Sievers
"Sat, Apr-02-2022",,9.8750,9.9250,,9.9000,,A,Oklahoma,31432,Danielle Sievers
"Thu, Apr-14-2022",,9.8625,9.9000,,9.9375,,A,Oklahoma,31432,Danielle Sievers
"Sat, Apr-16-2022",,9.8500,9.9750,,9.8750,,A,Oklahoma,31432,Danielle Sievers
"Sun, Jan-09-2022",Alabama,,9.9000,9.2750,9.9000,,H,Oklahoma,30487,Ragan Smith
"Fri, Jan-14-2022",Utah,,9.8500,9.9750,9.7250,,A,Oklahoma,30487,Ragan Smith
"Sat, Jan-22-2022","Arizona, Stanford, Utah State",,9.8750,9.9750,9.9250,,A,Oklahoma,30487,Ragan Smith
"Sun, Jan-30-2022",Denver,,9.8750,9.9500,9.9500,,H,Oklahoma,30487,Ragan Smith
"Sun, Feb-06-2022",Texas Woman's,,9.9500,10.0000,9.9750,,H,Oklahoma,30487,Ragan Smith
"Fri, Feb-11-2022",George Washington,,9.8750,10.0000,9.9000,,H,Oklahoma,30487,Ragan Smith
"Sat, Feb-19-2022","Denver, Stanford, Washington",,9.8750,9.9750,9.9750,,A,Oklahoma,30487,Ragan Smith
"Fri, Feb-25-2022",Florida,,9.8250,9.8750,9.9250,,A,Oklahoma,30487,Ragan Smith
"Fri, Mar-04-2022",Michigan,,9.9250,9.9250,9.0500,,H,Oklahoma,30487,Ragan Smith
"Sun, Mar-06-2022","Air Force, S.E. Missouri, Texas Woman's",,9.8250,9.9750,9.9250,,A,Oklahoma,30487,Ragan Smith
"Fri, Mar-11-2022","Arizona State, Boise State",,9.8750,9.7750,9.8750,,A,Oklahoma,30487,Ragan Smith
"Sat, Mar-19-2022","Denver, Iowa State, West Virginia",,9.9500,8.7000,9.9500,,A,Oklahoma,30487,Ragan Smith
"Thu, Mar-31-2022",,,9.9250,9.8750,9.9250,,A,Oklahoma,30487,Ragan Smith
"Sat, Apr-02-2022",,,9.1500,9.9750,9.9500,,A,Oklahoma,30487,Ragan Smith
"Thu, Apr-14-2022",,,9.8625,9.9250,9.9375,,A,Oklahoma,30487,Ragan Smith
"Sat, Apr-16-2022",,,9.8250,9.9625,9.7375,,A,Oklahoma,30487,Ragan Smith
"Sun, Jan-09-2022",Alabama,10.0000,,,,,H,Oklahoma,30054,Allie Stern
"Fri, Jan-14-2022",Utah,9.7250,,,,,A,Oklahoma,30054,Allie Stern
"Sat, Jan-22-2022","Arizona, Stanford, Utah State",9.9000,,,,,A,Oklahoma,30054,Allie Stern
"Sun, Jan-30-2022",Denver,9.8500,,,,,H,Oklahoma,30054,Allie Stern
"Sun, Feb-06-2022",Texas Woman's,9.8750,,,,,H,Oklahoma,30054,Allie Stern
"Fri, Feb-11-2022",George Washington,9.7500,,,,,H,Oklahoma,30054,Allie Stern
"Sat, Feb-19-2022","Denver, Stanford, Washington",9.9000,,,,,A,Oklahoma,30054,Allie Stern
"Fri, Feb-25-2022",Florida,9.8500,,,,,A,Oklahoma,30054,Allie Stern
"Fri, Mar-04-2022",Michigan,9.8500,,,,,H,Oklahoma,30054,Allie Stern
"Sun, Mar-06-2022","Air Force, S.E. Missouri, Texas Woman's",9.8750,,,,,A,Oklahoma,30054,Allie Stern
"Fri, Mar-11-2022","Arizona State, Boise State",9.8750,,,,,A,Oklahoma,30054,Allie Stern
"Sat, Mar-19-2022","Denver, Iowa State, West Virginia",9.7750,,,,,A,Oklahoma,30054,Allie Stern
"Thu, Mar-31-2022",,9.9000,,,,,A,Oklahoma,30054,Allie Stern
"Sat, Apr-02-2022",,9.9000,,,,,A,Oklahoma,30054,Allie Stern
"Thu, Apr-14-2022",,9.9375,,,,,A,Oklahoma,30054,Allie Stern
"Sat, Apr-16-2022",,9.9000,,,,,A,Oklahoma,30054,Allie Stern
"Sun, Jan-09-2022",Alabama,9.7500,,,,,H,Oklahoma,31017,Meilin Sullivan
"Sat, Jan-22-2022","Arizona, Stanford, Utah State",9.7500,,,,,A,Oklahoma,31017,Meilin Sullivan
"Sun, Feb-06-2022",Texas Woman's,,,,,,H,Oklahoma,31017,Meilin Sullivan
"Fri, Feb-11-2022",George Washington,,,9.3250,,,H,Oklahoma,31017,Meilin Sullivan
"Sun, Jan-09-2022",Alabama,,9.8750,9.6000,,,H,Oklahoma,30278,Karrie Thomas
"Fri, Jan-14-2022",Utah,,9.9000,9.0500,,,A,Oklahoma,30278,Karrie Thomas
"Sun, Feb-06-2022",Texas Woman's,,9.9250,,,,H,Oklahoma,30278,Karrie Thomas
"Fri, Feb-11-2022",George Washington,,9.8750,,,,H,Oklahoma,30278,Karrie Thomas
"Sat, Feb-19-2022","Denver, Stanford, Washington",,9.9000,,,,A,Oklahoma,30278,Karrie Thomas
"Fri, Feb-25-2022",Florida,,9.9000,,,,A,Oklahoma,30278,Karrie Thomas
"Fri, Mar-04-2022",Michigan,,9.9750,,,,H,Oklahoma,30278,Karrie Thomas
"Sun, Mar-06-2022","Air Force, S.E. Missouri, Texas Woman's",,9.9250,,,,A,Oklahoma,30278,Karrie Thomas
"Fri, Mar-11-2022","Arizona State, Boise State",,9.9250,,,,A,Oklahoma,30278,Karrie Thomas
"Sat, Mar-19-2022","Denver, Iowa State, West Virginia",,9.9500,,,,A,Oklahoma,30278,Karrie Thomas
"Thu, Mar-31-2022",,,9.8500,,,,A,Oklahoma,30278,Karrie Thomas
"Sat, Apr-02-2022",,,9.8000,,,,A,Oklahoma,30278,Karrie Thomas
"Sat, Feb-19-2022","Denver, Stanford, Washington",,,9.9000,,,A,Oklahoma,30055,Olivia Trautman
"Fri, Feb-25-2022",Florida,,,9.9250,,,A,Oklahoma,30055,Olivia Trautman
"Fri, Mar-04-2022",Michigan,,,9.8250,,,H,Oklahoma,30055,Olivia Trautman
"Sun, Mar-06-2022","Air Force, S.E. Missouri, Texas Woman's",,,9.9250,,,A,Oklahoma,30055,Olivia Trautman
"Fri, Mar-11-2022","Arizona State, Boise State",9.8750,,9.8500,,,A,Oklahoma,30055,Olivia Trautman
"Sat, Mar-19-2022","Denver, Iowa State, West Virginia",9.9750,,9.8750,,,A,Oklahoma,30055,Olivia Trautman
"Thu, Mar-31-2022",,9.9000,,9.9000,,,A,Oklahoma,30055,Olivia Trautman
"Sat, Apr-02-2022",,9.9750,,9.9500,,,A,Oklahoma,30055,Olivia Trautman
"Thu, Apr-14-2022",,9.8750,9.8875,9.9125,,,A,Oklahoma,30055,Olivia Trautman
"Sat, Apr-16-2022",,9.9625,9.9000,9.9000,,,A,Oklahoma,30055,Olivia Trautman
"Sun, Jan-09-2022",Alabama,,,9.9500,9.9000,,H,Oklahoma,25004,Carly Woodard
"Fri, Jan-14-2022",Utah,,,9.1500,9.8750,,A,Oklahoma,25004,Carly Woodard
"Sat, Jan-22-2022","Arizona, Stanford, Utah State",,,9.9250,9.8750,,A,Oklahoma,25004,Carly Woodard
"Sun, Jan-30-2022",Denver,,,10.0000,9.9250,,H,Oklahoma,25004,Carly Woodard
"Sun, Feb-06-2022",Texas Woman's,,,9.9500,9.9000,,H,Oklahoma,25004,Carly Woodard
"Fri, Feb-11-2022",George Washington,,,9.9500,9.9250,,H,Oklahoma,25004,Carly Woodard
"Sat, Feb-19-2022","Denver, Stanford, Washington",,,9.9250,9.8000,,A,Oklahoma,25004,Carly Woodard
"Fri, Feb-25-2022",Florida,,,9.9250,,,A,Oklahoma,25004,Carly Woodard
"Fri, Mar-04-2022",Michigan,,,9.9500,9.9250,,H,Oklahoma,25004,Carly Woodard
"Sun, Mar-06-2022","Air Force, S.E. Missouri, Texas Woman's",,,9.8750,9.9250,,A,Oklahoma,25004,Carly Woodard
"Fri, Mar-11-2022","Arizona State, Boise State",,,9.8000,9.8250,,A,Oklahoma,25004,Carly Woodard
"Sat, Mar-19-2022","Denver, Iowa State, West Virginia",,,9.9500,9.9000,,A,Oklahoma,25004,Carly Woodard
"Thu, Mar-31-2022",,,,9.7500,9.8500,,A,Oklahoma,25004,Carly Woodard
"Sat, Apr-02-2022",,,,9.9500,9.9000,,A,Oklahoma,25004,Carly Woodard
"Thu, Apr-14-2022",,,,9.9125,9.8875,,A,Oklahoma,25004,Carly Woodard
"Sat, Apr-16-2022",,,,9.9250,9.8500,,A,Oklahoma,25004,Carly Woodard
"Sat, Jan-15-2022","Boise State, San Jose State, Washington",,9.6250,,,,H,Oregon State,31435,Carley Beeman
"Sat, Jan-29-2022",California,,9.7500,,,,A,Oregon State,31435,Carley Beeman
"Sat, Feb-05-2022",Arizona State,,9.8500,,,,H,Oregon State,31435,Carley Beeman
"Sun, Feb-13-2022",Washington,,9.7500,,,,H,Oregon State,31435,Carley Beeman
"Fri, Feb-18-2022",Utah,,9.8000,,,,A,Oregon State,31435,Carley Beeman
"Fri, Feb-25-2022",Stanford,,9.8500,,,,H,Oregon State,31435,Carley Beeman
"Fri, Mar-04-2022",Arizona,,9.7750,,,,A,Oregon State,31435,Carley Beeman
"Sun, Mar-13-2022","Arkansas, Denver, Nebraska",,9.7750,,,,A,Oregon State,31435,Carley Beeman
"Sat, Mar-19-2022","Arizona, Arizona State, California, Stanford, UCLA, Utah, Washington",,9.8500,,,,A,Oregon State,31435,Carley Beeman
"Thu, Mar-31-2022",,,9.8500,,,,A,Oregon State,31435,Carley Beeman
"Sat, Jan-15-2022","Boise State, San Jose State, Washington",,9.7250,,9.8500,,H,Oregon State,30489,Kayla Bird
"Sun, Jan-23-2022","UC Davis, UCLA",,9.7500,,9.8250,,H,Oregon State,30489,Kayla Bird
"Sat, Jan-29-2022",California,,9.8500,,9.7750,,A,Oregon State,30489,Kayla Bird
"Sat, Feb-05-2022",Arizona State,,9.7500,,9.8000,,H,Oregon State,30489,Kayla Bird
"Sun, Feb-13-2022",Washington,,9.8000,,9.8500,,H,Oregon State,30489,Kayla Bird
"Fri, Feb-18-2022",Utah,,9.1750,,9.8500,,A,Oregon State,30489,Kayla Bird
"Fri, Feb-25-2022",Stanford,,9.4500,,9.8750,,H,Oregon State,30489,Kayla Bird
"Fri, Mar-04-2022",Arizona,,9.8750,,9.8250,,A,Oregon State,30489,Kayla Bird
"Sun, Mar-13-2022","Arkansas, Denver, Nebraska",,8.7500,,9.7000,,A,Oregon State,30489,Kayla Bird
"Sat, Mar-19-2022","Arizona, Arizona State, California, Stanford, UCLA, Utah, Washington",,,,9.8500,,A,Oregon State,30489,Kayla Bird
"Thu, Mar-31-2022",,,9.7250,,9.8750,,A,Oregon State,30489,Kayla Bird
"Fri, Mar-04-2022",Arizona,,9.0500,,,,A,Oregon State,31436,Natalie Briones
"Sun, Mar-13-2022","Arkansas, Denver, Nebraska",,,,9.6750,,A,Oregon State,31436,Natalie Briones
"Sat, Mar-19-2022","Arizona, Arizona State, California, Stanford, UCLA, Utah, Washington",,8.8500,,9.8250,,A,Oregon State,31436,Natalie Briones
"Sat, Jan-15-2022","Boise State, San Jose State, Washington",9.9000,9.9500,9.9000,9.9000,39.6500,H,Oregon State,31018,Jade Carey
"Sun, Jan-23-2022","UC Davis, UCLA",9.9000,9.9500,9.9750,9.9750,39.8000,H,Oregon State,31018,Jade Carey
"Sat, Jan-29-2022",California,9.9500,9.9500,9.9250,9.9500,39.7750,A,Oregon State,31018,Jade Carey
"Sat, Feb-05-2022",Arizona State,9.9250,10.0000,9.9250,9.9750,39.8250,H,Oregon State,31018,Jade Carey
"Sun, Feb-13-2022",Washington,9.9000,9.9750,9.8750,10.0000,39.7500,H,Oregon State,31018,Jade Carey
"Fri, Feb-18-2022",Utah,9.9750,9.9500,9.8500,9.9250,39.7000,A,Oregon State,31018,Jade Carey
"Fri, Feb-25-2022",Stanford,9.9500,9.9500,9.9250,10.0000,39.8250,H,Oregon State,31018,Jade Carey
"Fri, Mar-04-2022",Arizona,9.9500,9.9500,9.9250,9.9250,39.7500,A,Oregon State,31018,Jade Carey
"Sun, Mar-13-2022","Arkansas, Denver, Nebraska",9.9500,9.9500,9.9500,9.9500,39.8000,A,Oregon State,31018,Jade Carey
"Sat, Mar-19-2022","Arizona, Arizona State, California, Stanford, UCLA, Utah, Washington",9.9000,9.9250,9.9500,9.9500,39.7250,A,Oregon State,31018,Jade Carey
"Thu, Mar-31-2022",,9.9750,9.9250,9.9750,9.9750,39.8500,A,Oregon State,31018,Jade Carey
"Thu, Apr-14-2022",,9.8875,9.9500,9.9000,9.9125,39.6500,A,Oregon State,31018,Jade Carey
"Sat, Jan-15-2022","Boise State, San Jose State, Washington",9.7250,,,,,H,Oregon State,31437,Karlie Chavez
"Sun, Jan-23-2022","UC Davis, UCLA",9.7750,,,,,H,Oregon State,31437,Karlie Chavez
"Sat, Jan-29-2022",California,9.6750,,,,,A,Oregon State,31437,Karlie Chavez
"Sat, Feb-05-2022",Arizona State,9.8000,,,,,H,Oregon State,31437,Karlie Chavez
"Sun, Feb-13-2022",Washington,9.7500,,,,,H,Oregon State,31437,Karlie Chavez
"Fri, Feb-18-2022",Utah,9.7750,,,,,A,Oregon State,31437,Karlie Chavez
"Fri, Feb-25-2022",Stanford,9.7750,,,,,H,Oregon State,31437,Karlie Chavez
"Sun, Mar-13-2022","Arkansas, Denver, Nebraska",9.8250,,,,,A,Oregon State,31437,Karlie Chavez
"Sat, Mar-19-2022","Arizona, Arizona State, California, Stanford, UCLA, Utah, Washington",9.8250,,,,,A,Oregon State,31437,Karlie Chavez
"Thu, Mar-31-2022",,9.8000,,,,,A,Oregon State,31437,Karlie Chavez
"Sat, Jan-15-2022","Boise State, San Jose State, Washington",9.8000,9.5500,9.7750,9.8500,38.9750,H,Oregon State,30057,Madi Dagen
"Sun, Jan-23-2022","UC Davis, UCLA",9.7750,8.8500,9.8000,9.8500,38.2750,H,Oregon State,30057,Madi Dagen
"Sat, Jan-29-2022",California,9.9250,9.7750,9.3000,9.8750,38.8750,A,Oregon State,30057,Madi Dagen
"Sat, Feb-05-2022",Arizona State,9.9000,9.9000,9.8250,9.9250,39.5500,H,Oregon State,30057,Madi Dagen
"Sun, Feb-13-2022",Washington,9.8250,9.8500,9.9250,9.9250,39.5250,H,Oregon State,30057,Madi Dagen
"Fri, Feb-18-2022",Utah,9.9000,9.8250,9.9500,9.9000,39.5750,A,Oregon State,30057,Madi Dagen
"Fri, Feb-25-2022",Stanford,9.8000,9.8250,9.8750,9.9000,39.4000,H,Oregon State,30057,Madi Dagen
"Fri, Mar-04-2022",Arizona,9.8000,9.8000,9.8750,9.8500,39.3250,A,Oregon State,30057,Madi Dagen
"Sun, Mar-13-2022","Arkansas, Denver, Nebraska",9.8500,9.7750,9.9500,9.8250,39.4000,A,Oregon State,30057,Madi Dagen
"Sat, Mar-19-2022","Arizona, Arizona State, California, Stanford, UCLA, Utah, Washington",9.8750,9.8000,9.9000,9.8750,39.4500,A,Oregon State,30057,Madi Dagen
"Thu, Mar-31-2022",,9.9250,9.8500,9.8500,9.8750,39.5000,A,Oregon State,30057,Madi Dagen
"Sat, Jan-15-2022","Boise State, San Jose State, Washington",,,9.9000,,,H,Oregon State,30490,Jenna Domingo
"Sun, Jan-23-2022","UC Davis, UCLA",,9.8000,9.9250,,,H,Oregon State,30490,Jenna Domingo
"Sat, Jan-29-2022",California,,,9.9000,,,A,Oregon State,30490,Jenna Domingo
"Sat, Feb-05-2022",Arizona State,,,9.7500,,,H,Oregon State,30490,Jenna Domingo
"Sun, Feb-13-2022",Washington,,,9.1500,,,H,Oregon State,30490,Jenna Domingo
"Fri, Feb-18-2022",Utah,,,9.8750,,,A,Oregon State,30490,Jenna Domingo
"Fri, Feb-25-2022",Stanford,,,9.9000,,,H,Oregon State,30490,Jenna Domingo
"Fri, Mar-04-2022",Arizona,,,9.8750,,,A,Oregon State,30490,Jenna Domingo
"Sun, Mar-13-2022","Arkansas, Denver, Nebraska",,,9.8750,,,A,Oregon State,30490,Jenna Domingo
"Sat, Mar-19-2022","Arizona, Arizona State, California, Stanford, UCLA, Utah, Washington",,,9.8500,,,A,Oregon State,30490,Jenna Domingo
"Thu, Mar-31-2022",,,,9.9000,,,A,Oregon State,30490,Jenna Domingo
"Fri, Mar-04-2022",Arizona,9.8000,,,,,A,Oregon State,31438,Kaitlin Garcia
"Sun, Mar-13-2022","Arkansas, Denver, Nebraska",9.7750,,,,,A,Oregon State,31438,Kaitlin Garcia
"Sat, Mar-19-2022","Arizona, Arizona State, California, Stanford, UCLA, Utah, Washington",9.8500,,,,,A,Oregon State,31438,Kaitlin Garcia
"Thu, Mar-31-2022",,9.8000,,,,,A,Oregon State,31438,Kaitlin Garcia
"Sat, Jan-15-2022","Boise State, San Jose State, Washington",9.7500,,9.8250,9.7500,,H,Oregon State,31019,Sydney Gonzales
"Sun, Jan-23-2022","UC Davis, UCLA",9.8500,,9.8500,9.7750,,H,Oregon State,31019,Sydney Gonzales
"Sat, Jan-29-2022",California,9.8000,,9.6500,9.7750,,A,Oregon State,31019,Sydney Gonzales
"Sat, Feb-05-2022",Arizona State,9.8500,,9.8750,9.8250,,H,Oregon State,31019,Sydney Gonzales
"Sun, Feb-13-2022",Washington,9.7750,,9.8500,9.7750,,H,Oregon State,31019,Sydney Gonzales
"Fri, Feb-18-2022",Utah,9.8250,,9.9000,9.8500,,A,Oregon State,31019,Sydney Gonzales
"Fri, Feb-25-2022",Stanford,9.7750,,9.8750,9.8500,,H,Oregon State,31019,Sydney Gonzales
"Fri, Mar-04-2022",Arizona,9.7500,,9.3750,9.5250,,A,Oregon State,31019,Sydney Gonzales
"Sun, Mar-13-2022","Arkansas, Denver, Nebraska",9.8250,,9.8750,,,A,Oregon State,31019,Sydney Gonzales
"Sat, Mar-19-2022","Arizona, Arizona State, California, Stanford, UCLA, Utah, Washington",9.8250,,9.8500,,,A,Oregon State,31019,Sydney Gonzales
"Thu, Mar-31-2022",,9.8250,,9.2500,,,A,Oregon State,31019,Sydney Gonzales
"Sat, Jan-15-2022","Boise State, San Jose State, Washington",,9.3250,,,,H,Oregon State,31439,Phoebe Jakubczyk
"Sun, Jan-23-2022","UC Davis, UCLA",,9.8000,9.7750,,,H,Oregon State,31439,Phoebe Jakubczyk
"Sat, Jan-29-2022",California,,9.8750,9.8000,,,A,Oregon State,31439,Phoebe Jakubczyk
"Sat, Feb-05-2022",Arizona State,,9.2000,9.7750,,,H,Oregon State,31439,Phoebe Jakubczyk
"Sun, Feb-13-2022",Washington,,9.7500,9.8250,,,H,Oregon State,31439,Phoebe Jakubczyk
"Fri, Feb-18-2022",Utah,,9.6500,9.1500,,,A,Oregon State,31439,Phoebe Jakubczyk
"Fri, Feb-25-2022",Stanford,,9.6250,9.0500,,,H,Oregon State,31439,Phoebe Jakubczyk
"Sun, Mar-13-2022","Arkansas, Denver, Nebraska",,9.8000,,,,A,Oregon State,31439,Phoebe Jakubczyk
"Sat, Mar-19-2022","Arizona, Arizona State, California, Stanford, UCLA, Utah, Washington",,9.8000,,,,A,Oregon State,31439,Phoebe Jakubczyk
"Thu, Mar-31-2022",,,9.2750,,,,A,Oregon State,31439,Phoebe Jakubczyk
"Sat, Jan-15-2022","Boise State, San Jose State, Washington",9.7000,,9.7000,9.8000,,H,Oregon State,31440,Lauren Letzsch
"Sun, Jan-23-2022","UC Davis, UCLA",9.7750,,9.8250,9.9000,,H,Oregon State,31440,Lauren Letzsch
"Sat, Jan-29-2022",California,9.8000,,9.5250,9.8500,,A,Oregon State,31440,Lauren Letzsch
"Sat, Feb-05-2022",Arizona State,9.8000,,9.8500,9.8750,,H,Oregon State,31440,Lauren Letzsch
"Sun, Feb-13-2022",Washington,9.8250,,9.7750,9.9250,,H,Oregon State,31440,Lauren Letzsch
"Fri, Feb-18-2022",Utah,9.8250,,9.8500,9.8750,,A,Oregon State,31440,Lauren Letzsch
"Fri, Feb-25-2022",Stanford,9.8000,,9.8500,9.8250,,H,Oregon State,31440,Lauren Letzsch
"Fri, Mar-04-2022",Arizona,9.7750,,9.7500,9.9500,,A,Oregon State,31440,Lauren Letzsch
"Sun, Mar-13-2022","Arkansas, Denver, Nebraska",9.8500,,9.8250,9.8750,,A,Oregon State,31440,Lauren Letzsch
"Sat, Mar-19-2022","Arizona, Arizona State, California, Stanford, UCLA, Utah, Washington",9.8000,,9.9000,9.8500,,A,Oregon State,31440,Lauren Letzsch
"Thu, Mar-31-2022",,9.8000,,9.8500,9.9000,,A,Oregon State,31440,Lauren Letzsch
"Sat, Jan-15-2022","Boise State, San Jose State, Washington",,8.8500,,,,H,Oregon State,29599,Colette Yamaoka
"Sun, Jan-23-2022","UC Davis, UCLA",,9.7000,,,,H,Oregon State,29599,Colette Yamaoka
"Sat, Jan-29-2022",California,,9.7250,,,,A,Oregon State,29599,Colette Yamaoka
"Sat, Feb-05-2022",Arizona State,,9.7750,,,,H,Oregon State,29599,Colette Yamaoka
"Sun, Feb-13-2022",Washington,,9.8000,,,,H,Oregon State,29599,Colette Yamaoka
"Fri, Feb-18-2022",Utah,,9.7750,,,,A,Oregon State,29599,Colette Yamaoka
"Fri, Feb-25-2022",Stanford,,9.8250,,,,H,Oregon State,29599,Colette Yamaoka
"Fri, Mar-04-2022",Arizona,,9.7500,,,,A,Oregon State,29599,Colette Yamaoka
"Sun, Mar-13-2022","Arkansas, Denver, Nebraska",,9.7250,,,,A,Oregon State,29599,Colette Yamaoka
"Sat, Mar-19-2022","Arizona, Arizona State, California, Stanford, UCLA, Utah, Washington",,9.8000,,,,A,Oregon State,29599,Colette Yamaoka
"Thu, Mar-31-2022",,,9.8000,,,,A,Oregon State,29599,Colette Yamaoka
"Sat, Jan-15-2022","Boise State, San Jose State, Washington",9.8250,,,9.8750,,H,Oregon State,29600,Kaitlyn Yanish
"Sun, Jan-23-2022","UC Davis, UCLA",9.8750,,,9.9000,,H,Oregon State,29600,Kaitlyn Yanish
"Sat, Jan-29-2022",California,9.8750,,,9.7750,,A,Oregon State,29600,Kaitlyn Yanish
"Sat, Feb-05-2022",Arizona State,9.8750,,,9.9000,,H,Oregon State,29600,Kaitlyn Yanish
"Sun, Feb-13-2022",Washington,9.8500,,,9.9750,,H,Oregon State,29600,Kaitlyn Yanish
"Fri, Feb-18-2022",Utah,9.8000,,,9.8500,,A,Oregon State,29600,Kaitlyn Yanish
"Fri, Feb-25-2022",Stanford,9.8250,,,9.9500,,H,Oregon State,29600,Kaitlyn Yanish
"Fri, Mar-04-2022",Arizona,9.8500,,,5.8500,,A,Oregon State,29600,Kaitlyn Yanish
"Thu, Mar-31-2022",,,,,9.8250,,A,Oregon State,29600,Kaitlyn Yanish
"Sat, Jan-15-2022","Boise State, San Jose State, Washington",,,9.1500,,,H,Oregon State,31024,Ariana Young
"Fri, Mar-04-2022",Arizona,,,9.8500,,,A,Oregon State,31024,Ariana Young
"Sun, Mar-13-2022","Arkansas, Denver, Nebraska",,,9.7000,9.7250,,A,Oregon State,31024,Ariana Young
"Sat, Mar-19-2022","Arizona, Arizona State, California, Stanford, UCLA, Utah, Washington",,,9.6500,9.8000,,A,Oregon State,31024,Ariana Young
"Thu, Mar-31-2022",,,,9.9000,9.8500,,A,Oregon State,31024,Ariana Young
"Fri, Jan-07-2022","Pennsylvania, Pittsburgh, Temple",,,9.8000,9.7750,,A,Penn State,30092,Melissa Astarita
"Fri, Jan-14-2022",Yale,,,9.6750,9.8250,,H,Penn State,30092,Melissa Astarita
"Sat, Jan-22-2022",Ohio State,,,9.6750,9.8500,,A,Penn State,30092,Melissa Astarita
"Sat, Jan-29-2022",Illinois,,,9.6250,9.8750,,H,Penn State,30092,Melissa Astarita
"Fri, Feb-04-2022",Iowa,,,9.1750,9.8000,,A,Penn State,30092,Melissa Astarita
"Sun, Feb-13-2022",Michigan,,,8.9750,9.8750,,A,Penn State,30092,Melissa Astarita
"Sat, Feb-19-2022","Maryland, Nebraska, Ohio State, Rutgers",,,,9.8750,,A,Penn State,30092,Melissa Astarita
"Sat, Feb-26-2022",Maryland,,,,9.8250,,H,Penn State,30092,Melissa Astarita
"Sat, Mar-05-2022","Cornell, Denver, Southern Utah",,,,9.8000,,H,Penn State,30092,Melissa Astarita
"Sat, Jan-22-2022",Ohio State,,,9.1000,,,A,Penn State,31025,Maggie Ayers
"Sat, Feb-19-2022","Maryland, Nebraska, Ohio State, Rutgers",,,9.6750,,,A,Penn State,31025,Maggie Ayers
"Sat, Feb-26-2022",Maryland,,,9.5250,,,H,Penn State,31025,Maggie Ayers
"Sat, Jan-22-2022",Ohio State,,9.8250,,,,A,Penn State,31443,Nikki Beckwith
"Sat, Jan-29-2022",Illinois,,9.6750,,,,H,Penn State,31443,Nikki Beckwith
"Fri, Feb-04-2022",Iowa,,9.9000,,,,A,Penn State,31443,Nikki Beckwith
"Sun, Feb-13-2022",Michigan,,9.8000,,,,A,Penn State,31443,Nikki Beckwith
"Sat, Feb-19-2022","Maryland, Nebraska, Ohio State, Rutgers",,9.8750,,,,A,Penn State,31443,Nikki Beckwith
"Sat, Feb-26-2022",Maryland,,8.1500,,,,H,Penn State,31443,Nikki Beckwith
"Sat, Mar-05-2022","Cornell, Denver, Southern Utah",,9.4750,,,,H,Penn State,31443,Nikki Beckwith
"Sun, Mar-13-2022","Brown, New Hampshire, Southern Conn.",,9.8250,,,,A,Penn State,31443,Nikki Beckwith
"Fri, Jan-07-2022","Pennsylvania, Pittsburgh, Temple",,,9.6500,,,A,Penn State,30492,Amy Bladon
"Fri, Jan-14-2022",Yale,,,9.8250,,,H,Penn State,30492,Amy Bladon
"Sat, Jan-22-2022",Ohio State,,,9.7000,,,A,Penn State,30492,Amy Bladon
"Sat, Jan-29-2022",Illinois,,,9.8000,,,H,Penn State,30492,Amy Bladon
"Fri, Feb-04-2022",Iowa,,,8.2500,,,A,Penn State,30492,Amy Bladon
"Sun, Feb-13-2022",Michigan,,,9.7500,,,A,Penn State,30492,Amy Bladon
"Fri, Jan-07-2022","Pennsylvania, Pittsburgh, Temple",9.7500,9.9000,,8.9250,,A,Penn State,25007,Alissa Bonsall
"Fri, Jan-14-2022",Yale,9.7500,9.8000,,9.8000,,H,Penn State,25007,Alissa Bonsall
"Sat, Jan-22-2022",Ohio State,9.8250,9.8250,,9.8250,,A,Penn State,25007,Alissa Bonsall
"Sat, Jan-29-2022",Illinois,9.7500,9.9500,,9.8000,,H,Penn State,25007,Alissa Bonsall
"Fri, Feb-04-2022",Iowa,9.8000,9.8500,,9.8250,,A,Penn State,25007,Alissa Bonsall
"Sun, Feb-13-2022",Michigan,9.7250,9.8750,,9.7000,,A,Penn State,25007,Alissa Bonsall
"Sat, Feb-19-2022","Maryland, Nebraska, Ohio State, Rutgers",,9.8500,,9.7000,,A,Penn State,25007,Alissa Bonsall
"Sat, Feb-26-2022",Maryland,,9.8500,,9.7750,,H,Penn State,25007,Alissa Bonsall
"Sat, Mar-05-2022","Cornell, Denver, Southern Utah",,9.8500,,,,H,Penn State,25007,Alissa Bonsall
"Sun, Mar-13-2022","Brown, New Hampshire, Southern Conn.",9.7750,9.9500,,,,A,Penn State,25007,Alissa Bonsall
"Sat, Mar-19-2022","Illinois, Iowa, Maryland, Michigan, Michigan State, Minnesota, Nebraska, Ohio State, Rutgers",9.7750,9.8250,,9.8500,,A,Penn State,25007,Alissa Bonsall
"Thu, Mar-31-2022",,,9.8000,,,,A,Penn State,25007,Alissa Bonsall
"Fri, Jan-07-2022","Pennsylvania, Pittsburgh, Temple",9.7500,9.9000,9.2000,9.7500,38.6000,A,Penn State,25008,Lauren Bridgens
"Fri, Jan-14-2022",Yale,9.2500,9.8250,9.6000,9.8500,38.5500,H,Penn State,25008,Lauren Bridgens
"Sat, Jan-22-2022",Ohio State,9.8250,9.9000,9.8000,9.8500,39.3750,A,Penn State,25008,Lauren Bridgens
"Sat, Jan-29-2022",Illinois,9.8500,8.9750,9.7500,9.8500,38.4250,H,Penn State,25008,Lauren Bridgens
"Fri, Feb-04-2022",Iowa,9.8500,9.8250,9.8000,9.8250,39.3000,A,Penn State,25008,Lauren Bridgens
"Sun, Feb-13-2022",Michigan,9.8250,9.8250,9.8500,9.7750,39.2750,A,Penn State,25008,Lauren Bridgens
"Sat, Feb-19-2022","Maryland, Nebraska, Ohio State, Rutgers",9.8250,9.0750,9.7750,9.8500,38.5250,A,Penn State,25008,Lauren Bridgens
"Sat, Feb-26-2022",Maryland,9.8250,9.9000,9.8750,9.9250,39.5250,H,Penn State,25008,Lauren Bridgens
"Sat, Mar-05-2022","Cornell, Denver, Southern Utah",9.8250,9.0500,9.6500,9.8750,38.4000,H,Penn State,25008,Lauren Bridgens
"Sun, Mar-13-2022","Brown, New Hampshire, Southern Conn.",9.8000,9.3500,9.6750,9.9250,38.7500,A,Penn State,25008,Lauren Bridgens
"Sat, Mar-19-2022","Illinois, Iowa, Maryland, Michigan, Michigan State, Minnesota, Nebraska, Ohio State, Rutgers",9.7750,9.8750,9.6500,9.8500,39.1500,A,Penn State,25008,Lauren Bridgens
"Thu, Mar-31-2022",,,9.8500,,,,A,Penn State,25008,Lauren Bridgens
"Fri, Jan-07-2022","Pennsylvania, Pittsburgh, Temple",9.7500,,,,,A,Penn State,25009,Kourtney Chinnery
"Fri, Jan-14-2022",Yale,9.7250,,,,,H,Penn State,25009,Kourtney Chinnery
"Sat, Jan-22-2022",Ohio State,9.8250,,,,,A,Penn State,25009,Kourtney Chinnery
"Sat, Jan-29-2022",Illinois,9.9000,,,,,H,Penn State,25009,Kourtney Chinnery
"Fri, Feb-04-2022",Iowa,9.6500,,,,,A,Penn State,25009,Kourtney Chinnery
"Sun, Feb-13-2022",Michigan,9.7250,,,,,A,Penn State,25009,Kourtney Chinnery
"Sat, Feb-19-2022","Maryland, Nebraska, Ohio State, Rutgers",9.7250,,,,,A,Penn State,25009,Kourtney Chinnery
"Sat, Feb-26-2022",Maryland,9.8000,,,,,H,Penn State,25009,Kourtney Chinnery
"Sat, Mar-05-2022","Cornell, Denver, Southern Utah",9.8000,,,,,H,Penn State,25009,Kourtney Chinnery
"Sun, Mar-13-2022","Brown, New Hampshire, Southern Conn.",9.8250,,,,,A,Penn State,25009,Kourtney Chinnery
"Sat, Mar-19-2022","Illinois, Iowa, Maryland, Michigan, Michigan State, Minnesota, Nebraska, Ohio State, Rutgers",9.8000,,,,,A,Penn State,25009,Kourtney Chinnery
"Sat, Mar-05-2022","Cornell, Denver, Southern Utah",,,9.7500,,,H,Penn State,30093,Dymiana Cox
"Sun, Mar-13-2022","Brown, New Hampshire, Southern Conn.",,,9.7000,,,A,Penn State,30093,Dymiana Cox
"Sat, Mar-19-2022","Illinois, Iowa, Maryland, Michigan, Michigan State, Minnesota, Nebraska, Ohio State, Rutgers",,,9.4500,,,A,Penn State,30093,Dymiana Cox
"Sat, Jan-22-2022",Ohio State,,,,,,A,Penn State,31445,Grace Harrell
"Fri, Jan-07-2022","Pennsylvania, Pittsburgh, Temple",9.8250,9.8000,,9.5750,,A,Penn State,31446,Jessica Johanson
"Fri, Jan-14-2022",Yale,9.7750,9.8250,,9.6500,,H,Penn State,31446,Jessica Johanson
"Sat, Jan-22-2022",Ohio State,9.7500,9.7750,,9.6750,,A,Penn State,31446,Jessica Johanson
"Sat, Jan-29-2022",Illinois,9.7750,9.7000,,9.6500,,H,Penn State,31446,Jessica Johanson
"Fri, Feb-04-2022",Iowa,9.8500,9.8250,,9.6000,,A,Penn State,31446,Jessica Johanson
"Sun, Feb-13-2022",Michigan,9.7750,9.7250,,9.7250,,A,Penn State,31446,Jessica Johanson
"Sat, Feb-19-2022","Maryland, Nebraska, Ohio State, Rutgers",9.9000,9.7250,,,,A,Penn State,31446,Jessica Johanson
"Sat, Feb-26-2022",Maryland,9.8250,9.8500,,,,H,Penn State,31446,Jessica Johanson
"Sat, Mar-05-2022","Cornell, Denver, Southern Utah",9.8000,9.8250,,9.7500,,H,Penn State,31446,Jessica Johanson
"Sun, Mar-13-2022","Brown, New Hampshire, Southern Conn.",9.8500,9.8000,,9.8000,,A,Penn State,31446,Jessica Johanson
"Sat, Mar-19-2022","Illinois, Iowa, Maryland, Michigan, Michigan State, Minnesota, Nebraska, Ohio State, Rutgers",9.8500,9.7750,,9.6000,,A,Penn State,31446,Jessica Johanson
"Fri, Jan-07-2022","Pennsylvania, Pittsburgh, Temple",,9.7750,,,,A,Penn State,31027,Maddie Johnston
"Fri, Jan-14-2022",Yale,,9.8000,,,,H,Penn State,31027,Maddie Johnston
"Sat, Jan-22-2022",Ohio State,,9.8250,9.8250,,,A,Penn State,31027,Maddie Johnston
"Sat, Jan-29-2022",Illinois,,9.8500,9.7750,,,H,Penn State,31027,Maddie Johnston
"Fri, Feb-04-2022",Iowa,,9.8000,9.8250,,,A,Penn State,31027,Maddie Johnston
"Sun, Feb-13-2022",Michigan,,9.7000,9.8000,,,A,Penn State,31027,Maddie Johnston
"Sat, Feb-19-2022","Maryland, Nebraska, Ohio State, Rutgers",,9.7750,9.8750,,,A,Penn State,31027,Maddie Johnston
"Sat, Feb-26-2022",Maryland,,9.8250,9.8250,,,H,Penn State,31027,Maddie Johnston
"Sat, Mar-05-2022","Cornell, Denver, Southern Utah",,9.7250,9.2250,,,H,Penn State,31027,Maddie Johnston
"Sun, Mar-13-2022","Brown, New Hampshire, Southern Conn.",,9.8000,9.8750,,,A,Penn State,31027,Maddie Johnston
"Sat, Mar-19-2022","Illinois, Iowa, Maryland, Michigan, Michigan State, Minnesota, Nebraska, Ohio State, Rutgers",,9.8500,9.7000,,,A,Penn State,31027,Maddie Johnston
"Fri, Jan-07-2022","Pennsylvania, Pittsburgh, Temple",,9.7750,,,,A,Penn State,31028,Maggie Mace
"Sat, Jan-22-2022",Ohio State,,,,,,A,Penn State,31028,Maggie Mace
"Fri, Jan-07-2022","Pennsylvania, Pittsburgh, Temple",,,9.3750,,,A,Penn State,30493,Bella Romagnano
"Fri, Jan-14-2022",Yale,,,9.0500,,,H,Penn State,30493,Bella Romagnano
"Fri, Feb-04-2022",Iowa,,,9.7000,,,A,Penn State,30493,Bella Romagnano
"Sun, Feb-13-2022",Michigan,,,9.7750,,,A,Penn State,30493,Bella Romagnano
"Sat, Feb-19-2022","Maryland, Nebraska, Ohio State, Rutgers",,,9.4250,,,A,Penn State,30493,Bella Romagnano
"Sat, Feb-26-2022",Maryland,,,9.7500,,,H,Penn State,30493,Bella Romagnano
"Sat, Mar-05-2022","Cornell, Denver, Southern Utah",,,9.7750,,,H,Penn State,30493,Bella Romagnano
"Sun, Mar-13-2022","Brown, New Hampshire, Southern Conn.",,,9.7250,,,A,Penn State,30493,Bella Romagnano
"Sat, Mar-19-2022","Illinois, Iowa, Maryland, Michigan, Michigan State, Minnesota, Nebraska, Ohio State, Rutgers",,9.7500,9.3250,,,A,Penn State,30493,Bella Romagnano
"Fri, Jan-07-2022","Pennsylvania, Pittsburgh, Temple",9.3250,9.8500,9.0750,9.6250,37.8750,A,Penn State,30494,Cassidy Rushlow
"Fri, Jan-14-2022",Yale,,9.8000,,,,H,Penn State,30494,Cassidy Rushlow
"Sat, Jan-22-2022",Ohio State,9.8500,9.8500,,,,A,Penn State,30494,Cassidy Rushlow
"Fri, Feb-04-2022",Iowa,9.1000,9.8000,,,,A,Penn State,30494,Cassidy Rushlow
"Sun, Feb-13-2022",Michigan,9.8250,9.8250,,,,A,Penn State,30494,Cassidy Rushlow
"Sat, Feb-19-2022","Maryland, Nebraska, Ohio State, Rutgers",9.8000,9.8250,,9.8000,,A,Penn State,30494,Cassidy Rushlow
"Sat, Feb-26-2022",Maryland,9.7500,9.8500,,9.8750,,H,Penn State,30494,Cassidy Rushlow
"Sat, Mar-05-2022","Cornell, Denver, Southern Utah",9.7000,9.9000,,9.8750,,H,Penn State,30494,Cassidy Rushlow
"Sun, Mar-13-2022","Brown, New Hampshire, Southern Conn.",9.7750,9.8500,9.9000,9.7000,39.2250,A,Penn State,30494,Cassidy Rushlow
"Sat, Mar-19-2022","Illinois, Iowa, Maryland, Michigan, Michigan State, Minnesota, Nebraska, Ohio State, Rutgers",9.8500,9.9000,8.8500,9.7000,38.3000,A,Penn State,30494,Cassidy Rushlow
"Thu, Mar-31-2022",,,9.8750,,,,A,Penn State,30494,Cassidy Rushlow
"Fri, Jan-07-2022","Pennsylvania, Pittsburgh, Temple",9.6500,,9.7500,9.8250,,A,Penn State,31447,Isabella Salcedo
"Fri, Jan-14-2022",Yale,9.8250,,9.7500,9.8500,,H,Penn State,31447,Isabella Salcedo
"Sat, Jan-22-2022",Ohio State,9.6750,,9.8250,9.9000,,A,Penn State,31447,Isabella Salcedo
"Sat, Jan-29-2022",Illinois,9.7500,,9.1500,9.9250,,H,Penn State,31447,Isabella Salcedo
"Fri, Feb-04-2022",Iowa,9.8000,,9.8000,9.8250,,A,Penn State,31447,Isabella Salcedo
"Sun, Feb-13-2022",Michigan,9.8000,,9.7000,9.8000,,A,Penn State,31447,Isabella Salcedo
"Sat, Feb-19-2022","Maryland, Nebraska, Ohio State, Rutgers",9.8000,,9.7250,9.9000,,A,Penn State,31447,Isabella Salcedo
"Sat, Feb-26-2022",Maryland,9.8750,,9.5500,9.9250,,H,Penn State,31447,Isabella Salcedo
"Sat, Mar-05-2022","Cornell, Denver, Southern Utah",9.8250,,9.8250,9.9250,,H,Penn State,31447,Isabella Salcedo
"Sun, Mar-13-2022","Brown, New Hampshire, Southern Conn.",,,9.8500,9.9500,,A,Penn State,31447,Isabella Salcedo
"Sat, Mar-19-2022","Illinois, Iowa, Maryland, Michigan, Michigan State, Minnesota, Nebraska, Ohio State, Rutgers",9.8000,,9.1000,9.9000,,A,Penn State,31447,Isabella Salcedo
"Thu, Mar-31-2022",,,,,9.9000,,A,Penn State,31447,Isabella Salcedo
"Fri, Jan-14-2022",Yale,9.7750,9.7750,9.0000,9.2500,37.8000,H,Penn State,31448,Elina Vihrova
"Sat, Jan-22-2022",Ohio State,,,,9.8750,,A,Penn State,31448,Elina Vihrova
"Sat, Jan-29-2022",Illinois,9.7250,9.8500,8.9750,9.8750,38.4250,H,Penn State,31448,Elina Vihrova
"Fri, Feb-04-2022",Iowa,,,,9.1250,,A,Penn State,31448,Elina Vihrova
"Sun, Feb-13-2022",Michigan,,,,9.8250,,A,Penn State,31448,Elina Vihrova
"Sat, Feb-19-2022","Maryland, Nebraska, Ohio State, Rutgers",9.7250,,9.7000,9.8500,,A,Penn State,31448,Elina Vihrova
"Sat, Feb-26-2022",Maryland,9.8250,,9.1500,9.9000,,H,Penn State,31448,Elina Vihrova
"Sat, Mar-05-2022","Cornell, Denver, Southern Utah",9.5750,,9.1750,9.8000,,H,Penn State,31448,Elina Vihrova
"Sun, Mar-13-2022","Brown, New Hampshire, Southern Conn.",9.7500,,,9.8750,,A,Penn State,31448,Elina Vihrova
"Sat, Mar-19-2022","Illinois, Iowa, Maryland, Michigan, Michigan State, Minnesota, Nebraska, Ohio State, Rutgers",,,,9.8750,,A,Penn State,31448,Elina Vihrova
"Fri, Jan-07-2022","Penn State, Pittsburgh, Temple",9.6500,,,9.6750,,A,Pennsylvania,30496,Ariyana Agarwala
"Sun, Jan-16-2022","Cornell, George Washington, William & Mary",,8.4500,,,,A,Pennsylvania,30496,Ariyana Agarwala
"Sun, Jan-30-2022",Yale,,,9.6000,,,H,Pennsylvania,30496,Ariyana Agarwala
"Sun, Feb-06-2022",Cornell,,,8.9250,9.7250,,H,Pennsylvania,30496,Ariyana Agarwala
"Sun, Feb-13-2022",Towson,,,,9.7000,,A,Pennsylvania,30496,Ariyana Agarwala
"Sun, Feb-20-2022",Ursinus College,9.8750,,,,,H,Pennsylvania,30496,Ariyana Agarwala
"Sun, Feb-27-2022","Brown, Cornell, Yale",9.7500,,,,,A,Pennsylvania,30496,Ariyana Agarwala
"Fri, Mar-11-2022","Florida, North Carolina State, Rutgers",9.7750,,,,,A,Pennsylvania,30496,Ariyana Agarwala
"Sun, Mar-13-2022","Bridgeport, George Washington, Maryland",9.9000,,,,,A,Pennsylvania,30496,Ariyana Agarwala
"Sat, Mar-19-2022","Bridgeport, Brown, Cornell, Southern Conn., West Chester, William & Mary, Yale",9.7750,,,,,A,Pennsylvania,30496,Ariyana Agarwala
"Fri, Jan-07-2022","Penn State, Pittsburgh, Temple",9.6500,,9.6000,,,A,Pennsylvania,31030,Kiersten Belkoff
"Sun, Jan-16-2022","Cornell, George Washington, William & Mary",9.8500,,9.2250,,,A,Pennsylvania,31030,Kiersten Belkoff
"Sun, Jan-23-2022","New Hampshire, Temple",9.8000,,9.7500,,,A,Pennsylvania,31030,Kiersten Belkoff
"Sun, Feb-13-2022",Towson,9.8750,,9.7750,,,A,Pennsylvania,31030,Kiersten Belkoff
"Sun, Feb-20-2022",Ursinus College,9.8500,,9.7000,,,H,Pennsylvania,31030,Kiersten Belkoff
"Sun, Feb-27-2022","Brown, Cornell, Yale",9.7000,,9.7750,,,A,Pennsylvania,31030,Kiersten Belkoff
"Fri, Mar-11-2022","Florida, North Carolina State, Rutgers",9.7500,,9.6250,,,A,Pennsylvania,31030,Kiersten Belkoff
"Sun, Mar-13-2022","Bridgeport, George Washington, Maryland",9.1250,,9.8500,,,A,Pennsylvania,31030,Kiersten Belkoff
"Sat, Mar-19-2022","Bridgeport, Brown, Cornell, Southern Conn., West Chester, William & Mary, Yale",9.8250,,9.8750,,,A,Pennsylvania,31030,Kiersten Belkoff
"Sun, Jan-16-2022","Cornell, George Washington, William & Mary",9.6750,,,9.6750,,A,Pennsylvania,31450,Emma Davies
"Sun, Jan-23-2022","New Hampshire, Temple",9.7250,,,,,A,Pennsylvania,31450,Emma Davies
"Sun, Jan-30-2022",Yale,9.5750,,,9.8000,,H,Pennsylvania,31450,Emma Davies
"Sun, Feb-06-2022",Cornell,9.7000,,,9.7250,,H,Pennsylvania,31450,Emma Davies
"Sun, Feb-13-2022",Towson,9.6750,,,9.8000,,A,Pennsylvania,31450,Emma Davies
"Sun, Feb-20-2022",Ursinus College,,,,9.7750,,H,Pennsylvania,31450,Emma Davies
"Sun, Feb-27-2022","Brown, Cornell, Yale",,,,8.8750,,A,Pennsylvania,31450,Emma Davies
"Fri, Mar-11-2022","Florida, North Carolina State, Rutgers",,,,9.8250,,A,Pennsylvania,31450,Emma Davies
"Sun, Mar-13-2022","Bridgeport, George Washington, Maryland",,,,9.7750,,A,Pennsylvania,31450,Emma Davies
"Sat, Mar-19-2022","Bridgeport, Brown, Cornell, Southern Conn., West Chester, William & Mary, Yale",,,,9.9000,,A,Pennsylvania,31450,Emma Davies
"Fri, Jan-07-2022","Penn State, Pittsburgh, Temple",9.6250,,,,,A,Pennsylvania,31451,Rose Debarberie
"Sun, Jan-16-2022","Cornell, George Washington, William & Mary",9.7250,,,,,A,Pennsylvania,31451,Rose Debarberie
"Sun, Jan-23-2022","New Hampshire, Temple",9.8250,,9.4500,,,A,Pennsylvania,31451,Rose Debarberie
"Sun, Jan-30-2022",Yale,9.8250,,9.5500,,,H,Pennsylvania,31451,Rose Debarberie
"Sun, Feb-06-2022",Cornell,9.7500,,9.8000,,,H,Pennsylvania,31451,Rose Debarberie
"Sun, Feb-13-2022",Towson,9.6250,,9.7250,,,A,Pennsylvania,31451,Rose Debarberie
"Sun, Feb-20-2022",Ursinus College,9.8250,,9.6750,,,H,Pennsylvania,31451,Rose Debarberie
"Sun, Feb-27-2022","Brown, Cornell, Yale",9.6500,,9.8000,,,A,Pennsylvania,31451,Rose Debarberie
"Fri, Mar-11-2022","Florida, North Carolina State, Rutgers",9.7250,,9.7500,,,A,Pennsylvania,31451,Rose Debarberie
"Sun, Mar-13-2022","Bridgeport, George Washington, Maryland",9.8000,,9.8500,,,A,Pennsylvania,31451,Rose Debarberie
"Sat, Mar-19-2022","Bridgeport, Brown, Cornell, Southern Conn., West Chester, William & Mary, Yale",9.7750,,9.8000,,,A,Pennsylvania,31451,Rose Debarberie
"Fri, Jan-07-2022","Penn State, Pittsburgh, Temple",,,,8.9500,,A,Pennsylvania,31452,Isabella Garrett
"Sun, Jan-16-2022","Cornell, George Washington, William & Mary",,,,9.6500,,A,Pennsylvania,31452,Isabella Garrett
"Sun, Jan-30-2022",Yale,,,,9.1250,,H,Pennsylvania,31452,Isabella Garrett
"Sun, Jan-30-2022",Yale,,,,9.7500,,H,Pennsylvania,31453,Marigold Garrett
"Sun, Feb-06-2022",Cornell,,,,9.6250,,H,Pennsylvania,31453,Marigold Garrett
"Sun, Feb-20-2022",Ursinus College,,,,9.8000,,H,Pennsylvania,31453,Marigold Garrett
"Sun, Feb-27-2022","Brown, Cornell, Yale",,,,9.6000,,A,Pennsylvania,31453,Marigold Garrett
"Fri, Jan-07-2022","Penn State, Pittsburgh, Temple",,9.5500,,,,A,Pennsylvania,31031,Connie Hsu
"Sun, Jan-16-2022","Cornell, George Washington, William & Mary",,9.7500,,,,A,Pennsylvania,31031,Connie Hsu
"Sun, Jan-23-2022","New Hampshire, Temple",,9.6500,,,,A,Pennsylvania,31031,Connie Hsu
"Sun, Jan-30-2022",Yale,9.7000,8.9500,8.7250,,,H,Pennsylvania,31031,Connie Hsu
"Sun, Feb-06-2022",Cornell,9.6750,,,,,H,Pennsylvania,31031,Connie Hsu
"Sun, Feb-20-2022",Ursinus College,9.8250,,,,,H,Pennsylvania,31031,Connie Hsu
"Sun, Feb-27-2022","Brown, Cornell, Yale",9.6500,,,,,A,Pennsylvania,31031,Connie Hsu
"Fri, Mar-11-2022","Florida, North Carolina State, Rutgers",9.7500,,,9.8750,,A,Pennsylvania,31031,Connie Hsu
"Sun, Mar-13-2022","Bridgeport, George Washington, Maryland",9.8000,9.8250,,9.7500,,A,Pennsylvania,31031,Connie Hsu
"Sat, Mar-19-2022","Bridgeport, Brown, Cornell, Southern Conn., West Chester, William & Mary, Yale",9.7500,9.1000,,9.9250,,A,Pennsylvania,31031,Connie Hsu
"Sun, Jan-23-2022","New Hampshire, Temple",,,,9.7500,,A,Pennsylvania,30099,Lauren Joost
"Fri, Jan-07-2022","Penn State, Pittsburgh, Temple",,9.4250,,,,A,Pennsylvania,31032,Ana Kenefick
"Sun, Jan-23-2022","New Hampshire, Temple",,9.7250,,,,A,Pennsylvania,31032,Ana Kenefick
"Sun, Jan-30-2022",Yale,,9.4250,,,,H,Pennsylvania,31032,Ana Kenefick
"Sun, Feb-06-2022",Cornell,,9.7250,,,,H,Pennsylvania,31032,Ana Kenefick
"Fri, Jan-07-2022","Penn State, Pittsburgh, Temple",,9.3250,9.6000,9.5750,,A,Pennsylvania,31033,Sara Kenefick
"Sun, Jan-16-2022","Cornell, George Washington, William & Mary",,9.8000,9.8250,9.6500,,A,Pennsylvania,31033,Sara Kenefick
"Sun, Jan-23-2022","New Hampshire, Temple",,9.7500,9.7500,9.8500,,A,Pennsylvania,31033,Sara Kenefick
"Sun, Jan-30-2022",Yale,9.8000,9.6000,9.7500,9.8250,38.9750,H,Pennsylvania,31033,Sara Kenefick
"Sun, Feb-06-2022",Cornell,,9.6500,9.3500,,,H,Pennsylvania,31033,Sara Kenefick
"Sun, Feb-13-2022",Towson,9.6750,9.6750,9.0250,9.8750,38.2500,A,Pennsylvania,31033,Sara Kenefick
"Sun, Feb-20-2022",Ursinus College,,,,9.8500,,H,Pennsylvania,31033,Sara Kenefick
"Sun, Feb-27-2022","Brown, Cornell, Yale",,9.6750,9.6750,9.8250,,A,Pennsylvania,31033,Sara Kenefick
"Fri, Mar-11-2022","Florida, North Carolina State, Rutgers",,9.7250,9.6250,9.8000,,A,Pennsylvania,31033,Sara Kenefick
"Sun, Mar-13-2022","Bridgeport, George Washington, Maryland",,9.7000,9.8000,9.7750,,A,Pennsylvania,31033,Sara Kenefick
"Sat, Mar-19-2022","Bridgeport, Brown, Cornell, Southern Conn., West Chester, William & Mary, Yale",,9.8000,9.8500,9.9750,,A,Pennsylvania,31033,Sara Kenefick
"Fri, Jan-07-2022","Penn State, Pittsburgh, Temple",9.6500,,9.5500,9.7250,,A,Pennsylvania,30100,Sydney Kraez
"Sun, Jan-16-2022","Cornell, George Washington, William & Mary",9.7750,,,9.6750,,A,Pennsylvania,30100,Sydney Kraez
"Sun, Jan-23-2022","New Hampshire, Temple",9.8000,9.7000,,9.7750,,A,Pennsylvania,30100,Sydney Kraez
"Sun, Feb-06-2022",Cornell,9.8000,9.8500,9.7500,9.7750,39.1750,H,Pennsylvania,30100,Sydney Kraez
"Sun, Feb-13-2022",Towson,9.7500,9.8000,9.8000,9.5750,38.9250,A,Pennsylvania,30100,Sydney Kraez
"Sun, Feb-20-2022",Ursinus College,9.7250,9.7250,9.0500,9.7000,38.2000,H,Pennsylvania,30100,Sydney Kraez
"Sun, Feb-27-2022","Brown, Cornell, Yale",9.7250,9.8250,,8.6500,,A,Pennsylvania,30100,Sydney Kraez
"Fri, Mar-11-2022","Florida, North Carolina State, Rutgers",,9.7250,,,,A,Pennsylvania,30100,Sydney Kraez
"Sun, Mar-13-2022","Bridgeport, George Washington, Maryland",9.8250,9.8500,,,,A,Pennsylvania,30100,Sydney Kraez
"Sat, Mar-19-2022","Bridgeport, Brown, Cornell, Southern Conn., West Chester, William & Mary, Yale",9.7750,9.8750,8.8000,,,A,Pennsylvania,30100,Sydney Kraez
"Fri, Jan-07-2022","Penn State, Pittsburgh, Temple",,,9.6750,,,A,Pennsylvania,31034,Kristen Kuhn
"Sun, Jan-16-2022","Cornell, George Washington, William & Mary",,9.8750,9.6750,,,A,Pennsylvania,31034,Kristen Kuhn
"Sun, Jan-30-2022",Yale,,9.6750,9.5750,,,H,Pennsylvania,31034,Kristen Kuhn
"Sun, Feb-20-2022",Ursinus College,,9.7500,,,,H,Pennsylvania,31034,Kristen Kuhn
"Sun, Feb-27-2022","Brown, Cornell, Yale",,9.9000,,,,A,Pennsylvania,31034,Kristen Kuhn
"Fri, Mar-11-2022","Florida, North Carolina State, Rutgers",,8.2500,,,,A,Pennsylvania,31034,Kristen Kuhn
"Sun, Mar-13-2022","Bridgeport, George Washington, Maryland",,9.8250,,,,A,Pennsylvania,31034,Kristen Kuhn
"Sat, Mar-19-2022","Bridgeport, Brown, Cornell, Southern Conn., West Chester, William & Mary, Yale",,9.8750,,,,A,Pennsylvania,31034,Kristen Kuhn
"Sun, Jan-23-2022","New Hampshire, Temple",,,,9.7000,,A,Pennsylvania,30501,Rebekah Lashley
"Sun, Feb-06-2022",Cornell,,,,9.7250,,H,Pennsylvania,30501,Rebekah Lashley
"Sun, Feb-13-2022",Towson,,,,8.9500,,A,Pennsylvania,30501,Rebekah Lashley
"Fri, Mar-11-2022","Florida, North Carolina State, Rutgers",,,9.6500,9.7750,,A,Pennsylvania,30501,Rebekah Lashley
"Sun, Mar-13-2022","Bridgeport, George Washington, Maryland",,,9.1500,9.7250,,A,Pennsylvania,30501,Rebekah Lashley
"Sat, Mar-19-2022","Bridgeport, Brown, Cornell, Southern Conn., West Chester, William & Mary, Yale",,,,9.8500,,A,Pennsylvania,30501,Rebekah Lashley
"Fri, Jan-07-2022","Penn State, Pittsburgh, Temple",,,9.6250,,,A,Pennsylvania,31035,Campbell Marr
"Sun, Jan-16-2022","Cornell, George Washington, William & Mary",,,9.7250,,,A,Pennsylvania,31035,Campbell Marr
"Sun, Jan-23-2022","New Hampshire, Temple",,,9.5750,,,A,Pennsylvania,31035,Campbell Marr
"Sun, Feb-06-2022",Cornell,,,9.2000,,,H,Pennsylvania,31035,Campbell Marr
"Sun, Feb-20-2022",Ursinus College,,,9.7250,,,H,Pennsylvania,31035,Campbell Marr
"Sun, Feb-27-2022","Brown, Cornell, Yale",,,9.8000,,,A,Pennsylvania,31035,Campbell Marr
"Fri, Mar-11-2022","Florida, North Carolina State, Rutgers",,,9.1250,,,A,Pennsylvania,31035,Campbell Marr
"Fri, Jan-07-2022","Penn State, Pittsburgh, Temple",,8.8000,,,,A,Pennsylvania,30502,Mccaleigh Marr
"Sun, Jan-16-2022","Cornell, George Washington, William & Mary",,,9.8500,,,A,Pennsylvania,30502,Mccaleigh Marr
"Sun, Jan-23-2022","New Hampshire, Temple",,,9.8000,,,A,Pennsylvania,30502,Mccaleigh Marr
"Sun, Jan-30-2022",Yale,,9.8000,9.8500,,,H,Pennsylvania,30502,Mccaleigh Marr
"Sun, Feb-06-2022",Cornell,,9.9000,9.2500,,,H,Pennsylvania,30502,Mccaleigh Marr
"Sun, Feb-13-2022",Towson,,9.7500,9.9500,,,A,Pennsylvania,30502,Mccaleigh Marr
"Sun, Feb-20-2022",Ursinus College,,9.7750,9.8750,,,H,Pennsylvania,30502,Mccaleigh Marr
"Sun, Feb-27-2022","Brown, Cornell, Yale",,9.8750,9.7000,,,A,Pennsylvania,30502,Mccaleigh Marr
"Fri, Mar-11-2022","Florida, North Carolina State, Rutgers",,9.8000,9.1000,,,A,Pennsylvania,30502,Mccaleigh Marr
"Sun, Mar-13-2022","Bridgeport, George Washington, Maryland",,9.8250,9.9000,,,A,Pennsylvania,30502,Mccaleigh Marr
"Sat, Mar-19-2022","Bridgeport, Brown, Cornell, Southern Conn., West Chester, William & Mary, Yale",,9.9250,9.9500,,,A,Pennsylvania,30502,Mccaleigh Marr
"Thu, Mar-31-2022",,,,9.7750,,,A,Pennsylvania,30502,Mccaleigh Marr
"Sun, Feb-06-2022",Cornell,,9.7000,,,,H,Pennsylvania,30503,Sarah Penuela-Wermers
"Sun, Feb-13-2022",Towson,,9.9000,,,,A,Pennsylvania,30503,Sarah Penuela-Wermers
"Sun, Feb-20-2022",Ursinus College,,9.7250,,,,H,Pennsylvania,30503,Sarah Penuela-Wermers
"Sun, Feb-27-2022","Brown, Cornell, Yale",,8.4750,,,,A,Pennsylvania,30503,Sarah Penuela-Wermers
"Fri, Mar-11-2022","Florida, North Carolina State, Rutgers",,9.7000,,,,A,Pennsylvania,30503,Sarah Penuela-Wermers
"Fri, Jan-07-2022","Penn State, Pittsburgh, Temple",,8.6500,,,,A,Pennsylvania,30101,Sophia Restaino
"Sun, Jan-16-2022","Cornell, George Washington, William & Mary",,9.7500,,,,A,Pennsylvania,30101,Sophia Restaino
"Sun, Jan-23-2022","New Hampshire, Temple",,9.6750,,,,A,Pennsylvania,30101,Sophia Restaino
"Sun, Jan-30-2022",Yale,,9.8000,,,,H,Pennsylvania,30101,Sophia Restaino
"Sun, Feb-13-2022",Towson,,9.6500,,,,A,Pennsylvania,30101,Sophia Restaino
"Sun, Feb-20-2022",Ursinus College,,9.6000,,,,H,Pennsylvania,30101,Sophia Restaino
"Fri, Jan-07-2022","Penn State, Pittsburgh, Temple",9.7750,9.6000,,9.5500,,A,Pennsylvania,31456,Isabel Song
"Sun, Jan-16-2022","Cornell, George Washington, William & Mary",9.7250,9.7250,,9.6500,,A,Pennsylvania,31456,Isabel Song
"Sun, Jan-23-2022","New Hampshire, Temple",9.7500,9.6250,,9.6750,,A,Pennsylvania,31456,Isabel Song
"Sun, Jan-30-2022",Yale,9.8250,,,9.8000,,H,Pennsylvania,31456,Isabel Song
"Sun, Feb-06-2022",Cornell,9.6750,9.7000,,9.7000,,H,Pennsylvania,31456,Isabel Song
"Sun, Feb-13-2022",Towson,9.7750,9.8000,,,,A,Pennsylvania,31456,Isabel Song
"Sun, Feb-20-2022",Ursinus College,9.8000,9.0000,,9.7750,,H,Pennsylvania,31456,Isabel Song
"Sun, Feb-27-2022","Brown, Cornell, Yale",9.7250,9.7250,,9.7500,,A,Pennsylvania,31456,Isabel Song
"Fri, Mar-11-2022","Florida, North Carolina State, Rutgers",9.6500,9.7750,,9.7250,,A,Pennsylvania,31456,Isabel Song
"Sun, Mar-13-2022","Bridgeport, George Washington, Maryland",,9.8500,,9.6750,,A,Pennsylvania,31456,Isabel Song
"Sat, Mar-19-2022","Bridgeport, Brown, Cornell, Southern Conn., West Chester, William & Mary, Yale",9.7250,9.8500,,9.7250,,A,Pennsylvania,31456,Isabel Song
"Fri, Jan-07-2022","Penn State, Pittsburgh, Temple",9.6500,,,9.6250,,A,Pennsylvania,31457,Olivia Vanhorn
"Sun, Jan-16-2022","Cornell, George Washington, William & Mary",9.7000,,,9.0250,,A,Pennsylvania,31457,Olivia Vanhorn
"Sun, Jan-23-2022","New Hampshire, Temple",9.6750,,,9.6000,,A,Pennsylvania,31457,Olivia Vanhorn
"Sun, Jan-30-2022",Yale,9.7250,,,9.7500,,H,Pennsylvania,31457,Olivia Vanhorn
"Sun, Feb-06-2022",Cornell,9.7000,,,,,H,Pennsylvania,31457,Olivia Vanhorn
"Sun, Feb-13-2022",Towson,,,,9.7500,,A,Pennsylvania,31457,Olivia Vanhorn
"Sun, Feb-20-2022",Ursinus College,,,,9.7500,,H,Pennsylvania,31457,Olivia Vanhorn
"Sun, Feb-27-2022","Brown, Cornell, Yale",,,,9.7750,,A,Pennsylvania,31457,Olivia Vanhorn
"Fri, Mar-11-2022","Florida, North Carolina State, Rutgers",9.7750,,,9.7500,,A,Pennsylvania,31457,Olivia Vanhorn
"Sun, Mar-13-2022","Bridgeport, George Washington, Maryland",9.8250,,,9.7000,,A,Pennsylvania,31457,Olivia Vanhorn
"Sat, Mar-19-2022","Bridgeport, Brown, Cornell, Southern Conn., West Chester, William & Mary, Yale",,,,9.8250,,A,Pennsylvania,31457,Olivia Vanhorn
"Fri, Jan-07-2022","Penn State, Pittsburgh, Temple",,,9.5750,,,A,Pennsylvania,30102,Natalie Yang
"Sun, Jan-16-2022","Cornell, George Washington, William & Mary",,,9.8750,,,A,Pennsylvania,30102,Natalie Yang
"Sun, Jan-23-2022","New Hampshire, Temple",,,9.8500,,,A,Pennsylvania,30102,Natalie Yang
"Sun, Feb-13-2022",Towson,,,9.7500,,,A,Pennsylvania,30102,Natalie Yang
"Sun, Feb-20-2022",Ursinus College,,,9.1000,,,H,Pennsylvania,30102,Natalie Yang
"Sun, Feb-27-2022","Brown, Cornell, Yale",,,8.8000,,,A,Pennsylvania,30102,Natalie Yang
"Sun, Mar-13-2022","Bridgeport, George Washington, Maryland",,,9.7750,,,A,Pennsylvania,30102,Natalie Yang
"Sat, Mar-19-2022","Bridgeport, Brown, Cornell, Southern Conn., West Chester, William & Mary, Yale",,,9.7750,,,A,Pennsylvania,30102,Natalie Yang
"Sat, Jan-15-2022","New Hampshire, North Carolina, North Carolina State",,9.1500,,,,H,Rutgers,31766,Elia Aird
"Fri, Jan-07-2022","Florida, Northern Illinois, Texas Woman's",,9.5750,,9.7750,,A,Rutgers,31039,Avery Balser
"Sat, Jan-15-2022","New Hampshire, North Carolina, North Carolina State",,9.7500,,9.7500,,H,Rutgers,31039,Avery Balser
"Sat, Jan-22-2022",Maryland,,9.6500,,9.7250,,A,Rutgers,31039,Avery Balser
"Fri, Jan-28-2022","Cornell, Kent State",,9.7750,,9.5250,,A,Rutgers,31039,Avery Balser
"Sun, Jan-30-2022",Ohio State,,8.8750,,9.7250,,A,Rutgers,31039,Avery Balser
"Fri, Feb-04-2022","Alaska, Michigan",,9.8000,,9.7250,,H,Rutgers,31039,Avery Balser
"Fri, Feb-11-2022","Iowa, Kent State, Ursinus College",,9.8750,,,,H,Rutgers,31039,Avery Balser
"Sat, Feb-19-2022","Maryland, Nebraska, Ohio State, Penn State",,9.8250,,9.7750,,A,Rutgers,31039,Avery Balser
"Fri, Feb-25-2022",Illinois,,9.8500,,9.7750,,A,Rutgers,31039,Avery Balser
"Fri, Mar-04-2022","Brown, North Carolina State, Southern Conn.",,9.8750,,9.7250,,H,Rutgers,31039,Avery Balser
"Fri, Mar-11-2022","Florida, North Carolina State, Pennsylvania",,9.7500,,9.1250,,A,Rutgers,31039,Avery Balser
"Sat, Mar-19-2022","Illinois, Iowa, Maryland, Michigan, Michigan State, Minnesota, Nebraska, Ohio State, Penn State",,9.8000,,,,A,Rutgers,31039,Avery Balser
"Sat, Jan-15-2022","New Hampshire, North Carolina, North Carolina State",,,9.7750,,,H,Rutgers,31767,Brayden Battavio
"Sat, Jan-22-2022",Maryland,,,9.5750,,,A,Rutgers,31767,Brayden Battavio
"Fri, Jan-28-2022","Cornell, Kent State",,8.8250,9.6750,,,A,Rutgers,31767,Brayden Battavio
"Sun, Jan-30-2022",Ohio State,,,9.7750,,,A,Rutgers,31767,Brayden Battavio
"Fri, Feb-04-2022","Alaska, Michigan",,,9.7000,,,H,Rutgers,31767,Brayden Battavio
"Fri, Feb-11-2022","Iowa, Kent State, Ursinus College",,,9.1750,,,H,Rutgers,31767,Brayden Battavio
"Sat, Feb-19-2022","Maryland, Nebraska, Ohio State, Penn State",,,9.2250,,,A,Rutgers,31767,Brayden Battavio
"Fri, Mar-04-2022","Brown, North Carolina State, Southern Conn.",,,9.7750,,,H,Rutgers,31767,Brayden Battavio
"Fri, Mar-11-2022","Florida, North Carolina State, Pennsylvania",,,9.8500,,,A,Rutgers,31767,Brayden Battavio
"Sat, Mar-19-2022","Illinois, Iowa, Maryland, Michigan, Michigan State, Minnesota, Nebraska, Ohio State, Penn State",,,9.6500,,,A,Rutgers,31767,Brayden Battavio
"Sun, Jan-30-2022",Ohio State,,9.6250,,,,A,Rutgers,30504,Kaitlyn Bertola
"Fri, Feb-04-2022","Alaska, Michigan",,9.4750,,,,H,Rutgers,30504,Kaitlyn Bertola
"Fri, Feb-11-2022","Iowa, Kent State, Ursinus College",,9.7500,,,,H,Rutgers,30504,Kaitlyn Bertola
"Sat, Feb-19-2022","Maryland, Nebraska, Ohio State, Penn State",,9.7500,,,,A,Rutgers,30504,Kaitlyn Bertola
"Fri, Feb-25-2022",Illinois,,9.7250,,,,A,Rutgers,30504,Kaitlyn Bertola
"Fri, Mar-04-2022","Brown, North Carolina State, Southern Conn.",,9.6500,,,,H,Rutgers,30504,Kaitlyn Bertola
"Sat, Jan-15-2022","New Hampshire, North Carolina, North Carolina State",9.8500,,,,,H,Rutgers,30069,Mia Betancourt
"Sat, Jan-22-2022",Maryland,9.8000,,,,,A,Rutgers,30069,Mia Betancourt
"Fri, Jan-28-2022","Cornell, Kent State",9.7750,,,,,A,Rutgers,30069,Mia Betancourt
"Sun, Jan-30-2022",Ohio State,9.7500,,,,,A,Rutgers,30069,Mia Betancourt
"Fri, Feb-04-2022","Alaska, Michigan",9.8750,,,,,H,Rutgers,30069,Mia Betancourt
"Fri, Feb-11-2022","Iowa, Kent State, Ursinus College",9.8000,,,,,H,Rutgers,30069,Mia Betancourt
"Sat, Feb-19-2022","Maryland, Nebraska, Ohio State, Penn State",9.7750,,,,,A,Rutgers,30069,Mia Betancourt
"Fri, Feb-25-2022",Illinois,9.8250,,,,,A,Rutgers,30069,Mia Betancourt
"Fri, Mar-04-2022","Brown, North Carolina State, Southern Conn.",9.8500,,,,,H,Rutgers,30069,Mia Betancourt
"Fri, Mar-11-2022","Florida, North Carolina State, Pennsylvania",9.8500,,,,,A,Rutgers,30069,Mia Betancourt
"Sat, Mar-19-2022","Illinois, Iowa, Maryland, Michigan, Michigan State, Minnesota, Nebraska, Ohio State, Penn State",9.8000,,,,,A,Rutgers,30069,Mia Betancourt
"Fri, Jan-07-2022","Florida, Northern Illinois, Texas Woman's",,9.6000,,,,A,Rutgers,31040,Myra Daniels
"Sat, Jan-15-2022","New Hampshire, North Carolina, North Carolina State",,9.7000,,,,H,Rutgers,31040,Myra Daniels
"Fri, Jan-07-2022","Florida, Northern Illinois, Texas Woman's",9.6500,,9.6500,9.9000,,A,Rutgers,25165,Belle Huang
"Sat, Jan-15-2022","New Hampshire, North Carolina, North Carolina State",9.8500,,9.8750,9.9500,,H,Rutgers,25165,Belle Huang
"Sat, Jan-22-2022",Maryland,9.7250,,9.9000,9.9500,,A,Rutgers,25165,Belle Huang
"Fri, Jan-28-2022","Cornell, Kent State",9.8750,,9.7000,9.8250,,A,Rutgers,25165,Belle Huang
"Sun, Jan-30-2022",Ohio State,9.8750,,9.7500,9.9000,,A,Rutgers,25165,Belle Huang
"Fri, Feb-04-2022","Alaska, Michigan",9.9000,,9.8750,9.9750,,H,Rutgers,25165,Belle Huang
"Fri, Feb-11-2022","Iowa, Kent State, Ursinus College",9.8000,,9.9000,9.9000,,H,Rutgers,25165,Belle Huang
"Sat, Feb-19-2022","Maryland, Nebraska, Ohio State, Penn State",9.8000,,9.8250,9.8750,,A,Rutgers,25165,Belle Huang
"Fri, Feb-25-2022",Illinois,9.8250,,9.8500,9.9000,,A,Rutgers,25165,Belle Huang
"Fri, Mar-04-2022","Brown, North Carolina State, Southern Conn.",9.7750,,9.7000,9.8000,,H,Rutgers,25165,Belle Huang
"Fri, Mar-11-2022","Florida, North Carolina State, Pennsylvania",9.7750,,9.8750,9.8750,,A,Rutgers,25165,Belle Huang
"Sat, Mar-19-2022","Illinois, Iowa, Maryland, Michigan, Michigan State, Minnesota, Nebraska, Ohio State, Penn State",9.8250,,9.7500,9.9000,,A,Rutgers,25165,Belle Huang
"Thu, Mar-31-2022",,,,9.9000,9.8250,,A,Rutgers,25165,Belle Huang
"Fri, Jan-07-2022","Florida, Northern Illinois, Texas Woman's",9.7750,,,,,A,Rutgers,31768,Isabella Hughes
"Sat, Jan-15-2022","New Hampshire, North Carolina, North Carolina State",9.7750,,,,,H,Rutgers,31768,Isabella Hughes
"Sat, Jan-22-2022",Maryland,9.6500,,,,,A,Rutgers,31768,Isabella Hughes
"Fri, Jan-28-2022","Cornell, Kent State",9.7000,,,,,A,Rutgers,31768,Isabella Hughes
"Sun, Jan-30-2022",Ohio State,9.7250,,,,,A,Rutgers,31768,Isabella Hughes
"Fri, Feb-04-2022","Alaska, Michigan",9.8250,,,,,H,Rutgers,31768,Isabella Hughes
"Fri, Feb-11-2022","Iowa, Kent State, Ursinus College",9.6500,,,,,H,Rutgers,31768,Isabella Hughes
"Sat, Feb-19-2022","Maryland, Nebraska, Ohio State, Penn State",9.6750,,,,,A,Rutgers,31768,Isabella Hughes
"Fri, Mar-11-2022","Florida, North Carolina State, Pennsylvania",9.8000,,,,,A,Rutgers,31768,Isabella Hughes
"Sat, Mar-19-2022","Illinois, Iowa, Maryland, Michigan, Michigan State, Minnesota, Nebraska, Ohio State, Penn State",9.8000,,,,,A,Rutgers,31768,Isabella Hughes
"Fri, Jan-07-2022","Florida, Northern Illinois, Texas Woman's",,8.6500,,,,A,Rutgers,31769,Maya Jones
"Sat, Jan-15-2022","New Hampshire, North Carolina, North Carolina State",,9.5500,,,,H,Rutgers,31769,Maya Jones
"Sat, Jan-22-2022",Maryland,,8.3500,,,,A,Rutgers,31769,Maya Jones
"Fri, Jan-07-2022","Florida, Northern Illinois, Texas Woman's",9.7750,9.7000,9.8250,9.0500,38.3500,A,Rutgers,30508,Hannah Joyner
"Sat, Jan-15-2022","New Hampshire, North Carolina, North Carolina State",9.8500,9.1250,9.8250,9.8750,38.6750,H,Rutgers,30508,Hannah Joyner
"Sat, Jan-22-2022",Maryland,9.7750,9.7500,9.9250,9.9250,39.3750,A,Rutgers,30508,Hannah Joyner
"Fri, Jan-28-2022","Cornell, Kent State",8.5000,9.8250,9.8000,9.8750,38.0000,A,Rutgers,30508,Hannah Joyner
"Sun, Jan-30-2022",Ohio State,9.8250,9.7500,9.9000,9.8500,39.3250,A,Rutgers,30508,Hannah Joyner
"Fri, Feb-04-2022","Alaska, Michigan",9.8250,9.6500,9.9000,9.9500,39.3250,H,Rutgers,30508,Hannah Joyner
"Fri, Feb-11-2022","Iowa, Kent State, Ursinus College",7.3250,9.8250,9.9500,9.8500,36.9500,H,Rutgers,30508,Hannah Joyner
"Sat, Feb-19-2022","Maryland, Nebraska, Ohio State, Penn State",9.7000,9.7750,9.9000,9.8750,39.2500,A,Rutgers,30508,Hannah Joyner
"Fri, Feb-25-2022",Illinois,9.8500,9.8250,9.1250,9.9250,38.7250,A,Rutgers,30508,Hannah Joyner
"Fri, Mar-04-2022","Brown, North Carolina State, Southern Conn.",9.6750,9.8250,9.8000,9.9250,39.2250,H,Rutgers,30508,Hannah Joyner
"Fri, Mar-11-2022","Florida, North Carolina State, Pennsylvania",9.8000,9.7750,9.9000,9.8750,39.3500,A,Rutgers,30508,Hannah Joyner
"Sat, Mar-19-2022","Illinois, Iowa, Maryland, Michigan, Michigan State, Minnesota, Nebraska, Ohio State, Penn State",9.8500,9.7500,9.8500,9.9000,39.3500,A,Rutgers,30508,Hannah Joyner
"Thu, Mar-31-2022",,9.8000,9.8000,9.8750,9.8500,39.3250,A,Rutgers,30508,Hannah Joyner
"Fri, Jan-07-2022","Florida, Northern Illinois, Texas Woman's",,8.6750,,,,A,Rutgers,30071,Abigail Karolewski
"Fri, Mar-11-2022","Florida, North Carolina State, Pennsylvania",,9.7250,,,,A,Rutgers,30071,Abigail Karolewski
"Sat, Mar-19-2022","Illinois, Iowa, Maryland, Michigan, Michigan State, Minnesota, Nebraska, Ohio State, Penn State",,9.6000,,,,A,Rutgers,30071,Abigail Karolewski
"Fri, Jan-07-2022","Florida, Northern Illinois, Texas Woman's",9.8250,,9.6250,9.6000,,A,Rutgers,31044,Emily Leese
"Sat, Jan-15-2022","New Hampshire, North Carolina, North Carolina State",9.8250,,,9.8500,,H,Rutgers,31044,Emily Leese
"Sat, Jan-22-2022",Maryland,9.8250,,,9.6500,,A,Rutgers,31044,Emily Leese
"Fri, Jan-28-2022","Cornell, Kent State",9.8750,,,9.8000,,A,Rutgers,31044,Emily Leese
"Sun, Jan-30-2022",Ohio State,9.9000,,,9.7500,,A,Rutgers,31044,Emily Leese
"Fri, Feb-04-2022","Alaska, Michigan",9.8500,,,9.8500,,H,Rutgers,31044,Emily Leese
"Fri, Feb-11-2022","Iowa, Kent State, Ursinus College",9.8500,,,9.6250,,H,Rutgers,31044,Emily Leese
"Sat, Feb-19-2022","Maryland, Nebraska, Ohio State, Penn State",9.7000,,,,,A,Rutgers,31044,Emily Leese
"Fri, Feb-25-2022",Illinois,9.8500,,,,,A,Rutgers,31044,Emily Leese
"Fri, Mar-04-2022","Brown, North Carolina State, Southern Conn.",9.6750,,,,,H,Rutgers,31044,Emily Leese
"Fri, Mar-11-2022","Florida, North Carolina State, Pennsylvania",9.8500,,,,,A,Rutgers,31044,Emily Leese
"Sat, Mar-19-2022","Illinois, Iowa, Maryland, Michigan, Michigan State, Minnesota, Nebraska, Ohio State, Penn State",9.8500,,,,,A,Rutgers,31044,Emily Leese
"Thu, Mar-31-2022",,9.5250,,,,,A,Rutgers,31044,Emily Leese
"Sat, Jan-22-2022",Maryland,,,9.6500,,,A,Rutgers,31770,Jackie Manifold
"Fri, Jan-28-2022","Cornell, Kent State",,,9.7000,,,A,Rutgers,31770,Jackie Manifold
"Sun, Jan-30-2022",Ohio State,,,9.7250,,,A,Rutgers,31770,Jackie Manifold
"Fri, Feb-04-2022","Alaska, Michigan",,,9.7250,,,H,Rutgers,31770,Jackie Manifold
"Fri, Feb-11-2022","Iowa, Kent State, Ursinus College",,,9.6750,,,H,Rutgers,31770,Jackie Manifold
"Sat, Feb-19-2022","Maryland, Nebraska, Ohio State, Penn State",,,9.7000,,,A,Rutgers,31770,Jackie Manifold
"Fri, Feb-25-2022",Illinois,,,9.6750,,,A,Rutgers,31770,Jackie Manifold
"Fri, Mar-04-2022","Brown, North Carolina State, Southern Conn.",,,9.7500,,,H,Rutgers,31770,Jackie Manifold
"Fri, Mar-11-2022","Florida, North Carolina State, Pennsylvania",,,9.7250,,,A,Rutgers,31770,Jackie Manifold
"Sat, Mar-19-2022","Illinois, Iowa, Maryland, Michigan, Michigan State, Minnesota, Nebraska, Ohio State, Penn State",,,9.6500,,,A,Rutgers,31770,Jackie Manifold
"Fri, Jan-07-2022","Florida, Northern Illinois, Texas Woman's",9.7000,9.7000,9.0500,8.9500,37.4000,A,Rutgers,31045,Calah Newman
"Sat, Jan-15-2022","New Hampshire, North Carolina, North Carolina State",,8.9750,9.8750,9.0000,,H,Rutgers,31045,Calah Newman
"Sat, Jan-22-2022",Maryland,,9.7500,9.6250,,,A,Rutgers,31045,Calah Newman
"Fri, Jan-28-2022","Cornell, Kent State",,9.7750,9.6750,,,A,Rutgers,31045,Calah Newman
"Sun, Jan-30-2022",Ohio State,,9.7250,9.8000,9.7250,,A,Rutgers,31045,Calah Newman
"Fri, Feb-04-2022","Alaska, Michigan",9.7750,9.5250,9.1750,9.7250,38.2000,H,Rutgers,31045,Calah Newman
"Fri, Feb-11-2022","Iowa, Kent State, Ursinus College",9.5250,9.7250,9.8250,9.8000,38.8750,H,Rutgers,31045,Calah Newman
"Sat, Feb-19-2022","Maryland, Nebraska, Ohio State, Penn State",9.7500,9.6750,9.7750,9.7750,38.9750,A,Rutgers,31045,Calah Newman
"Fri, Feb-25-2022",Illinois,9.7250,9.7500,9.8500,9.7750,39.1000,A,Rutgers,31045,Calah Newman
"Fri, Mar-04-2022","Brown, North Carolina State, Southern Conn.",9.8000,9.6500,9.9000,9.3000,38.6500,H,Rutgers,31045,Calah Newman
"Fri, Mar-11-2022","Florida, North Carolina State, Pennsylvania",9.7000,8.8500,9.6750,9.8250,38.0500,A,Rutgers,31045,Calah Newman
"Sat, Mar-19-2022","Illinois, Iowa, Maryland, Michigan, Michigan State, Minnesota, Nebraska, Ohio State, Penn State",9.8000,9.2500,9.7750,9.7500,38.5750,A,Rutgers,31045,Calah Newman
"Fri, Jan-07-2022","Florida, Northern Illinois, Texas Woman's",,,9.7500,,,A,Rutgers,30923,Gianna Ortiz
"Sat, Jan-15-2022","New Hampshire, North Carolina, North Carolina State",,,9.5250,,,H,Rutgers,30923,Gianna Ortiz
"Sat, Jan-22-2022",Maryland,,,,9.1500,,A,Rutgers,30923,Gianna Ortiz
"Fri, Jan-07-2022","Florida, Northern Illinois, Texas Woman's",9.7500,,,,,A,Rutgers,31771,Anna Pagliaro
"Sat, Jan-15-2022","New Hampshire, North Carolina, North Carolina State",9.6500,,,,,H,Rutgers,31771,Anna Pagliaro
"Sat, Jan-22-2022",Maryland,9.7500,,,,,A,Rutgers,31771,Anna Pagliaro
"Fri, Jan-28-2022","Cornell, Kent State",9.7500,,,9.0750,,A,Rutgers,31771,Anna Pagliaro
"Sun, Jan-30-2022",Ohio State,9.6750,,,,,A,Rutgers,31771,Anna Pagliaro
"Fri, Feb-11-2022","Iowa, Kent State, Ursinus College",,,,9.8750,,H,Rutgers,31771,Anna Pagliaro
"Sat, Feb-19-2022","Maryland, Nebraska, Ohio State, Penn State",,,,9.7250,,A,Rutgers,31771,Anna Pagliaro
"Fri, Feb-25-2022",Illinois,9.7250,,,9.7500,,A,Rutgers,31771,Anna Pagliaro
"Fri, Mar-04-2022","Brown, North Carolina State, Southern Conn.",9.6500,,,9.7250,,H,Rutgers,31771,Anna Pagliaro
"Fri, Mar-11-2022","Florida, North Carolina State, Pennsylvania",,,,9.8250,,A,Rutgers,31771,Anna Pagliaro
"Sat, Mar-19-2022","Illinois, Iowa, Maryland, Michigan, Michigan State, Minnesota, Nebraska, Ohio State, Penn State",,,,9.7500,,A,Rutgers,31771,Anna Pagliaro
"Sat, Jan-22-2022",Maryland,,9.8000,,,,A,Rutgers,31772,Mya Pringle
"Fri, Jan-28-2022","Cornell, Kent State",,9.7750,,,,A,Rutgers,31772,Mya Pringle
"Sun, Jan-30-2022",Ohio State,,9.7500,,,,A,Rutgers,31772,Mya Pringle
"Fri, Feb-04-2022","Alaska, Michigan",,9.7250,,,,H,Rutgers,31772,Mya Pringle
"Fri, Feb-11-2022","Iowa, Kent State, Ursinus College",,9.7750,,,,H,Rutgers,31772,Mya Pringle
"Sat, Feb-19-2022","Maryland, Nebraska, Ohio State, Penn State",,8.9750,,,,A,Rutgers,31772,Mya Pringle
"Fri, Feb-25-2022",Illinois,,9.8000,8.5250,,,A,Rutgers,31772,Mya Pringle
"Fri, Mar-04-2022","Brown, North Carolina State, Southern Conn.",,9.7250,,,,H,Rutgers,31772,Mya Pringle
"Fri, Mar-11-2022","Florida, North Carolina State, Pennsylvania",,9.8000,,,,A,Rutgers,31772,Mya Pringle
"Sat, Mar-19-2022","Illinois, Iowa, Maryland, Michigan, Michigan State, Minnesota, Nebraska, Ohio State, Penn State",,9.8000,,,,A,Rutgers,31772,Mya Pringle
"Fri, Jan-07-2022","Florida, Northern Illinois, Texas Woman's",,,,9.7750,,A,Rutgers,31049,Emily Wood
"Sat, Jan-15-2022","New Hampshire, North Carolina, North Carolina State",,,,9.8250,,H,Rutgers,31049,Emily Wood
"Sat, Jan-22-2022",Maryland,,,,9.7250,,A,Rutgers,31049,Emily Wood
"Fri, Jan-28-2022","Cornell, Kent State",,,,9.8000,,A,Rutgers,31049,Emily Wood
"Sun, Jan-30-2022",Ohio State,,,,9.7750,,A,Rutgers,31049,Emily Wood
"Fri, Feb-04-2022","Alaska, Michigan",,,,9.8500,,H,Rutgers,31049,Emily Wood
"Fri, Feb-11-2022","Iowa, Kent State, Ursinus College",,,,9.7500,,H,Rutgers,31049,Emily Wood
"Sat, Feb-19-2022","Maryland, Nebraska, Ohio State, Penn State",,,,9.8750,,A,Rutgers,31049,Emily Wood
"Fri, Feb-25-2022",Illinois,,,,9.8750,,A,Rutgers,31049,Emily Wood
"Fri, Mar-04-2022","Brown, North Carolina State, Southern Conn.",,,,9.1000,,H,Rutgers,31049,Emily Wood
"Fri, Mar-11-2022","Florida, North Carolina State, Pennsylvania",,,,9.9000,,A,Rutgers,31049,Emily Wood
"Sat, Mar-19-2022","Illinois, Iowa, Maryland, Michigan, Michigan State, Minnesota, Nebraska, Ohio State, Penn State",,,,9.8750,,A,Rutgers,31049,Emily Wood
"Fri, Jan-07-2022","Florida, Northern Illinois, Texas Woman's",,,8.9000,,,A,Rutgers,31050,Stephanie Zannella
"Sat, Jan-15-2022","New Hampshire, North Carolina, North Carolina State",,,9.0500,,,H,Rutgers,31050,Stephanie Zannella
"Sat, Jan-22-2022",Maryland,,,9.8500,,,A,Rutgers,31050,Stephanie Zannella
"Fri, Jan-28-2022","Cornell, Kent State",,,9.5000,,,A,Rutgers,31050,Stephanie Zannella
"Sun, Jan-30-2022",Ohio State,,,9.8750,,,A,Rutgers,31050,Stephanie Zannella
"Fri, Feb-04-2022","Alaska, Michigan",,,9.6750,,,H,Rutgers,31050,Stephanie Zannella
"Fri, Feb-11-2022","Iowa, Kent State, Ursinus College",,,9.8250,,,H,Rutgers,31050,Stephanie Zannella
"Sat, Feb-19-2022","Maryland, Nebraska, Ohio State, Penn State",,,9.6250,,,A,Rutgers,31050,Stephanie Zannella
"Fri, Feb-25-2022",Illinois,,,9.7000,,,A,Rutgers,31050,Stephanie Zannella
"Fri, Mar-04-2022","Brown, North Carolina State, Southern Conn.",,,9.7750,,,H,Rutgers,31050,Stephanie Zannella
"Fri, Mar-11-2022","Florida, North Carolina State, Pennsylvania",,,9.9000,,,A,Rutgers,31050,Stephanie Zannella
"Sat, Mar-19-2022","Illinois, Iowa, Maryland, Michigan, Michigan State, Minnesota, Nebraska, Ohio State, Penn State",,,9.7500,9.7750,,A,Rutgers,31050,Stephanie Zannella
"Sat, Jan-22-2022",Maryland,,9.8000,,,,A,Rutgers,30511,Jordyn Zieden-Weber
"Fri, Jan-28-2022","Cornell, Kent State",,9.6750,,,,A,Rutgers,30511,Jordyn Zieden-Weber
"Sun, Jan-30-2022",Ohio State,,9.7250,,,,A,Rutgers,30511,Jordyn Zieden-Weber
"Fri, Feb-04-2022","Alaska, Michigan",,7.9250,,,,H,Rutgers,30511,Jordyn Zieden-Weber
"Fri, Feb-11-2022","Iowa, Kent State, Ursinus College",,9.7500,,,,H,Rutgers,30511,Jordyn Zieden-Weber
"Sat, Feb-19-2022","Maryland, Nebraska, Ohio State, Penn State",,9.7250,,,,A,Rutgers,30511,Jordyn Zieden-Weber
"Fri, Feb-25-2022",Illinois,,9.6500,,,,A,Rutgers,30511,Jordyn Zieden-Weber
"Fri, Mar-04-2022","Brown, North Carolina State, Southern Conn.",,9.6250,,,,H,Rutgers,30511,Jordyn Zieden-Weber
"Fri, Mar-11-2022","Florida, North Carolina State, Pennsylvania",,9.7250,,,,A,Rutgers,30511,Jordyn Zieden-Weber
"Sat, Mar-19-2022","Illinois, Iowa, Maryland, Michigan, Michigan State, Minnesota, Nebraska, Ohio State, Penn State",,9.7000,,,,A,Rutgers,30511,Jordyn Zieden-Weber
"Sun, Jan-09-2022","Michigan State, UC Davis, UW-Oshkosh",,,9.8500,9.1500,,A,Sacramento State,30626,Simone Dumas-Guzman
"Sun, Jan-16-2022",UC Davis,,,9.6000,,,A,Sacramento State,30626,Simone Dumas-Guzman
"Sun, Jan-30-2022",San Jose State,,,9.0000,,,A,Sacramento State,30626,Simone Dumas-Guzman
"Fri, Feb-04-2022",Air Force,,,8.7500,,,H,Sacramento State,30626,Simone Dumas-Guzman
"Sun, Jan-09-2022","Michigan State, UC Davis, UW-Oshkosh",9.7000,9.2000,9.7250,9.5500,38.1750,A,Sacramento State,31145,Sarah Fitzgerald
"Sun, Jan-16-2022",UC Davis,9.7250,9.4000,9.7000,8.7250,37.5500,A,Sacramento State,31145,Sarah Fitzgerald
"Sun, Jan-30-2022",San Jose State,9.7000,9.6250,8.9000,9.1500,37.3750,A,Sacramento State,31145,Sarah Fitzgerald
"Fri, Feb-04-2022",Air Force,9.7750,9.6750,,9.6500,,H,Sacramento State,31145,Sarah Fitzgerald
"Fri, Feb-11-2022",UC Davis,9.7250,9.0250,,9.7000,,H,Sacramento State,31145,Sarah Fitzgerald
"Fri, Feb-18-2022","Alaska, San Jose State, Texas Woman's",9.8000,8.9250,,9.6500,,H,Sacramento State,31145,Sarah Fitzgerald
"Mon, Feb-21-2022","BYU, Boise State, Stanford",9.8250,9.0000,,9.4500,,A,Sacramento State,31145,Sarah Fitzgerald
"Fri, Feb-25-2022",Air Force,9.6500,9.5500,,,,A,Sacramento State,31145,Sarah Fitzgerald
"Sat, Mar-05-2022",UC Davis,9.7750,9.3500,,9.7000,,H,Sacramento State,31145,Sarah Fitzgerald
"Thu, Mar-10-2022",Arizona,9.7750,,,9.5000,,A,Sacramento State,31145,Sarah Fitzgerald
"Sat, Mar-19-2022","Air Force, Alaska, San Jose State, UC Davis",9.6250,,,9.6000,,A,Sacramento State,31145,Sarah Fitzgerald
"Sun, Jan-09-2022","Michigan State, UC Davis, UW-Oshkosh",,,9.7000,,,A,Sacramento State,30513,Peyton Gillen
"Sun, Jan-16-2022",UC Davis,,,9.2500,,,A,Sacramento State,30513,Peyton Gillen
"Sun, Jan-30-2022",San Jose State,,,9.4250,,,A,Sacramento State,30513,Peyton Gillen
"Fri, Feb-04-2022",Air Force,,,9.7000,,,H,Sacramento State,30513,Peyton Gillen
"Fri, Feb-11-2022",UC Davis,,,9.7750,,,H,Sacramento State,30513,Peyton Gillen
"Fri, Feb-18-2022","Alaska, San Jose State, Texas Woman's",,,9.2500,,,H,Sacramento State,30513,Peyton Gillen
"Mon, Feb-21-2022","BYU, Boise State, Stanford",,,9.9000,,,A,Sacramento State,30513,Peyton Gillen
"Fri, Feb-25-2022",Air Force,,,9.7250,,,A,Sacramento State,30513,Peyton Gillen
"Sat, Mar-05-2022",UC Davis,,,9.8250,,,H,Sacramento State,30513,Peyton Gillen
"Thu, Mar-10-2022",Arizona,,,9.7000,,,A,Sacramento State,30513,Peyton Gillen
"Sat, Mar-19-2022","Air Force, Alaska, San Jose State, UC Davis",,,9.7000,,,A,Sacramento State,30513,Peyton Gillen
"Sun, Jan-09-2022","Michigan State, UC Davis, UW-Oshkosh",9.5250,9.0750,9.1000,8.3000,36.0000,A,Sacramento State,31470,Grace Gilman
"Sun, Jan-16-2022",UC Davis,9.3750,,9.6000,9.5000,,A,Sacramento State,31470,Grace Gilman
"Sun, Jan-30-2022",San Jose State,9.8250,,9.7500,9.5750,,A,Sacramento State,31470,Grace Gilman
"Fri, Feb-04-2022",Air Force,9.8000,,9.6500,9.8750,,H,Sacramento State,31470,Grace Gilman
"Fri, Feb-11-2022",UC Davis,9.7750,,9.7000,9.7000,,H,Sacramento State,31470,Grace Gilman
"Fri, Feb-18-2022","Alaska, San Jose State, Texas Woman's",9.8000,,9.7750,9.7000,,H,Sacramento State,31470,Grace Gilman
"Mon, Feb-21-2022","BYU, Boise State, Stanford",9.8500,,9.7750,9.4250,,A,Sacramento State,31470,Grace Gilman
"Fri, Feb-25-2022",Air Force,9.7750,,9.7500,9.7500,,A,Sacramento State,31470,Grace Gilman
"Sat, Mar-05-2022",UC Davis,9.8250,,9.7750,9.7000,,H,Sacramento State,31470,Grace Gilman
"Thu, Mar-10-2022",Arizona,9.7250,,9.7250,9.7250,,A,Sacramento State,31470,Grace Gilman
"Sat, Mar-19-2022","Air Force, Alaska, San Jose State, UC Davis",9.7750,,9.6250,9.7000,,A,Sacramento State,31470,Grace Gilman
"Fri, Feb-25-2022",Air Force,,,,,,A,Sacramento State,30167,Karissa Hoffman
"Sun, Jan-09-2022","Michigan State, UC Davis, UW-Oshkosh",,9.7250,9.8750,9.5250,,A,Sacramento State,30168,Amber Koeth
"Sun, Jan-16-2022",UC Davis,,9.5250,9.9000,9.4000,,A,Sacramento State,30168,Amber Koeth
"Sun, Jan-30-2022",San Jose State,,9.7000,9.8500,9.7250,,A,Sacramento State,30168,Amber Koeth
"Fri, Feb-04-2022",Air Force,,9.7000,9.9000,9.9000,,H,Sacramento State,30168,Amber Koeth
"Fri, Feb-11-2022",UC Davis,,9.8750,9.6750,9.7500,,H,Sacramento State,30168,Amber Koeth
"Fri, Feb-18-2022","Alaska, San Jose State, Texas Woman's",,9.8500,9.8750,9.8250,,H,Sacramento State,30168,Amber Koeth
"Mon, Feb-21-2022","BYU, Boise State, Stanford",,9.7250,9.2750,9.7000,,A,Sacramento State,30168,Amber Koeth
"Fri, Feb-25-2022",Air Force,,9.7250,9.8000,9.8000,,A,Sacramento State,30168,Amber Koeth
"Sat, Mar-05-2022",UC Davis,,9.8000,9.7500,9.8500,,H,Sacramento State,30168,Amber Koeth
"Thu, Mar-10-2022",Arizona,,9.7500,9.0750,9.8500,,A,Sacramento State,30168,Amber Koeth
"Sat, Mar-19-2022","Air Force, Alaska, San Jose State, UC Davis",,8.6250,9.9000,9.8250,,A,Sacramento State,30168,Amber Koeth
"Thu, Mar-31-2022",,,,9.1500,,,A,Sacramento State,30168,Amber Koeth
"Thu, Mar-10-2022",Arizona,,8.6500,,,,A,Sacramento State,30514,Bella Lahmidi
"Sat, Mar-19-2022","Air Force, Alaska, San Jose State, UC Davis",,9.5750,,,,A,Sacramento State,30514,Bella Lahmidi
"Sun, Jan-09-2022","Michigan State, UC Davis, UW-Oshkosh",,9.3250,,,,A,Sacramento State,30169,Shaye Mathias
"Sun, Jan-16-2022",UC Davis,,9.6500,,,,A,Sacramento State,30169,Shaye Mathias
"Sun, Jan-30-2022",San Jose State,,9.7500,,,,A,Sacramento State,30169,Shaye Mathias
"Fri, Feb-04-2022",Air Force,,9.7000,9.0500,,,H,Sacramento State,30169,Shaye Mathias
"Fri, Feb-11-2022",UC Davis,,9.6500,9.7250,,,H,Sacramento State,30169,Shaye Mathias
"Fri, Feb-18-2022","Alaska, San Jose State, Texas Woman's",,9.7250,9.8000,,,H,Sacramento State,30169,Shaye Mathias
"Mon, Feb-21-2022","BYU, Boise State, Stanford",,9.5000,9.9000,,,A,Sacramento State,30169,Shaye Mathias
"Fri, Feb-25-2022",Air Force,,9.7500,9.2750,,,A,Sacramento State,30169,Shaye Mathias
"Sat, Mar-05-2022",UC Davis,,9.6750,9.7000,,,H,Sacramento State,30169,Shaye Mathias
"Thu, Mar-10-2022",Arizona,,8.9500,9.3500,,,A,Sacramento State,30169,Shaye Mathias
"Sat, Mar-19-2022","Air Force, Alaska, San Jose State, UC Davis",,9.3250,,,,A,Sacramento State,30169,Shaye Mathias
"Sun, Jan-09-2022","Michigan State, UC Davis, UW-Oshkosh",9.8500,,9.6500,,,A,Sacramento State,31146,Emma Morgenthaler
"Sun, Jan-16-2022",UC Davis,9.7250,9.6000,9.6250,9.7000,38.6500,A,Sacramento State,31146,Emma Morgenthaler
"Sun, Jan-30-2022",San Jose State,9.2250,9.5500,9.4500,9.7500,37.9750,A,Sacramento State,31146,Emma Morgenthaler
"Fri, Feb-04-2022",Air Force,9.7250,9.6250,9.7500,9.9250,39.0250,H,Sacramento State,31146,Emma Morgenthaler
"Fri, Feb-11-2022",UC Davis,9.6500,9.8500,9.7000,9.8250,39.0250,H,Sacramento State,31146,Emma Morgenthaler
"Fri, Feb-18-2022","Alaska, San Jose State, Texas Woman's",9.9000,9.6500,9.7750,9.8500,39.1750,H,Sacramento State,31146,Emma Morgenthaler
"Mon, Feb-21-2022","BYU, Boise State, Stanford",9.9000,9.6750,9.7750,9.6500,39.0000,A,Sacramento State,31146,Emma Morgenthaler
"Fri, Feb-25-2022",Air Force,9.8250,9.7500,9.6250,9.7750,38.9750,A,Sacramento State,31146,Emma Morgenthaler
"Sat, Mar-05-2022",UC Davis,9.8750,9.7500,9.6500,9.7750,39.0500,H,Sacramento State,31146,Emma Morgenthaler
"Thu, Mar-10-2022",Arizona,9.8500,9.6500,9.6250,9.7500,38.8750,A,Sacramento State,31146,Emma Morgenthaler
"Sat, Mar-19-2022","Air Force, Alaska, San Jose State, UC Davis",9.8000,9.7250,9.6750,9.7500,38.9500,A,Sacramento State,31146,Emma Morgenthaler
"Thu, Mar-31-2022",,9.7000,,,,,A,Sacramento State,31146,Emma Morgenthaler
"Mon, Feb-21-2022","BYU, Boise State, Stanford",,,,,,A,Sacramento State,31147,Katelyn Searle
"Sat, Mar-19-2022","Air Force, Alaska, San Jose State, UC Davis",,,9.5250,,,A,Sacramento State,31147,Katelyn Searle
"Sun, Jan-09-2022","Michigan State, UC Davis, UW-Oshkosh",9.6750,9.4250,,8.7500,,A,Sacramento State,31148,Torri Tavenner
"Sun, Jan-16-2022",UC Davis,9.5500,9.5250,,9.3000,,A,Sacramento State,31148,Torri Tavenner
"Sun, Jan-30-2022",San Jose State,9.7500,9.6750,,9.2750,,A,Sacramento State,31148,Torri Tavenner
"Fri, Feb-04-2022",Air Force,9.6500,9.6500,,9.5250,,H,Sacramento State,31148,Torri Tavenner
"Fri, Feb-11-2022",UC Davis,9.7000,9.8500,,9.6000,,H,Sacramento State,31148,Torri Tavenner
"Fri, Feb-18-2022","Alaska, San Jose State, Texas Woman's",9.6750,9.7750,,9.6500,,H,Sacramento State,31148,Torri Tavenner
"Mon, Feb-21-2022","BYU, Boise State, Stanford",9.7750,8.7000,,9.4750,,A,Sacramento State,31148,Torri Tavenner
"Fri, Feb-25-2022",Air Force,9.6750,9.6000,,9.4000,,A,Sacramento State,31148,Torri Tavenner
"Sat, Mar-05-2022",UC Davis,9.8000,9.7500,,,,H,Sacramento State,31148,Torri Tavenner
"Thu, Mar-10-2022",Arizona,9.7500,9.7000,,,,A,Sacramento State,31148,Torri Tavenner
"Sat, Mar-19-2022","Air Force, Alaska, San Jose State, UC Davis",9.6500,8.9250,,9.5750,,A,Sacramento State,31148,Torri Tavenner
"Sun, Jan-09-2022","Michigan State, UC Davis, UW-Oshkosh",9.7250,9.6000,,9.3000,,A,Sacramento State,30171,Destiny Watley
"Sun, Jan-16-2022",UC Davis,8.3500,9.0000,,,,A,Sacramento State,30171,Destiny Watley
"Sun, Jan-30-2022",San Jose State,9.6500,9.6750,,9.4500,,A,Sacramento State,30171,Destiny Watley
"Fri, Feb-04-2022",Air Force,9.6500,9.6000,,9.8750,,H,Sacramento State,30171,Destiny Watley
"Fri, Feb-11-2022",UC Davis,9.6250,9.8000,9.8000,9.7000,38.9250,H,Sacramento State,30171,Destiny Watley
"Fri, Feb-18-2022","Alaska, San Jose State, Texas Woman's",9.6750,9.7750,8.7750,9.7000,37.9250,H,Sacramento State,30171,Destiny Watley
"Mon, Feb-21-2022","BYU, Boise State, Stanford",9.7750,9.7500,9.2500,9.6500,38.4250,A,Sacramento State,30171,Destiny Watley
"Fri, Feb-25-2022",Air Force,9.7000,9.1500,8.9500,9.7000,37.5000,A,Sacramento State,30171,Destiny Watley
"Sat, Mar-05-2022",UC Davis,9.7000,9.8500,8.9000,9.6000,38.0500,H,Sacramento State,30171,Destiny Watley
"Thu, Mar-10-2022",Arizona,9.6250,8.9500,,9.8000,,A,Sacramento State,30171,Destiny Watley
"Sat, Mar-19-2022","Air Force, Alaska, San Jose State, UC Davis",9.6750,9.8250,,9.6750,,A,Sacramento State,30171,Destiny Watley
"Sun, Jan-09-2022","Michigan State, UC Davis, UW-Oshkosh",9.5000,,,,,A,Sacramento State,31472,Taija Wells
"Sun, Jan-16-2022",UC Davis,9.7250,,,9.3250,,A,Sacramento State,31472,Taija Wells
"Sun, Jan-30-2022",San Jose State,9.7250,,,,,A,Sacramento State,31149,Mary Won
"Fri, Feb-04-2022",Air Force,9.6000,,,,,H,Sacramento State,31149,Mary Won
"Fri, Feb-11-2022",UC Davis,9.7500,,,,,H,Sacramento State,31149,Mary Won
"Fri, Feb-18-2022","Alaska, San Jose State, Texas Woman's",9.7000,,,,,H,Sacramento State,31149,Mary Won
"Mon, Feb-21-2022","BYU, Boise State, Stanford",9.7000,,,,,A,Sacramento State,31149,Mary Won
"Fri, Feb-25-2022",Air Force,9.2250,,,9.4250,,A,Sacramento State,31149,Mary Won
"Sat, Mar-05-2022",UC Davis,9.8000,,,9.7750,,H,Sacramento State,31149,Mary Won
"Thu, Mar-10-2022",Arizona,9.1750,,9.7250,9.4750,,A,Sacramento State,31149,Mary Won
"Sat, Mar-19-2022","Air Force, Alaska, San Jose State, UC Davis",9.7000,,9.5500,,,A,Sacramento State,31149,Mary Won
"Sun, Jan-09-2022",Denver,9.7500,,,,,A,San Jose State,31473,Micheala Gentry
"Sat, Jan-15-2022","Boise State, Oregon State, Washington",9.7250,,,,,A,San Jose State,31473,Micheala Gentry
"Sun, Jan-30-2022",Sacramento State,9.7500,,,,,H,San Jose State,31473,Micheala Gentry
"Sun, Feb-06-2022",UC Davis,9.7500,,,,,A,San Jose State,31473,Micheala Gentry
"Fri, Feb-11-2022",Air Force,9.7000,,,,,H,San Jose State,31473,Micheala Gentry
"Fri, Feb-18-2022","Alaska, Sacramento State, Texas Woman's",9.7500,,,,,A,San Jose State,31473,Micheala Gentry
"Sun, Feb-27-2022",UC Davis,9.7750,,,,,H,San Jose State,31473,Micheala Gentry
"Fri, Mar-04-2022",Air Force,9.7500,,,,,A,San Jose State,31473,Micheala Gentry
"Fri, Mar-11-2022",Washington,9.6750,,,,,A,San Jose State,31473,Micheala Gentry
"Sat, Mar-19-2022","Air Force, Alaska, Sacramento State, UC Davis",9.8250,,,,,A,San Jose State,31473,Micheala Gentry
"Wed, Mar-30-2022",,9.6000,,,,,A,San Jose State,31473,Micheala Gentry
"Sun, Jan-30-2022",Sacramento State,,,8.8250,,,H,San Jose State,31474,Trinity Johnson
"Sun, Jan-09-2022",Denver,9.7750,,,9.7500,,A,San Jose State,30631,Cameron Kelperis
"Sat, Jan-15-2022","Boise State, Oregon State, Washington",9.5250,,,9.6500,,A,San Jose State,30631,Cameron Kelperis
"Sun, Jan-30-2022",Sacramento State,9.7500,,,9.9000,,H,San Jose State,30631,Cameron Kelperis
"Sun, Feb-06-2022",UC Davis,9.6750,,,9.8250,,A,San Jose State,30631,Cameron Kelperis
"Fri, Feb-11-2022",Air Force,9.6750,,,9.8500,,H,San Jose State,30631,Cameron Kelperis
"Fri, Feb-18-2022","Alaska, Sacramento State, Texas Woman's",9.6500,,,9.8750,,A,San Jose State,30631,Cameron Kelperis
"Sun, Feb-27-2022",UC Davis,9.6500,,,9.8750,,H,San Jose State,30631,Cameron Kelperis
"Fri, Mar-04-2022",Air Force,9.6750,,,9.8250,,A,San Jose State,30631,Cameron Kelperis
"Fri, Mar-11-2022",Washington,9.6250,,,9.8750,,A,San Jose State,30631,Cameron Kelperis
"Sat, Mar-19-2022","Air Force, Alaska, Sacramento State, UC Davis",9.7250,,,9.8500,,A,San Jose State,30631,Cameron Kelperis
"Wed, Mar-30-2022",,9.7750,,,9.8500,,A,San Jose State,30631,Cameron Kelperis
"Sun, Jan-09-2022",Denver,9.8000,,9.6500,,,A,San Jose State,31052,Madison Kirsch
"Sat, Jan-15-2022","Boise State, Oregon State, Washington",9.7750,,,,,A,San Jose State,31052,Madison Kirsch
"Sun, Jan-30-2022",Sacramento State,9.8000,,,,,H,San Jose State,31052,Madison Kirsch
"Sun, Feb-06-2022",UC Davis,9.8750,,9.8250,,,A,San Jose State,31052,Madison Kirsch
"Fri, Feb-11-2022",Air Force,9.8500,,9.7250,,,H,San Jose State,31052,Madison Kirsch
"Fri, Feb-18-2022","Alaska, Sacramento State, Texas Woman's",9.9000,,9.8750,,,A,San Jose State,31052,Madison Kirsch
"Sun, Feb-27-2022",UC Davis,9.8750,,9.7500,,,H,San Jose State,31052,Madison Kirsch
"Fri, Mar-04-2022",Air Force,9.8250,,9.8000,,,A,San Jose State,31052,Madison Kirsch
"Fri, Mar-11-2022",Washington,9.9000,,9.8500,,,A,San Jose State,31052,Madison Kirsch
"Sat, Mar-19-2022","Air Force, Alaska, Sacramento State, UC Davis",9.8750,,9.7000,,,A,San Jose State,31052,Madison Kirsch
"Wed, Mar-30-2022",,9.8500,,9.8000,,,A,San Jose State,31052,Madison Kirsch
"Thu, Mar-31-2022",,9.9000,,,,,A,San Jose State,31052,Madison Kirsch
"Sat, Jan-15-2022","Boise State, Oregon State, Washington",,,9.0750,,,A,San Jose State,31475,Sophia Konieczny
"Sun, Jan-09-2022",Denver,9.7250,9.8750,9.7750,9.8000,39.1750,A,San Jose State,31053,Jaudai Lopes
"Sat, Jan-15-2022","Boise State, Oregon State, Washington",9.8000,9.7000,9.8250,9.5750,38.9000,A,San Jose State,31053,Jaudai Lopes
"Sun, Jan-30-2022",Sacramento State,9.8250,9.7000,9.7500,9.8000,39.0750,H,San Jose State,31053,Jaudai Lopes
"Sun, Feb-06-2022",UC Davis,9.8750,9.8250,9.0250,9.7750,38.5000,A,San Jose State,31053,Jaudai Lopes
"Fri, Feb-11-2022",Air Force,9.8500,9.8500,8.8500,9.8750,38.4250,H,San Jose State,31053,Jaudai Lopes
"Fri, Feb-18-2022","Alaska, Sacramento State, Texas Woman's",9.9250,9.8250,9.7750,9.8250,39.3500,A,San Jose State,31053,Jaudai Lopes
"Sun, Feb-27-2022",UC Davis,9.8750,9.7750,9.8000,9.8750,39.3250,H,San Jose State,31053,Jaudai Lopes
"Fri, Mar-04-2022",Air Force,9.7750,9.8500,9.8000,9.8000,39.2250,A,San Jose State,31053,Jaudai Lopes
"Fri, Mar-11-2022",Washington,9.7750,9.7750,9.8250,9.8250,39.2000,A,San Jose State,31053,Jaudai Lopes
"Sat, Mar-19-2022","Air Force, Alaska, Sacramento State, UC Davis",9.8250,9.8000,9.7500,9.8500,39.2250,A,San Jose State,31053,Jaudai Lopes
"Wed, Mar-30-2022",,9.8500,9.7500,9.0000,9.8000,38.4000,A,San Jose State,31053,Jaudai Lopes
"Sun, Jan-09-2022",Denver,9.7750,9.7250,9.9000,9.8500,39.2500,A,San Jose State,31054,Lauren Macpherson
"Sat, Jan-15-2022","Boise State, Oregon State, Washington",9.6500,9.2750,9.8500,9.7250,38.5000,A,San Jose State,31054,Lauren Macpherson
"Sun, Jan-30-2022",Sacramento State,9.8000,9.8000,9.8250,9.5250,38.9500,H,San Jose State,31054,Lauren Macpherson
"Sun, Feb-06-2022",UC Davis,9.8000,9.7750,9.8750,9.8750,39.3250,A,San Jose State,31054,Lauren Macpherson
"Fri, Feb-11-2022",Air Force,9.8000,9.8500,9.8500,9.8250,39.3250,H,San Jose State,31054,Lauren Macpherson
"Fri, Feb-18-2022","Alaska, Sacramento State, Texas Woman's",9.8250,9.8750,9.6250,9.8750,39.2000,A,San Jose State,31054,Lauren Macpherson
"Sun, Feb-27-2022",UC Davis,9.7500,9.8500,9.7750,9.8500,39.2250,H,San Jose State,31054,Lauren Macpherson
"Fri, Mar-04-2022",Air Force,9.7750,9.7750,9.8000,9.7500,39.1000,A,San Jose State,31054,Lauren Macpherson
"Fri, Mar-11-2022",Washington,9.8000,9.7750,9.0250,9.8250,38.4250,A,San Jose State,31054,Lauren Macpherson
"Sat, Mar-19-2022","Air Force, Alaska, Sacramento State, UC Davis",9.7750,9.8250,9.8250,9.8750,39.3000,A,San Jose State,31054,Lauren Macpherson
"Wed, Mar-30-2022",,9.7750,9.7250,9.8000,9.8500,39.1500,A,San Jose State,31054,Lauren Macpherson
"Thu, Mar-31-2022",,9.7500,9.8500,9.7500,9.7750,39.1250,A,San Jose State,31054,Lauren Macpherson
"Sun, Jan-09-2022",Denver,,,,9.7500,,A,San Jose State,30076,Antonia Marquez
"Sat, Jan-15-2022","Boise State, Oregon State, Washington",,,,9.6250,,A,San Jose State,30076,Antonia Marquez
"Sun, Jan-30-2022",Sacramento State,,,,9.6750,,H,San Jose State,30076,Antonia Marquez
"Sun, Feb-06-2022",UC Davis,,,,9.7750,,A,San Jose State,30076,Antonia Marquez
"Fri, Feb-11-2022",Air Force,,,,9.5500,,H,San Jose State,30076,Antonia Marquez
"Fri, Feb-18-2022","Alaska, Sacramento State, Texas Woman's",,,,9.7750,,A,San Jose State,30076,Antonia Marquez
"Sun, Feb-27-2022",UC Davis,,,,9.8000,,H,San Jose State,30076,Antonia Marquez
"Fri, Mar-04-2022",Air Force,,,,9.6500,,A,San Jose State,30076,Antonia Marquez
"Fri, Mar-11-2022",Washington,,,,9.7000,,A,San Jose State,30076,Antonia Marquez
"Sat, Mar-19-2022","Air Force, Alaska, Sacramento State, UC Davis",,,,9.8250,,A,San Jose State,30076,Antonia Marquez
"Wed, Mar-30-2022",,,,,9.7500,,A,San Jose State,30076,Antonia Marquez
"Sun, Jan-09-2022",Denver,9.7750,9.9250,9.8000,9.8500,39.3500,A,San Jose State,30632,Jada Mazury
"Sat, Jan-15-2022","Boise State, Oregon State, Washington",9.7000,8.2000,9.8250,9.8250,37.5500,A,San Jose State,30632,Jada Mazury
"Sun, Jan-30-2022",Sacramento State,9.8250,9.8000,9.7750,9.8500,39.2250,H,San Jose State,30632,Jada Mazury
"Sun, Feb-06-2022",UC Davis,9.6000,9.8500,9.8750,9.9000,39.2250,A,San Jose State,30632,Jada Mazury
"Fri, Feb-11-2022",Air Force,9.7500,9.9000,9.7750,9.9250,39.3500,H,San Jose State,30632,Jada Mazury
"Fri, Feb-18-2022","Alaska, Sacramento State, Texas Woman's",9.7250,9.8500,9.8250,9.7000,39.1000,A,San Jose State,30632,Jada Mazury
"Sun, Feb-27-2022",UC Davis,9.7750,9.9500,9.7000,9.9000,39.3250,H,San Jose State,30632,Jada Mazury
"Fri, Mar-04-2022",Air Force,9.7750,9.9000,9.8500,9.8750,39.4000,A,San Jose State,30632,Jada Mazury
"Fri, Mar-11-2022",Washington,9.7250,9.9250,9.8250,9.8750,39.3500,A,San Jose State,30632,Jada Mazury
"Sat, Mar-19-2022","Air Force, Alaska, Sacramento State, UC Davis",9.7500,9.8500,9.8250,9.9250,39.3500,A,San Jose State,30632,Jada Mazury
"Wed, Mar-30-2022",,9.6500,9.9000,9.1500,9.9000,38.6000,A,San Jose State,30632,Jada Mazury
"Thu, Mar-31-2022",,9.6750,9.8500,9.7500,9.7500,39.0250,A,San Jose State,30632,Jada Mazury
"Sun, Jan-09-2022",Denver,,9.8000,9.8750,,,A,San Jose State,30633,Emma Milne
"Sat, Jan-15-2022","Boise State, Oregon State, Washington",,9.8250,9.8750,,,A,San Jose State,30633,Emma Milne
"Sun, Jan-30-2022",Sacramento State,,9.7250,9.8500,,,H,San Jose State,30633,Emma Milne
"Sun, Feb-06-2022",UC Davis,,9.8500,9.9250,,,A,San Jose State,30633,Emma Milne
"Fri, Feb-11-2022",Air Force,,9.8500,9.1250,,,H,San Jose State,30633,Emma Milne
"Fri, Feb-18-2022","Alaska, Sacramento State, Texas Woman's",,9.7750,9.2250,,,A,San Jose State,30633,Emma Milne
"Sun, Feb-27-2022",UC Davis,,9.8250,9.9000,,,H,San Jose State,30633,Emma Milne
"Fri, Mar-04-2022",Air Force,,9.6750,9.9250,,,A,San Jose State,30633,Emma Milne
"Fri, Mar-11-2022",Washington,,9.7750,9.9250,,,A,San Jose State,30633,Emma Milne
"Sat, Mar-19-2022","Air Force, Alaska, Sacramento State, UC Davis",,9.7750,9.9250,,,A,San Jose State,30633,Emma Milne
"Wed, Mar-30-2022",,,9.8000,9.8500,,,A,San Jose State,30633,Emma Milne
"Thu, Mar-31-2022",,,,9.9000,,,A,San Jose State,30633,Emma Milne
"Sun, Jan-09-2022",Denver,,,,9.7500,,A,San Jose State,30077,Carli Orcutt
"Sat, Jan-15-2022","Boise State, Oregon State, Washington",,,,9.5500,,A,San Jose State,30077,Carli Orcutt
"Sun, Jan-30-2022",Sacramento State,,,,9.7000,,H,San Jose State,30077,Carli Orcutt
"Sun, Feb-06-2022",UC Davis,,,,8.7500,,A,San Jose State,30077,Carli Orcutt
"Fri, Feb-11-2022",Air Force,,,,9.8250,,H,San Jose State,30077,Carli Orcutt
"Fri, Feb-18-2022","Alaska, Sacramento State, Texas Woman's",,,,9.8000,,A,San Jose State,30077,Carli Orcutt
"Sun, Feb-27-2022",UC Davis,,,,9.7250,,H,San Jose State,30077,Carli Orcutt
"Fri, Mar-04-2022",Air Force,,,,9.7500,,A,San Jose State,30077,Carli Orcutt
"Fri, Mar-11-2022",Washington,,,,9.6750,,A,San Jose State,30077,Carli Orcutt
"Sat, Mar-19-2022","Air Force, Alaska, Sacramento State, UC Davis",,,,8.8750,,A,San Jose State,30077,Carli Orcutt
"Wed, Mar-30-2022",,,,,9.8250,,A,San Jose State,30077,Carli Orcutt
"Sat, Jan-15-2022","Boise State, Oregon State, Washington",,8.6500,,,,A,San Jose State,24803,Mercedez Sanchez
"Sun, Jan-30-2022",Sacramento State,,9.5500,,,,H,San Jose State,24803,Mercedez Sanchez
"Sun, Feb-06-2022",UC Davis,,8.8000,,,,A,San Jose State,24803,Mercedez Sanchez
"Sun, Feb-27-2022",UC Davis,,9.6750,,,,H,San Jose State,24803,Mercedez Sanchez
"Fri, Mar-04-2022",Air Force,,9.8500,,,,A,San Jose State,24803,Mercedez Sanchez
"Fri, Mar-11-2022",Washington,,8.3500,,,,A,San Jose State,24803,Mercedez Sanchez
"Sun, Jan-09-2022",Denver,,9.3250,,,,A,San Jose State,30635,Alexa Solomon
"Sun, Jan-30-2022",Sacramento State,,9.8000,,,,H,San Jose State,30635,Alexa Solomon
"Sun, Feb-06-2022",UC Davis,,9.8250,,,,A,San Jose State,30635,Alexa Solomon
"Fri, Feb-11-2022",Air Force,,9.9000,,,,H,San Jose State,30635,Alexa Solomon
"Fri, Feb-18-2022","Alaska, Sacramento State, Texas Woman's",,9.8500,,,,A,San Jose State,30635,Alexa Solomon
"Sun, Feb-27-2022",UC Davis,,9.7750,,,,H,San Jose State,30635,Alexa Solomon
"Fri, Mar-04-2022",Air Force,,9.8250,,,,A,San Jose State,30635,Alexa Solomon
"Fri, Mar-11-2022",Washington,,8.9500,,,,A,San Jose State,30635,Alexa Solomon
"Sat, Mar-19-2022","Air Force, Alaska, Sacramento State, UC Davis",,9.7250,,,,A,San Jose State,30635,Alexa Solomon
"Wed, Mar-30-2022",,,9.8500,,,,A,San Jose State,30635,Alexa Solomon
"Sun, Jan-09-2022",Denver,,9.7500,9.5250,,,A,San Jose State,31476,Katherine Weyhmiller
"Sat, Jan-15-2022","Boise State, Oregon State, Washington",,9.5500,9.3000,,,A,San Jose State,31476,Katherine Weyhmiller
"Sun, Jan-30-2022",Sacramento State,,,9.7750,,,H,San Jose State,31476,Katherine Weyhmiller
"Sun, Feb-06-2022",UC Davis,,,9.8000,,,A,San Jose State,31476,Katherine Weyhmiller
"Fri, Feb-11-2022",Air Force,,9.8250,9.9000,,,H,San Jose State,31476,Katherine Weyhmiller
"Fri, Feb-18-2022","Alaska, Sacramento State, Texas Woman's",,9.7500,9.4750,,,A,San Jose State,31476,Katherine Weyhmiller
"Sun, Feb-27-2022",UC Davis,,,9.8750,,,H,San Jose State,31476,Katherine Weyhmiller
"Fri, Mar-04-2022",Air Force,,,9.8500,,,A,San Jose State,31476,Katherine Weyhmiller
"Fri, Mar-11-2022",Washington,,,9.8000,,,A,San Jose State,31476,Katherine Weyhmiller
"Sat, Mar-19-2022","Air Force, Alaska, Sacramento State, UC Davis",,9.7750,9.2000,,,A,San Jose State,31476,Katherine Weyhmiller
"Wed, Mar-30-2022",,,9.8500,9.2750,,,A,San Jose State,31476,Katherine Weyhmiller
"Fri, Jan-07-2022","BYU, Utah, Utah State",9.8250,,,,,A,Southern Utah,25038,Morgan Alfaro
"Fri, Jan-14-2022",Arizona,9.8500,,,,,H,Southern Utah,25038,Morgan Alfaro
"Fri, Jan-21-2022",BYU,9.7750,,,,,H,Southern Utah,25038,Morgan Alfaro
"Fri, Jan-28-2022",Boise State,9.7750,,,,,A,Southern Utah,25038,Morgan Alfaro
"Fri, Feb-04-2022","Ball State, Utah State",9.8500,,,,,A,Southern Utah,25038,Morgan Alfaro
"Fri, Feb-11-2022",Utah State,9.9000,,,,,H,Southern Utah,25038,Morgan Alfaro
"Fri, Feb-18-2022",BYU,9.8250,,,,,A,Southern Utah,25038,Morgan Alfaro
"Fri, Feb-25-2022",Boise State,9.7750,,,,,H,Southern Utah,25038,Morgan Alfaro
"Sat, Mar-05-2022","Cornell, Denver, Penn State",9.8750,,,,,A,Southern Utah,25038,Morgan Alfaro
"Fri, Mar-11-2022",William & Mary,9.8750,,,,,H,Southern Utah,25038,Morgan Alfaro
"Sat, Mar-19-2022","BYU, Boise State, Utah State",9.8000,,,,,A,Southern Utah,25038,Morgan Alfaro
"Thu, Mar-31-2022",,9.8000,,,,,A,Southern Utah,25038,Morgan Alfaro
"Fri, Feb-04-2022","Ball State, Utah State",9.8000,,,,,A,Southern Utah,30527,Celine Barney
"Fri, Feb-11-2022",Utah State,9.8000,,,,,H,Southern Utah,30527,Celine Barney
"Fri, Feb-18-2022",BYU,9.7000,,,,,A,Southern Utah,30527,Celine Barney
"Sat, Mar-05-2022","Cornell, Denver, Penn State",9.6750,,,,,A,Southern Utah,30527,Celine Barney
"Sat, Mar-19-2022","BYU, Boise State, Utah State",9.8250,,,,,A,Southern Utah,30527,Celine Barney
"Thu, Mar-31-2022",,9.7500,,,,,A,Southern Utah,30527,Celine Barney
"Fri, Jan-07-2022","BYU, Utah, Utah State",,9.8000,,,,A,Southern Utah,30086,Mayson Bentley
"Fri, Jan-14-2022",Arizona,,9.8500,,,,H,Southern Utah,30086,Mayson Bentley
"Fri, Jan-21-2022",BYU,,9.7500,,,,H,Southern Utah,30086,Mayson Bentley
"Fri, Jan-28-2022",Boise State,,9.7750,,,,A,Southern Utah,30086,Mayson Bentley
"Fri, Feb-04-2022","Ball State, Utah State",,9.7500,,,,A,Southern Utah,30086,Mayson Bentley
"Fri, Feb-11-2022",Utah State,,9.8250,,,,H,Southern Utah,30086,Mayson Bentley
"Fri, Feb-18-2022",BYU,,9.9250,,,,A,Southern Utah,30086,Mayson Bentley
"Fri, Feb-25-2022",Boise State,,9.7750,,,,H,Southern Utah,30086,Mayson Bentley
"Sat, Mar-05-2022","Cornell, Denver, Penn State",,8.7750,,,,A,Southern Utah,30086,Mayson Bentley
"Fri, Mar-11-2022",William & Mary,,9.2500,,,,H,Southern Utah,30086,Mayson Bentley
"Sat, Mar-19-2022","BYU, Boise State, Utah State",,9.8750,,,,A,Southern Utah,30086,Mayson Bentley
"Thu, Mar-31-2022",,,9.8500,,,,A,Southern Utah,30086,Mayson Bentley
"Fri, Jan-07-2022","BYU, Utah, Utah State",9.7500,,,9.5000,,A,Southern Utah,31482,Ellie Cacciola
"Fri, Jan-14-2022",Arizona,9.7750,,,,,H,Southern Utah,31482,Ellie Cacciola
"Fri, Jan-21-2022",BYU,9.6000,,9.7750,9.7250,,H,Southern Utah,31482,Ellie Cacciola
"Fri, Jan-28-2022",Boise State,8.9750,,,,,A,Southern Utah,31482,Ellie Cacciola
"Fri, Feb-18-2022",BYU,,,9.8500,,,A,Southern Utah,31482,Ellie Cacciola
"Fri, Feb-25-2022",Boise State,,,9.2750,,,H,Southern Utah,31482,Ellie Cacciola
"Fri, Feb-04-2022","Ball State, Utah State",,,,9.0000,,A,Southern Utah,31483,Taylor Gull
"Fri, Jan-07-2022","BYU, Utah, Utah State",9.5500,,,,,A,Southern Utah,31203,Anna Hartley
"Fri, Jan-28-2022",Boise State,9.6500,,,,,A,Southern Utah,31203,Anna Hartley
"Fri, Feb-25-2022",Boise State,9.8000,,,,,H,Southern Utah,31203,Anna Hartley
"Sat, Mar-05-2022","Cornell, Denver, Penn State",9.7000,,,,,A,Southern Utah,31203,Anna Hartley
"Fri, Mar-11-2022",William & Mary,9.7750,,,,,H,Southern Utah,31203,Anna Hartley
"Sat, Mar-19-2022","BYU, Boise State, Utah State",9.7500,,,,,A,Southern Utah,31203,Anna Hartley
"Thu, Mar-31-2022",,9.7250,,,,,A,Southern Utah,31203,Anna Hartley
"Fri, Feb-25-2022",Boise State,,,9.0000,,,H,Southern Utah,30528,Ruby Hernandez
"Fri, Jan-07-2022","BYU, Utah, Utah State",9.8250,,,9.7750,,A,Southern Utah,30529,Kayla Horton
"Fri, Jan-14-2022",Arizona,9.2750,,,9.8250,,H,Southern Utah,30529,Kayla Horton
"Fri, Jan-21-2022",BYU,9.8000,,,9.8250,,H,Southern Utah,30529,Kayla Horton
"Fri, Jan-28-2022",Boise State,,,,9.7500,,A,Southern Utah,30529,Kayla Horton
"Fri, Feb-04-2022","Ball State, Utah State",,,,9.6000,,A,Southern Utah,30529,Kayla Horton
"Fri, Feb-11-2022",Utah State,,,,9.7000,,H,Southern Utah,30529,Kayla Horton
"Fri, Feb-18-2022",BYU,,,,9.8250,,A,Southern Utah,30529,Kayla Horton
"Fri, Feb-25-2022",Boise State,,,,9.8250,,H,Southern Utah,30529,Kayla Horton
"Sat, Mar-05-2022","Cornell, Denver, Penn State",,,,8.9750,,A,Southern Utah,30529,Kayla Horton
"Fri, Mar-11-2022",William & Mary,,,,9.8250,,H,Southern Utah,30529,Kayla Horton
"Sat, Mar-19-2022","BYU, Boise State, Utah State",,,,9.7000,,A,Southern Utah,30529,Kayla Horton
"Thu, Mar-31-2022",,,,,9.6500,,A,Southern Utah,30529,Kayla Horton
"Fri, Jan-07-2022","BYU, Utah, Utah State",,9.8250,,,,A,Southern Utah,30087,Caitlin Kho
"Fri, Jan-14-2022",Arizona,9.9000,9.8750,,,,H,Southern Utah,30087,Caitlin Kho
"Fri, Jan-21-2022",BYU,9.8750,9.7500,,,,H,Southern Utah,30087,Caitlin Kho
"Fri, Jan-28-2022",Boise State,9.8250,9.6750,,,,A,Southern Utah,30087,Caitlin Kho
"Fri, Feb-04-2022","Ball State, Utah State",9.9000,9.7250,,,,A,Southern Utah,30087,Caitlin Kho
"Fri, Feb-11-2022",Utah State,9.9000,,,8.9750,,H,Southern Utah,30087,Caitlin Kho
"Fri, Feb-18-2022",BYU,9.8250,,,,,A,Southern Utah,30087,Caitlin Kho
"Fri, Feb-25-2022",Boise State,9.7750,,,,,H,Southern Utah,30087,Caitlin Kho
"Sat, Mar-05-2022","Cornell, Denver, Penn State",9.8750,9.7500,,,,A,Southern Utah,30087,Caitlin Kho
"Fri, Mar-11-2022",William & Mary,9.8750,,,,,H,Southern Utah,30087,Caitlin Kho
"Sat, Mar-19-2022","BYU, Boise State, Utah State",9.8000,9.8250,,,,A,Southern Utah,30087,Caitlin Kho
"Thu, Mar-31-2022",,9.8500,9.8000,,,,A,Southern Utah,30087,Caitlin Kho
"Fri, Jan-14-2022",Arizona,,,9.2750,,,H,Southern Utah,30530,Kaylee Kho
"Fri, Jan-07-2022","BYU, Utah, Utah State",,,8.4500,9.6500,,A,Southern Utah,30088,Karley McClain
"Fri, Jan-14-2022",Arizona,,,,9.7500,,H,Southern Utah,30088,Karley McClain
"Fri, Jan-21-2022",BYU,,,,9.9250,,H,Southern Utah,30088,Karley McClain
"Fri, Jan-28-2022",Boise State,,9.8250,9.7500,9.9000,,A,Southern Utah,30088,Karley McClain
"Fri, Feb-04-2022","Ball State, Utah State",,9.6250,,9.8250,,A,Southern Utah,30088,Karley McClain
"Fri, Feb-11-2022",Utah State,,9.8000,,9.9250,,H,Southern Utah,30088,Karley McClain
"Fri, Feb-18-2022",BYU,,9.8500,,9.9000,,A,Southern Utah,30088,Karley McClain
"Fri, Feb-25-2022",Boise State,,9.9250,,9.8500,,H,Southern Utah,30088,Karley McClain
"Sat, Mar-05-2022","Cornell, Denver, Penn State",,,9.7500,9.8750,,A,Southern Utah,30088,Karley McClain
"Fri, Mar-11-2022",William & Mary,,9.8250,9.7250,9.8750,,H,Southern Utah,30088,Karley McClain
"Sat, Mar-19-2022","BYU, Boise State, Utah State",,9.8000,9.8750,9.8500,,A,Southern Utah,30088,Karley McClain
"Thu, Mar-31-2022",,,,9.0500,9.8750,,A,Southern Utah,30088,Karley McClain
"Fri, Jan-07-2022","BYU, Utah, Utah State",,9.8500,9.8500,,,A,Southern Utah,30089,Shylen Murakami
"Fri, Jan-14-2022",Arizona,,9.8750,9.7250,,,H,Southern Utah,30089,Shylen Murakami
"Fri, Jan-21-2022",BYU,,9.9500,9.7750,,,H,Southern Utah,30089,Shylen Murakami
"Fri, Jan-28-2022",Boise State,,9.8750,9.7750,,,A,Southern Utah,30089,Shylen Murakami
"Fri, Feb-04-2022","Ball State, Utah State",,9.8000,9.7750,,,A,Southern Utah,30089,Shylen Murakami
"Fri, Feb-11-2022",Utah State,,9.9750,9.8000,,,H,Southern Utah,30089,Shylen Murakami
"Fri, Feb-18-2022",BYU,,9.9000,9.7750,,,A,Southern Utah,30089,Shylen Murakami
"Fri, Feb-25-2022",Boise State,,9.8750,9.9250,,,H,Southern Utah,30089,Shylen Murakami
"Sat, Mar-05-2022","Cornell, Denver, Penn State",,9.8750,9.7500,,,A,Southern Utah,30089,Shylen Murakami
"Fri, Mar-11-2022",William & Mary,,9.9250,9.8750,,,H,Southern Utah,30089,Shylen Murakami
"Sat, Mar-19-2022","BYU, Boise State, Utah State",,9.9500,9.8000,,,A,Southern Utah,30089,Shylen Murakami
"Thu, Mar-31-2022",,,9.8500,9.7750,,,A,Southern Utah,30089,Shylen Murakami
"Fri, Jan-07-2022","BYU, Utah, Utah State",,9.8500,9.7750,9.7000,,A,Southern Utah,25053,Hannah Nipp
"Fri, Jan-14-2022",Arizona,,9.8750,9.9500,9.7500,,H,Southern Utah,25053,Hannah Nipp
"Fri, Jan-21-2022",BYU,,9.8250,9.7250,9.9250,,H,Southern Utah,25053,Hannah Nipp
"Fri, Jan-28-2022",Boise State,,9.8000,9.6750,9.1750,,A,Southern Utah,25053,Hannah Nipp
"Fri, Feb-04-2022","Ball State, Utah State",,9.8000,9.7250,9.8250,,A,Southern Utah,25053,Hannah Nipp
"Fri, Feb-11-2022",Utah State,,9.8500,9.8250,9.8750,,H,Southern Utah,25053,Hannah Nipp
"Fri, Feb-18-2022",BYU,,9.9250,9.7250,9.9000,,A,Southern Utah,25053,Hannah Nipp
"Fri, Feb-25-2022",Boise State,,9.8250,9.8250,9.9500,,H,Southern Utah,25053,Hannah Nipp
"Sat, Mar-05-2022","Cornell, Denver, Penn State",,9.1250,9.8750,9.7000,,A,Southern Utah,25053,Hannah Nipp
"Fri, Mar-11-2022",William & Mary,,9.8250,9.9250,9.9000,,H,Southern Utah,25053,Hannah Nipp
"Sat, Mar-19-2022","BYU, Boise State, Utah State",,9.6000,8.6500,9.8250,,A,Southern Utah,25053,Hannah Nipp
"Thu, Mar-31-2022",,,9.8000,9.8000,9.9000,,A,Southern Utah,25053,Hannah Nipp
"Fri, Jan-07-2022","BYU, Utah, Utah State",,9.7750,9.3250,9.7500,,A,Southern Utah,31162,Aubri Schwartze
"Fri, Jan-14-2022",Arizona,,9.8250,,9.8250,,H,Southern Utah,31162,Aubri Schwartze
"Fri, Jan-28-2022",Boise State,,9.0000,,9.7750,,A,Southern Utah,31162,Aubri Schwartze
"Fri, Feb-04-2022","Ball State, Utah State",,9.7750,9.8250,9.8250,,A,Southern Utah,31162,Aubri Schwartze
"Fri, Feb-11-2022",Utah State,,9.8500,9.7750,9.8750,,H,Southern Utah,31162,Aubri Schwartze
"Fri, Feb-18-2022",BYU,,9.8000,9.3000,9.8750,,A,Southern Utah,31162,Aubri Schwartze
"Fri, Feb-25-2022",Boise State,,9.8750,,9.9000,,H,Southern Utah,31162,Aubri Schwartze
"Sat, Mar-05-2022","Cornell, Denver, Penn State",,9.8750,9.8250,9.8750,,A,Southern Utah,31162,Aubri Schwartze
"Fri, Mar-11-2022",William & Mary,,9.8250,9.9250,9.8000,,H,Southern Utah,31162,Aubri Schwartze
"Sat, Mar-19-2022","BYU, Boise State, Utah State",,9.8000,9.8250,9.8750,,A,Southern Utah,31162,Aubri Schwartze
"Thu, Mar-31-2022",,,9.8750,9.8000,9.8000,,A,Southern Utah,31162,Aubri Schwartze
"Fri, Jan-07-2022","BYU, Utah, Utah State",9.8000,,9.7000,9.7000,,A,Southern Utah,30090,Rachel Smith
"Fri, Jan-14-2022",Arizona,9.8500,,9.8000,9.8500,,H,Southern Utah,30090,Rachel Smith
"Fri, Jan-21-2022",BYU,9.8500,,9.8250,9.8500,,H,Southern Utah,30090,Rachel Smith
"Fri, Jan-28-2022",Boise State,9.8500,,9.7500,9.5750,,A,Southern Utah,30090,Rachel Smith
"Fri, Feb-11-2022",Utah State,9.8750,,9.7750,9.8750,,H,Southern Utah,30090,Rachel Smith
"Fri, Feb-18-2022",BYU,9.8500,,9.9250,9.8250,,A,Southern Utah,30090,Rachel Smith
"Fri, Feb-25-2022",Boise State,9.8750,,9.8500,9.8500,,H,Southern Utah,30090,Rachel Smith
"Sat, Mar-05-2022","Cornell, Denver, Penn State",9.8250,,9.6250,9.8000,,A,Southern Utah,30090,Rachel Smith
"Fri, Mar-11-2022",William & Mary,9.8250,,9.8250,9.7750,,H,Southern Utah,30090,Rachel Smith
"Sat, Mar-19-2022","BYU, Boise State, Utah State",9.8000,,9.7750,9.7500,,A,Southern Utah,30090,Rachel Smith
"Thu, Mar-31-2022",,9.8250,,9.8000,9.7750,,A,Southern Utah,30090,Rachel Smith
"Fri, Jan-07-2022","BYU, Utah, Utah State",9.7500,,,,,A,Southern Utah,30091,Stephanie Tervort
"Fri, Jan-14-2022",Arizona,9.8000,,,,,H,Southern Utah,30091,Stephanie Tervort
"Fri, Jan-21-2022",BYU,9.7500,9.8000,,,,H,Southern Utah,30091,Stephanie Tervort
"Fri, Feb-04-2022","Ball State, Utah State",9.7750,,,,,A,Southern Utah,30091,Stephanie Tervort
"Fri, Feb-11-2022",Utah State,9.7750,,,,,H,Southern Utah,30091,Stephanie Tervort
"Fri, Feb-18-2022",BYU,9.8250,,,,,A,Southern Utah,30091,Stephanie Tervort
"Fri, Feb-25-2022",Boise State,9.8000,,,,,H,Southern Utah,30091,Stephanie Tervort
"Fri, Mar-11-2022",William & Mary,9.7500,,,,,H,Southern Utah,30091,Stephanie Tervort
"Fri, Jan-07-2022","BYU, Utah, Utah State",,9.8000,,,,A,Southern Utah,30532,Nikki Thomas
"Fri, Jan-14-2022",Arizona,,9.8250,,,,H,Southern Utah,30532,Nikki Thomas
"Fri, Jan-21-2022",BYU,,9.8750,,,,H,Southern Utah,30532,Nikki Thomas
"Fri, Feb-11-2022",Utah State,,9.8250,,,,H,Southern Utah,30532,Nikki Thomas
"Fri, Feb-18-2022",BYU,,9.8500,,,,A,Southern Utah,30532,Nikki Thomas
"Fri, Feb-25-2022",Boise State,,9.8750,,,,H,Southern Utah,30532,Nikki Thomas
"Sat, Mar-05-2022","Cornell, Denver, Penn State",,9.7250,,,,A,Southern Utah,30532,Nikki Thomas
"Fri, Mar-11-2022",William & Mary,,9.8000,,,,H,Southern Utah,30532,Nikki Thomas
"Thu, Mar-31-2022",,,9.8250,,,,A,Southern Utah,30532,Nikki Thomas
"Fri, Feb-04-2022","Ball State, Utah State",,,9.3000,,,A,Southern Utah,31487,Madeline Tyau
"Fri, Jan-14-2022",Arizona,,,9.6500,9.8500,,H,Southern Utah,31163,Hailey Vultaggio
"Fri, Jan-21-2022",BYU,,,9.7750,9.5750,,H,Southern Utah,31163,Hailey Vultaggio
"Fri, Jan-28-2022",Boise State,9.7250,,9.8000,9.0250,,A,Southern Utah,31163,Hailey Vultaggio
"Fri, Feb-04-2022","Ball State, Utah State",9.7500,,9.7750,9.6000,,A,Southern Utah,31163,Hailey Vultaggio
"Fri, Feb-11-2022",Utah State,9.8000,,9.8500,,,H,Southern Utah,31163,Hailey Vultaggio
"Fri, Feb-18-2022",BYU,9.7250,,9.9000,9.8250,,A,Southern Utah,31163,Hailey Vultaggio
"Fri, Feb-25-2022",Boise State,9.8250,,9.8750,9.9250,,H,Southern Utah,31163,Hailey Vultaggio
"Sat, Mar-05-2022","Cornell, Denver, Penn State",9.7500,,9.0000,8.8750,,A,Southern Utah,31163,Hailey Vultaggio
"Fri, Mar-11-2022",William & Mary,9.7500,,9.8750,9.8500,,H,Southern Utah,31163,Hailey Vultaggio
"Sat, Mar-19-2022","BYU, Boise State, Utah State",9.7750,,9.8500,9.8250,,A,Southern Utah,31163,Hailey Vultaggio
"Thu, Mar-31-2022",,9.7500,,9.8500,9.7750,,A,Southern Utah,31163,Hailey Vultaggio
"Fri, Jan-07-2022","BYU, Utah, Utah State",,,9.7000,,,A,Southern Utah,30127,Emma Wissman
"Fri, Jan-14-2022",Arizona,,,9.8500,,,H,Southern Utah,30127,Emma Wissman
"Fri, Jan-21-2022",BYU,,,9.8000,,,H,Southern Utah,30127,Emma Wissman
"Fri, Jan-28-2022",Boise State,,,9.6000,,,A,Southern Utah,30127,Emma Wissman
"Fri, Feb-04-2022","Ball State, Utah State",,,9.8500,,,A,Southern Utah,30127,Emma Wissman
"Fri, Feb-11-2022",Utah State,,,9.8750,,,H,Southern Utah,30127,Emma Wissman
"Sun, Jan-16-2022",California,,9.2000,,7.6500,,A,Stanford,31061,Ira Alexeeva
"Sat, Jan-22-2022","Arizona, Oklahoma, Utah State",,9.1000,,,,A,Stanford,31061,Ira Alexeeva
"Sat, Jan-29-2022",Utah,,9.7000,,,,A,Stanford,31061,Ira Alexeeva
"Fri, Feb-04-2022",California,,9.7500,,,,H,Stanford,31061,Ira Alexeeva
"Sat, Feb-12-2022",UCLA,,,,,,H,Stanford,31061,Ira Alexeeva
"Sun, Jan-16-2022",California,9.7500,9.7750,,9.7750,,A,Stanford,30103,Madison Brunette
"Sat, Jan-22-2022","Arizona, Oklahoma, Utah State",9.7500,9.8000,,9.7000,,A,Stanford,30103,Madison Brunette
"Sat, Jan-29-2022",Utah,9.7750,9.8000,,9.8000,,A,Stanford,30103,Madison Brunette
"Fri, Feb-04-2022",California,9.7250,9.8250,,9.8750,,H,Stanford,30103,Madison Brunette
"Sat, Feb-12-2022",UCLA,9.8000,9.8750,,9.8750,,H,Stanford,30103,Madison Brunette
"Sat, Feb-19-2022","Denver, Oklahoma, Washington",9.7750,9.8500,,9.7750,,A,Stanford,30103,Madison Brunette
"Mon, Feb-21-2022","BYU, Boise State, Sacramento State",9.8250,9.8250,,9.8750,,H,Stanford,30103,Madison Brunette
"Fri, Feb-25-2022",Oregon State,9.7500,9.8250,,9.8500,,A,Stanford,30103,Madison Brunette
"Fri, Mar-04-2022",Arizona State,9.8000,9.7750,,9.9000,,H,Stanford,30103,Madison Brunette
"Sun, Mar-06-2022","Utah State, Washington",9.8000,9.7000,,9.6000,,A,Stanford,30103,Madison Brunette
"Sat, Mar-19-2022","Arizona, Arizona State, California, Oregon State, UCLA, Utah, Washington",9.8500,9.8500,,9.8500,,A,Stanford,30103,Madison Brunette
"Wed, Mar-30-2022",,9.8500,9.7750,,9.8500,,A,Stanford,30103,Madison Brunette
"Thu, Mar-31-2022",,9.8500,9.9000,,9.8500,,A,Stanford,30103,Madison Brunette
"Sat, Apr-02-2022",,9.8500,9.8000,,9.8500,,A,Stanford,30103,Madison Brunette
"Sun, Jan-16-2022",California,9.8750,9.9500,9.9250,9.9250,39.6750,A,Stanford,25033,Kyla Bryant
"Sat, Jan-22-2022","Arizona, Oklahoma, Utah State",9.8250,9.8500,9.8250,9.9000,39.4000,A,Stanford,25033,Kyla Bryant
"Sat, Jan-29-2022",Utah,9.8000,9.8250,9.7250,9.9000,39.2500,A,Stanford,25033,Kyla Bryant
"Fri, Feb-04-2022",California,9.9250,9.8250,9.7250,9.9500,39.4250,H,Stanford,25033,Kyla Bryant
"Sat, Feb-12-2022",UCLA,9.8500,9.9500,9.8000,9.9750,39.5750,H,Stanford,25033,Kyla Bryant
"Sat, Feb-19-2022","Denver, Oklahoma, Washington",9.8250,9.7750,9.3250,9.9250,38.8500,A,Stanford,25033,Kyla Bryant
"Mon, Feb-21-2022","BYU, Boise State, Sacramento State",9.9000,9.2000,9.9750,9.9250,39.0000,H,Stanford,25033,Kyla Bryant
"Fri, Mar-04-2022",Arizona State,9.8500,9.7500,9.6500,9.9250,39.1750,H,Stanford,25033,Kyla Bryant
"Sun, Mar-06-2022","Utah State, Washington",9.8750,9.8500,9.7000,9.9000,39.3250,A,Stanford,25033,Kyla Bryant
"Sat, Mar-19-2022","Arizona, Arizona State, California, Oregon State, UCLA, Utah, Washington",9.9000,9.7500,9.6750,9.9000,39.2250,A,Stanford,25033,Kyla Bryant
"Wed, Mar-30-2022",,9.9000,9.8500,9.8000,,,A,Stanford,25033,Kyla Bryant
"Thu, Mar-31-2022",,9.8250,9.8750,9.8250,9.9500,39.4750,A,Stanford,25033,Kyla Bryant
"Sat, Apr-02-2022",,9.8500,9.8500,9.8000,9.9500,39.4500,A,Stanford,25033,Kyla Bryant
"Thu, Apr-14-2022",,,,,9.9375,,A,Stanford,25033,Kyla Bryant
"Sun, Jan-16-2022",California,9.6750,,,,,A,Stanford,30533,Jade Chrobok
"Sat, Jan-22-2022","Arizona, Oklahoma, Utah State",9.7250,,,,,A,Stanford,30533,Jade Chrobok
"Sat, Jan-29-2022",Utah,9.7250,,,,,A,Stanford,30533,Jade Chrobok
"Fri, Feb-04-2022",California,9.7250,,,,,H,Stanford,30533,Jade Chrobok
"Sat, Feb-12-2022",UCLA,9.7500,,,,,H,Stanford,30533,Jade Chrobok
"Sat, Feb-19-2022","Denver, Oklahoma, Washington",9.7000,,,,,A,Stanford,30533,Jade Chrobok
"Mon, Feb-21-2022","BYU, Boise State, Sacramento State",9.7500,,,,,H,Stanford,30533,Jade Chrobok
"Fri, Feb-25-2022",Oregon State,9.7750,,,,,A,Stanford,30533,Jade Chrobok
"Fri, Mar-04-2022",Arizona State,9.9000,,,,,H,Stanford,30533,Jade Chrobok
"Sun, Mar-06-2022","Utah State, Washington",9.7250,,,,,A,Stanford,30533,Jade Chrobok
"Sat, Mar-19-2022","Arizona, Arizona State, California, Oregon State, UCLA, Utah, Washington",9.7000,,,,,A,Stanford,30533,Jade Chrobok
"Wed, Mar-30-2022",,9.7250,,,,,A,Stanford,30533,Jade Chrobok
"Thu, Mar-31-2022",,9.8500,,,,,A,Stanford,30533,Jade Chrobok
"Sat, Apr-02-2022",,9.7750,,,,,A,Stanford,30533,Jade Chrobok
"Sun, Jan-16-2022",California,9.0500,9.8000,,9.8250,,A,Stanford,31489,Anapaula Gutierrez
"Sat, Jan-22-2022","Arizona, Oklahoma, Utah State",9.7500,9.7500,,9.8500,,A,Stanford,31489,Anapaula Gutierrez
"Sat, Jan-29-2022",Utah,9.8250,9.7500,,9.8500,,A,Stanford,31489,Anapaula Gutierrez
"Fri, Feb-04-2022",California,9.2250,,,9.8250,,H,Stanford,31489,Anapaula Gutierrez
"Sat, Feb-12-2022",UCLA,9.8500,9.8500,,9.9000,,H,Stanford,31489,Anapaula Gutierrez
"Sat, Feb-19-2022","Denver, Oklahoma, Washington",9.2750,9.6750,,9.8000,,A,Stanford,31489,Anapaula Gutierrez
"Mon, Feb-21-2022","BYU, Boise State, Sacramento State",9.9000,9.8000,,9.9000,,H,Stanford,31489,Anapaula Gutierrez
"Fri, Feb-25-2022",Oregon State,9.8750,9.7750,9.8000,9.8000,39.2500,A,Stanford,31489,Anapaula Gutierrez
"Fri, Mar-04-2022",Arizona State,9.8500,,9.7500,9.7750,,H,Stanford,31489,Anapaula Gutierrez
"Sun, Mar-06-2022","Utah State, Washington",9.7750,,9.8500,9.7750,,A,Stanford,31489,Anapaula Gutierrez
"Sat, Mar-19-2022","Arizona, Arizona State, California, Oregon State, UCLA, Utah, Washington",9.8750,,,9.8000,,A,Stanford,31489,Anapaula Gutierrez
"Wed, Mar-30-2022",,9.8500,9.7250,9.8000,9.8500,,A,Stanford,31489,Anapaula Gutierrez
"Thu, Mar-31-2022",,9.9000,,9.8250,9.8500,,A,Stanford,31489,Anapaula Gutierrez
"Sat, Apr-02-2022",,9.9250,,9.8500,9.8750,,A,Stanford,31489,Anapaula Gutierrez
"Sat, Jan-22-2022","Arizona, Oklahoma, Utah State",,,,9.6000,,A,Stanford,30104,Morgan Hoang
"Sat, Jan-29-2022",Utah,,,,9.7750,,A,Stanford,30104,Morgan Hoang
"Sat, Feb-12-2022",UCLA,,,,9.9250,,H,Stanford,30104,Morgan Hoang
"Sat, Feb-19-2022","Denver, Oklahoma, Washington",,,,9.9250,,A,Stanford,30104,Morgan Hoang
"Mon, Feb-21-2022","BYU, Boise State, Sacramento State",,,,9.1500,,H,Stanford,30104,Morgan Hoang
"Fri, Feb-25-2022",Oregon State,,,,9.9000,,A,Stanford,30104,Morgan Hoang
"Fri, Mar-04-2022",Arizona State,,,,9.9250,,H,Stanford,30104,Morgan Hoang
"Sun, Mar-06-2022","Utah State, Washington",,,,9.8250,,A,Stanford,30104,Morgan Hoang
"Sat, Mar-19-2022","Arizona, Arizona State, California, Oregon State, UCLA, Utah, Washington",,,,9.8500,,A,Stanford,30104,Morgan Hoang
"Wed, Mar-30-2022",,,,,9.6500,,A,Stanford,30104,Morgan Hoang
"Thu, Mar-31-2022",,,,,9.9000,,A,Stanford,30104,Morgan Hoang
"Sat, Apr-02-2022",,,,,9.8750,,A,Stanford,30104,Morgan Hoang
"Sat, Jan-29-2022",Utah,,9.7750,9.7750,9.8250,,A,Stanford,25036,Taylor Lawson
"Fri, Feb-04-2022",California,,9.8000,9.8000,9.8500,,H,Stanford,25036,Taylor Lawson
"Sat, Feb-12-2022",UCLA,,9.8750,9.7750,9.9250,,H,Stanford,25036,Taylor Lawson
"Sat, Feb-19-2022","Denver, Oklahoma, Washington",,9.8500,9.8000,9.8750,,A,Stanford,25036,Taylor Lawson
"Mon, Feb-21-2022","BYU, Boise State, Sacramento State",,9.8250,9.8000,9.9000,,H,Stanford,25036,Taylor Lawson
"Fri, Feb-25-2022",Oregon State,,9.8750,9.8250,9.9000,,A,Stanford,25036,Taylor Lawson
"Fri, Mar-04-2022",Arizona State,,9.8250,9.8500,9.9500,,H,Stanford,25036,Taylor Lawson
"Sun, Mar-06-2022","Utah State, Washington",,9.8250,9.8250,9.8500,,A,Stanford,25036,Taylor Lawson
"Sat, Mar-19-2022","Arizona, Arizona State, California, Oregon State, UCLA, Utah, Washington",,9.8250,9.1000,9.8500,,A,Stanford,25036,Taylor Lawson
"Wed, Mar-30-2022",,,9.3000,,9.9000,,A,Stanford,25036,Taylor Lawson
"Thu, Mar-31-2022",,,9.8000,9.8750,9.8750,,A,Stanford,25036,Taylor Lawson
"Sat, Apr-02-2022",,,9.8250,9.8500,9.9000,,A,Stanford,25036,Taylor Lawson
"Sun, Jan-16-2022",California,9.7500,,9.7500,,,A,Stanford,25037,Lauren Navarro
"Sat, Jan-22-2022","Arizona, Oklahoma, Utah State",9.6500,,9.8000,,,A,Stanford,25037,Lauren Navarro
"Fri, Mar-04-2022",Arizona State,,,9.0750,,,H,Stanford,25037,Lauren Navarro
"Sat, Mar-19-2022","Arizona, Arizona State, California, Oregon State, UCLA, Utah, Washington",,,9.8000,,,A,Stanford,25037,Lauren Navarro
"Wed, Mar-30-2022",,9.8000,,9.7750,,,A,Stanford,25037,Lauren Navarro
"Thu, Mar-31-2022",,9.8000,,9.8750,,,A,Stanford,25037,Lauren Navarro
"Sat, Apr-02-2022",,9.8000,,9.0500,,,A,Stanford,25037,Lauren Navarro
"Sun, Jan-16-2022",California,9.7500,9.8250,9.8750,9.7750,39.2250,A,Stanford,31491,Brenna Neault
"Sat, Jan-22-2022","Arizona, Oklahoma, Utah State",9.7500,9.8000,9.8750,9.8000,39.2250,A,Stanford,31491,Brenna Neault
"Fri, Feb-04-2022",California,9.7500,9.1000,9.8000,,,H,Stanford,31491,Brenna Neault
"Sat, Feb-12-2022",UCLA,9.7250,9.9000,9.8000,,,H,Stanford,31491,Brenna Neault
"Sat, Feb-19-2022","Denver, Oklahoma, Washington",9.7000,9.2250,9.7750,9.8000,38.5000,A,Stanford,31491,Brenna Neault
"Mon, Feb-21-2022","BYU, Boise State, Sacramento State",9.8250,9.9250,9.9000,9.8750,39.5250,H,Stanford,31491,Brenna Neault
"Fri, Feb-25-2022",Oregon State,9.8000,9.7750,9.1250,9.7750,38.4750,A,Stanford,31491,Brenna Neault
"Fri, Mar-04-2022",Arizona State,9.8000,9.8250,9.9250,,,H,Stanford,31491,Brenna Neault
"Sun, Mar-06-2022","Utah State, Washington",9.7750,9.8250,9.8500,9.8000,39.2500,A,Stanford,31491,Brenna Neault
"Sat, Mar-19-2022","Arizona, Arizona State, California, Oregon State, UCLA, Utah, Washington",9.8250,9.1000,9.9000,9.8000,38.6250,A,Stanford,31491,Brenna Neault
"Wed, Mar-30-2022",,9.6500,9.8000,9.8250,9.8250,39.1000,A,Stanford,31491,Brenna Neault
"Thu, Mar-31-2022",,9.7750,9.9000,9.8500,9.7500,39.2750,A,Stanford,31491,Brenna Neault
"Sat, Apr-02-2022",,9.8750,9.8500,9.8750,9.7000,39.3000,A,Stanford,31491,Brenna Neault
"Sun, Jan-16-2022",California,,,9.8750,,,A,Stanford,31063,Isabela Onyshko
"Sat, Jan-22-2022","Arizona, Oklahoma, Utah State",,,9.8500,,,A,Stanford,31063,Isabela Onyshko
"Sat, Jan-29-2022",Utah,,,9.8000,,,A,Stanford,31063,Isabela Onyshko
"Fri, Feb-04-2022",California,,,9.8000,,,H,Stanford,31063,Isabela Onyshko
"Sat, Feb-12-2022",UCLA,,,9.7750,,,H,Stanford,31063,Isabela Onyshko
"Sat, Feb-19-2022","Denver, Oklahoma, Washington",,,9.2500,,,A,Stanford,31063,Isabela Onyshko
"Mon, Feb-21-2022","BYU, Boise State, Sacramento State",,,9.2000,,,H,Stanford,31063,Isabela Onyshko
"Fri, Feb-25-2022",Oregon State,,,9.0500,,,A,Stanford,31063,Isabela Onyshko
"Sat, Feb-12-2022",UCLA,,,,,,H,Stanford,30534,Kelly Ramm
"Sun, Jan-16-2022",California,,,9.8500,,,A,Stanford,30106,Wesley Stephenson
"Sat, Jan-22-2022","Arizona, Oklahoma, Utah State",,,9.6250,,,A,Stanford,30106,Wesley Stephenson
"Sat, Jan-29-2022",Utah,,,9.8500,,,A,Stanford,30106,Wesley Stephenson
"Fri, Feb-04-2022",California,,,9.8500,,,H,Stanford,30106,Wesley Stephenson
"Sat, Feb-12-2022",UCLA,,,9.7250,,,H,Stanford,30106,Wesley Stephenson
"Sat, Feb-19-2022","Denver, Oklahoma, Washington",,,9.8250,,,A,Stanford,30106,Wesley Stephenson
"Mon, Feb-21-2022","BYU, Boise State, Sacramento State",,,9.7750,,,H,Stanford,30106,Wesley Stephenson
"Fri, Feb-25-2022",Oregon State,,,9.8500,,,A,Stanford,30106,Wesley Stephenson
"Fri, Mar-04-2022",Arizona State,,,9.9000,,,H,Stanford,30106,Wesley Stephenson
"Sun, Mar-06-2022","Utah State, Washington",,,9.8000,,,A,Stanford,30106,Wesley Stephenson
"Sat, Mar-19-2022","Arizona, Arizona State, California, Oregon State, UCLA, Utah, Washington",,,9.3000,,,A,Stanford,30106,Wesley Stephenson
"Wed, Mar-30-2022",,,,9.1500,,,A,Stanford,30106,Wesley Stephenson
"Fri, Feb-04-2022",California,,,,9.7750,,H,Stanford,30535,Adela Stonecipher
"Sat, Feb-12-2022",UCLA,,,,9.8500,,H,Stanford,30535,Adela Stonecipher
"Fri, Feb-25-2022",Oregon State,,,,9.8250,,A,Stanford,30535,Adela Stonecipher
"Fri, Mar-04-2022",Arizona State,,,,9.8750,,H,Stanford,30535,Adela Stonecipher
"Wed, Mar-30-2022",,,,,9.8250,,A,Stanford,30535,Adela Stonecipher
"Sat, Jan-29-2022",Utah,,,9.7000,,,A,Stanford,31064,Sze En Tan
"Fri, Feb-04-2022",California,,,9.8500,,,H,Stanford,31064,Sze En Tan
"Sat, Feb-12-2022",UCLA,,,9.0000,,,H,Stanford,31064,Sze En Tan
"Sat, Feb-19-2022","Denver, Oklahoma, Washington",,,9.7500,,,A,Stanford,31064,Sze En Tan
"Mon, Feb-21-2022","BYU, Boise State, Sacramento State",,,9.8000,,,H,Stanford,31064,Sze En Tan
"Fri, Feb-25-2022",Oregon State,,,9.0500,,,A,Stanford,31064,Sze En Tan
"Sun, Jan-16-2022",California,,9.7750,9.6000,,,A,Stanford,30107,Grace Waguespack
"Sat, Jan-22-2022","Arizona, Oklahoma, Utah State",,9.8000,9.7250,,,A,Stanford,30107,Grace Waguespack
"Sat, Jan-29-2022",Utah,,9.8750,9.7750,,,A,Stanford,30107,Grace Waguespack
"Fri, Feb-04-2022",California,,9.7750,,,,H,Stanford,30107,Grace Waguespack
"Sat, Feb-12-2022",UCLA,,9.8500,,,,H,Stanford,30107,Grace Waguespack
"Sat, Feb-19-2022","Denver, Oklahoma, Washington",,9.8250,,,,A,Stanford,30107,Grace Waguespack
"Mon, Feb-21-2022","BYU, Boise State, Sacramento State",,9.2750,,,,H,Stanford,30107,Grace Waguespack
"Fri, Feb-25-2022",Oregon State,,9.8250,,,,A,Stanford,30107,Grace Waguespack
"Fri, Mar-04-2022",Arizona State,,9.8500,,,,H,Stanford,30107,Grace Waguespack
"Sun, Mar-06-2022","Utah State, Washington",,9.9000,,,,A,Stanford,30107,Grace Waguespack
"Sat, Mar-19-2022","Arizona, Arizona State, California, Oregon State, UCLA, Utah, Washington",,9.8000,,,,A,Stanford,30107,Grace Waguespack
"Wed, Mar-30-2022",,,9.8000,,,,A,Stanford,30107,Grace Waguespack
"Thu, Mar-31-2022",,,9.9000,,,,A,Stanford,30107,Grace Waguespack
"Sat, Apr-02-2022",,,9.8500,,,,A,Stanford,30107,Grace Waguespack
"Fri, Feb-25-2022",Oregon State,,9.8250,,,,A,Stanford,30536,Chloe Widner
"Fri, Mar-04-2022",Arizona State,,9.8500,,,,H,Stanford,30536,Chloe Widner
"Sun, Mar-06-2022","Utah State, Washington",,9.6500,9.8500,,,A,Stanford,30536,Chloe Widner
"Sat, Mar-19-2022","Arizona, Arizona State, California, Oregon State, UCLA, Utah, Washington",,9.8000,9.9000,,,A,Stanford,30536,Chloe Widner
"Wed, Mar-30-2022",,,,9.9000,,,A,Stanford,30536,Chloe Widner
"Thu, Mar-31-2022",,,9.8750,9.9250,,,A,Stanford,30536,Chloe Widner
"Sat, Apr-02-2022",,,9.8500,9.9000,,,A,Stanford,30536,Chloe Widner
"Sun, Jan-16-2022",California,,,,9.7750,,A,Stanford,31065,Amanda Zeng
"Sat, Jan-22-2022","Arizona, Oklahoma, Utah State",,,,8.9500,,A,Stanford,31065,Amanda Zeng
"Sat, Jan-29-2022",Utah,9.7500,,,9.8000,,A,Stanford,31065,Amanda Zeng
"Fri, Feb-04-2022",California,9.7500,,,9.8000,,H,Stanford,31065,Amanda Zeng
"Sat, Feb-12-2022",UCLA,9.6500,,,,,H,Stanford,31065,Amanda Zeng
"Sat, Feb-19-2022","Denver, Oklahoma, Washington",9.6750,,,,,A,Stanford,31065,Amanda Zeng
"Fri, Feb-25-2022",Oregon State,9.8000,,,,,A,Stanford,31065,Amanda Zeng
"Fri, Mar-04-2022",Arizona State,9.7750,,,,,H,Stanford,31065,Amanda Zeng
"Sun, Mar-06-2022","Utah State, Washington",9.7750,,,,,A,Stanford,31065,Amanda Zeng
"Sat, Mar-19-2022","Arizona, Arizona State, California, Oregon State, UCLA, Utah, Washington",9.5000,,,,,A,Stanford,31065,Amanda Zeng
"Sun, Jan-23-2022","New Hampshire, Pennsylvania",9.8000,,,,,A,Temple,31066,Mackenzie Aresta
"Sun, Jan-30-2022",LIU,9.7750,,,,,A,Temple,31066,Mackenzie Aresta
"Fri, Feb-04-2022","Eastern Michigan, LIU, Towson",9.7750,,,,,A,Temple,31066,Mackenzie Aresta
"Sat, Feb-12-2022",North Carolina,9.7500,,,,,A,Temple,31066,Mackenzie Aresta
"Fri, Feb-18-2022",Yale,9.4750,,,,,H,Temple,31066,Mackenzie Aresta
"Fri, Feb-25-2022",North Carolina State,9.8250,,,,,A,Temple,31066,Mackenzie Aresta
"Sun, Feb-27-2022","George Washington, North Carolina State, Southern Utah",9.7250,,,,,A,Temple,31066,Mackenzie Aresta
"Thu, Mar-03-2022","Bridgeport, Maryland, Southern Conn.",9.7250,,,,,H,Temple,31066,Mackenzie Aresta
"Sun, Mar-06-2022","New Hampshire, Ursinus College, West Chester",9.7250,,,,,H,Temple,31066,Mackenzie Aresta
"Sat, Mar-12-2022","LIU, Minnesota, Utah State",9.6750,,,,,A,Temple,31066,Mackenzie Aresta
"Sat, Mar-19-2022","George Washington, LIU, New Hampshire, North Carolina, North Carolina State, Pittsburgh, Towson",9.6750,,,,,A,Temple,31066,Mackenzie Aresta
"Sat, Jan-15-2022",Iowa State,,9.7250,,,,A,Temple,30537,Madison Brooks
"Sun, Jan-23-2022","New Hampshire, Pennsylvania",,9.6750,,,,A,Temple,30537,Madison Brooks
"Sun, Jan-30-2022",LIU,,9.7250,,,,A,Temple,30537,Madison Brooks
"Fri, Feb-04-2022","Eastern Michigan, LIU, Towson",,9.6500,,,,A,Temple,30537,Madison Brooks
"Sat, Feb-12-2022",North Carolina,,9.7250,,,,A,Temple,30537,Madison Brooks
"Fri, Feb-18-2022",Yale,9.6750,8.8250,,,,H,Temple,30537,Madison Brooks
"Fri, Feb-25-2022",North Carolina State,,9.8250,,,,A,Temple,30537,Madison Brooks
"Sun, Feb-27-2022","George Washington, North Carolina State, Southern Utah",,9.8000,,,,A,Temple,30537,Madison Brooks
"Thu, Mar-03-2022","Bridgeport, Maryland, Southern Conn.",,9.7750,,,,H,Temple,30537,Madison Brooks
"Sun, Mar-06-2022","New Hampshire, Ursinus College, West Chester",,9.0250,,,,H,Temple,30537,Madison Brooks
"Sat, Mar-12-2022","LIU, Minnesota, Utah State",,9.3750,,,,A,Temple,30537,Madison Brooks
"Sat, Mar-19-2022","George Washington, LIU, New Hampshire, North Carolina, North Carolina State, Pittsburgh, Towson",,9.6750,,,,A,Temple,30537,Madison Brooks
"Fri, Jan-07-2022","Penn State, Pennsylvania, Pittsburgh",9.7000,9.8000,,,,H,Temple,30108,Ariana Castrence
"Sat, Jan-15-2022",Iowa State,9.7750,9.7500,,,,A,Temple,30108,Ariana Castrence
"Sun, Jan-23-2022","New Hampshire, Pennsylvania",9.7000,9.7250,9.8750,,,A,Temple,30108,Ariana Castrence
"Sun, Jan-30-2022",LIU,9.8000,9.8250,9.8250,,,A,Temple,30108,Ariana Castrence
"Fri, Feb-04-2022","Eastern Michigan, LIU, Towson",9.8750,9.7750,9.4250,,,A,Temple,30108,Ariana Castrence
"Sat, Feb-12-2022",North Carolina,9.6500,9.5750,9.8250,,,A,Temple,30108,Ariana Castrence
"Fri, Feb-18-2022",Yale,9.8250,9.1500,9.8000,9.5000,38.2750,H,Temple,30108,Ariana Castrence
"Fri, Feb-25-2022",North Carolina State,9.8500,9.9000,9.8500,,,A,Temple,30108,Ariana Castrence
"Sun, Feb-27-2022","George Washington, North Carolina State, Southern Utah",9.8750,9.8750,9.8000,9.6500,39.2000,A,Temple,30108,Ariana Castrence
"Thu, Mar-03-2022","Bridgeport, Maryland, Southern Conn.",9.9000,9.8000,9.8000,9.7750,39.2750,H,Temple,30108,Ariana Castrence
"Sun, Mar-06-2022","New Hampshire, Ursinus College, West Chester",9.8000,9.7750,9.9250,9.7750,39.2750,H,Temple,30108,Ariana Castrence
"Sat, Mar-12-2022","LIU, Minnesota, Utah State",9.6000,9.7750,9.5500,9.6750,38.6000,A,Temple,30108,Ariana Castrence
"Sat, Mar-19-2022","George Washington, LIU, New Hampshire, North Carolina, North Carolina State, Pittsburgh, Towson",,9.8000,9.8750,4.2500,,A,Temple,30108,Ariana Castrence
"Fri, Jan-07-2022","Penn State, Pennsylvania, Pittsburgh",,8.7750,,,,H,Temple,31493,Jewel Clark
"Fri, Jan-07-2022","Penn State, Pennsylvania, Pittsburgh",,,9.8000,9.6750,,H,Temple,31068,Brooke Donabedian
"Sat, Jan-15-2022",Iowa State,,,9.6750,9.8250,,A,Temple,31068,Brooke Donabedian
"Sun, Jan-23-2022","New Hampshire, Pennsylvania",,,9.3250,9.8750,,A,Temple,31068,Brooke Donabedian
"Sun, Jan-30-2022",LIU,,,9.8250,9.8750,,A,Temple,31068,Brooke Donabedian
"Fri, Feb-04-2022","Eastern Michigan, LIU, Towson",,,9.5750,9.8500,,A,Temple,31068,Brooke Donabedian
"Sat, Feb-12-2022",North Carolina,,9.7750,9.7000,9.8250,,A,Temple,31068,Brooke Donabedian
"Fri, Feb-18-2022",Yale,,8.9000,9.6000,9.9000,,H,Temple,31068,Brooke Donabedian
"Fri, Feb-25-2022",North Carolina State,,9.7750,9.9000,9.8250,,A,Temple,31068,Brooke Donabedian
"Sun, Feb-27-2022","George Washington, North Carolina State, Southern Utah",,9.8000,9.8000,9.8000,,A,Temple,31068,Brooke Donabedian
"Thu, Mar-03-2022","Bridgeport, Maryland, Southern Conn.",,9.7500,9.6750,9.8750,,H,Temple,31068,Brooke Donabedian
"Sun, Mar-06-2022","New Hampshire, Ursinus College, West Chester",,9.2500,9.7250,9.9500,,H,Temple,31068,Brooke Donabedian
"Sat, Mar-12-2022","LIU, Minnesota, Utah State",,9.6750,9.7250,9.0750,,A,Temple,31068,Brooke Donabedian
"Sat, Mar-19-2022","George Washington, LIU, New Hampshire, North Carolina, North Carolina State, Pittsburgh, Towson",,9.7750,9.8250,9.9250,,A,Temple,31068,Brooke Donabedian
"Thu, Mar-31-2022",,,,,9.8500,,A,Temple,31068,Brooke Donabedian
"Fri, Jan-07-2022","Penn State, Pennsylvania, Pittsburgh",,,8.8250,,,H,Temple,31494,Madison Dorunda
"Sat, Jan-15-2022",Iowa State,,,9.7750,,,A,Temple,31494,Madison Dorunda
"Sun, Jan-23-2022","New Hampshire, Pennsylvania",,,9.7250,,,A,Temple,31494,Madison Dorunda
"Sat, Mar-12-2022","LIU, Minnesota, Utah State",,9.4750,9.4500,,,A,Temple,31494,Madison Dorunda
"Fri, Jan-07-2022","Penn State, Pennsylvania, Pittsburgh",9.7000,8.9000,,9.7750,,H,Temple,29654,Tori Edwards
"Sat, Jan-15-2022",Iowa State,9.5250,,,9.6750,,A,Temple,29654,Tori Edwards
"Sun, Jan-23-2022","New Hampshire, Pennsylvania",,,,9.8750,,A,Temple,29654,Tori Edwards
"Sun, Jan-30-2022",LIU,,,,9.8750,,A,Temple,29654,Tori Edwards
"Fri, Feb-04-2022","Eastern Michigan, LIU, Towson",,,,9.8750,,A,Temple,29654,Tori Edwards
"Sat, Feb-12-2022",North Carolina,,,,9.7500,,A,Temple,29654,Tori Edwards
"Fri, Feb-18-2022",Yale,,,,9.8500,,H,Temple,29654,Tori Edwards
"Fri, Feb-25-2022",North Carolina State,,,,9.8250,,A,Temple,29654,Tori Edwards
"Sun, Feb-27-2022","George Washington, North Carolina State, Southern Utah",,,,9.8250,,A,Temple,29654,Tori Edwards
"Thu, Mar-03-2022","Bridgeport, Maryland, Southern Conn.",,,,9.8000,,H,Temple,29654,Tori Edwards
"Sun, Mar-06-2022","New Hampshire, Ursinus College, West Chester",,,,9.8750,,H,Temple,29654,Tori Edwards
"Sat, Mar-12-2022","LIU, Minnesota, Utah State",,,,9.8250,,A,Temple,29654,Tori Edwards
"Sat, Mar-19-2022","George Washington, LIU, New Hampshire, North Carolina, North Carolina State, Pittsburgh, Towson",9.7750,,,9.8500,,A,Temple,29654,Tori Edwards
"Fri, Jan-07-2022","Penn State, Pennsylvania, Pittsburgh",,9.6250,,,,H,Temple,30000,Caitlin Gray
"Sat, Jan-15-2022",Iowa State,,9.1500,,,,A,Temple,30000,Caitlin Gray
"Sun, Jan-23-2022","New Hampshire, Pennsylvania",,9.7000,,,,A,Temple,30000,Caitlin Gray
"Sun, Jan-30-2022",LIU,,9.7750,,,,A,Temple,30000,Caitlin Gray
"Fri, Feb-04-2022","Eastern Michigan, LIU, Towson",,9.0750,,,,A,Temple,30000,Caitlin Gray
"Sat, Feb-12-2022",North Carolina,,9.7250,,,,A,Temple,30000,Caitlin Gray
"Fri, Feb-18-2022",Yale,,9.7250,,,,H,Temple,30000,Caitlin Gray
"Fri, Feb-25-2022",North Carolina State,,9.1000,,,,A,Temple,30000,Caitlin Gray
"Sun, Feb-27-2022","George Washington, North Carolina State, Southern Utah",,9.7750,,,,A,Temple,30000,Caitlin Gray
"Thu, Mar-03-2022","Bridgeport, Maryland, Southern Conn.",,9.8250,,,,H,Temple,30000,Caitlin Gray
"Sun, Mar-06-2022","New Hampshire, Ursinus College, West Chester",,9.7250,,,,H,Temple,30000,Caitlin Gray
"Sat, Mar-12-2022","LIU, Minnesota, Utah State",,9.6000,,,,A,Temple,30000,Caitlin Gray
"Sat, Mar-19-2022","George Washington, LIU, New Hampshire, North Carolina, North Carolina State, Pittsburgh, Towson",,9.7750,,,,A,Temple,30000,Caitlin Gray
"Fri, Jan-07-2022","Penn State, Pennsylvania, Pittsburgh",9.7250,,,,,H,Temple,31495,Anna Hill
"Sat, Jan-15-2022",Iowa State,9.7000,,,,,A,Temple,31495,Anna Hill
"Sun, Jan-23-2022","New Hampshire, Pennsylvania",9.6750,,,,,A,Temple,31495,Anna Hill
"Sun, Jan-30-2022",LIU,9.7750,,,,,A,Temple,31495,Anna Hill
"Fri, Feb-04-2022","Eastern Michigan, LIU, Towson",9.8250,,,,,A,Temple,31495,Anna Hill
"Sat, Feb-12-2022",North Carolina,9.7250,,,,,A,Temple,31495,Anna Hill
"Fri, Feb-25-2022",North Carolina State,9.8000,,,,,A,Temple,31495,Anna Hill
"Sun, Feb-27-2022","George Washington, North Carolina State, Southern Utah",9.8500,,,,,A,Temple,31495,Anna Hill
"Thu, Mar-03-2022","Bridgeport, Maryland, Southern Conn.",9.8500,,,,,H,Temple,31495,Anna Hill
"Sun, Mar-06-2022","New Hampshire, Ursinus College, West Chester",9.7000,,,,,H,Temple,31495,Anna Hill
"Sat, Mar-12-2022","LIU, Minnesota, Utah State",9.7000,,,,,A,Temple,31495,Anna Hill
"Sat, Mar-19-2022","George Washington, LIU, New Hampshire, North Carolina, North Carolina State, Pittsburgh, Towson",9.7500,,,,,A,Temple,31495,Anna Hill
"Fri, Jan-07-2022","Penn State, Pennsylvania, Pittsburgh",9.5500,,,,,H,Temple,31070,Lanie Hyman
"Fri, Jan-07-2022","Penn State, Pennsylvania, Pittsburgh",,,,9.7750,,H,Temple,25121,Faith Leary
"Sat, Jan-15-2022",Iowa State,,,,9.7750,,A,Temple,25121,Faith Leary
"Sun, Jan-23-2022","New Hampshire, Pennsylvania",,,,9.8750,,A,Temple,25121,Faith Leary
"Sun, Jan-30-2022",LIU,,,,9.7000,,A,Temple,25121,Faith Leary
"Fri, Feb-04-2022","Eastern Michigan, LIU, Towson",,,,9.8750,,A,Temple,25121,Faith Leary
"Sat, Feb-12-2022",North Carolina,,,,9.8750,,A,Temple,25121,Faith Leary
"Fri, Feb-25-2022",North Carolina State,,,,9.8250,,A,Temple,25121,Faith Leary
"Sun, Feb-27-2022","George Washington, North Carolina State, Southern Utah",,,,9.7250,,A,Temple,25121,Faith Leary
"Thu, Mar-03-2022","Bridgeport, Maryland, Southern Conn.",,,,9.8500,,H,Temple,25121,Faith Leary
"Sun, Mar-06-2022","New Hampshire, Ursinus College, West Chester",,,,9.8250,,H,Temple,25121,Faith Leary
"Sat, Mar-12-2022","LIU, Minnesota, Utah State",,,,9.8000,,A,Temple,25121,Faith Leary
"Sat, Mar-19-2022","George Washington, LIU, New Hampshire, North Carolina, North Carolina State, Pittsburgh, Towson",,,,9.8250,,A,Temple,25121,Faith Leary
"Fri, Jan-07-2022","Penn State, Pennsylvania, Pittsburgh",9.7000,,9.6750,9.7750,,H,Temple,30296,Julianna Roland
"Sat, Jan-15-2022",Iowa State,9.8000,,9.7750,9.6750,,A,Temple,30296,Julianna Roland
"Sun, Jan-23-2022","New Hampshire, Pennsylvania",9.9000,,9.8750,9.5750,,A,Temple,30296,Julianna Roland
"Sun, Jan-30-2022",LIU,9.8000,,9.8000,9.6500,,A,Temple,30296,Julianna Roland
"Fri, Feb-04-2022","Eastern Michigan, LIU, Towson",9.9000,,9.0750,9.9000,,A,Temple,30296,Julianna Roland
"Sat, Feb-12-2022",North Carolina,9.7750,,9.7750,9.7500,,A,Temple,30296,Julianna Roland
"Fri, Feb-18-2022",Yale,9.7250,,9.7000,9.7750,,H,Temple,30296,Julianna Roland
"Fri, Feb-25-2022",North Carolina State,9.9250,,9.9250,9.8500,,A,Temple,30296,Julianna Roland
"Sun, Feb-27-2022","George Washington, North Carolina State, Southern Utah",9.7500,,9.4000,9.6250,,A,Temple,30296,Julianna Roland
"Thu, Mar-03-2022","Bridgeport, Maryland, Southern Conn.",9.8250,,9.0500,9.5500,,H,Temple,30296,Julianna Roland
"Sun, Mar-06-2022","New Hampshire, Ursinus College, West Chester",9.7500,,9.9250,9.8500,,H,Temple,30296,Julianna Roland
"Sat, Mar-12-2022","LIU, Minnesota, Utah State",9.8000,,9.8000,9.7250,,A,Temple,30296,Julianna Roland
"Sat, Mar-19-2022","George Washington, LIU, New Hampshire, North Carolina, North Carolina State, Pittsburgh, Towson",9.8500,,9.8000,9.8500,,A,Temple,30296,Julianna Roland
"Thu, Mar-31-2022",,8.4250,,,,,A,Temple,30296,Julianna Roland
"Fri, Jan-07-2022","Penn State, Pennsylvania, Pittsburgh",,,9.6500,,,H,Temple,31496,Summer Ruskey
"Sat, Jan-15-2022",Iowa State,,,8.5750,,,A,Temple,31496,Summer Ruskey
"Sun, Jan-23-2022","New Hampshire, Pennsylvania",,,9.7250,,,A,Temple,31496,Summer Ruskey
"Sun, Jan-30-2022",LIU,,,9.6500,,,A,Temple,31496,Summer Ruskey
"Fri, Feb-04-2022","Eastern Michigan, LIU, Towson",,,9.7250,,,A,Temple,31496,Summer Ruskey
"Sat, Feb-12-2022",North Carolina,,,9.0250,,,A,Temple,31496,Summer Ruskey
"Fri, Feb-18-2022",Yale,,,9.7750,9.7750,,H,Temple,31496,Summer Ruskey
"Fri, Feb-25-2022",North Carolina State,,,9.8500,,,A,Temple,31496,Summer Ruskey
"Sun, Feb-27-2022","George Washington, North Carolina State, Southern Utah",,,9.1500,,,A,Temple,31496,Summer Ruskey
"Thu, Mar-03-2022","Bridgeport, Maryland, Southern Conn.",,,9.6500,,,H,Temple,31496,Summer Ruskey
"Sun, Mar-06-2022","New Hampshire, Ursinus College, West Chester",,,9.4250,,,H,Temple,31496,Summer Ruskey
"Sat, Mar-19-2022","George Washington, LIU, New Hampshire, North Carolina, North Carolina State, Pittsburgh, Towson",,,9.6750,,,A,Temple,31496,Summer Ruskey
"Fri, Jan-07-2022","Penn State, Pennsylvania, Pittsburgh",,,9.5750,9.4750,,H,Temple,31072,Renee Schugman
"Sat, Jan-15-2022",Iowa State,,,9.4500,9.3750,,A,Temple,31072,Renee Schugman
"Sun, Jan-23-2022","New Hampshire, Pennsylvania",,,,9.7250,,A,Temple,31072,Renee Schugman
"Sun, Jan-30-2022",LIU,,,9.2500,9.6750,,A,Temple,31072,Renee Schugman
"Fri, Feb-04-2022","Eastern Michigan, LIU, Towson",,,9.7750,9.8750,,A,Temple,31072,Renee Schugman
"Sat, Feb-12-2022",North Carolina,,,9.8000,9.8250,,A,Temple,31072,Renee Schugman
"Fri, Feb-18-2022",Yale,,,9.7750,9.8000,,H,Temple,31072,Renee Schugman
"Fri, Feb-25-2022",North Carolina State,,,9.7750,9.8000,,A,Temple,31072,Renee Schugman
"Sun, Feb-27-2022","George Washington, North Carolina State, Southern Utah",,,9.1750,9.7500,,A,Temple,31072,Renee Schugman
"Thu, Mar-03-2022","Bridgeport, Maryland, Southern Conn.",,,9.7500,9.8000,,H,Temple,31072,Renee Schugman
"Sun, Mar-06-2022","New Hampshire, Ursinus College, West Chester",,,9.8750,9.8750,,H,Temple,31072,Renee Schugman
"Sat, Mar-12-2022","LIU, Minnesota, Utah State",,,9.5000,9.7500,,A,Temple,31072,Renee Schugman
"Sat, Mar-19-2022","George Washington, LIU, New Hampshire, North Carolina, North Carolina State, Pittsburgh, Towson",,,9.1250,9.8500,,A,Temple,31072,Renee Schugman
"Fri, Jan-07-2022","Penn State, Pennsylvania, Pittsburgh",9.7250,9.6500,9.8000,9.7250,38.9000,H,Temple,31498,Hannah Stallings
"Sat, Jan-15-2022",Iowa State,9.6750,9.7000,9.7250,9.7750,38.8750,A,Temple,31498,Hannah Stallings
"Sun, Jan-23-2022","New Hampshire, Pennsylvania",9.9000,9.7250,9.8500,9.8000,39.2750,A,Temple,31498,Hannah Stallings
"Sun, Jan-30-2022",LIU,9.8500,9.7000,9.8500,9.8500,39.2500,A,Temple,31498,Hannah Stallings
"Fri, Feb-04-2022","Eastern Michigan, LIU, Towson",9.6750,9.7000,9.1500,9.8250,38.3500,A,Temple,31498,Hannah Stallings
"Sat, Feb-12-2022",North Carolina,9.6500,9.7500,9.8750,9.7250,39.0000,A,Temple,31498,Hannah Stallings
"Fri, Feb-18-2022",Yale,9.7500,9.7000,9.8000,,,H,Temple,31498,Hannah Stallings
"Fri, Feb-25-2022",North Carolina State,9.8000,9.7750,9.3500,9.0250,37.9500,A,Temple,31498,Hannah Stallings
"Sun, Feb-27-2022","George Washington, North Carolina State, Southern Utah",9.7750,9.8250,9.8250,,,A,Temple,31498,Hannah Stallings
"Thu, Mar-03-2022","Bridgeport, Maryland, Southern Conn.",9.8000,9.7500,9.7000,,,H,Temple,31498,Hannah Stallings
"Sun, Mar-06-2022","New Hampshire, Ursinus College, West Chester",9.7750,9.1250,9.8750,,,H,Temple,31498,Hannah Stallings
"Sat, Mar-12-2022","LIU, Minnesota, Utah State",9.7250,,8.9750,,,A,Temple,31498,Hannah Stallings
"Sat, Mar-19-2022","George Washington, LIU, New Hampshire, North Carolina, North Carolina State, Pittsburgh, Towson",9.7250,9.7750,9.8000,,,A,Temple,31498,Hannah Stallings
"Sat, Jan-15-2022",Iowa State,9.7250,9.8000,,,,A,Temple,31499,Sarah Stallings
"Sun, Jan-23-2022","New Hampshire, Pennsylvania",9.7500,7.9250,,,,A,Temple,31499,Sarah Stallings
"Sun, Jan-30-2022",LIU,9.8500,9.0750,,,,A,Temple,31499,Sarah Stallings
"Fri, Feb-04-2022","Eastern Michigan, LIU, Towson",9.7750,9.7000,,,,A,Temple,31499,Sarah Stallings
"Sat, Feb-12-2022",North Carolina,9.7750,9.7750,,,,A,Temple,31499,Sarah Stallings
"Fri, Feb-18-2022",Yale,9.6250,9.8000,,,,H,Temple,31499,Sarah Stallings
"Fri, Feb-25-2022",North Carolina State,9.7000,9.7750,,,,A,Temple,31499,Sarah Stallings
"Sun, Feb-27-2022","George Washington, North Carolina State, Southern Utah",9.8000,9.8750,,,,A,Temple,31499,Sarah Stallings
"Thu, Mar-03-2022","Bridgeport, Maryland, Southern Conn.",9.6250,9.8500,,,,H,Temple,31499,Sarah Stallings
"Sun, Mar-06-2022","New Hampshire, Ursinus College, West Chester",9.7750,9.7500,,,,H,Temple,31499,Sarah Stallings
"Sat, Mar-12-2022","LIU, Minnesota, Utah State",9.5250,9.8000,,,,A,Temple,31499,Sarah Stallings
"Sat, Mar-19-2022","George Washington, LIU, New Hampshire, North Carolina, North Carolina State, Pittsburgh, Towson",9.3000,9.8500,,,,A,Temple,31499,Sarah Stallings
"Fri, Jan-07-2022","Penn State, Pennsylvania, Pittsburgh",,9.7000,,,,H,Temple,31074,Cyrena Whalen
"Sat, Jan-15-2022",Iowa State,,9.7500,,,,A,Temple,31074,Cyrena Whalen
"Sun, Jan-23-2022","New Hampshire, Pennsylvania",,9.7500,,,,A,Temple,31074,Cyrena Whalen
"Sun, Jan-30-2022",LIU,,9.7750,,,,A,Temple,31074,Cyrena Whalen
"Fri, Feb-04-2022","Eastern Michigan, LIU, Towson",,9.6500,,,,A,Temple,31074,Cyrena Whalen
"Fri, Jan-07-2022","Florida, Northern Illinois, Rutgers",9.8000,,,,,A,Texas Woman's,31501,Emerson Adams
"Fri, Jan-14-2022",Iowa,9.7750,,,8.9000,,A,Texas Woman's,31501,Emerson Adams
"Sat, Jan-22-2022",Pittsburgh,9.8000,,,8.9750,,H,Texas Woman's,31501,Emerson Adams
"Sun, Jan-30-2022",Centenary College,9.8250,,,,,H,Texas Woman's,31501,Emerson Adams
"Sun, Feb-06-2022",Oklahoma,9.8000,,,9.6500,,A,Texas Woman's,31501,Emerson Adams
"Fri, Feb-11-2022","Pittsburgh, West Virginia",9.8500,,,,,A,Texas Woman's,31501,Emerson Adams
"Fri, Feb-18-2022","Alaska, Sacramento State, San Jose State",9.5000,,,,,A,Texas Woman's,31501,Emerson Adams
"Sun, Feb-20-2022","Air Force, Alaska, UC Davis",9.7750,,,,,A,Texas Woman's,31501,Emerson Adams
"Fri, Feb-25-2022","Centenary College, LSU, Pittsburgh",9.8500,,,,,H,Texas Woman's,31501,Emerson Adams
"Sun, Mar-06-2022","Air Force, Oklahoma, S.E. Missouri",9.8250,,,,,H,Texas Woman's,31501,Emerson Adams
"Sat, Mar-12-2022",Centenary College,9.7500,,,,,A,Texas Woman's,31501,Emerson Adams
"Fri, Mar-18-2022","Centenary College, Illinois State, Lindenwood, S.E. Missouri",9.8250,,,,,H,Texas Woman's,31501,Emerson Adams
"Fri, Apr-08-2022",,9.2250,,,,,A,Texas Woman's,31501,Emerson Adams
"Sat, Apr-09-2022",,9.9000,,,,,A,Texas Woman's,31501,Emerson Adams
"Fri, Jan-07-2022","Florida, Northern Illinois, Rutgers",,9.6000,9.7000,9.7000,,A,Texas Woman's,30115,Domi Bonzagni
"Sat, Jan-22-2022",Pittsburgh,,9.5500,9.7250,9.8000,,H,Texas Woman's,30115,Domi Bonzagni
"Sun, Jan-30-2022",Centenary College,,8.2250,9.0250,9.6750,,H,Texas Woman's,30115,Domi Bonzagni
"Sun, Feb-06-2022",Oklahoma,,,,9.7500,,A,Texas Woman's,30115,Domi Bonzagni
"Fri, Feb-11-2022","Pittsburgh, West Virginia",,,,9.7250,,A,Texas Woman's,30115,Domi Bonzagni
"Fri, Feb-18-2022","Alaska, Sacramento State, San Jose State",,,,9.7250,,A,Texas Woman's,30115,Domi Bonzagni
"Sun, Feb-20-2022","Air Force, Alaska, UC Davis",,,,9.7250,,A,Texas Woman's,30115,Domi Bonzagni
"Fri, Feb-25-2022","Centenary College, LSU, Pittsburgh",,,,9.7250,,H,Texas Woman's,30115,Domi Bonzagni
"Sun, Mar-06-2022","Air Force, Oklahoma, S.E. Missouri",,9.7000,,9.8250,,H,Texas Woman's,30115,Domi Bonzagni
"Sat, Mar-12-2022",Centenary College,,9.6250,9.7250,9.7750,,A,Texas Woman's,30115,Domi Bonzagni
"Fri, Mar-18-2022","Centenary College, Illinois State, Lindenwood, S.E. Missouri",,,,9.7500,,H,Texas Woman's,30115,Domi Bonzagni
"Fri, Apr-08-2022",,,,,9.7750,,A,Texas Woman's,30115,Domi Bonzagni
"Sat, Apr-09-2022",,,,,9.7000,,A,Texas Woman's,30115,Domi Bonzagni
"Fri, Jan-07-2022","Florida, Northern Illinois, Rutgers",9.7500,,9.2250,9.7250,,A,Texas Woman's,31075,Madeline Gose
"Fri, Jan-14-2022",Iowa,9.6000,,9.7500,9.7500,,A,Texas Woman's,31075,Madeline Gose
"Sat, Jan-22-2022",Pittsburgh,9.7000,,9.8250,9.7250,,H,Texas Woman's,31075,Madeline Gose
"Sun, Jan-30-2022",Centenary College,9.7000,,9.7000,9.8250,,H,Texas Woman's,31075,Madeline Gose
"Sun, Feb-06-2022",Oklahoma,9.7500,,9.7500,9.7750,,A,Texas Woman's,31075,Madeline Gose
"Fri, Feb-11-2022","Pittsburgh, West Virginia",9.7750,,9.8750,9.8750,,A,Texas Woman's,31075,Madeline Gose
"Fri, Feb-18-2022","Alaska, Sacramento State, San Jose State",9.8750,,9.8500,9.8500,,A,Texas Woman's,31075,Madeline Gose
"Sun, Feb-20-2022","Air Force, Alaska, UC Davis",9.7250,,9.9000,9.9000,,A,Texas Woman's,31075,Madeline Gose
"Fri, Feb-25-2022","Centenary College, LSU, Pittsburgh",9.7750,,9.7500,9.8250,,H,Texas Woman's,31075,Madeline Gose
"Sun, Mar-06-2022","Air Force, Oklahoma, S.E. Missouri",9.8000,,9.7750,9.8500,,H,Texas Woman's,31075,Madeline Gose
"Sat, Mar-12-2022",Centenary College,9.7750,,9.8500,9.8500,,A,Texas Woman's,31075,Madeline Gose
"Fri, Mar-18-2022","Centenary College, Illinois State, Lindenwood, S.E. Missouri",9.8250,,9.7750,9.8250,,H,Texas Woman's,31075,Madeline Gose
"Fri, Apr-08-2022",,9.7750,,9.7750,9.4500,,A,Texas Woman's,31075,Madeline Gose
"Sat, Apr-09-2022",,9.7750,,9.8000,9.9250,,A,Texas Woman's,31075,Madeline Gose
"Fri, Jan-07-2022","Florida, Northern Illinois, Rutgers",,8.7000,,9.8750,,A,Texas Woman's,30116,Isabel Goyco
"Sat, Jan-22-2022",Pittsburgh,,,,9.8250,,H,Texas Woman's,30116,Isabel Goyco
"Sun, Jan-30-2022",Centenary College,,9.7250,,9.7500,,H,Texas Woman's,30116,Isabel Goyco
"Sun, Feb-06-2022",Oklahoma,,9.7500,,9.8500,,A,Texas Woman's,30116,Isabel Goyco
"Fri, Feb-11-2022","Pittsburgh, West Virginia",,8.8250,,9.8250,,A,Texas Woman's,30116,Isabel Goyco
"Fri, Feb-18-2022","Alaska, Sacramento State, San Jose State",,9.8250,,9.8250,,A,Texas Woman's,30116,Isabel Goyco
"Sun, Feb-20-2022","Air Force, Alaska, UC Davis",,8.8000,,9.6000,,A,Texas Woman's,30116,Isabel Goyco
"Fri, Feb-25-2022","Centenary College, LSU, Pittsburgh",,8.0500,,9.7250,,H,Texas Woman's,30116,Isabel Goyco
"Sun, Mar-06-2022","Air Force, Oklahoma, S.E. Missouri",,,,9.9250,,H,Texas Woman's,30116,Isabel Goyco
"Sat, Mar-12-2022",Centenary College,,9.7250,,9.8250,,A,Texas Woman's,30116,Isabel Goyco
"Fri, Mar-18-2022","Centenary College, Illinois State, Lindenwood, S.E. Missouri",,9.4500,,9.8500,,H,Texas Woman's,30116,Isabel Goyco
"Fri, Apr-08-2022",,,9.7750,,9.8250,,A,Texas Woman's,30116,Isabel Goyco
"Sat, Apr-09-2022",,,9.5500,,9.9000,,A,Texas Woman's,30116,Isabel Goyco
"Sun, Apr-10-2022",,,9.7750,,9.9500,,A,Texas Woman's,30116,Isabel Goyco
"Fri, Jan-14-2022",Iowa,,9.3750,,,,A,Texas Woman's,30662,Maddie Griffith
"Sat, Jan-22-2022",Pittsburgh,,8.9500,,,,H,Texas Woman's,30662,Maddie Griffith
"Sun, Jan-30-2022",Centenary College,,9.2250,,,,H,Texas Woman's,30662,Maddie Griffith
"Sun, Feb-06-2022",Oklahoma,,9.7250,,,,A,Texas Woman's,30662,Maddie Griffith
"Fri, Feb-11-2022","Pittsburgh, West Virginia",,9.6000,,,,A,Texas Woman's,30662,Maddie Griffith
"Fri, Feb-18-2022","Alaska, Sacramento State, San Jose State",,9.7250,,,,A,Texas Woman's,30662,Maddie Griffith
"Sun, Feb-20-2022","Air Force, Alaska, UC Davis",,8.9250,,,,A,Texas Woman's,30662,Maddie Griffith
"Fri, Feb-25-2022","Centenary College, LSU, Pittsburgh",,9.7750,,,,H,Texas Woman's,30662,Maddie Griffith
"Sun, Mar-06-2022","Air Force, Oklahoma, S.E. Missouri",,9.6500,,,,H,Texas Woman's,30662,Maddie Griffith
"Fri, Mar-18-2022","Centenary College, Illinois State, Lindenwood, S.E. Missouri",,9.8000,,,,H,Texas Woman's,30662,Maddie Griffith
"Fri, Apr-08-2022",,,9.8000,,,,A,Texas Woman's,30662,Maddie Griffith
"Sat, Apr-09-2022",,,9.7500,,,,A,Texas Woman's,30662,Maddie Griffith
"Sun, Apr-10-2022",,,9.8500,,,,A,Texas Woman's,30662,Maddie Griffith
"Fri, Jan-14-2022",Iowa,,,7.8750,,,A,Texas Woman's,31504,Lainey Hunt
"Fri, Jan-07-2022","Florida, Northern Illinois, Rutgers",9.7500,,,9.8500,,A,Texas Woman's,30663,Mara Johnson
"Fri, Jan-14-2022",Iowa,9.7500,9.5000,,9.8000,,A,Texas Woman's,30663,Mara Johnson
"Sat, Jan-22-2022",Pittsburgh,9.7500,9.7000,,9.8750,,H,Texas Woman's,30663,Mara Johnson
"Sun, Jan-30-2022",Centenary College,9.6750,9.7250,,9.6250,,H,Texas Woman's,30663,Mara Johnson
"Sun, Feb-06-2022",Oklahoma,9.7750,9.6750,,9.7750,,A,Texas Woman's,30663,Mara Johnson
"Fri, Feb-11-2022","Pittsburgh, West Virginia",9.7750,9.6750,,9.7750,,A,Texas Woman's,30663,Mara Johnson
"Fri, Feb-18-2022","Alaska, Sacramento State, San Jose State",9.6750,9.7750,,9.8000,,A,Texas Woman's,30663,Mara Johnson
"Sun, Feb-20-2022","Air Force, Alaska, UC Davis",,9.6750,,9.8250,,A,Texas Woman's,30663,Mara Johnson
"Fri, Feb-25-2022","Centenary College, LSU, Pittsburgh",,9.7750,,9.8250,,H,Texas Woman's,30663,Mara Johnson
"Sun, Mar-06-2022","Air Force, Oklahoma, S.E. Missouri",9.7500,9.7500,,9.8750,,H,Texas Woman's,30663,Mara Johnson
"Sat, Mar-12-2022",Centenary College,9.7250,9.7500,,9.7750,,A,Texas Woman's,30663,Mara Johnson
"Fri, Mar-18-2022","Centenary College, Illinois State, Lindenwood, S.E. Missouri",,9.8500,,9.6500,,H,Texas Woman's,30663,Mara Johnson
"Fri, Apr-08-2022",,,9.6250,,9.8250,,A,Texas Woman's,30663,Mara Johnson
"Sat, Apr-09-2022",,,9.7750,,9.9000,,A,Texas Woman's,30663,Mara Johnson
"Sun, Apr-10-2022",,,,,9.8750,,A,Texas Woman's,30663,Mara Johnson
"Fri, Jan-07-2022","Florida, Northern Illinois, Rutgers",9.8000,9.5250,9.6000,,,A,Texas Woman's,31076,Steelie King
"Fri, Jan-14-2022",Iowa,9.6500,7.6000,8.8750,,,A,Texas Woman's,31076,Steelie King
"Sat, Jan-22-2022",Pittsburgh,9.7000,9.7000,8.9750,,,H,Texas Woman's,31076,Steelie King
"Sun, Jan-30-2022",Centenary College,,9.6000,,,,H,Texas Woman's,31076,Steelie King
"Sun, Feb-06-2022",Oklahoma,,9.6750,9.7250,,,A,Texas Woman's,31076,Steelie King
"Fri, Feb-11-2022","Pittsburgh, West Virginia",,9.5750,9.8250,,,A,Texas Woman's,31076,Steelie King
"Fri, Feb-18-2022","Alaska, Sacramento State, San Jose State",,9.7500,9.8750,,,A,Texas Woman's,31076,Steelie King
"Sun, Feb-20-2022","Air Force, Alaska, UC Davis",,9.6250,9.9000,,,A,Texas Woman's,31076,Steelie King
"Fri, Feb-25-2022","Centenary College, LSU, Pittsburgh",,9.8250,9.6750,,,H,Texas Woman's,31076,Steelie King
"Sun, Mar-06-2022","Air Force, Oklahoma, S.E. Missouri",,9.7000,9.8000,,,H,Texas Woman's,31076,Steelie King
"Sat, Mar-12-2022",Centenary College,,9.8000,9.8500,,,A,Texas Woman's,31076,Steelie King
"Fri, Mar-18-2022","Centenary College, Illinois State, Lindenwood, S.E. Missouri",9.7750,9.7750,9.8000,,,H,Texas Woman's,31076,Steelie King
"Fri, Apr-08-2022",,9.7500,9.4500,9.8500,,,A,Texas Woman's,31076,Steelie King
"Sat, Apr-09-2022",,9.8500,9.7500,9.8000,,,A,Texas Woman's,31076,Steelie King
"Sun, Apr-10-2022",,,,9.7500,,,A,Texas Woman's,31076,Steelie King
"Sun, Jan-30-2022",Centenary College,,,9.7500,,,H,Texas Woman's,30664,Mackenzie Kunzman
"Sun, Feb-06-2022",Oklahoma,,,9.6750,,,A,Texas Woman's,30664,Mackenzie Kunzman
"Fri, Feb-11-2022","Pittsburgh, West Virginia",,,9.7500,,,A,Texas Woman's,30664,Mackenzie Kunzman
"Fri, Feb-25-2022","Centenary College, LSU, Pittsburgh",,,9.8750,,,H,Texas Woman's,30664,Mackenzie Kunzman
"Sun, Mar-06-2022","Air Force, Oklahoma, S.E. Missouri",,,9.8250,,,H,Texas Woman's,30664,Mackenzie Kunzman
"Sat, Mar-12-2022",Centenary College,,,9.6750,,,A,Texas Woman's,30664,Mackenzie Kunzman
"Fri, Mar-18-2022","Centenary College, Illinois State, Lindenwood, S.E. Missouri",,,9.7250,,,H,Texas Woman's,30664,Mackenzie Kunzman
"Fri, Apr-08-2022",,,,9.8250,,,A,Texas Woman's,30664,Mackenzie Kunzman
"Sat, Apr-09-2022",,,,9.7750,,,A,Texas Woman's,30664,Mackenzie Kunzman
"Sun, Apr-10-2022",,,,9.8000,,,A,Texas Woman's,30664,Mackenzie Kunzman
"Fri, Jan-07-2022","Florida, Northern Illinois, Rutgers",,9.5250,,,,A,Texas Woman's,30665,Beth Lazarus
"Fri, Jan-14-2022",Iowa,9.6000,8.6250,8.9500,,,A,Texas Woman's,30665,Beth Lazarus
"Sat, Jan-22-2022",Pittsburgh,9.7000,9.6750,,,,H,Texas Woman's,30665,Beth Lazarus
"Sun, Jan-30-2022",Centenary College,9.7500,8.1500,,,,H,Texas Woman's,30665,Beth Lazarus
"Sun, Feb-06-2022",Oklahoma,9.7500,9.8000,,,,A,Texas Woman's,30665,Beth Lazarus
"Fri, Feb-11-2022","Pittsburgh, West Virginia",9.6500,9.2750,,,,A,Texas Woman's,30665,Beth Lazarus
"Fri, Feb-18-2022","Alaska, Sacramento State, San Jose State",9.7250,9.5000,,,,A,Texas Woman's,30665,Beth Lazarus
"Sun, Feb-20-2022","Air Force, Alaska, UC Davis",9.6250,9.5750,,,,A,Texas Woman's,30665,Beth Lazarus
"Fri, Feb-25-2022","Centenary College, LSU, Pittsburgh",9.7250,9.6750,,,,H,Texas Woman's,30665,Beth Lazarus
"Sun, Mar-06-2022","Air Force, Oklahoma, S.E. Missouri",9.8000,9.7000,,,,H,Texas Woman's,30665,Beth Lazarus
"Sat, Mar-12-2022",Centenary College,9.0750,9.4500,,,,A,Texas Woman's,30665,Beth Lazarus
"Fri, Mar-18-2022","Centenary College, Illinois State, Lindenwood, S.E. Missouri",9.6250,9.7250,,,,H,Texas Woman's,30665,Beth Lazarus
"Fri, Apr-08-2022",,9.6750,9.7000,,,,A,Texas Woman's,30665,Beth Lazarus
"Sat, Apr-09-2022",,9.7750,9.6000,,,,A,Texas Woman's,30665,Beth Lazarus
"Fri, Jan-07-2022","Florida, Northern Illinois, Rutgers",,9.6000,,,,A,Texas Woman's,31077,Lexi Leake
"Fri, Jan-14-2022",Iowa,,9.5750,,9.7500,,A,Texas Woman's,31077,Lexi Leake
"Sat, Mar-12-2022",Centenary College,,8.3500,,,,A,Texas Woman's,31077,Lexi Leake
"Fri, Jan-07-2022","Florida, Northern Illinois, Rutgers",9.8000,,,9.7500,,A,Texas Woman's,31505,Sierra Muns
"Fri, Jan-14-2022",Iowa,9.7000,9.1500,9.4500,9.7750,38.0750,A,Texas Woman's,31505,Sierra Muns
"Sat, Jan-22-2022",Pittsburgh,9.7500,,,9.8500,,H,Texas Woman's,31505,Sierra Muns
"Sun, Jan-30-2022",Centenary College,9.7750,,,9.6750,,H,Texas Woman's,31505,Sierra Muns
"Sun, Feb-06-2022",Oklahoma,9.7750,,,8.7000,,A,Texas Woman's,31505,Sierra Muns
"Fri, Feb-11-2022","Pittsburgh, West Virginia",9.7000,,,9.6750,,A,Texas Woman's,31505,Sierra Muns
"Fri, Feb-18-2022","Alaska, Sacramento State, San Jose State",9.7750,,,9.8500,,A,Texas Woman's,31505,Sierra Muns
"Sun, Feb-20-2022","Air Force, Alaska, UC Davis",9.7000,,,9.9000,,A,Texas Woman's,31505,Sierra Muns
"Fri, Feb-25-2022","Centenary College, LSU, Pittsburgh",9.7750,,,9.6250,,H,Texas Woman's,31505,Sierra Muns
"Sun, Mar-06-2022","Air Force, Oklahoma, S.E. Missouri",9.7000,,,9.8000,,H,Texas Woman's,31505,Sierra Muns
"Sat, Mar-12-2022",Centenary College,9.6250,,,9.7250,,A,Texas Woman's,31505,Sierra Muns
"Fri, Mar-18-2022","Centenary College, Illinois State, Lindenwood, S.E. Missouri",9.8000,,,9.8000,,H,Texas Woman's,31505,Sierra Muns
"Fri, Apr-08-2022",,9.6750,,,9.9000,,A,Texas Woman's,31505,Sierra Muns
"Sat, Apr-09-2022",,9.8500,,,9.8000,,A,Texas Woman's,31505,Sierra Muns
"Sun, Apr-10-2022",,,,,9.7500,,A,Texas Woman's,31505,Sierra Muns
"Fri, Jan-07-2022","Florida, Northern Illinois, Rutgers",,,9.6750,9.5250,,A,Texas Woman's,30628,Alixandra Pierce
"Sat, Jan-22-2022",Pittsburgh,,,9.1000,,,H,Texas Woman's,30628,Alixandra Pierce
"Sun, Jan-30-2022",Centenary College,,,8.9000,9.7000,,H,Texas Woman's,30628,Alixandra Pierce
"Fri, Feb-11-2022","Pittsburgh, West Virginia",,,,9.6000,,A,Texas Woman's,30628,Alixandra Pierce
"Fri, Feb-18-2022","Alaska, Sacramento State, San Jose State",,,9.4750,9.7750,,A,Texas Woman's,30628,Alixandra Pierce
"Sun, Feb-20-2022","Air Force, Alaska, UC Davis",,,9.5250,9.8500,,A,Texas Woman's,30628,Alixandra Pierce
"Fri, Feb-25-2022","Centenary College, LSU, Pittsburgh",,,,9.8000,,H,Texas Woman's,30628,Alixandra Pierce
"Sun, Mar-06-2022","Air Force, Oklahoma, S.E. Missouri",,,,9.8000,,H,Texas Woman's,30628,Alixandra Pierce
"Fri, Mar-18-2022","Centenary College, Illinois State, Lindenwood, S.E. Missouri",,,,9.8750,,H,Texas Woman's,30628,Alixandra Pierce
"Fri, Apr-08-2022",,,,9.7000,9.0750,,A,Texas Woman's,30628,Alixandra Pierce
"Sat, Apr-09-2022",,,,9.7750,9.8000,,A,Texas Woman's,30628,Alixandra Pierce
"Fri, Jan-07-2022","Florida, Northern Illinois, Rutgers",,9.3250,9.7250,,,A,Texas Woman's,30666,Kyla Podges
"Sat, Jan-22-2022",Pittsburgh,,8.5500,,,,H,Texas Woman's,30666,Kyla Podges
"Sun, Jan-30-2022",Centenary College,,,9.8250,,,H,Texas Woman's,30666,Kyla Podges
"Sun, Feb-06-2022",Oklahoma,,9.7500,9.5750,,,A,Texas Woman's,30666,Kyla Podges
"Fri, Feb-11-2022","Pittsburgh, West Virginia",,9.6000,9.8000,,,A,Texas Woman's,30666,Kyla Podges
"Fri, Feb-18-2022","Alaska, Sacramento State, San Jose State",,9.7000,9.6500,,,A,Texas Woman's,30666,Kyla Podges
"Sun, Feb-20-2022","Air Force, Alaska, UC Davis",,9.6750,9.7000,,,A,Texas Woman's,30666,Kyla Podges
"Fri, Feb-25-2022","Centenary College, LSU, Pittsburgh",,9.7750,9.8250,,,H,Texas Woman's,30666,Kyla Podges
"Sun, Mar-06-2022","Air Force, Oklahoma, S.E. Missouri",,8.1500,9.8000,,,H,Texas Woman's,30666,Kyla Podges
"Fri, Mar-18-2022","Centenary College, Illinois State, Lindenwood, S.E. Missouri",,9.7750,9.7000,,,H,Texas Woman's,30666,Kyla Podges
"Fri, Apr-08-2022",,,8.9000,9.7000,,,A,Texas Woman's,30666,Kyla Podges
"Sat, Apr-09-2022",,,9.7250,9.7750,,,A,Texas Woman's,30666,Kyla Podges
"Fri, Jan-07-2022","Florida, Northern Illinois, Rutgers",9.6250,,,,,A,Texas Woman's,31506,Emily Six
"Fri, Jan-14-2022",Iowa,,,9.6000,,,A,Texas Woman's,31506,Emily Six
"Sat, Jan-22-2022",Pittsburgh,,,9.7250,,,H,Texas Woman's,31506,Emily Six
"Sun, Jan-30-2022",Centenary College,,,9.3500,,,H,Texas Woman's,31506,Emily Six
"Sun, Feb-06-2022",Oklahoma,,,9.6250,,,A,Texas Woman's,31506,Emily Six
"Fri, Feb-11-2022","Pittsburgh, West Virginia",,,9.7250,,,A,Texas Woman's,31506,Emily Six
"Fri, Feb-18-2022","Alaska, Sacramento State, San Jose State",,,9.7750,,,A,Texas Woman's,31506,Emily Six
"Sun, Feb-20-2022","Air Force, Alaska, UC Davis",9.7500,,9.7750,,,A,Texas Woman's,31506,Emily Six
"Fri, Feb-25-2022","Centenary College, LSU, Pittsburgh",9.6500,,9.6750,,,H,Texas Woman's,31506,Emily Six
"Sun, Mar-06-2022","Air Force, Oklahoma, S.E. Missouri",,,9.7500,,,H,Texas Woman's,31506,Emily Six
"Sat, Mar-12-2022",Centenary College,,,9.7250,,,A,Texas Woman's,31506,Emily Six
"Fri, Mar-18-2022","Centenary College, Illinois State, Lindenwood, S.E. Missouri",,,9.7000,,,H,Texas Woman's,31506,Emily Six
"Fri, Apr-08-2022",,,,9.6500,,,A,Texas Woman's,31506,Emily Six
"Sat, Apr-09-2022",,,,9.7250,,,A,Texas Woman's,31506,Emily Six
"Fri, Jan-07-2022","Florida, Northern Illinois, Rutgers",,,9.6250,,,A,Texas Woman's,30772,Daisy Woodring
"Sat, Jan-22-2022",Pittsburgh,,,9.2000,,,H,Texas Woman's,30772,Daisy Woodring
"Sun, Jan-30-2022",Centenary College,9.7500,,,,,H,Texas Woman's,30772,Daisy Woodring
"Sun, Feb-06-2022",Oklahoma,9.7750,,9.6250,,,A,Texas Woman's,30772,Daisy Woodring
"Fri, Feb-11-2022","Pittsburgh, West Virginia",9.8250,,9.6500,,,A,Texas Woman's,30772,Daisy Woodring
"Fri, Feb-18-2022","Alaska, Sacramento State, San Jose State",9.8750,,9.3750,,,A,Texas Woman's,30772,Daisy Woodring
"Sun, Feb-20-2022","Air Force, Alaska, UC Davis",9.8500,,9.3000,,,A,Texas Woman's,30772,Daisy Woodring
"Fri, Feb-25-2022","Centenary College, LSU, Pittsburgh",9.6750,,9.8000,,,H,Texas Woman's,30772,Daisy Woodring
"Sun, Mar-06-2022","Air Force, Oklahoma, S.E. Missouri",9.8250,,9.5250,,,H,Texas Woman's,30772,Daisy Woodring
"Sat, Mar-12-2022",Centenary College,9.8250,,9.6000,9.7250,,A,Texas Woman's,30772,Daisy Woodring
"Fri, Mar-18-2022","Centenary College, Illinois State, Lindenwood, S.E. Missouri",9.8000,,9.7000,,,H,Texas Woman's,30772,Daisy Woodring
"Fri, Apr-08-2022",,9.8500,,,,,A,Texas Woman's,30772,Daisy Woodring
"Sat, Apr-09-2022",,9.8000,,,,,A,Texas Woman's,30772,Daisy Woodring
"Sun, Apr-10-2022",,9.8125,,,,,A,Texas Woman's,30772,Daisy Woodring
"Sun, Jan-09-2022","New Hampshire, Southern Conn.",9.7500,,9.4250,9.6250,,A,Towson,30636,Lauren Bolen
"Fri, Jan-14-2022","West Chester, West Virginia, William & Mary",9.7750,,9.7000,9.7250,,H,Towson,30636,Lauren Bolen
"Sat, Jan-22-2022",North Carolina State,9.7750,,9.6500,9.7750,,A,Towson,30636,Lauren Bolen
"Fri, Jan-28-2022","North Carolina, Pittsburgh",9.8250,,9.6250,9.7750,,A,Towson,30636,Lauren Bolen
"Wed, Feb-02-2022","George Washington, William & Mary",9.8000,,9.7250,9.7750,,H,Towson,30636,Lauren Bolen
"Fri, Feb-04-2022","Eastern Michigan, LIU, Temple",9.8500,,9.7500,9.8000,,H,Towson,30636,Lauren Bolen
"Sun, Feb-13-2022",Pennsylvania,9.7250,8.7750,9.7750,9.7750,38.0500,H,Towson,30636,Lauren Bolen
"Sat, Feb-19-2022","Ursinus College, West Virginia",9.8500,,9.8000,9.8000,,H,Towson,30636,Lauren Bolen
"Fri, Feb-25-2022","BYU, Utah State",9.8250,,9.7750,9.7500,,A,Towson,30636,Lauren Bolen
"Sun, Feb-27-2022",Utah State,9.8500,,9.7000,9.8000,,A,Towson,30636,Lauren Bolen
"Sun, Mar-06-2022",Pittsburgh,9.8750,,9.8750,9.7750,,A,Towson,30636,Lauren Bolen
"Fri, Mar-11-2022","George Washington, Maryland, Southern Conn.",9.8250,,9.8000,9.7250,,H,Towson,30636,Lauren Bolen
"Sat, Mar-19-2022","George Washington, LIU, New Hampshire, North Carolina, North Carolina State, Pittsburgh, Temple",9.7250,,9.8000,9.7500,,A,Towson,30636,Lauren Bolen
"Wed, Mar-30-2022",,9.8000,,9.2000,9.8000,,A,Towson,30636,Lauren Bolen
"Sun, Jan-09-2022","New Hampshire, Southern Conn.",9.5250,,,8.0000,,A,Towson,30118,Nikki Borkowski
"Fri, Jan-14-2022","West Chester, West Virginia, William & Mary",9.7000,,,,,H,Towson,30118,Nikki Borkowski
"Sat, Jan-22-2022",North Carolina State,9.6250,,,9.3500,,A,Towson,30118,Nikki Borkowski
"Fri, Jan-28-2022","North Carolina, Pittsburgh",9.7500,,,,,A,Towson,30118,Nikki Borkowski
"Wed, Feb-02-2022","George Washington, William & Mary",9.7000,,,9.8250,,H,Towson,30118,Nikki Borkowski
"Fri, Feb-04-2022","Eastern Michigan, LIU, Temple",9.8250,,,9.6500,,H,Towson,30118,Nikki Borkowski
"Sun, Feb-13-2022",Pennsylvania,9.7500,,,,,H,Towson,30118,Nikki Borkowski
"Sat, Feb-19-2022","Ursinus College, West Virginia",9.7750,,,9.7750,,H,Towson,30118,Nikki Borkowski
"Fri, Feb-25-2022","BYU, Utah State",9.7750,,,,,A,Towson,30118,Nikki Borkowski
"Sun, Feb-27-2022",Utah State,9.7000,,,9.9250,,A,Towson,30118,Nikki Borkowski
"Sun, Mar-06-2022",Pittsburgh,9.8000,,,9.5250,,A,Towson,30118,Nikki Borkowski
"Fri, Mar-11-2022","George Washington, Maryland, Southern Conn.",9.8000,,,9.8750,,H,Towson,30118,Nikki Borkowski
"Sat, Mar-19-2022","George Washington, LIU, New Hampshire, North Carolina, North Carolina State, Pittsburgh, Temple",9.7500,,,9.7000,,A,Towson,30118,Nikki Borkowski
"Wed, Mar-30-2022",,9.6250,,,9.8000,,A,Towson,30118,Nikki Borkowski
"Sun, Jan-09-2022","New Hampshire, Southern Conn.",,,,9.8000,,A,Towson,30638,Paige Casper
"Fri, Jan-14-2022","West Chester, West Virginia, William & Mary",,,,9.8000,,H,Towson,30638,Paige Casper
"Sat, Jan-22-2022",North Carolina State,,,,9.6750,,A,Towson,30638,Paige Casper
"Sun, Feb-13-2022",Pennsylvania,,,,9.6250,,H,Towson,30638,Paige Casper
"Fri, Feb-25-2022","BYU, Utah State",,,,9.7000,,A,Towson,30638,Paige Casper
"Fri, Mar-11-2022","George Washington, Maryland, Southern Conn.",,,,9.6750,,H,Towson,30638,Paige Casper
"Sun, Jan-09-2022","New Hampshire, Southern Conn.",9.6000,,,,,A,Towson,31507,Mia Davis
"Sat, Jan-22-2022",North Carolina State,9.7250,,,,,A,Towson,31507,Mia Davis
"Fri, Jan-28-2022","North Carolina, Pittsburgh",9.8250,,,,,A,Towson,31507,Mia Davis
"Wed, Feb-02-2022","George Washington, William & Mary",9.7750,,,,,H,Towson,31507,Mia Davis
"Fri, Feb-04-2022","Eastern Michigan, LIU, Temple",9.8250,,,,,H,Towson,31507,Mia Davis
"Sun, Feb-13-2022",Pennsylvania,9.7500,,,,,H,Towson,31507,Mia Davis
"Sat, Feb-19-2022","Ursinus College, West Virginia",9.7750,,,,,H,Towson,31507,Mia Davis
"Fri, Feb-25-2022","BYU, Utah State",9.8500,,,,,A,Towson,31507,Mia Davis
"Sun, Feb-27-2022",Utah State,9.6750,,,,,A,Towson,31507,Mia Davis
"Sun, Mar-06-2022",Pittsburgh,9.8500,,,,,A,Towson,31507,Mia Davis
"Fri, Mar-11-2022","George Washington, Maryland, Southern Conn.",9.7500,,,,,H,Towson,31507,Mia Davis
"Sat, Mar-19-2022","George Washington, LIU, New Hampshire, North Carolina, North Carolina State, Pittsburgh, Temple",9.7250,,,,,A,Towson,31507,Mia Davis
"Wed, Mar-30-2022",,9.8000,,,,,A,Towson,31507,Mia Davis
"Fri, Feb-04-2022","Eastern Michigan, LIU, Temple",,9.8250,,,,H,Towson,31079,Sarah Girot
"Sun, Feb-13-2022",Pennsylvania,,9.8500,,,,H,Towson,31079,Sarah Girot
"Sat, Feb-19-2022","Ursinus College, West Virginia",,9.7750,,,,H,Towson,31079,Sarah Girot
"Fri, Feb-25-2022","BYU, Utah State",,9.6750,,,,A,Towson,31079,Sarah Girot
"Sun, Feb-27-2022",Utah State,,9.8000,,,,A,Towson,31079,Sarah Girot
"Sun, Mar-06-2022",Pittsburgh,,9.7000,,,,A,Towson,31079,Sarah Girot
"Fri, Mar-11-2022","George Washington, Maryland, Southern Conn.",,9.8250,,,,H,Towson,31079,Sarah Girot
"Sat, Mar-19-2022","George Washington, LIU, New Hampshire, North Carolina, North Carolina State, Pittsburgh, Temple",,9.7000,,,,A,Towson,31079,Sarah Girot
"Wed, Mar-30-2022",,,9.7500,,,,A,Towson,31079,Sarah Girot
"Sun, Jan-09-2022","New Hampshire, Southern Conn.",,9.6750,9.7750,9.7000,,A,Towson,31508,Clara Hong
"Fri, Jan-14-2022","West Chester, West Virginia, William & Mary",9.5250,9.8250,9.8000,9.8000,38.9500,H,Towson,31508,Clara Hong
"Sat, Jan-22-2022",North Carolina State,,9.8500,9.7500,9.7750,,A,Towson,31508,Clara Hong
"Fri, Jan-28-2022","North Carolina, Pittsburgh",,9.7750,9.8250,9.8250,,A,Towson,31508,Clara Hong
"Wed, Feb-02-2022","George Washington, William & Mary",,9.6750,9.8750,9.8750,,H,Towson,31508,Clara Hong
"Fri, Feb-04-2022","Eastern Michigan, LIU, Temple",,9.6500,9.8250,9.8500,,H,Towson,31508,Clara Hong
"Sun, Feb-13-2022",Pennsylvania,,9.8500,9.8500,9.8500,,H,Towson,31508,Clara Hong
"Sat, Feb-19-2022","Ursinus College, West Virginia",,9.9000,9.8250,9.8250,,H,Towson,31508,Clara Hong
"Fri, Feb-25-2022","BYU, Utah State",,9.7750,9.9000,9.8250,,A,Towson,31508,Clara Hong
"Sun, Feb-27-2022",Utah State,,9.7750,9.8250,9.5500,,A,Towson,31508,Clara Hong
"Sun, Mar-06-2022",Pittsburgh,,9.8250,9.8500,9.8250,,A,Towson,31508,Clara Hong
"Fri, Mar-11-2022","George Washington, Maryland, Southern Conn.",,9.7750,9.8250,9.8750,,H,Towson,31508,Clara Hong
"Sat, Mar-19-2022","George Washington, LIU, New Hampshire, North Carolina, North Carolina State, Pittsburgh, Temple",,9.8500,9.8500,9.8750,,A,Towson,31508,Clara Hong
"Wed, Mar-30-2022",,,9.7750,9.8500,9.6250,,A,Towson,31508,Clara Hong
"Sun, Jan-09-2022","New Hampshire, Southern Conn.",,,9.6500,,,A,Towson,30119,Emerson Hurst
"Fri, Jan-14-2022","West Chester, West Virginia, William & Mary",,,9.8000,,,H,Towson,30119,Emerson Hurst
"Sat, Jan-22-2022",North Carolina State,,,9.6500,,,A,Towson,30119,Emerson Hurst
"Fri, Jan-28-2022","North Carolina, Pittsburgh",,,9.8000,,,A,Towson,30119,Emerson Hurst
"Wed, Feb-02-2022","George Washington, William & Mary",,,9.9250,,,H,Towson,30119,Emerson Hurst
"Fri, Feb-04-2022","Eastern Michigan, LIU, Temple",,,9.9250,,,H,Towson,30119,Emerson Hurst
"Sun, Feb-13-2022",Pennsylvania,,,9.8000,,,H,Towson,30119,Emerson Hurst
"Sat, Feb-19-2022","Ursinus College, West Virginia",,,9.9000,,,H,Towson,30119,Emerson Hurst
"Fri, Feb-25-2022","BYU, Utah State",,,9.7250,,,A,Towson,30119,Emerson Hurst
"Sun, Feb-27-2022",Utah State,,,9.8000,,,A,Towson,30119,Emerson Hurst
"Sun, Mar-06-2022",Pittsburgh,,,9.8500,,,A,Towson,30119,Emerson Hurst
"Fri, Mar-11-2022","George Washington, Maryland, Southern Conn.",,,9.8250,,,H,Towson,30119,Emerson Hurst
"Sat, Mar-19-2022","George Washington, LIU, New Hampshire, North Carolina, North Carolina State, Pittsburgh, Temple",,,9.7000,,,A,Towson,30119,Emerson Hurst
"Wed, Mar-30-2022",,,,9.0750,,,A,Towson,30119,Emerson Hurst
"Sun, Jan-09-2022","New Hampshire, Southern Conn.",,9.7750,9.4000,,,A,Towson,31509,Lauren Keener
"Fri, Jan-14-2022","West Chester, West Virginia, William & Mary",,9.8000,9.6500,,,H,Towson,31509,Lauren Keener
"Sat, Jan-22-2022",North Carolina State,,9.7500,9.3500,,,A,Towson,31509,Lauren Keener
"Fri, Jan-28-2022","North Carolina, Pittsburgh",,9.7750,9.8250,,,A,Towson,31509,Lauren Keener
"Wed, Feb-02-2022","George Washington, William & Mary",,9.7750,9.8500,,,H,Towson,31509,Lauren Keener
"Fri, Feb-04-2022","Eastern Michigan, LIU, Temple",,9.7750,9.8000,,,H,Towson,31509,Lauren Keener
"Sun, Feb-13-2022",Pennsylvania,,9.8000,9.7000,,,H,Towson,31509,Lauren Keener
"Sat, Feb-19-2022","Ursinus College, West Virginia",,9.8500,9.8750,,,H,Towson,31509,Lauren Keener
"Fri, Feb-25-2022","BYU, Utah State",,9.8250,9.7250,,,A,Towson,31509,Lauren Keener
"Sun, Feb-27-2022",Utah State,,9.7500,9.7750,,,A,Towson,31509,Lauren Keener
"Sun, Mar-06-2022",Pittsburgh,,9.7250,9.7750,,,A,Towson,31509,Lauren Keener
"Fri, Mar-11-2022","George Washington, Maryland, Southern Conn.",,9.9000,9.8750,,,H,Towson,31509,Lauren Keener
"Sat, Mar-19-2022","George Washington, LIU, New Hampshire, North Carolina, North Carolina State, Pittsburgh, Temple",,9.7500,9.8250,,,A,Towson,31509,Lauren Keener
"Wed, Mar-30-2022",,,9.8500,9.6250,,,A,Towson,31509,Lauren Keener
"Sun, Jan-09-2022","New Hampshire, Southern Conn.",,9.8500,9.8000,,,A,Towson,31510,Steph Macasu
"Fri, Jan-28-2022","North Carolina, Pittsburgh",,9.8250,,,,A,Towson,31510,Steph Macasu
"Wed, Feb-02-2022","George Washington, William & Mary",,9.8500,,,,H,Towson,31510,Steph Macasu
"Fri, Feb-04-2022","Eastern Michigan, LIU, Temple",,9.8250,,,,H,Towson,31510,Steph Macasu
"Sun, Feb-13-2022",Pennsylvania,,9.5750,,,,H,Towson,31510,Steph Macasu
"Sat, Feb-19-2022","Ursinus College, West Virginia",,9.8250,,,,H,Towson,31510,Steph Macasu
"Fri, Feb-25-2022","BYU, Utah State",,9.6500,,,,A,Towson,31510,Steph Macasu
"Sun, Feb-27-2022",Utah State,,9.8500,,,,A,Towson,31510,Steph Macasu
"Sun, Mar-06-2022",Pittsburgh,,9.7000,,,,A,Towson,31510,Steph Macasu
"Fri, Mar-11-2022","George Washington, Maryland, Southern Conn.",,9.9000,,,,H,Towson,31510,Steph Macasu
"Sat, Mar-19-2022","George Washington, LIU, New Hampshire, North Carolina, North Carolina State, Pittsburgh, Temple",,9.9000,9.8500,,,A,Towson,31510,Steph Macasu
"Sun, Jan-09-2022","New Hampshire, Southern Conn.",,9.7750,,,,A,Towson,31081,Amanda Pedicelli
"Fri, Jan-14-2022","West Chester, West Virginia, William & Mary",,9.3500,,,,H,Towson,31081,Amanda Pedicelli
"Sat, Jan-22-2022",North Carolina State,,9.7750,,,,A,Towson,31081,Amanda Pedicelli
"Fri, Jan-28-2022","North Carolina, Pittsburgh",,9.6500,,9.5250,,A,Towson,31081,Amanda Pedicelli
"Wed, Feb-02-2022","George Washington, William & Mary",,9.6750,,,,H,Towson,31081,Amanda Pedicelli
"Sun, Jan-09-2022","New Hampshire, Southern Conn.",,,,9.8000,,A,Towson,30640,Amy Stewart
"Fri, Jan-14-2022","West Chester, West Virginia, William & Mary",,,,9.6500,,H,Towson,30640,Amy Stewart
"Sat, Jan-22-2022",North Carolina State,,9.1000,,9.8500,,A,Towson,30640,Amy Stewart
"Fri, Jan-28-2022","North Carolina, Pittsburgh",,,,9.8250,,A,Towson,30640,Amy Stewart
"Wed, Feb-02-2022","George Washington, William & Mary",,,,9.8250,,H,Towson,30640,Amy Stewart
"Fri, Feb-04-2022","Eastern Michigan, LIU, Temple",,,,9.9500,,H,Towson,30640,Amy Stewart
"Sun, Feb-13-2022",Pennsylvania,,,,9.8500,,H,Towson,30640,Amy Stewart
"Sat, Feb-19-2022","Ursinus College, West Virginia",,,,9.8500,,H,Towson,30640,Amy Stewart
"Fri, Feb-25-2022","BYU, Utah State",,,,9.8500,,A,Towson,30640,Amy Stewart
"Sun, Feb-27-2022",Utah State,,,,9.8750,,A,Towson,30640,Amy Stewart
"Sun, Mar-06-2022",Pittsburgh,,,,9.8000,,A,Towson,30640,Amy Stewart
"Fri, Mar-11-2022","George Washington, Maryland, Southern Conn.",,,,9.8750,,H,Towson,30640,Amy Stewart
"Sat, Mar-19-2022","George Washington, LIU, New Hampshire, North Carolina, North Carolina State, Pittsburgh, Temple",,,,9.9000,,A,Towson,30640,Amy Stewart
"Wed, Mar-30-2022",,,6.3000,,9.8500,,A,Towson,30640,Amy Stewart
"Sun, Jan-09-2022","New Hampshire, Southern Conn.",,9.6750,,,,A,Towson,31082,Cassidy Stuart
"Fri, Jan-14-2022","West Chester, West Virginia, William & Mary",,9.1250,9.8750,,,H,Towson,31082,Cassidy Stuart
"Sun, Jan-09-2022","New Hampshire, Southern Conn.",9.5750,,,,,A,Towson,31512,Elise Tisler
"Fri, Jan-14-2022","West Chester, West Virginia, William & Mary",9.6500,,,,,H,Towson,31512,Elise Tisler
"Sat, Jan-22-2022",North Carolina State,9.7500,,,,,A,Towson,31512,Elise Tisler
"Fri, Jan-28-2022","North Carolina, Pittsburgh",9.8250,,,,,A,Towson,31512,Elise Tisler
"Wed, Feb-02-2022","George Washington, William & Mary",9.7250,,,,,H,Towson,31512,Elise Tisler
"Fri, Feb-04-2022","Eastern Michigan, LIU, Temple",9.8000,,,,,H,Towson,31512,Elise Tisler
"Sun, Feb-13-2022",Pennsylvania,9.8250,,,,,H,Towson,31512,Elise Tisler
"Sat, Feb-19-2022","Ursinus College, West Virginia",9.7750,,,,,H,Towson,31512,Elise Tisler
"Fri, Feb-25-2022","BYU, Utah State",9.8000,,,,,A,Towson,31512,Elise Tisler
"Sun, Feb-27-2022",Utah State,9.8000,,,,,A,Towson,31512,Elise Tisler
"Sun, Mar-06-2022",Pittsburgh,9.8250,,,9.8500,,A,Towson,31512,Elise Tisler
"Fri, Mar-11-2022","George Washington, Maryland, Southern Conn.",9.8250,,,,,H,Towson,31512,Elise Tisler
"Sat, Mar-19-2022","George Washington, LIU, New Hampshire, North Carolina, North Carolina State, Pittsburgh, Temple",9.8000,,,9.5250,,A,Towson,31512,Elise Tisler
"Wed, Mar-30-2022",,9.8250,,,,,A,Towson,31512,Elise Tisler
"Sun, Jan-09-2022","New Hampshire, Southern Conn.",,9.6750,,,,A,Towson,31083,Grace Vaillancourt
"Fri, Jan-14-2022","West Chester, West Virginia, William & Mary",,9.8000,,9.7500,,H,Towson,31083,Grace Vaillancourt
"Sat, Jan-22-2022",North Carolina State,,9.8500,9.8000,9.6750,,A,Towson,31083,Grace Vaillancourt
"Fri, Jan-28-2022","North Carolina, Pittsburgh",,9.8500,9.8250,9.4750,,A,Towson,31083,Grace Vaillancourt
"Wed, Feb-02-2022","George Washington, William & Mary",,9.7750,9.8750,9.8000,,H,Towson,31083,Grace Vaillancourt
"Fri, Feb-04-2022","Eastern Michigan, LIU, Temple",,9.7500,9.7250,9.8250,,H,Towson,31083,Grace Vaillancourt
"Sun, Feb-13-2022",Pennsylvania,,9.8750,9.6750,9.8750,,H,Towson,31083,Grace Vaillancourt
"Sat, Feb-19-2022","Ursinus College, West Virginia",,9.8000,9.8500,9.7500,,H,Towson,31083,Grace Vaillancourt
"Fri, Feb-25-2022","BYU, Utah State",,9.8000,9.7000,9.7000,,A,Towson,31083,Grace Vaillancourt
"Sun, Feb-27-2022",Utah State,,9.8250,9.7250,9.8500,,A,Towson,31083,Grace Vaillancourt
"Sun, Mar-06-2022",Pittsburgh,,9.7500,9.2250,9.7750,,A,Towson,31083,Grace Vaillancourt
"Fri, Mar-11-2022","George Washington, Maryland, Southern Conn.",,8.2250,9.7500,9.8500,,H,Towson,31083,Grace Vaillancourt
"Sat, Mar-19-2022","George Washington, LIU, New Hampshire, North Carolina, North Carolina State, Pittsburgh, Temple",,9.8500,,9.8000,,A,Towson,31083,Grace Vaillancourt
"Wed, Mar-30-2022",,,9.8250,9.8250,9.8250,,A,Towson,31083,Grace Vaillancourt
"Sun, Jan-09-2022","New Hampshire, Southern Conn.",9.7000,,,,,A,Towson,30641,Camille Vitoff
"Fri, Jan-14-2022","West Chester, West Virginia, William & Mary",9.7750,8.6250,,,,H,Towson,30641,Camille Vitoff
"Sat, Jan-22-2022",North Carolina State,9.7750,9.7500,,,,A,Towson,30641,Camille Vitoff
"Fri, Jan-28-2022","North Carolina, Pittsburgh",9.8500,9.8250,,,,A,Towson,30641,Camille Vitoff
"Wed, Feb-02-2022","George Washington, William & Mary",9.8250,9.8250,,,,H,Towson,30641,Camille Vitoff
"Fri, Feb-04-2022","Eastern Michigan, LIU, Temple",9.8750,9.8500,,,,H,Towson,30641,Camille Vitoff
"Sun, Feb-13-2022",Pennsylvania,9.8250,,,,,H,Towson,30641,Camille Vitoff
"Sat, Feb-19-2022","Ursinus College, West Virginia",9.8500,9.4500,,,,H,Towson,30641,Camille Vitoff
"Fri, Feb-25-2022","BYU, Utah State",9.7500,8.5250,,,,A,Towson,30641,Camille Vitoff
"Sun, Feb-27-2022",Utah State,9.7500,9.8000,,,,A,Towson,30641,Camille Vitoff
"Sun, Mar-06-2022",Pittsburgh,9.7500,9.7750,,,,A,Towson,30641,Camille Vitoff
"Fri, Mar-11-2022","George Washington, Maryland, Southern Conn.",9.9000,9.8500,,,,H,Towson,30641,Camille Vitoff
"Sat, Mar-19-2022","George Washington, LIU, New Hampshire, North Carolina, North Carolina State, Pittsburgh, Temple",9.7250,9.7500,,,,A,Towson,30641,Camille Vitoff
"Wed, Mar-30-2022",,9.8250,9.7000,,,,A,Towson,30641,Camille Vitoff
"Sun, Jan-09-2022","New Hampshire, Southern Conn.",9.6000,,9.8000,9.6500,,A,Towson,30642,Jenna Weitz
"Fri, Jan-14-2022","West Chester, West Virginia, William & Mary",9.6250,,9.7750,9.7000,,H,Towson,30642,Jenna Weitz
"Sat, Jan-22-2022",North Carolina State,9.7750,,9.6000,,,A,Towson,30642,Jenna Weitz
"Fri, Jan-28-2022","North Carolina, Pittsburgh",9.7750,,9.8750,9.7250,,A,Towson,30642,Jenna Weitz
"Wed, Feb-02-2022","George Washington, William & Mary",9.7000,,9.8750,9.6750,,H,Towson,30642,Jenna Weitz
"Fri, Feb-04-2022","Eastern Michigan, LIU, Temple",9.8750,,9.8750,9.8250,,H,Towson,30642,Jenna Weitz
"Sun, Feb-13-2022",Pennsylvania,9.7500,,9.7750,9.8500,,H,Towson,30642,Jenna Weitz
"Sat, Feb-19-2022","Ursinus College, West Virginia",9.5500,,9.8750,9.7750,,H,Towson,30642,Jenna Weitz
"Fri, Feb-25-2022","BYU, Utah State",9.4000,,9.8500,9.7750,,A,Towson,30642,Jenna Weitz
"Sun, Feb-27-2022",Utah State,9.7500,,9.7000,9.8250,,A,Towson,30642,Jenna Weitz
"Sun, Mar-06-2022",Pittsburgh,9.7500,,9.8500,,,A,Towson,30642,Jenna Weitz
"Fri, Mar-11-2022","George Washington, Maryland, Southern Conn.",9.7500,,9.6000,,,H,Towson,30642,Jenna Weitz
"Sat, Mar-19-2022","George Washington, LIU, New Hampshire, North Carolina, North Carolina State, Pittsburgh, Temple",9.8000,,9.8250,,,A,Towson,30642,Jenna Weitz
"Wed, Mar-30-2022",,9.7000,,9.7750,9.8500,,A,Towson,30642,Jenna Weitz
"Thu, Mar-31-2022",,,,9.7250,,,A,Towson,30642,Jenna Weitz
"Sun, Jan-09-2022","Michigan State, Sacramento State",9.7750,,9.7000,9.7000,,H,UC Davis,31690,Keanna Abraham
"Sun, Jan-16-2022",Sacramento State,9.8000,,,9.7500,,H,UC Davis,31690,Keanna Abraham
"Sun, Jan-23-2022","Oregon State, UCLA",9.8750,,8.5000,9.8250,,A,UC Davis,31690,Keanna Abraham
"Sun, Jan-30-2022","Air Force, Alaska",9.8250,,,9.8250,,A,UC Davis,31690,Keanna Abraham
"Sun, Feb-06-2022",San Jose State,9.8000,,,9.8500,,H,UC Davis,31690,Keanna Abraham
"Fri, Feb-11-2022",Sacramento State,9.7750,,,9.7500,,A,UC Davis,31690,Keanna Abraham
"Sun, Feb-20-2022","Air Force, Alaska, Texas Woman's",9.8500,,9.2000,9.9000,,H,UC Davis,31690,Keanna Abraham
"Sun, Feb-27-2022",San Jose State,9.9000,,9.3000,9.8250,,A,UC Davis,31690,Keanna Abraham
"Sat, Mar-05-2022",Sacramento State,9.8750,,9.9250,9.9250,,A,UC Davis,31690,Keanna Abraham
"Sat, Mar-12-2022",UCLA,9.8250,,9.7750,9.5750,,A,UC Davis,31690,Keanna Abraham
"Sat, Mar-19-2022","Air Force, Alaska, Sacramento State, San Jose State",9.8250,,9.7500,9.8750,,H,UC Davis,31690,Keanna Abraham
"Thu, Mar-31-2022",,9.8750,,,,,A,UC Davis,31690,Keanna Abraham
"Sun, Feb-06-2022",San Jose State,9.6750,,,,,H,UC Davis,30173,Lauren Chu
"Sat, Mar-05-2022",Sacramento State,9.6750,,9.1500,,,A,UC Davis,30173,Lauren Chu
"Sun, Jan-09-2022","Michigan State, Sacramento State",,9.6750,,,,H,UC Davis,30705,Logan Clagg
"Sun, Jan-16-2022",Sacramento State,,9.7500,8.9750,9.0750,,H,UC Davis,30705,Logan Clagg
"Sun, Jan-23-2022","Oregon State, UCLA",,9.6500,,,,A,UC Davis,30705,Logan Clagg
"Sun, Jan-30-2022","Air Force, Alaska",,9.7750,,9.0500,,A,UC Davis,30705,Logan Clagg
"Sun, Jan-16-2022",Sacramento State,9.7000,9.6500,,,,H,UC Davis,30174,Cortney Cunningham
"Sun, Jan-23-2022","Oregon State, UCLA",9.7000,9.7250,,,,A,UC Davis,30174,Cortney Cunningham
"Sun, Jan-30-2022","Air Force, Alaska",9.6250,9.7750,,,,A,UC Davis,30174,Cortney Cunningham
"Sun, Feb-06-2022",San Jose State,,9.2250,,,,H,UC Davis,30174,Cortney Cunningham
"Fri, Feb-11-2022",Sacramento State,,9.8000,,,,A,UC Davis,30174,Cortney Cunningham
"Sun, Feb-20-2022","Air Force, Alaska, Texas Woman's",9.7500,8.9250,,,,H,UC Davis,30174,Cortney Cunningham
"Sun, Feb-27-2022",San Jose State,9.7750,9.7500,,,,A,UC Davis,30174,Cortney Cunningham
"Sat, Mar-05-2022",Sacramento State,,9.7500,,,,A,UC Davis,30174,Cortney Cunningham
"Sat, Mar-12-2022",UCLA,9.6750,8.6750,,,,A,UC Davis,30174,Cortney Cunningham
"Sat, Mar-19-2022","Air Force, Alaska, Sacramento State, San Jose State",,9.6500,,,,H,UC Davis,30174,Cortney Cunningham
"Sun, Jan-09-2022","Michigan State, Sacramento State",9.8250,9.5750,9.9000,9.7500,39.0500,H,UC Davis,29734,Kyla Kessler
"Sun, Jan-16-2022",Sacramento State,9.8000,9.7750,9.8000,9.7750,39.1500,H,UC Davis,29734,Kyla Kessler
"Sun, Jan-23-2022","Oregon State, UCLA",9.8500,9.7750,9.8000,9.8000,39.2250,A,UC Davis,29734,Kyla Kessler
"Sun, Jan-30-2022","Air Force, Alaska",9.8250,9.7750,9.8750,,,A,UC Davis,29734,Kyla Kessler
"Sun, Feb-06-2022",San Jose State,9.7500,9.7500,9.8250,9.8500,39.1750,H,UC Davis,29734,Kyla Kessler
"Fri, Feb-11-2022",Sacramento State,9.8000,9.1500,9.2500,9.9000,38.1000,A,UC Davis,29734,Kyla Kessler
"Sun, Feb-20-2022","Air Force, Alaska, Texas Woman's",9.8750,9.8000,9.7750,9.9250,39.3750,H,UC Davis,29734,Kyla Kessler
"Sun, Feb-27-2022",San Jose State,9.8500,9.7750,9.9000,9.8500,39.3750,A,UC Davis,29734,Kyla Kessler
"Sat, Mar-05-2022",Sacramento State,9.8500,9.8250,9.8000,9.9500,39.4250,A,UC Davis,29734,Kyla Kessler
"Sat, Mar-12-2022",UCLA,9.8500,9.7000,9.8000,9.8500,39.2000,A,UC Davis,29734,Kyla Kessler
"Sat, Mar-19-2022","Air Force, Alaska, Sacramento State, San Jose State",9.8000,9.6500,9.8750,9.9000,39.2250,H,UC Davis,29734,Kyla Kessler
"Thu, Mar-31-2022",,9.8000,9.7500,9.7750,9.8750,39.2000,A,UC Davis,29734,Kyla Kessler
"Sun, Jan-23-2022","Oregon State, UCLA",,9.0000,,,,A,UC Davis,29735,Gabby Landess
"Sun, Feb-20-2022","Air Force, Alaska, Texas Woman's",,9.9000,,,,H,UC Davis,29735,Gabby Landess
"Sun, Feb-27-2022",San Jose State,,9.8250,,,,A,UC Davis,29735,Gabby Landess
"Sat, Mar-05-2022",Sacramento State,,8.5000,,,,A,UC Davis,29735,Gabby Landess
"Sat, Mar-12-2022",UCLA,,8.6500,,,,A,UC Davis,29735,Gabby Landess
"Sat, Mar-19-2022","Air Force, Alaska, Sacramento State, San Jose State",,9.7250,,,,H,UC Davis,29735,Gabby Landess
"Sun, Jan-09-2022","Michigan State, Sacramento State",,,9.8500,,,H,UC Davis,31156,Kaitlyn Lyle
"Sun, Jan-16-2022",Sacramento State,,,9.8750,,,H,UC Davis,31156,Kaitlyn Lyle
"Sun, Jan-23-2022","Oregon State, UCLA",,,9.2250,,,A,UC Davis,31156,Kaitlyn Lyle
"Sun, Jan-30-2022","Air Force, Alaska",,,9.6000,,,A,UC Davis,31156,Kaitlyn Lyle
"Sun, Feb-06-2022",San Jose State,,,9.8250,,,H,UC Davis,31156,Kaitlyn Lyle
"Fri, Feb-11-2022",Sacramento State,,,9.8500,,,A,UC Davis,31156,Kaitlyn Lyle
"Sat, Mar-12-2022",UCLA,,,9.8500,,,A,UC Davis,31156,Kaitlyn Lyle
"Sat, Mar-19-2022","Air Force, Alaska, Sacramento State, San Jose State",,,9.6500,,,H,UC Davis,31156,Kaitlyn Lyle
"Sun, Jan-09-2022","Michigan State, Sacramento State",,9.0500,,,,H,UC Davis,30709,Thea Michovsky
"Sun, Jan-16-2022",Sacramento State,,9.7250,,,,H,UC Davis,30709,Thea Michovsky
"Sun, Jan-23-2022","Oregon State, UCLA",,9.7250,,,,A,UC Davis,30709,Thea Michovsky
"Sun, Jan-30-2022","Air Force, Alaska",,9.8250,,,,A,UC Davis,30709,Thea Michovsky
"Sun, Feb-06-2022",San Jose State,,9.7750,,,,H,UC Davis,30709,Thea Michovsky
"Fri, Feb-11-2022",Sacramento State,,9.8500,,,,A,UC Davis,30709,Thea Michovsky
"Sun, Feb-20-2022","Air Force, Alaska, Texas Woman's",,9.7750,,,,H,UC Davis,30709,Thea Michovsky
"Sun, Feb-27-2022",San Jose State,,9.8000,,,,A,UC Davis,30709,Thea Michovsky
"Sat, Mar-05-2022",Sacramento State,,9.8500,,,,A,UC Davis,30709,Thea Michovsky
"Sat, Mar-12-2022",UCLA,,9.7250,,,,A,UC Davis,30709,Thea Michovsky
"Sun, Jan-09-2022","Michigan State, Sacramento State",9.8000,,9.8000,9.8500,,H,UC Davis,31158,Emma Otsu
"Sun, Jan-16-2022",Sacramento State,9.6750,,9.8000,9.8250,,H,UC Davis,31158,Emma Otsu
"Sun, Jan-23-2022","Oregon State, UCLA",9.8000,,9.9000,9.8000,,A,UC Davis,31158,Emma Otsu
"Sun, Jan-30-2022","Air Force, Alaska",9.7250,,9.7750,9.8250,,A,UC Davis,31158,Emma Otsu
"Sun, Feb-06-2022",San Jose State,9.7000,,9.7250,9.8500,,H,UC Davis,31158,Emma Otsu
"Fri, Feb-11-2022",Sacramento State,9.4750,,9.8500,9.7750,,A,UC Davis,31158,Emma Otsu
"Sun, Feb-20-2022","Air Force, Alaska, Texas Woman's",9.7500,9.8500,9.8750,9.8250,39.3000,H,UC Davis,31158,Emma Otsu
"Sun, Feb-27-2022",San Jose State,9.8500,8.7750,9.2250,9.3250,36.9750,A,UC Davis,31158,Emma Otsu
"Sat, Mar-05-2022",Sacramento State,9.8000,,,,,A,UC Davis,31158,Emma Otsu
"Sat, Mar-12-2022",UCLA,9.7750,,9.1500,9.6750,,A,UC Davis,31158,Emma Otsu
"Sat, Mar-19-2022","Air Force, Alaska, Sacramento State, San Jose State",9.7750,9.8250,9.8500,9.7750,39.2250,H,UC Davis,31158,Emma Otsu
"Sun, Jan-09-2022","Michigan State, Sacramento State",9.7000,,,,,H,UC Davis,31694,Emily Pires
"Sun, Jan-16-2022",Sacramento State,9.7750,,,,,H,UC Davis,31694,Emily Pires
"Sun, Jan-23-2022","Oregon State, UCLA",8.3000,,,,,A,UC Davis,31694,Emily Pires
"Sun, Jan-30-2022","Air Force, Alaska",9.7250,,,,,A,UC Davis,31694,Emily Pires
"Sun, Feb-06-2022",San Jose State,9.7500,,,,,H,UC Davis,31694,Emily Pires
"Fri, Feb-11-2022",Sacramento State,9.8750,,,,,A,UC Davis,31694,Emily Pires
"Sun, Feb-20-2022","Air Force, Alaska, Texas Woman's",9.8750,,,9.7000,,H,UC Davis,31694,Emily Pires
"Sun, Feb-27-2022",San Jose State,9.9000,,,9.7750,,A,UC Davis,31694,Emily Pires
"Sat, Mar-05-2022",Sacramento State,9.8750,,,9.8500,,A,UC Davis,31694,Emily Pires
"Sat, Mar-12-2022",UCLA,9.8250,,,9.8500,,A,UC Davis,31694,Emily Pires
"Sat, Mar-19-2022","Air Force, Alaska, Sacramento State, San Jose State",9.7500,,,9.8500,,H,UC Davis,31694,Emily Pires
"Sun, Jan-09-2022","Michigan State, Sacramento State",9.8250,,9.9000,9.8250,,H,UC Davis,31695,Megan Ray
"Sun, Jan-16-2022",Sacramento State,9.6500,,9.1250,9.9000,,H,UC Davis,31695,Megan Ray
"Sun, Jan-23-2022","Oregon State, UCLA",9.7750,,9.8000,9.8000,,A,UC Davis,31695,Megan Ray
"Sun, Jan-30-2022","Air Force, Alaska",9.7500,,9.5750,9.8750,,A,UC Davis,31695,Megan Ray
"Sun, Feb-06-2022",San Jose State,9.7500,,9.7250,9.9250,,H,UC Davis,31695,Megan Ray
"Fri, Feb-11-2022",Sacramento State,9.8250,,9.1750,9.9000,,A,UC Davis,31695,Megan Ray
"Sun, Feb-20-2022","Air Force, Alaska, Texas Woman's",9.7500,,9.8250,9.9000,,H,UC Davis,31695,Megan Ray
"Sun, Feb-27-2022",San Jose State,9.8000,,9.8000,9.8250,,A,UC Davis,31695,Megan Ray
"Sat, Mar-05-2022",Sacramento State,9.8250,,9.9000,9.8750,,A,UC Davis,31695,Megan Ray
"Sat, Mar-12-2022",UCLA,9.7250,,,9.9000,,A,UC Davis,31695,Megan Ray
"Sat, Mar-19-2022","Air Force, Alaska, Sacramento State, San Jose State",9.7500,,,9.9250,,H,UC Davis,31695,Megan Ray
"Thu, Mar-31-2022",,,,,9.8750,,A,UC Davis,31695,Megan Ray
"Sun, Jan-09-2022","Michigan State, Sacramento State",,9.5250,9.8000,9.6250,,H,UC Davis,31696,Ava Scafani
"Sun, Jan-16-2022",Sacramento State,,9.7000,9.8000,,,H,UC Davis,31696,Ava Scafani
"Sun, Jan-23-2022","Oregon State, UCLA",,9.4250,9.7000,,,A,UC Davis,31696,Ava Scafani
"Sun, Jan-30-2022","Air Force, Alaska",,9.4750,9.7250,,,A,UC Davis,31696,Ava Scafani
"Sun, Feb-06-2022",San Jose State,,9.8250,9.8250,,,H,UC Davis,31696,Ava Scafani
"Fri, Feb-11-2022",Sacramento State,,9.8500,9.8250,,,A,UC Davis,31696,Ava Scafani
"Sun, Feb-20-2022","Air Force, Alaska, Texas Woman's",,9.7750,9.9000,,,H,UC Davis,31696,Ava Scafani
"Sun, Feb-27-2022",San Jose State,,9.8000,9.8000,,,A,UC Davis,31696,Ava Scafani
"Sat, Mar-05-2022",Sacramento State,,9.7500,9.1000,,,A,UC Davis,31696,Ava Scafani
"Sat, Mar-12-2022",UCLA,,9.8250,8.9500,,,A,UC Davis,31696,Ava Scafani
"Sat, Mar-19-2022","Air Force, Alaska, Sacramento State, San Jose State",,9.8000,9.7750,,,H,UC Davis,31696,Ava Scafani
"Sun, Jan-30-2022","Air Force, Alaska",,,9.2000,,,A,UC Davis,30710,Rachel Schuelke-Lombardi
"Sun, Feb-06-2022",San Jose State,,,9.7250,,,H,UC Davis,30710,Rachel Schuelke-Lombardi
"Fri, Feb-11-2022",Sacramento State,,,9.8750,,,A,UC Davis,30710,Rachel Schuelke-Lombardi
"Sun, Feb-20-2022","Air Force, Alaska, Texas Woman's",,,9.4000,,,H,UC Davis,30710,Rachel Schuelke-Lombardi
"Sun, Feb-27-2022",San Jose State,,,9.8750,,,A,UC Davis,30710,Rachel Schuelke-Lombardi
"Sat, Mar-05-2022",Sacramento State,,,9.9250,,,A,UC Davis,30710,Rachel Schuelke-Lombardi
"Sat, Mar-12-2022",UCLA,,,9.8250,,,A,UC Davis,30710,Rachel Schuelke-Lombardi
"Sat, Mar-19-2022","Air Force, Alaska, Sacramento State, San Jose State",,,9.8500,,,H,UC Davis,30710,Rachel Schuelke-Lombardi
"Sun, Jan-09-2022","Michigan State, Sacramento State",,9.4750,,,,H,UC Davis,31159,Nandhini Senthil
"Sun, Feb-06-2022",San Jose State,,9.8000,,,,H,UC Davis,31159,Nandhini Senthil
"Fri, Feb-11-2022",Sacramento State,,9.6000,,,,A,UC Davis,31159,Nandhini Senthil
"Sun, Jan-09-2022","Michigan State, Sacramento State",,9.3500,,9.7250,,H,UC Davis,30176,Shannon Sklow
"Sun, Jan-16-2022",Sacramento State,,9.6500,,8.7500,,H,UC Davis,30176,Shannon Sklow
"Sun, Jan-23-2022","Oregon State, UCLA",,,,9.7000,,A,UC Davis,30176,Shannon Sklow
"Sun, Jan-30-2022","Air Force, Alaska",,8.9500,,9.6750,,A,UC Davis,30176,Shannon Sklow
"Sun, Feb-06-2022",San Jose State,,9.5250,,9.7250,,H,UC Davis,30176,Shannon Sklow
"Fri, Feb-11-2022",Sacramento State,,9.7750,,9.6000,,A,UC Davis,30176,Shannon Sklow
"Sat, Mar-05-2022",Sacramento State,,9.7000,,9.8250,,A,UC Davis,30176,Shannon Sklow
"Sat, Mar-12-2022",UCLA,,9.6500,,,,A,UC Davis,30176,Shannon Sklow
"Sat, Mar-19-2022","Air Force, Alaska, Sacramento State, San Jose State",,9.7000,,,,H,UC Davis,30176,Shannon Sklow
"Sun, Jan-09-2022","Michigan State, Sacramento State",9.2000,,,,,H,UC Davis,31697,Bella Trejo
"Sun, Jan-23-2022","Oregon State, UCLA",,,,9.7500,,A,UC Davis,31697,Bella Trejo
"Sun, Jan-30-2022","Air Force, Alaska",,,,9.8500,,A,UC Davis,31697,Bella Trejo
"Sun, Feb-06-2022",San Jose State,,,,9.8500,,H,UC Davis,31697,Bella Trejo
"Fri, Feb-11-2022",Sacramento State,9.6500,,,9.8500,,A,UC Davis,31697,Bella Trejo
"Sun, Feb-20-2022","Air Force, Alaska, Texas Woman's",,,,9.8000,,H,UC Davis,31697,Bella Trejo
"Sun, Feb-27-2022",San Jose State,,,,9.8000,,A,UC Davis,31697,Bella Trejo
"Sat, Mar-05-2022",Sacramento State,,,,9.8250,,A,UC Davis,31697,Bella Trejo
"Sat, Mar-12-2022",UCLA,,,,9.7250,,A,UC Davis,31697,Bella Trejo
"Sat, Mar-19-2022","Air Force, Alaska, Sacramento State, San Jose State",9.6750,,,9.8000,,H,UC Davis,31697,Bella Trejo
"Mon, Jan-17-2022","Iowa, Minnesota",9.9000,,9.8500,9.8250,,A,UCLA,31085,Chae Campbell
"Sun, Jan-23-2022","Oregon State, UC Davis",9.8000,9.7000,,,,A,UCLA,31085,Chae Campbell
"Sun, Jan-30-2022",Arizona,9.9000,9.8000,9.7750,9.7000,39.1750,H,UCLA,31085,Chae Campbell
"Fri, Feb-04-2022",Utah,9.9000,9.8500,9.8250,9.9250,39.5000,H,UCLA,31085,Chae Campbell
"Sat, Feb-12-2022",Stanford,9.9000,9.8250,9.9000,9.8750,39.5000,A,UCLA,31085,Chae Campbell
"Sun, Feb-20-2022",Arizona State,,9.8500,,,,A,UCLA,31085,Chae Campbell
"Sun, Feb-27-2022",Washington,9.9250,9.8250,9.8250,10.0000,39.5750,H,UCLA,31085,Chae Campbell
"Sun, Mar-06-2022",California,9.9500,9.9000,9.8750,9.9750,39.7000,H,UCLA,31085,Chae Campbell
"Sat, Mar-12-2022",UC Davis,9.9500,9.8750,9.9000,10.0000,39.7250,H,UCLA,31085,Chae Campbell
"Sat, Mar-19-2022","Arizona, Arizona State, California, Oregon State, Stanford, Utah, Washington",9.9000,9.8000,9.8500,9.8500,39.4000,A,UCLA,31085,Chae Campbell
"Thu, Mar-31-2022",,9.9250,9.8000,9.8500,9.9500,39.5250,A,UCLA,31085,Chae Campbell
"Sat, Apr-02-2022",,9.9250,9.8250,9.7750,9.9500,39.4750,A,UCLA,31085,Chae Campbell
"Mon, Jan-17-2022","Iowa, Minnesota",9.2750,9.8250,,,,A,UCLA,31789,Jordan Chiles
"Sun, Jan-23-2022","Oregon State, UC Davis",9.8750,9.9250,,,,A,UCLA,31789,Jordan Chiles
"Sun, Jan-30-2022",Arizona,9.8750,9.9000,9.7500,9.8250,39.3500,H,UCLA,31789,Jordan Chiles
"Fri, Feb-04-2022",Utah,9.8750,9.9250,9.9000,10.0000,39.7000,H,UCLA,31789,Jordan Chiles
"Sat, Feb-12-2022",Stanford,9.8750,10.0000,9.5500,9.8250,39.2500,A,UCLA,31789,Jordan Chiles
"Sun, Feb-20-2022",Arizona State,9.9000,9.3000,9.8750,9.9750,39.0500,A,UCLA,31789,Jordan Chiles
"Sun, Feb-27-2022",Washington,9.9000,9.7500,9.7750,9.9500,39.3750,H,UCLA,31789,Jordan Chiles
"Sun, Mar-06-2022",California,9.9000,9.9750,9.9250,10.0000,39.8000,H,UCLA,31789,Jordan Chiles
"Sat, Mar-12-2022",UC Davis,9.9000,9.9500,9.7250,9.7500,39.3250,H,UCLA,31789,Jordan Chiles
"Sat, Mar-19-2022","Arizona, Arizona State, California, Oregon State, Stanford, Utah, Washington",9.8500,9.8500,9.8500,9.8750,39.4250,A,UCLA,31789,Jordan Chiles
"Thu, Mar-31-2022",,9.9250,9.9500,9.2500,9.9500,39.0750,A,UCLA,31789,Jordan Chiles
"Sat, Apr-02-2022",,9.9000,9.9500,9.7500,9.9250,39.5250,A,UCLA,31789,Jordan Chiles
"Thu, Apr-14-2022",,,9.3375,,9.9250,,A,UCLA,31789,Jordan Chiles
"Mon, Jan-17-2022","Iowa, Minnesota",,9.8500,,,,A,UCLA,31086,Frida Esparza
"Sun, Jan-23-2022","Oregon State, UC Davis",,9.8750,,9.6500,,A,UCLA,31086,Frida Esparza
"Sat, Mar-12-2022",UC Davis,,9.9250,,,,H,UCLA,31086,Frida Esparza
"Sat, Mar-19-2022","Arizona, Arizona State, California, Oregon State, Stanford, Utah, Washington",,9.8250,,,,A,UCLA,31086,Frida Esparza
"Thu, Mar-31-2022",,,9.9000,,,,A,UCLA,31086,Frida Esparza
"Sat, Apr-02-2022",,,9.8750,9.7500,,,A,UCLA,31086,Frida Esparza
"Mon, Jan-17-2022","Iowa, Minnesota",9.7500,9.9000,9.7250,9.8500,39.2250,A,UCLA,30122,Norah Flatley
"Sun, Jan-23-2022","Oregon State, UC Davis",9.8250,9.8750,9.3000,9.8500,38.8500,A,UCLA,30122,Norah Flatley
"Sun, Jan-30-2022",Arizona,9.8500,9.8000,9.9000,9.9000,39.4500,H,UCLA,30122,Norah Flatley
"Fri, Feb-04-2022",Utah,9.8250,9.9500,9.8250,9.9250,39.5250,H,UCLA,30122,Norah Flatley
"Sat, Feb-12-2022",Stanford,9.7250,9.9000,,9.2500,,A,UCLA,30122,Norah Flatley
"Sun, Feb-20-2022",Arizona State,9.8500,9.9250,9.8750,,,A,UCLA,30122,Norah Flatley
"Sun, Feb-27-2022",Washington,9.8000,9.8750,9.7750,,,H,UCLA,30122,Norah Flatley
"Sun, Mar-06-2022",California,9.9000,9.9500,9.9500,9.9500,39.7500,H,UCLA,30122,Norah Flatley
"Sat, Mar-12-2022",UC Davis,9.8500,9.9250,9.8250,9.9750,39.5750,H,UCLA,30122,Norah Flatley
"Sat, Mar-19-2022","Arizona, Arizona State, California, Oregon State, Stanford, Utah, Washington",9.8000,9.8500,9.9250,9.8750,39.4500,A,UCLA,30122,Norah Flatley
"Thu, Mar-31-2022",,9.8500,9.9250,9.9000,9.9000,39.5750,A,UCLA,30122,Norah Flatley
"Sat, Apr-02-2022",,9.8000,9.9000,,,,A,UCLA,30122,Norah Flatley
"Thu, Apr-14-2022",,9.8875,9.8875,9.9375,9.8875,39.6000,A,UCLA,30122,Norah Flatley
"Mon, Jan-17-2022","Iowa, Minnesota",,9.5250,,,,A,UCLA,30123,Margzetta Frazier
"Mon, Jan-17-2022","Iowa, Minnesota",9.7250,,9.6750,9.7750,,A,UCLA,31516,Emma Malabuyo
"Sun, Jan-23-2022","Oregon State, UC Davis",9.7000,9.8000,9.8250,9.7750,39.1000,A,UCLA,31516,Emma Malabuyo
"Sun, Jan-30-2022",Arizona,9.8250,9.8250,9.9250,9.6750,39.2500,H,UCLA,31516,Emma Malabuyo
"Fri, Feb-04-2022",Utah,,9.7750,9.3000,,,H,UCLA,31516,Emma Malabuyo
"Sat, Feb-12-2022",Stanford,9.8250,9.8750,9.9000,9.8750,39.4750,A,UCLA,31516,Emma Malabuyo
"Sun, Feb-20-2022",Arizona State,9.8750,9.8000,9.9000,9.9000,39.4750,A,UCLA,31516,Emma Malabuyo
"Sun, Feb-27-2022",Washington,9.8250,9.8750,9.9000,9.7750,39.3750,H,UCLA,31516,Emma Malabuyo
"Sun, Mar-06-2022",California,,9.5500,9.9750,9.9500,,H,UCLA,31516,Emma Malabuyo
"Sat, Mar-12-2022",UC Davis,9.8500,9.8000,10.0000,,,H,UCLA,31516,Emma Malabuyo
"Sat, Mar-19-2022","Arizona, Arizona State, California, Oregon State, Stanford, Utah, Washington",9.7750,9.8000,9.8500,9.9250,39.3500,A,UCLA,31516,Emma Malabuyo
"Thu, Mar-31-2022",,9.8000,9.4500,9.7750,9.9000,38.9250,A,UCLA,31516,Emma Malabuyo
"Sat, Apr-02-2022",,9.7750,9.8500,9.9750,9.9000,39.5000,A,UCLA,31516,Emma Malabuyo
"Sat, Feb-12-2022",Stanford,,,,9.6750,,A,UCLA,31102,Katie McNamara
"Sun, Feb-20-2022",Arizona State,,,,9.7750,,A,UCLA,31102,Katie McNamara
"Mon, Jan-17-2022","Iowa, Minnesota",9.8500,,,9.8750,,A,UCLA,31087,Brooklyn Moors
"Sun, Jan-23-2022","Oregon State, UC Davis",9.6500,,9.8500,8.8000,,A,UCLA,31087,Brooklyn Moors
"Sun, Jan-30-2022",Arizona,9.8000,,,9.4500,,H,UCLA,31087,Brooklyn Moors
"Fri, Feb-04-2022",Utah,9.8500,,9.8750,9.6250,,H,UCLA,31087,Brooklyn Moors
"Sun, Feb-20-2022",Arizona State,9.8250,,8.9000,9.9000,,A,UCLA,31087,Brooklyn Moors
"Sun, Feb-27-2022",Washington,9.7250,,9.7500,9.9000,,H,UCLA,31087,Brooklyn Moors
"Sun, Mar-06-2022",California,9.8000,,,9.9000,,H,UCLA,31087,Brooklyn Moors
"Sat, Mar-19-2022","Arizona, Arizona State, California, Oregon State, Stanford, Utah, Washington",,,,9.9000,,A,UCLA,31087,Brooklyn Moors
"Thu, Mar-31-2022",,,,,9.9250,,A,UCLA,31087,Brooklyn Moors
"Sat, Apr-02-2022",,,,,9.8750,,A,UCLA,31087,Brooklyn Moors
"Mon, Jan-17-2022","Iowa, Minnesota",,9.0750,9.8250,,,A,UCLA,31519,Ana Padurariu
"Sun, Jan-23-2022","Oregon State, UC Davis",,,9.9000,,,A,UCLA,31519,Ana Padurariu
"Sun, Jan-30-2022",Arizona,,9.7250,9.9000,,,H,UCLA,31519,Ana Padurariu
"Fri, Feb-04-2022",Utah,,9.8500,9.9000,,,H,UCLA,31519,Ana Padurariu
"Sat, Feb-12-2022",Stanford,,9.7500,9.6750,,,A,UCLA,31519,Ana Padurariu
"Sun, Feb-20-2022",Arizona State,,8.3750,,,,A,UCLA,31519,Ana Padurariu
"Sun, Feb-27-2022",Washington,,9.8500,9.8750,,,H,UCLA,31519,Ana Padurariu
"Sun, Mar-06-2022",California,,9.2250,9.8250,,,H,UCLA,31519,Ana Padurariu
"Sat, Mar-12-2022",UC Davis,,9.6750,9.8750,,,H,UCLA,31519,Ana Padurariu
"Sat, Mar-19-2022","Arizona, Arizona State, California, Oregon State, Stanford, Utah, Washington",,9.6750,9.9000,,,A,UCLA,31519,Ana Padurariu
"Thu, Mar-31-2022",,,9.9000,9.8750,,,A,UCLA,31519,Ana Padurariu
"Sat, Apr-02-2022",,,9.8000,9.8000,,,A,UCLA,31519,Ana Padurariu
"Mon, Jan-17-2022","Iowa, Minnesota",9.0750,,8.9750,,,A,UCLA,29591,Kendal Poston
"Sun, Jan-23-2022","Oregon State, UC Davis",9.6500,,9.8750,,,A,UCLA,29591,Kendal Poston
"Sun, Jan-30-2022",Arizona,9.7500,,,,,H,UCLA,29591,Kendal Poston
"Fri, Feb-04-2022",Utah,9.8250,,,,,H,UCLA,29591,Kendal Poston
"Sat, Feb-12-2022",Stanford,9.7250,,9.9000,,,A,UCLA,29591,Kendal Poston
"Sun, Feb-20-2022",Arizona State,9.6500,,9.9000,,,A,UCLA,29591,Kendal Poston
"Sun, Mar-06-2022",California,9.8500,,,,,H,UCLA,29591,Kendal Poston
"Sat, Mar-12-2022",UC Davis,9.8000,,,,,H,UCLA,29591,Kendal Poston
"Sat, Mar-19-2022","Arizona, Arizona State, California, Oregon State, Stanford, Utah, Washington",9.7000,,,,,A,UCLA,29591,Kendal Poston
"Thu, Mar-31-2022",,9.8500,,,,,A,UCLA,29591,Kendal Poston
"Sat, Apr-02-2022",,9.8000,,,,,A,UCLA,29591,Kendal Poston
"Mon, Jan-17-2022","Iowa, Minnesota",,,9.8500,,,A,UCLA,29981,Samantha Sakti
"Sun, Jan-23-2022","Oregon State, UC Davis",,,9.8250,,,A,UCLA,29981,Samantha Sakti
"Sun, Jan-30-2022",Arizona,,,9.5500,,,H,UCLA,29981,Samantha Sakti
"Sat, Feb-12-2022",Stanford,,,9.9500,,,A,UCLA,29981,Samantha Sakti
"Sun, Feb-20-2022",Arizona State,,,9.3750,9.8500,,A,UCLA,29981,Samantha Sakti
"Sun, Mar-06-2022",California,,,9.9000,,,H,UCLA,29981,Samantha Sakti
"Sat, Mar-12-2022",UC Davis,,,9.8750,9.7750,,H,UCLA,29981,Samantha Sakti
"Sat, Mar-19-2022","Arizona, Arizona State, California, Oregon State, Stanford, Utah, Washington",,,9.8000,,,A,UCLA,29981,Samantha Sakti
"Thu, Mar-31-2022",,,,9.9000,,,A,UCLA,29981,Samantha Sakti
"Sat, Apr-02-2022",,,,9.8250,,,A,UCLA,29981,Samantha Sakti
"Sun, Feb-27-2022",Washington,,9.6750,,,,H,UCLA,30543,Kalyany Steele
"Sun, Mar-06-2022",California,,9.8000,,,,H,UCLA,30543,Kalyany Steele
"Sat, Feb-12-2022",Stanford,,,,,,A,UCLA,30124,Sara Taubman
"Sun, Feb-20-2022",Arizona State,,8.9500,,,,A,UCLA,30124,Sara Taubman
"Mon, Jan-17-2022","Iowa, Minnesota",,,,9.6000,,A,UCLA,29592,Pauline Tratz
"Sun, Jan-23-2022","Oregon State, UC Davis",,,,9.8750,,A,UCLA,29592,Pauline Tratz
"Fri, Feb-04-2022",Utah,9.7750,,,9.9250,,H,UCLA,29592,Pauline Tratz
"Sun, Feb-27-2022",Washington,,,,9.9250,,H,UCLA,29592,Pauline Tratz
"Sun, Mar-06-2022",California,,,,9.9000,,H,UCLA,29592,Pauline Tratz
"Sat, Mar-12-2022",UC Davis,,,,9.7000,,H,UCLA,29592,Pauline Tratz
"Sat, Mar-19-2022","Arizona, Arizona State, California, Oregon State, Stanford, Utah, Washington",,,,9.5750,,A,UCLA,29592,Pauline Tratz
"Thu, Mar-31-2022",,,,,9.7500,,A,UCLA,29592,Pauline Tratz
"Sat, Apr-02-2022",,,,,9.9000,,A,UCLA,29592,Pauline Tratz
"Mon, Jan-17-2022","Iowa, Minnesota",,9.2000,,9.8000,,A,UCLA,31088,Sara Ulias
"Sun, Jan-23-2022","Oregon State, UC Davis",,9.0000,,9.8500,,A,UCLA,31088,Sara Ulias
"Sun, Jan-30-2022",Arizona,,9.6750,,9.7500,,H,UCLA,31088,Sara Ulias
"Fri, Feb-04-2022",Utah,,9.8750,,,,H,UCLA,31088,Sara Ulias
"Sat, Feb-12-2022",Stanford,,9.7000,,,,A,UCLA,31088,Sara Ulias
"Fri, Feb-04-2022",Utah,,,,9.8250,,H,UCLA,30125,Sekai Wright
"Sat, Feb-12-2022",Stanford,9.8250,,,9.7750,,A,UCLA,30125,Sekai Wright
"Sun, Feb-20-2022",Arizona State,9.8750,,,9.2250,,A,UCLA,30125,Sekai Wright
"Sun, Feb-27-2022",Washington,9.8000,,,9.6750,,H,UCLA,30125,Sekai Wright
"Sun, Mar-06-2022",California,9.8750,,,,,H,UCLA,30125,Sekai Wright
"Sat, Mar-12-2022",UC Davis,9.8750,,,9.8250,,H,UCLA,30125,Sekai Wright
"Sat, Mar-19-2022","Arizona, Arizona State, California, Oregon State, Stanford, Utah, Washington",9.3000,,,,,A,UCLA,30125,Sekai Wright
"Thu, Mar-31-2022",,9.8500,,,,,A,UCLA,30125,Sekai Wright
"Sat, Apr-02-2022",,9.9000,,,9.6750,,A,UCLA,30125,Sekai Wright
"Fri, Jan-07-2022","BYU, Southern Utah, Utah State",9.8500,,,,,A,Utah,25030,Alexia Burch
"Fri, Jan-14-2022",Oklahoma,9.8750,,,,,H,Utah,25030,Alexia Burch
"Fri, Jan-21-2022",Arizona State,9.9000,9.9000,,,,H,Utah,25030,Alexia Burch
"Sat, Jan-29-2022",Stanford,9.9000,9.7750,,,,H,Utah,25030,Alexia Burch
"Fri, Feb-04-2022",UCLA,9.2500,9.8250,,,,A,Utah,25030,Alexia Burch
"Sat, Feb-12-2022",California,9.8250,9.7250,9.8750,,,A,Utah,25030,Alexia Burch
"Mon, Feb-21-2022",Washington,9.9500,,,,,A,Utah,25030,Alexia Burch
"Fri, Feb-25-2022",Arizona,9.8500,,,,,A,Utah,25030,Alexia Burch
"Fri, Mar-04-2022",Minnesota,9.8750,,,,,H,Utah,25030,Alexia Burch
"Fri, Mar-11-2022",LSU,9.8750,9.0000,9.9000,,,A,Utah,25030,Alexia Burch
"Sat, Mar-19-2022","Arizona, Arizona State, California, Oregon State, Stanford, UCLA, Washington",9.9250,,9.8000,,,A,Utah,25030,Alexia Burch
"Thu, Mar-31-2022",,9.9500,9.9500,9.9500,,,A,Utah,25030,Alexia Burch
"Sat, Apr-02-2022",,9.9000,9.9000,9.1750,,,A,Utah,25030,Alexia Burch
"Thu, Apr-14-2022",,9.9250,,,,,A,Utah,25030,Alexia Burch
"Sat, Apr-16-2022",,9.8375,,,,,A,Utah,25030,Alexia Burch
"Fri, Jan-07-2022","BYU, Southern Utah, Utah State",,,9.8750,9.8000,,A,Utah,31528,Kara Eaker
"Fri, Mar-04-2022",Minnesota,,,9.9000,,,H,Utah,31528,Kara Eaker
"Fri, Mar-11-2022",LSU,,,9.8750,,,A,Utah,31528,Kara Eaker
"Thu, Mar-31-2022",,,,9.9500,,,A,Utah,31528,Kara Eaker
"Sat, Apr-02-2022",,,,10.0000,,,A,Utah,31528,Kara Eaker
"Thu, Apr-14-2022",,,,9.9375,,,A,Utah,31528,Kara Eaker
"Sat, Apr-16-2022",,,,9.9500,,,A,Utah,31528,Kara Eaker
"Mon, Feb-21-2022",Washington,,,,9.8750,,A,Utah,31089,Jaylene Gilstrap
"Fri, Feb-25-2022",Arizona,,,,9.8250,,A,Utah,31089,Jaylene Gilstrap
"Fri, Mar-04-2022",Minnesota,,,,9.9000,,H,Utah,31089,Jaylene Gilstrap
"Fri, Mar-11-2022",LSU,,,,9.8750,,A,Utah,31089,Jaylene Gilstrap
"Sat, Mar-19-2022","Arizona, Arizona State, California, Oregon State, Stanford, UCLA, Washington",,,,9.8750,,A,Utah,31089,Jaylene Gilstrap
"Thu, Mar-31-2022",,,,,9.8000,,A,Utah,31089,Jaylene Gilstrap
"Sat, Apr-02-2022",,,,,9.9000,,A,Utah,31089,Jaylene Gilstrap
"Thu, Apr-14-2022",,,,,9.8250,,A,Utah,31089,Jaylene Gilstrap
"Sat, Apr-16-2022",,,,,9.8625,,A,Utah,31089,Jaylene Gilstrap
"Fri, Jan-07-2022","BYU, Southern Utah, Utah State",9.8750,,,,,A,Utah,30152,Cammy Hall
"Fri, Jan-14-2022",Oklahoma,9.9000,,,,,H,Utah,30152,Cammy Hall
"Fri, Jan-21-2022",Arizona State,9.8000,,,,,H,Utah,30152,Cammy Hall
"Fri, Feb-04-2022",UCLA,9.9250,,,,,A,Utah,30152,Cammy Hall
"Sat, Feb-12-2022",California,9.7750,,,,,A,Utah,30152,Cammy Hall
"Fri, Feb-18-2022",Oregon State,9.8500,,,,,H,Utah,30152,Cammy Hall
"Mon, Feb-21-2022",Washington,9.4250,,,,,A,Utah,30152,Cammy Hall
"Fri, Feb-25-2022",Arizona,9.2500,,,,,A,Utah,30152,Cammy Hall
"Fri, Mar-04-2022",Minnesota,9.9250,,,,,H,Utah,30152,Cammy Hall
"Fri, Mar-11-2022",LSU,9.8500,,,,,A,Utah,30152,Cammy Hall
"Sat, Mar-19-2022","Arizona, Arizona State, California, Oregon State, Stanford, UCLA, Washington",9.1500,,,,,A,Utah,30152,Cammy Hall
"Thu, Mar-31-2022",,9.7500,,,,,A,Utah,30152,Cammy Hall
"Sat, Apr-02-2022",,9.8000,,,,,A,Utah,30152,Cammy Hall
"Thu, Apr-14-2022",,9.8000,,,,,A,Utah,30152,Cammy Hall
"Sat, Apr-16-2022",,9.2500,,,,,A,Utah,30152,Cammy Hall
"Fri, Jan-07-2022","BYU, Southern Utah, Utah State",9.8000,,,,,A,Utah,30544,Jillian Hoffman
"Fri, Jan-14-2022",Oklahoma,9.8000,,,,,H,Utah,30544,Jillian Hoffman
"Fri, Jan-21-2022",Arizona State,9.8000,,,9.9750,,H,Utah,30544,Jillian Hoffman
"Sat, Jan-29-2022",Stanford,9.8250,,,9.9000,,H,Utah,30544,Jillian Hoffman
"Fri, Feb-04-2022",UCLA,9.8750,,,9.8750,,A,Utah,30544,Jillian Hoffman
"Sat, Feb-12-2022",California,9.9000,,,,,A,Utah,30544,Jillian Hoffman
"Fri, Jan-07-2022","BYU, Southern Utah, Utah State",,9.8750,9.9000,,,A,Utah,30153,Cristal Isa
"Fri, Jan-14-2022",Oklahoma,,9.8500,9.9250,,,H,Utah,30153,Cristal Isa
"Fri, Jan-21-2022",Arizona State,,9.7750,9.9750,,,H,Utah,30153,Cristal Isa
"Sat, Jan-29-2022",Stanford,,9.9500,9.9250,9.8750,,H,Utah,30153,Cristal Isa
"Fri, Feb-04-2022",UCLA,,9.9000,9.9250,,,A,Utah,30153,Cristal Isa
"Sat, Feb-12-2022",California,,9.8750,9.0750,,,A,Utah,30153,Cristal Isa
"Fri, Feb-18-2022",Oregon State,,9.8750,10.0000,,,H,Utah,30153,Cristal Isa
"Mon, Feb-21-2022",Washington,,9.8750,9.8500,,,A,Utah,30153,Cristal Isa
"Fri, Feb-25-2022",Arizona,,9.8750,9.0750,,,A,Utah,30153,Cristal Isa
"Fri, Mar-04-2022",Minnesota,,9.9500,9.9750,,,H,Utah,30153,Cristal Isa
"Fri, Mar-11-2022",LSU,,9.9000,9.9750,,,A,Utah,30153,Cristal Isa
"Sat, Mar-19-2022","Arizona, Arizona State, California, Oregon State, Stanford, UCLA, Washington",,9.9250,9.9500,,,A,Utah,30153,Cristal Isa
"Thu, Mar-31-2022",,,9.8750,9.9500,,,A,Utah,30153,Cristal Isa
"Sat, Apr-02-2022",,,9.9000,9.9750,,,A,Utah,30153,Cristal Isa
"Thu, Apr-14-2022",,,9.7000,9.8750,,,A,Utah,30153,Cristal Isa
"Sat, Apr-16-2022",,,9.8875,9.8375,,,A,Utah,30153,Cristal Isa
"Fri, Jan-07-2022","BYU, Southern Utah, Utah State",9.9000,9.3250,9.8750,9.8500,38.9500,A,Utah,31529,Grace McCallum
"Fri, Jan-14-2022",Oklahoma,9.9000,9.8750,9.9250,9.9750,39.6750,H,Utah,31529,Grace McCallum
"Fri, Jan-21-2022",Arizona State,9.8250,9.9250,9.2000,9.7500,38.7000,H,Utah,31529,Grace McCallum
"Sat, Jan-29-2022",Stanford,9.8500,9.8750,9.9500,9.9500,39.6250,H,Utah,31529,Grace McCallum
"Fri, Feb-04-2022",UCLA,9.9000,10.0000,9.1500,9.9500,39.0000,A,Utah,31529,Grace McCallum
"Sat, Feb-12-2022",California,9.9000,9.1500,,9.8500,,A,Utah,31529,Grace McCallum
"Fri, Feb-18-2022",Oregon State,9.8500,9.9500,9.9000,9.9250,39.6250,H,Utah,31529,Grace McCallum
"Mon, Feb-21-2022",Washington,9.9500,9.9000,9.9750,9.9500,39.7750,A,Utah,31529,Grace McCallum
"Fri, Feb-25-2022",Arizona,9.8250,9.8500,9.9000,9.9250,39.5000,A,Utah,31529,Grace McCallum
"Fri, Mar-04-2022",Minnesota,9.8250,9.9750,9.9500,9.9250,39.6750,H,Utah,31529,Grace McCallum
"Fri, Mar-11-2022",LSU,9.9250,9.9250,9.9000,9.8500,39.6000,A,Utah,31529,Grace McCallum
"Sat, Mar-19-2022","Arizona, Arizona State, California, Oregon State, Stanford, UCLA, Washington",9.8750,10.0000,9.8500,9.9500,39.6750,A,Utah,31529,Grace McCallum
"Thu, Mar-31-2022",,9.8000,9.4000,,9.9000,,A,Utah,31529,Grace McCallum
"Sat, Apr-02-2022",,9.9250,9.9500,,9.9500,29.8250,A,Utah,31529,Grace McCallum
"Thu, Apr-14-2022",,9.8625,9.7250,9.8875,9.9375,39.4125,A,Utah,31529,Grace McCallum
"Sat, Apr-16-2022",,9.8375,9.9500,9.8750,9.9000,39.5625,A,Utah,31529,Grace McCallum
"Fri, Jan-07-2022","BYU, Southern Utah, Utah State",,9.8250,9.8750,,,A,Utah,31530,Amelie Morgan
"Fri, Jan-14-2022",Oklahoma,,9.8250,9.7500,,,H,Utah,31530,Amelie Morgan
"Fri, Jan-21-2022",Arizona State,,9.8750,9.7750,,,H,Utah,31530,Amelie Morgan
"Sat, Jan-29-2022",Stanford,,9.8250,9.9000,,,H,Utah,31530,Amelie Morgan
"Fri, Feb-04-2022",UCLA,,9.9000,9.9000,,,A,Utah,31530,Amelie Morgan
"Sat, Feb-12-2022",California,,9.9250,9.9000,,,A,Utah,31530,Amelie Morgan
"Fri, Feb-18-2022",Oregon State,,9.8500,9.8250,,,H,Utah,31530,Amelie Morgan
"Mon, Feb-21-2022",Washington,,9.9000,9.9500,,,A,Utah,31530,Amelie Morgan
"Fri, Feb-25-2022",Arizona,,9.8250,9.8750,,,A,Utah,31530,Amelie Morgan
"Fri, Mar-04-2022",Minnesota,,9.8750,9.9000,,,H,Utah,31530,Amelie Morgan
"Fri, Mar-11-2022",LSU,,9.8500,9.9250,,,A,Utah,31530,Amelie Morgan
"Sat, Mar-19-2022","Arizona, Arizona State, California, Oregon State, Stanford, UCLA, Washington",,9.9000,9.9250,,,A,Utah,31530,Amelie Morgan
"Thu, Mar-31-2022",,,9.9000,9.9000,,,A,Utah,31530,Amelie Morgan
"Sat, Apr-02-2022",,,9.8750,9.9000,,,A,Utah,31530,Amelie Morgan
"Thu, Apr-14-2022",,,9.8750,9.9000,,,A,Utah,31530,Amelie Morgan
"Sat, Apr-16-2022",,,9.9000,9.8875,,,A,Utah,31530,Amelie Morgan
"Fri, Jan-07-2022","BYU, Southern Utah, Utah State",,9.8750,9.8500,,,A,Utah,30545,Maile O'Keefe
"Fri, Jan-14-2022",Oklahoma,,9.8750,9.9250,9.8500,,H,Utah,30545,Maile O'Keefe
"Fri, Jan-21-2022",Arizona State,,9.8750,9.9500,9.9500,,H,Utah,30545,Maile O'Keefe
"Sat, Jan-29-2022",Stanford,9.8250,9.9000,10.0000,9.8250,39.5500,H,Utah,30545,Maile O'Keefe
"Fri, Feb-04-2022",UCLA,,9.8750,9.9750,9.9250,,A,Utah,30545,Maile O'Keefe
"Sat, Feb-12-2022",California,,9.9000,9.9250,9.8750,,A,Utah,30545,Maile O'Keefe
"Fri, Feb-18-2022",Oregon State,,9.9000,9.9500,9.8750,,H,Utah,30545,Maile O'Keefe
"Mon, Feb-21-2022",Washington,,9.8250,9.7750,,,A,Utah,30545,Maile O'Keefe
"Fri, Feb-25-2022",Arizona,,9.7750,9.9750,9.9250,,A,Utah,30545,Maile O'Keefe
"Fri, Mar-04-2022",Minnesota,,10.0000,10.0000,9.9500,,H,Utah,30545,Maile O'Keefe
"Sat, Mar-19-2022","Arizona, Arizona State, California, Oregon State, Stanford, UCLA, Washington",9.8000,9.8250,9.9500,9.9250,39.5000,A,Utah,30545,Maile O'Keefe
"Thu, Mar-31-2022",,9.9000,9.9000,9.9500,9.9000,39.6500,A,Utah,30545,Maile O'Keefe
"Sat, Apr-02-2022",,9.8750,9.7250,10.0000,9.9000,39.5000,A,Utah,30545,Maile O'Keefe
"Thu, Apr-14-2022",,9.8250,9.9000,9.9375,9.8875,39.5500,A,Utah,30545,Maile O'Keefe
"Sat, Apr-16-2022",,9.8125,9.9000,9.9000,8.7000,38.3125,A,Utah,30545,Maile O'Keefe
"Fri, Jan-07-2022","BYU, Southern Utah, Utah State",,9.8500,9.4250,9.8750,,A,Utah,30546,Abby Paulson
"Fri, Jan-14-2022",Oklahoma,,9.7750,9.9000,9.8250,,H,Utah,30546,Abby Paulson
"Fri, Jan-21-2022",Arizona State,,,9.6750,,,H,Utah,30546,Abby Paulson
"Sat, Jan-29-2022",Stanford,,,9.9500,,,H,Utah,30546,Abby Paulson
"Fri, Feb-04-2022",UCLA,,,9.9000,9.9000,,A,Utah,30546,Abby Paulson
"Sat, Feb-12-2022",California,,,9.5750,9.9000,,A,Utah,30546,Abby Paulson
"Fri, Feb-18-2022",Oregon State,,9.8500,9.9500,9.9250,,H,Utah,30546,Abby Paulson
"Mon, Feb-21-2022",Washington,,9.8000,9.8750,9.9000,,A,Utah,30546,Abby Paulson
"Fri, Feb-25-2022",Arizona,,9.8750,9.9000,9.8500,,A,Utah,30546,Abby Paulson
"Fri, Mar-04-2022",Minnesota,,9.8750,9.8750,9.8750,,H,Utah,30546,Abby Paulson
"Fri, Mar-11-2022",LSU,,9.8250,9.9750,9.8500,,A,Utah,30546,Abby Paulson
"Sat, Mar-19-2022","Arizona, Arizona State, California, Oregon State, Stanford, UCLA, Washington",,9.8000,9.9750,9.8000,,A,Utah,30546,Abby Paulson
"Sat, Apr-02-2022",,,,,9.9000,,A,Utah,30546,Abby Paulson
"Thu, Apr-14-2022",,,9.8125,9.9375,9.8500,,A,Utah,30546,Abby Paulson
"Sat, Apr-16-2022",,,9.8000,9.9000,9.9000,,A,Utah,30546,Abby Paulson
"Fri, Jan-14-2022",Oklahoma,,,9.8000,,,H,Utah,30154,Adrienne Randall
"Fri, Jan-21-2022",Arizona State,,,9.6500,,,H,Utah,30154,Adrienne Randall
"Sat, Jan-29-2022",Stanford,,,9.8500,,,H,Utah,30154,Adrienne Randall
"Fri, Feb-04-2022",UCLA,,,9.3500,,,A,Utah,30154,Adrienne Randall
"Sat, Feb-12-2022",California,,,9.8000,9.8750,,A,Utah,30154,Adrienne Randall
"Fri, Feb-18-2022",Oregon State,,,9.9250,,,H,Utah,30154,Adrienne Randall
"Mon, Feb-21-2022",Washington,,,9.9500,9.9000,,A,Utah,30154,Adrienne Randall
"Fri, Feb-25-2022",Arizona,,,8.9250,,,A,Utah,30154,Adrienne Randall
"Thu, Mar-31-2022",,,,9.9000,9.8000,,A,Utah,30154,Adrienne Randall
"Sat, Apr-02-2022",,,,9.8500,,,A,Utah,30154,Adrienne Randall
"Fri, Jan-07-2022","BYU, Southern Utah, Utah State",9.9000,,,9.8250,,A,Utah,30547,Jaedyn Rucker
"Fri, Jan-14-2022",Oklahoma,9.8500,,,9.9250,,H,Utah,30547,Jaedyn Rucker
"Fri, Jan-21-2022",Arizona State,9.8500,,,9.9250,,H,Utah,30547,Jaedyn Rucker
"Sat, Jan-29-2022",Stanford,9.4000,,,9.7750,,H,Utah,30547,Jaedyn Rucker
"Fri, Feb-04-2022",UCLA,9.9000,,,9.7000,,A,Utah,30547,Jaedyn Rucker
"Sat, Feb-12-2022",California,9.9750,,,9.9000,,A,Utah,30547,Jaedyn Rucker
"Fri, Feb-18-2022",Oregon State,9.3750,,,9.9000,,H,Utah,30547,Jaedyn Rucker
"Mon, Feb-21-2022",Washington,9.8500,,,,,A,Utah,30547,Jaedyn Rucker
"Fri, Feb-25-2022",Arizona,9.9500,,,9.8750,,A,Utah,30547,Jaedyn Rucker
"Fri, Mar-04-2022",Minnesota,9.8500,,,9.9250,,H,Utah,30547,Jaedyn Rucker
"Fri, Mar-11-2022",LSU,9.8750,,,9.7750,,A,Utah,30547,Jaedyn Rucker
"Sat, Mar-19-2022","Arizona, Arizona State, California, Oregon State, Stanford, UCLA, Washington",9.8250,,,9.8500,,A,Utah,30547,Jaedyn Rucker
"Thu, Mar-31-2022",,9.7750,,,9.9000,,A,Utah,30547,Jaedyn Rucker
"Sat, Apr-02-2022",,9.9000,,,9.9000,,A,Utah,30547,Jaedyn Rucker
"Thu, Apr-14-2022",,9.9625,,,9.8875,,A,Utah,30547,Jaedyn Rucker
"Sat, Apr-16-2022",,9.9750,,,9.8875,,A,Utah,30547,Jaedyn Rucker
"Fri, Feb-18-2022",Oregon State,9.8000,,,,,H,Utah,31090,Alani Sabado
"Fri, Jan-07-2022","BYU, Southern Utah, Utah State",,,,9.8250,,A,Utah,25032,Sydney Soloski
"Fri, Jan-14-2022",Oklahoma,,,,9.9250,,H,Utah,25032,Sydney Soloski
"Fri, Jan-21-2022",Arizona State,,,,9.9500,,H,Utah,25032,Sydney Soloski
"Sat, Jan-29-2022",Stanford,,,,9.8750,,H,Utah,25032,Sydney Soloski
"Fri, Feb-04-2022",UCLA,,,,9.9500,,A,Utah,25032,Sydney Soloski
"Sat, Feb-12-2022",California,,,,9.9750,,A,Utah,25032,Sydney Soloski
"Fri, Feb-18-2022",Oregon State,,,,9.9250,,H,Utah,25032,Sydney Soloski
"Mon, Feb-21-2022",Washington,,,,9.9750,,A,Utah,25032,Sydney Soloski
"Fri, Feb-25-2022",Arizona,,,,9.8250,,A,Utah,25032,Sydney Soloski
"Fri, Mar-04-2022",Minnesota,,,,9.9750,,H,Utah,25032,Sydney Soloski
"Fri, Mar-11-2022",LSU,,,,9.9500,,A,Utah,25032,Sydney Soloski
"Sat, Mar-19-2022","Arizona, Arizona State, California, Oregon State, Stanford, UCLA, Washington",,,,9.9250,,A,Utah,25032,Sydney Soloski
"Thu, Mar-31-2022",,,,,9.7750,,A,Utah,25032,Sydney Soloski
"Sat, Apr-02-2022",,,,,9.9500,,A,Utah,25032,Sydney Soloski
"Thu, Apr-14-2022",,,,,9.9125,,A,Utah,25032,Sydney Soloski
"Sat, Apr-16-2022",,,,,9.9125,,A,Utah,25032,Sydney Soloski
"Fri, Jan-07-2022","BYU, Southern Utah, Utah State",9.8000,,,9.6250,,A,Utah,31092,Lucy Stanhope
"Fri, Jan-14-2022",Oklahoma,9.9250,,,9.8250,,H,Utah,31092,Lucy Stanhope
"Fri, Jan-21-2022",Arizona State,9.9000,,,9.8750,,H,Utah,31092,Lucy Stanhope
"Sat, Jan-29-2022",Stanford,9.7250,,,,,H,Utah,31092,Lucy Stanhope
"Fri, Feb-04-2022",UCLA,9.9500,,,,,A,Utah,31092,Lucy Stanhope
"Sat, Feb-12-2022",California,9.7500,,,,,A,Utah,31092,Lucy Stanhope
"Fri, Feb-18-2022",Oregon State,9.9500,,,9.8750,,H,Utah,31092,Lucy Stanhope
"Mon, Feb-21-2022",Washington,9.8750,,,9.5000,,A,Utah,31092,Lucy Stanhope
"Fri, Feb-25-2022",Arizona,9.8750,,,,,A,Utah,31092,Lucy Stanhope
"Fri, Mar-04-2022",Minnesota,9.9000,,,,,H,Utah,31092,Lucy Stanhope
"Fri, Mar-11-2022",LSU,9.8750,,,9.8750,,A,Utah,31092,Lucy Stanhope
"Sat, Mar-19-2022","Arizona, Arizona State, California, Oregon State, Stanford, UCLA, Washington",9.8500,,,,,A,Utah,31092,Lucy Stanhope
"Thu, Mar-31-2022",,9.9000,,,,,A,Utah,31092,Lucy Stanhope
"Sat, Apr-02-2022",,9.8000,,,,,A,Utah,31092,Lucy Stanhope
"Thu, Apr-14-2022",,9.8500,,,,,A,Utah,31092,Lucy Stanhope
"Sat, Apr-16-2022",,9.7625,,,,,A,Utah,31092,Lucy Stanhope
"Fri, Jan-07-2022","BYU, Southern Utah, Utah State",,9.8000,,,,A,Utah,31531,Sage Thompson
"Fri, Jan-14-2022",Oklahoma,,9.9250,,,,H,Utah,31531,Sage Thompson
"Fri, Jan-21-2022",Arizona State,,9.8500,,,,H,Utah,31531,Sage Thompson
"Sat, Jan-29-2022",Stanford,,9.8500,,,,H,Utah,31531,Sage Thompson
"Fri, Feb-04-2022",UCLA,,9.8750,,,,A,Utah,31531,Sage Thompson
"Sat, Feb-12-2022",California,,9.8750,,,,A,Utah,31531,Sage Thompson
"Fri, Feb-18-2022",Oregon State,9.7750,9.9250,,,,H,Utah,31531,Sage Thompson
"Mon, Feb-21-2022",Washington,9.7750,9.8500,,,,A,Utah,31531,Sage Thompson
"Fri, Feb-25-2022",Arizona,9.8000,9.9250,,,,A,Utah,31531,Sage Thompson
"Fri, Mar-04-2022",Minnesota,9.7750,10.0000,,,,H,Utah,31531,Sage Thompson
"Fri, Mar-11-2022",LSU,9.7250,9.9000,,,,A,Utah,31531,Sage Thompson
"Sat, Mar-19-2022","Arizona, Arizona State, California, Oregon State, Stanford, UCLA, Washington",,9.9000,,,,A,Utah,31531,Sage Thompson
"Thu, Mar-31-2022",,,9.8500,,,,A,Utah,31531,Sage Thompson
"Sat, Apr-02-2022",,,9.8500,,,,A,Utah,31531,Sage Thompson
"Thu, Apr-14-2022",,,9.9000,,,,A,Utah,31531,Sage Thompson
"Sat, Apr-16-2022",,,9.9125,,,,A,Utah,31531,Sage Thompson
"Fri, Jan-14-2022",Air Force,,8.9000,9.3750,,,H,Utah State,30548,Lexi Aragon
"Fri, Jan-14-2022",Air Force,9.8000,9.7750,,,,H,Utah State,31532,Molly Arnold
"Sat, Jan-22-2022","Arizona, Oklahoma, Stanford",9.7000,,,,,A,Utah State,31532,Molly Arnold
"Fri, Jan-28-2022",BYU,9.8000,,,9.8000,,A,Utah State,31532,Molly Arnold
"Fri, Feb-04-2022","Ball State, Southern Utah",9.7500,,,9.5750,,H,Utah State,31532,Molly Arnold
"Fri, Feb-11-2022",Southern Utah,9.8000,,,9.9000,,A,Utah State,31532,Molly Arnold
"Fri, Feb-18-2022",Boise State,9.5000,9.8250,,9.8750,,A,Utah State,31532,Molly Arnold
"Fri, Feb-25-2022","BYU, Towson",9.7500,,,9.8000,,H,Utah State,31532,Molly Arnold
"Sun, Feb-27-2022",Towson,9.8500,,,9.8750,,H,Utah State,31532,Molly Arnold
"Sun, Mar-06-2022","Stanford, Washington",9.8000,9.7750,,9.8250,,A,Utah State,31532,Molly Arnold
"Sat, Mar-12-2022","LIU, Minnesota, Temple",9.7750,9.0000,,9.8250,,A,Utah State,31532,Molly Arnold
"Sat, Mar-19-2022","BYU, Boise State, Southern Utah",9.7500,,,9.8250,,A,Utah State,31532,Molly Arnold
"Thu, Mar-31-2022",,9.8500,,,9.8000,,A,Utah State,31532,Molly Arnold
"Fri, Jan-07-2022","BYU, Southern Utah, Utah",,,9.7750,,,A,Utah State,29999,Carley Bayles
"Fri, Jan-14-2022",Air Force,,,9.3750,,,H,Utah State,29999,Carley Bayles
"Sat, Jan-22-2022","Arizona, Oklahoma, Stanford",,,9.8750,,,A,Utah State,29999,Carley Bayles
"Fri, Jan-28-2022",BYU,,,9.9250,,,A,Utah State,29999,Carley Bayles
"Fri, Feb-04-2022","Ball State, Southern Utah",,,9.9000,,,H,Utah State,29999,Carley Bayles
"Fri, Feb-11-2022",Southern Utah,,,9.9000,,,A,Utah State,29999,Carley Bayles
"Fri, Feb-18-2022",Boise State,,,9.1500,,,A,Utah State,29999,Carley Bayles
"Fri, Feb-25-2022","BYU, Towson",,,9.8500,,,H,Utah State,29999,Carley Bayles
"Sun, Feb-27-2022",Towson,,,9.8250,,,H,Utah State,29999,Carley Bayles
"Sun, Mar-06-2022","Stanford, Washington",,,9.8250,,,A,Utah State,29999,Carley Bayles
"Sat, Mar-12-2022","LIU, Minnesota, Temple",,,9.8000,,,A,Utah State,29999,Carley Bayles
"Sat, Mar-19-2022","BYU, Boise State, Southern Utah",,,9.9250,,,A,Utah State,29999,Carley Bayles
"Thu, Mar-31-2022",,,,9.8250,,,A,Utah State,29999,Carley Bayles
"Fri, Jan-07-2022","BYU, Southern Utah, Utah",9.7000,9.8500,9.8250,,,A,Utah State,31095,Brianna Brooks
"Fri, Jan-14-2022",Air Force,9.1250,9.8750,9.7250,,,H,Utah State,31095,Brianna Brooks
"Sat, Jan-22-2022","Arizona, Oklahoma, Stanford",9.8000,9.8750,9.9000,,,A,Utah State,31095,Brianna Brooks
"Fri, Jan-28-2022",BYU,9.8750,9.9000,9.8500,,,A,Utah State,31095,Brianna Brooks
"Fri, Feb-04-2022","Ball State, Southern Utah",9.8250,9.8500,9.8250,,,H,Utah State,31095,Brianna Brooks
"Fri, Feb-11-2022",Southern Utah,9.8500,9.8500,9.8750,,,A,Utah State,31095,Brianna Brooks
"Fri, Feb-18-2022",Boise State,9.7750,9.9000,9.8250,,,A,Utah State,31095,Brianna Brooks
"Fri, Feb-25-2022","BYU, Towson",9.7750,9.8500,9.8250,,,H,Utah State,31095,Brianna Brooks
"Sun, Feb-27-2022",Towson,9.7250,9.8250,9.8500,,,H,Utah State,31095,Brianna Brooks
"Sun, Mar-06-2022","Stanford, Washington",9.8000,9.8500,9.8250,,,A,Utah State,31095,Brianna Brooks
"Sat, Mar-12-2022","LIU, Minnesota, Temple",9.7750,9.8000,9.7500,,,A,Utah State,31095,Brianna Brooks
"Sat, Mar-19-2022","BYU, Boise State, Southern Utah",9.8250,9.8500,9.8500,,,A,Utah State,31095,Brianna Brooks
"Thu, Mar-31-2022",,9.7250,9.9000,9.8000,,,A,Utah State,31095,Brianna Brooks
"Fri, Jan-07-2022","BYU, Southern Utah, Utah",9.7750,,,9.8250,,A,Utah State,31533,Trinity Brown
"Fri, Jan-14-2022",Air Force,9.8250,,,9.7500,,H,Utah State,31533,Trinity Brown
"Sat, Jan-22-2022","Arizona, Oklahoma, Stanford",9.8250,,,9.7500,,A,Utah State,31533,Trinity Brown
"Fri, Jan-28-2022",BYU,9.8000,,,9.8000,,A,Utah State,31533,Trinity Brown
"Fri, Feb-04-2022","Ball State, Southern Utah",9.8250,,,9.8750,,H,Utah State,31533,Trinity Brown
"Fri, Feb-11-2022",Southern Utah,9.8750,,,9.8250,,A,Utah State,31533,Trinity Brown
"Fri, Feb-18-2022",Boise State,9.7750,,,9.9250,,A,Utah State,31533,Trinity Brown
"Fri, Feb-25-2022","BYU, Towson",9.8500,,,9.8500,,H,Utah State,31533,Trinity Brown
"Sun, Feb-27-2022",Towson,9.8500,,,9.9000,,H,Utah State,31533,Trinity Brown
"Sun, Mar-06-2022","Stanford, Washington",9.8500,,,9.7250,,A,Utah State,31533,Trinity Brown
"Sat, Mar-12-2022","LIU, Minnesota, Temple",9.8250,,,9.8750,,A,Utah State,31533,Trinity Brown
"Sat, Mar-19-2022","BYU, Boise State, Southern Utah",9.7500,,,9.8500,,A,Utah State,31533,Trinity Brown
"Thu, Mar-31-2022",,9.8250,,,9.8500,,A,Utah State,31533,Trinity Brown
"Fri, Jan-07-2022","BYU, Southern Utah, Utah",9.7750,,9.6000,9.9250,,A,Utah State,31534,Brie Clark
"Fri, Jan-14-2022",Air Force,9.7500,,9.5500,9.9500,,H,Utah State,31534,Brie Clark
"Sat, Jan-22-2022","Arizona, Oklahoma, Stanford",9.7500,,9.8000,9.9250,,A,Utah State,31534,Brie Clark
"Fri, Jan-28-2022",BYU,9.7500,,9.9000,9.9250,,A,Utah State,31534,Brie Clark
"Fri, Feb-04-2022","Ball State, Southern Utah",9.7750,,9.8500,9.1750,,H,Utah State,31534,Brie Clark
"Fri, Feb-11-2022",Southern Utah,9.8250,,9.8250,9.9250,,A,Utah State,31534,Brie Clark
"Fri, Feb-18-2022",Boise State,9.7250,,9.8250,9.9500,,A,Utah State,31534,Brie Clark
"Fri, Feb-25-2022","BYU, Towson",9.8000,,9.5750,9.0750,,H,Utah State,31534,Brie Clark
"Sun, Feb-27-2022",Towson,9.8000,,9.8750,9.9500,,H,Utah State,31534,Brie Clark
"Sun, Mar-06-2022","Stanford, Washington",9.7500,,9.8250,9.9000,,A,Utah State,31534,Brie Clark
"Sat, Mar-12-2022","LIU, Minnesota, Temple",9.5750,,9.8500,9.9250,,A,Utah State,31534,Brie Clark
"Sat, Mar-19-2022","BYU, Boise State, Southern Utah",9.7750,,9.8500,9.9500,,A,Utah State,31534,Brie Clark
"Thu, Mar-31-2022",,9.7750,,9.7000,9.9250,,A,Utah State,31534,Brie Clark
"Fri, Jan-07-2022","BYU, Southern Utah, Utah",,9.0000,,,,A,Utah State,31535,Amari Evans
"Fri, Jan-14-2022",Air Force,,,,9.8000,,H,Utah State,31535,Amari Evans
"Sat, Jan-22-2022","Arizona, Oklahoma, Stanford",,,,9.8250,,A,Utah State,31535,Amari Evans
"Fri, Jan-28-2022",BYU,,,,9.7250,,A,Utah State,31535,Amari Evans
"Fri, Feb-25-2022","BYU, Towson",,,,9.8500,,H,Utah State,31535,Amari Evans
"Sun, Feb-27-2022",Towson,,,,9.8250,,H,Utah State,31535,Amari Evans
"Sun, Mar-06-2022","Stanford, Washington",,,,9.7500,,A,Utah State,31535,Amari Evans
"Sat, Mar-12-2022","LIU, Minnesota, Temple",,,,9.8000,,A,Utah State,31535,Amari Evans
"Sat, Mar-19-2022","BYU, Boise State, Southern Utah",,,,9.8500,,A,Utah State,31535,Amari Evans
"Thu, Mar-31-2022",,,,,9.9000,,A,Utah State,31535,Amari Evans
"Fri, Jan-07-2022","BYU, Southern Utah, Utah",,9.7250,,,,A,Utah State,30795,Maia Fishwick
"Sat, Jan-22-2022","Arizona, Oklahoma, Stanford",,9.0000,,,,A,Utah State,30795,Maia Fishwick
"Fri, Jan-28-2022",BYU,,9.9250,,,,A,Utah State,30795,Maia Fishwick
"Fri, Feb-04-2022","Ball State, Southern Utah",9.7000,9.9000,,,,H,Utah State,30795,Maia Fishwick
"Fri, Feb-11-2022",Southern Utah,,9.8500,,,,A,Utah State,30795,Maia Fishwick
"Fri, Feb-18-2022",Boise State,,9.8250,,,,A,Utah State,30795,Maia Fishwick
"Fri, Feb-25-2022","BYU, Towson",,9.6500,,,,H,Utah State,30795,Maia Fishwick
"Sun, Feb-27-2022",Towson,,9.8500,,,,H,Utah State,30795,Maia Fishwick
"Sun, Mar-06-2022","Stanford, Washington",,9.2750,,,,A,Utah State,30795,Maia Fishwick
"Sat, Mar-12-2022","LIU, Minnesota, Temple",,9.8250,,,,A,Utah State,30795,Maia Fishwick
"Sat, Mar-19-2022","BYU, Boise State, Southern Utah",,9.9500,,,,A,Utah State,30795,Maia Fishwick
"Thu, Mar-31-2022",,,9.9000,,,,A,Utah State,30795,Maia Fishwick
"Fri, Jan-07-2022","BYU, Southern Utah, Utah",,9.7250,,9.7000,,A,Utah State,30794,Jessica Gutierrez
"Fri, Jan-14-2022",Air Force,,9.7750,,9.7500,,H,Utah State,30794,Jessica Gutierrez
"Sat, Jan-22-2022","Arizona, Oklahoma, Stanford",,9.8250,,9.6500,,A,Utah State,30794,Jessica Gutierrez
"Fri, Jan-28-2022",BYU,,9.7750,,,,A,Utah State,30794,Jessica Gutierrez
"Fri, Feb-04-2022","Ball State, Southern Utah",,9.8000,,9.8250,,H,Utah State,30794,Jessica Gutierrez
"Fri, Feb-11-2022",Southern Utah,,9.7750,,9.8750,,A,Utah State,30794,Jessica Gutierrez
"Fri, Feb-18-2022",Boise State,,9.8250,,9.8000,,A,Utah State,30794,Jessica Gutierrez
"Fri, Feb-25-2022","BYU, Towson",,9.7250,,,,H,Utah State,30794,Jessica Gutierrez
"Sun, Feb-27-2022",Towson,,9.8000,,,,H,Utah State,30794,Jessica Gutierrez
"Sun, Mar-06-2022","Stanford, Washington",,9.1500,,,,A,Utah State,30794,Jessica Gutierrez
"Sat, Mar-12-2022","LIU, Minnesota, Temple",,9.8250,,,,A,Utah State,30794,Jessica Gutierrez
"Sat, Mar-19-2022","BYU, Boise State, Southern Utah",,9.8000,,,,A,Utah State,30794,Jessica Gutierrez
"Thu, Mar-31-2022",,,9.7750,,,,A,Utah State,30794,Jessica Gutierrez
"Fri, Jan-07-2022","BYU, Southern Utah, Utah",9.8000,9.7750,,9.6500,,A,Utah State,31098,Eve Jackson
"Fri, Jan-14-2022",Air Force,9.1750,9.9000,,9.8250,,H,Utah State,31098,Eve Jackson
"Sat, Jan-22-2022","Arizona, Oklahoma, Stanford",9.6500,9.8000,,9.7500,,A,Utah State,31098,Eve Jackson
"Fri, Jan-28-2022",BYU,,9.7750,,,,A,Utah State,31098,Eve Jackson
"Fri, Feb-04-2022","Ball State, Southern Utah",,9.2000,,9.7750,,H,Utah State,31098,Eve Jackson
"Fri, Feb-11-2022",Southern Utah,9.5750,9.1500,,9.8500,,A,Utah State,31098,Eve Jackson
"Fri, Feb-18-2022",Boise State,9.5250,9.7750,,9.9000,,A,Utah State,31098,Eve Jackson
"Fri, Feb-25-2022","BYU, Towson",9.7000,9.7750,,9.9000,,H,Utah State,31098,Eve Jackson
"Sun, Feb-27-2022",Towson,9.6750,9.8500,,9.9000,,H,Utah State,31098,Eve Jackson
"Sun, Mar-06-2022","Stanford, Washington",9.8000,9.7500,,9.7500,,A,Utah State,31098,Eve Jackson
"Sat, Mar-12-2022","LIU, Minnesota, Temple",9.7750,8.7250,,9.8000,,A,Utah State,31098,Eve Jackson
"Sat, Mar-19-2022","BYU, Boise State, Southern Utah",9.7500,,,9.8500,,A,Utah State,31098,Eve Jackson
"Thu, Mar-31-2022",,9.8250,9.8500,,9.7750,,A,Utah State,31098,Eve Jackson
"Sun, Mar-06-2022","Stanford, Washington",,,,,,A,Utah State,31536,Dani Kirstine
"Fri, Jan-07-2022","BYU, Southern Utah, Utah",,,9.8500,,,A,Utah State,31537,Kielyn McCright
"Fri, Jan-14-2022",Air Force,,,9.8000,,,H,Utah State,31537,Kielyn McCright
"Sat, Jan-22-2022","Arizona, Oklahoma, Stanford",,,9.9250,,,A,Utah State,31537,Kielyn McCright
"Fri, Jan-28-2022",BYU,,,9.7500,,,A,Utah State,31537,Kielyn McCright
"Fri, Feb-04-2022","Ball State, Southern Utah",,,9.8500,,,H,Utah State,31537,Kielyn McCright
"Fri, Feb-11-2022",Southern Utah,,,9.8500,,,A,Utah State,31537,Kielyn McCright
"Fri, Feb-18-2022",Boise State,,,9.8250,,,A,Utah State,31537,Kielyn McCright
"Fri, Feb-25-2022","BYU, Towson",,,8.2000,,,H,Utah State,31537,Kielyn McCright
"Sun, Feb-27-2022",Towson,,,9.7750,,,H,Utah State,31537,Kielyn McCright
"Sun, Mar-06-2022","Stanford, Washington",,,9.8750,,,A,Utah State,31537,Kielyn McCright
"Sat, Mar-12-2022","LIU, Minnesota, Temple",,,9.6000,,,A,Utah State,31537,Kielyn McCright
"Sat, Mar-19-2022","BYU, Boise State, Southern Utah",,,9.5500,,,A,Utah State,31537,Kielyn McCright
"Thu, Mar-31-2022",,,,9.8000,,,A,Utah State,31537,Kielyn McCright
"Fri, Feb-25-2022","BYU, Towson",,9.7500,,,,H,Utah State,30001,Grace Rojas
"Sun, Feb-27-2022",Towson,,9.2500,,,,H,Utah State,30001,Grace Rojas
"Sun, Mar-06-2022","Stanford, Washington",,,,,,A,Utah State,30001,Grace Rojas
"Sat, Mar-19-2022","BYU, Boise State, Southern Utah",,9.9000,,,,A,Utah State,30001,Grace Rojas
"Thu, Mar-31-2022",,,9.8500,,,,A,Utah State,30001,Grace Rojas
"Fri, Jan-07-2022","BYU, Southern Utah, Utah",9.7250,,,,,A,Utah State,31099,Angel Stuart
"Fri, Jan-14-2022",Air Force,9.8250,,,,,H,Utah State,31099,Angel Stuart
"Fri, Jan-07-2022","BYU, Southern Utah, Utah",,,9.8500,,,A,Utah State,30553,Sofi Sullivan
"Fri, Jan-14-2022",Air Force,,9.8500,9.8750,,,H,Utah State,30553,Sofi Sullivan
"Sat, Jan-22-2022","Arizona, Oklahoma, Stanford",,9.8250,9.9000,,,A,Utah State,30553,Sofi Sullivan
"Fri, Jan-28-2022",BYU,,9.1250,9.7750,,,A,Utah State,30553,Sofi Sullivan
"Fri, Feb-04-2022","Ball State, Southern Utah",,9.8500,9.9500,,,H,Utah State,30553,Sofi Sullivan
"Fri, Feb-11-2022",Southern Utah,,9.6000,9.8750,,,A,Utah State,30553,Sofi Sullivan
"Fri, Feb-18-2022",Boise State,,,9.8250,,,A,Utah State,30553,Sofi Sullivan
"Fri, Feb-25-2022","BYU, Towson",,,9.8250,,,H,Utah State,30553,Sofi Sullivan
"Sun, Feb-27-2022",Towson,,,9.8500,,,H,Utah State,30553,Sofi Sullivan
"Sun, Mar-06-2022","Stanford, Washington",,,9.7750,,,A,Utah State,30553,Sofi Sullivan
"Sat, Mar-12-2022","LIU, Minnesota, Temple",,,9.8000,,,A,Utah State,30553,Sofi Sullivan
"Sat, Mar-19-2022","BYU, Boise State, Southern Utah",,9.1250,9.9000,,,A,Utah State,30553,Sofi Sullivan
"Thu, Mar-31-2022",,,,9.8000,,,A,Utah State,30553,Sofi Sullivan
"Fri, Jan-07-2022","BYU, Southern Utah, Utah",,,,9.8500,,A,Utah State,30554,Ariel Toomey
"Sat, Jan-22-2022","Arizona, Oklahoma, Stanford",,,,9.5000,,A,Utah State,30554,Ariel Toomey
"Fri, Jan-28-2022",BYU,,,,9.4750,,A,Utah State,30554,Ariel Toomey
"Fri, Jan-07-2022","BYU, Southern Utah, Utah",9.7500,9.7750,9.8000,9.8000,39.1250,A,Utah State,30793,Rebecca Wells
"Sat, Jan-22-2022","Arizona, Oklahoma, Stanford",9.8250,9.7250,9.9000,,,A,Utah State,30793,Rebecca Wells
"Fri, Jan-28-2022",BYU,9.8750,9.6750,9.8250,9.7750,39.1500,A,Utah State,30793,Rebecca Wells
"Fri, Feb-04-2022","Ball State, Southern Utah",9.8500,9.6000,9.9250,9.8750,39.2500,H,Utah State,30793,Rebecca Wells
"Fri, Feb-11-2022",Southern Utah,9.9000,9.7750,9.8000,9.8250,39.3000,A,Utah State,30793,Rebecca Wells
"Fri, Feb-18-2022",Boise State,9.8500,9.8250,8.9750,9.8500,38.5000,A,Utah State,30793,Rebecca Wells
"Fri, Feb-25-2022","BYU, Towson",9.8500,9.8500,9.9250,9.8500,39.4750,H,Utah State,30793,Rebecca Wells
"Sun, Feb-27-2022",Towson,9.7000,9.8500,9.7000,9.0000,38.2500,H,Utah State,30793,Rebecca Wells
"Sun, Mar-06-2022","Stanford, Washington",9.8750,9.8250,9.8750,9.6500,39.2250,A,Utah State,30793,Rebecca Wells
"Sat, Mar-12-2022","LIU, Minnesota, Temple",9.6750,9.7000,9.8000,9.8000,38.9750,A,Utah State,30793,Rebecca Wells
"Sat, Mar-19-2022","BYU, Boise State, Southern Utah",9.8500,9.8750,9.8500,9.8250,39.4000,A,Utah State,30793,Rebecca Wells
"Thu, Mar-31-2022",,9.8000,9.8000,9.9000,9.8500,39.3500,A,Utah State,30793,Rebecca Wells
"Sat, Jan-22-2022",California,9.7500,,,9.8750,,H,Washington,31539,Ashley Blum
"Fri, Jan-28-2022",Arizona State,9.5250,,,9.6750,,A,Washington,31539,Ashley Blum
"Sat, Feb-05-2022",Arizona,9.7250,,,9.8750,,H,Washington,31539,Ashley Blum
"Sun, Feb-13-2022",Oregon State,9.7250,,,9.8750,,A,Washington,31539,Ashley Blum
"Sat, Feb-19-2022","Denver, Oklahoma, Stanford",9.7500,,,9.7500,,A,Washington,31539,Ashley Blum
"Mon, Feb-21-2022",Utah,9.6000,,,9.9000,,H,Washington,31539,Ashley Blum
"Sun, Feb-27-2022",UCLA,9.7000,,,9.6750,,A,Washington,31539,Ashley Blum
"Fri, Mar-04-2022","BYU, Illinois State",9.8000,,,9.7500,,A,Washington,31539,Ashley Blum
"Sun, Mar-06-2022","Stanford, Utah State",9.6500,9.0750,,9.8500,,H,Washington,31539,Ashley Blum
"Fri, Mar-11-2022",San Jose State,9.7500,,,9.7500,,H,Washington,31539,Ashley Blum
"Sat, Jan-15-2022","Boise State, Oregon State, San Jose State",,9.6750,9.6750,,,A,Washington,30761,Morgan Bowles
"Sat, Jan-22-2022",California,,8.8500,9.5500,,,H,Washington,30761,Morgan Bowles
"Fri, Jan-28-2022",Arizona State,,9.6500,9.1000,,,A,Washington,30761,Morgan Bowles
"Sat, Feb-05-2022",Arizona,,9.7000,9.7000,,,H,Washington,30761,Morgan Bowles
"Sun, Feb-13-2022",Oregon State,,9.8500,9.2750,,,A,Washington,30761,Morgan Bowles
"Sat, Feb-19-2022","Denver, Oklahoma, Stanford",,9.8250,9.5500,,,A,Washington,30761,Morgan Bowles
"Mon, Feb-21-2022",Utah,,9.8750,9.7250,,,H,Washington,30761,Morgan Bowles
"Sun, Feb-27-2022",UCLA,,8.7250,9.6500,,,A,Washington,30761,Morgan Bowles
"Fri, Mar-04-2022","BYU, Illinois State",,8.7250,,,,A,Washington,30761,Morgan Bowles
"Fri, Mar-11-2022",San Jose State,,8.8000,,,,H,Washington,30761,Morgan Bowles
"Sat, Mar-19-2022","Arizona, Arizona State, California, Oregon State, Stanford, UCLA, Utah",,9.8250,,,,A,Washington,30761,Morgan Bowles
"Thu, Mar-31-2022",,,9.8500,,,,A,Washington,30761,Morgan Bowles
"Sat, Jan-15-2022","Boise State, Oregon State, San Jose State",9.7250,,9.7000,,,A,Washington,29993,Brenna Brooks
"Sat, Jan-22-2022",California,,9.6250,9.5500,,,H,Washington,29993,Brenna Brooks
"Fri, Jan-28-2022",Arizona State,,9.8250,9.8750,,,A,Washington,29993,Brenna Brooks
"Sat, Feb-05-2022",Arizona,,9.8500,9.8500,,,H,Washington,29993,Brenna Brooks
"Sun, Feb-13-2022",Oregon State,9.7250,9.7750,9.7750,,,A,Washington,29993,Brenna Brooks
"Sat, Feb-19-2022","Denver, Oklahoma, Stanford",9.7000,9.7750,9.8500,,,A,Washington,29993,Brenna Brooks
"Mon, Feb-21-2022",Utah,9.7750,9.8500,9.9000,,,H,Washington,29993,Brenna Brooks
"Sun, Feb-27-2022",UCLA,9.7500,9.7750,9.7750,,,A,Washington,29993,Brenna Brooks
"Fri, Mar-04-2022","BYU, Illinois State",,9.8000,9.8250,,,A,Washington,29993,Brenna Brooks
"Sun, Mar-06-2022","Stanford, Utah State",,9.8750,9.8500,,,H,Washington,29993,Brenna Brooks
"Fri, Mar-11-2022",San Jose State,9.6500,9.8000,9.9250,,,H,Washington,29993,Brenna Brooks
"Sat, Mar-19-2022","Arizona, Arizona State, California, Oregon State, Stanford, UCLA, Utah",9.8000,9.6500,9.8750,,,A,Washington,29993,Brenna Brooks
"Thu, Mar-31-2022",,9.8500,9.8000,9.8500,9.7250,39.2250,A,Washington,29993,Brenna Brooks
"Sat, Jan-15-2022","Boise State, Oregon State, San Jose State",9.8500,,,9.8500,,A,Washington,29995,Amara Cunningham
"Sat, Jan-22-2022",California,9.8500,,,9.9250,,H,Washington,29995,Amara Cunningham
"Fri, Jan-28-2022",Arizona State,9.8000,,,9.8500,,A,Washington,29995,Amara Cunningham
"Sat, Feb-05-2022",Arizona,9.8750,,,9.7250,,H,Washington,29995,Amara Cunningham
"Sun, Feb-13-2022",Oregon State,9.8750,,,9.8250,,A,Washington,29995,Amara Cunningham
"Sat, Feb-19-2022","Denver, Oklahoma, Stanford",9.9250,,,9.8500,,A,Washington,29995,Amara Cunningham
"Mon, Feb-21-2022",Utah,9.8750,,,9.9250,,H,Washington,29995,Amara Cunningham
"Sun, Feb-27-2022",UCLA,9.9000,,,9.8500,,A,Washington,29995,Amara Cunningham
"Fri, Mar-04-2022","BYU, Illinois State",9.8500,,,9.8500,,A,Washington,29995,Amara Cunningham
"Sun, Mar-06-2022","Stanford, Utah State",9.8750,,,9.9000,,H,Washington,29995,Amara Cunningham
"Fri, Mar-11-2022",San Jose State,9.8750,,,9.9250,,H,Washington,29995,Amara Cunningham
"Sat, Mar-19-2022","Arizona, Arizona State, California, Oregon State, Stanford, UCLA, Utah",9.8750,,,9.8500,,A,Washington,29995,Amara Cunningham
"Thu, Mar-31-2022",,9.9250,,,9.9000,,A,Washington,29995,Amara Cunningham
"Sat, Jan-15-2022","Boise State, Oregon State, San Jose State",9.7500,,9.8250,9.6500,,A,Washington,29858,Kennedi Davis
"Sat, Jan-22-2022",California,9.7500,,9.8250,,,H,Washington,29858,Kennedi Davis
"Fri, Jan-28-2022",Arizona State,9.7500,,9.9000,8.8000,,A,Washington,29858,Kennedi Davis
"Sat, Feb-05-2022",Arizona,9.1750,,9.8500,9.8500,,H,Washington,29858,Kennedi Davis
"Sun, Feb-27-2022",UCLA,,,9.6500,,,A,Washington,29858,Kennedi Davis
"Fri, Mar-04-2022","BYU, Illinois State",9.7750,,9.8750,,,A,Washington,29858,Kennedi Davis
"Sun, Mar-06-2022","Stanford, Utah State",9.8000,,9.9000,,,H,Washington,29858,Kennedi Davis
"Fri, Mar-11-2022",San Jose State,9.8000,,9.9000,,,H,Washington,29858,Kennedi Davis
"Sat, Mar-19-2022","Arizona, Arizona State, California, Oregon State, Stanford, UCLA, Utah",9.7750,,9.8750,9.8500,,A,Washington,29858,Kennedi Davis
"Thu, Mar-31-2022",,9.7750,,9.8500,9.9000,,A,Washington,29858,Kennedi Davis
"Sat, Jan-15-2022","Boise State, Oregon State, San Jose State",9.7000,9.8750,9.9000,9.7000,39.1750,A,Washington,31101,Skylar Killough-Wilhelm
"Sat, Jan-22-2022",California,9.7500,9.9000,9.9000,9.8500,39.4000,H,Washington,31101,Skylar Killough-Wilhelm
"Fri, Jan-28-2022",Arizona State,9.7500,9.9250,9.9250,9.7750,39.3750,A,Washington,31101,Skylar Killough-Wilhelm
"Sat, Feb-05-2022",Arizona,9.8000,9.8000,9.8500,9.8000,39.2500,H,Washington,31101,Skylar Killough-Wilhelm
"Sun, Feb-13-2022",Oregon State,9.8000,9.8750,9.7250,9.8000,39.2000,A,Washington,31101,Skylar Killough-Wilhelm
"Sat, Feb-19-2022","Denver, Oklahoma, Stanford",9.8500,9.8750,9.9250,9.7750,39.4250,A,Washington,31101,Skylar Killough-Wilhelm
"Mon, Feb-21-2022",Utah,9.8500,9.8750,9.9250,9.9000,39.5500,H,Washington,31101,Skylar Killough-Wilhelm
"Sun, Feb-27-2022",UCLA,9.8250,9.8500,9.9000,9.6750,39.2500,A,Washington,31101,Skylar Killough-Wilhelm
"Fri, Mar-04-2022","BYU, Illinois State",9.8000,9.9000,9.8750,9.7750,39.3500,A,Washington,31101,Skylar Killough-Wilhelm
"Sun, Mar-06-2022","Stanford, Utah State",9.8000,9.8750,9.9250,9.8250,39.4250,H,Washington,31101,Skylar Killough-Wilhelm
"Fri, Mar-11-2022",San Jose State,,9.9000,9.9250,9.8500,,H,Washington,31101,Skylar Killough-Wilhelm
"Sat, Mar-19-2022","Arizona, Arizona State, California, Oregon State, Stanford, UCLA, Utah",9.7500,9.8000,9.9000,9.7750,39.2250,A,Washington,31101,Skylar Killough-Wilhelm
"Thu, Mar-31-2022",,9.9000,9.9000,9.9000,9.8500,39.5500,A,Washington,31101,Skylar Killough-Wilhelm
"Sat, Jan-15-2022","Boise State, Oregon State, San Jose State",,9.8250,9.5750,,,A,Washington,31540,Deiah Moody
"Sat, Jan-22-2022",California,,9.6750,9.7750,,,H,Washington,31540,Deiah Moody
"Fri, Jan-28-2022",Arizona State,,9.7500,9.8500,,,A,Washington,31540,Deiah Moody
"Sat, Feb-05-2022",Arizona,,9.7750,9.7750,,,H,Washington,31540,Deiah Moody
"Sun, Feb-13-2022",Oregon State,,9.8750,9.0750,,,A,Washington,31540,Deiah Moody
"Sat, Feb-19-2022","Denver, Oklahoma, Stanford",,9.6000,9.8500,,,A,Washington,31540,Deiah Moody
"Mon, Feb-21-2022",Utah,,9.6250,8.9250,,,H,Washington,31540,Deiah Moody
"Sun, Feb-27-2022",UCLA,,8.3000,,,,A,Washington,31540,Deiah Moody
"Sat, Jan-15-2022","Boise State, Oregon State, San Jose State",9.7750,,,9.3000,,A,Washington,31541,Lana Navarro
"Sat, Jan-22-2022",California,9.8000,,,9.8750,,H,Washington,31541,Lana Navarro
"Fri, Jan-28-2022",Arizona State,9.7500,,9.9000,9.5500,,A,Washington,31541,Lana Navarro
"Sat, Feb-05-2022",Arizona,9.8500,,9.8250,9.8750,,H,Washington,31541,Lana Navarro
"Sun, Feb-13-2022",Oregon State,9.7750,,8.8500,9.1000,,A,Washington,31541,Lana Navarro
"Sat, Feb-19-2022","Denver, Oklahoma, Stanford",9.8750,,9.8500,9.6000,,A,Washington,31541,Lana Navarro
"Mon, Feb-21-2022",Utah,9.9000,,9.8750,9.8750,,H,Washington,31541,Lana Navarro
"Sun, Feb-27-2022",UCLA,9.8250,,9.6250,9.8000,,A,Washington,31541,Lana Navarro
"Fri, Mar-04-2022","BYU, Illinois State",9.8250,,9.7750,9.7250,,A,Washington,31541,Lana Navarro
"Sun, Mar-06-2022","Stanford, Utah State",9.8500,,9.8500,9.8250,,H,Washington,31541,Lana Navarro
"Fri, Mar-11-2022",San Jose State,9.7750,,9.7750,9.8500,,H,Washington,31541,Lana Navarro
"Sat, Mar-19-2022","Arizona, Arizona State, California, Oregon State, Stanford, UCLA, Utah",9.8500,,9.7500,9.8000,,A,Washington,31541,Lana Navarro
"Thu, Mar-31-2022",,9.8750,,9.8250,9.8000,,A,Washington,31541,Lana Navarro
"Sat, Jan-15-2022","Boise State, Oregon State, San Jose State",,9.7250,9.2750,,,A,Washington,31103,Taylor Russon
"Sat, Jan-22-2022",California,,9.7250,8.9000,,,H,Washington,31103,Taylor Russon
"Fri, Jan-28-2022",Arizona State,,9.7250,,,,A,Washington,31103,Taylor Russon
"Sun, Feb-13-2022",Oregon State,,8.9500,,,,A,Washington,31103,Taylor Russon
"Sat, Feb-19-2022","Denver, Oklahoma, Stanford",,9.8750,,,,A,Washington,31103,Taylor Russon
"Mon, Feb-21-2022",Utah,,9.8000,,,,H,Washington,31103,Taylor Russon
"Sun, Feb-27-2022",UCLA,,9.6500,,,,A,Washington,31103,Taylor Russon
"Fri, Mar-04-2022","BYU, Illinois State",,9.1250,9.7750,,,A,Washington,31103,Taylor Russon
"Sun, Mar-06-2022","Stanford, Utah State",,9.8750,9.7750,,,H,Washington,31103,Taylor Russon
"Fri, Mar-11-2022",San Jose State,,9.7250,9.8500,,,H,Washington,31103,Taylor Russon
"Sat, Mar-19-2022","Arizona, Arizona State, California, Oregon State, Stanford, UCLA, Utah",,9.7500,9.8000,,,A,Washington,31103,Taylor Russon
"Thu, Mar-31-2022",,,9.9000,9.8500,,,A,Washington,31103,Taylor Russon
"Sun, Feb-13-2022",Oregon State,,,9.4250,,,A,Washington,31104,Lauren Thomas
"Sat, Feb-19-2022","Denver, Oklahoma, Stanford",,,9.8500,,,A,Washington,31104,Lauren Thomas
"Mon, Feb-21-2022",Utah,,,9.7750,,,H,Washington,31104,Lauren Thomas
"Sun, Feb-27-2022",UCLA,,,9.6750,,,A,Washington,31104,Lauren Thomas
"Fri, Mar-04-2022","BYU, Illinois State",,9.8000,9.8250,,,A,Washington,31104,Lauren Thomas
"Sun, Mar-06-2022","Stanford, Utah State",,9.7250,9.7500,,,H,Washington,31104,Lauren Thomas
"Fri, Mar-11-2022",San Jose State,,9.8500,9.8250,,,H,Washington,31104,Lauren Thomas
"Sat, Mar-19-2022","Arizona, Arizona State, California, Oregon State, Stanford, UCLA, Utah",,9.7750,9.8000,,,A,Washington,31104,Lauren Thomas
"Thu, Mar-31-2022",,,9.7500,9.7750,,,A,Washington,31104,Lauren Thomas
"Sat, Jan-15-2022","Boise State, Oregon State, San Jose State",9.7750,9.7250,,9.1250,,A,Washington,29585,Geneva Thompson
"Sat, Jan-22-2022",California,9.7750,9.8750,,8.9250,,H,Washington,29585,Geneva Thompson
"Fri, Jan-28-2022",Arizona State,9.8500,9.1500,,9.0250,,A,Washington,29585,Geneva Thompson
"Sat, Feb-05-2022",Arizona,9.8750,9.7250,,9.7000,,H,Washington,29585,Geneva Thompson
"Sun, Feb-13-2022",Oregon State,9.9250,9.7000,,9.6750,,A,Washington,29585,Geneva Thompson
"Sat, Feb-19-2022","Denver, Oklahoma, Stanford",9.8750,9.8000,,9.8500,,A,Washington,29585,Geneva Thompson
"Mon, Feb-21-2022",Utah,9.9250,9.9250,,9.4500,,H,Washington,29585,Geneva Thompson
"Sun, Feb-27-2022",UCLA,9.8250,9.7250,,9.7500,,A,Washington,29585,Geneva Thompson
"Fri, Mar-04-2022","BYU, Illinois State",9.8250,9.8500,,9.8000,,A,Washington,29585,Geneva Thompson
"Sun, Mar-06-2022","Stanford, Utah State",9.8000,9.8250,,9.8250,,H,Washington,29585,Geneva Thompson
"Fri, Mar-11-2022",San Jose State,9.9000,9.8250,,9.9000,29.6250,H,Washington,29585,Geneva Thompson
"Sat, Mar-19-2022","Arizona, Arizona State, California, Oregon State, Stanford, UCLA, Utah",9.8500,9.8250,,9.6500,,A,Washington,29585,Geneva Thompson
"Thu, Mar-31-2022",,9.8000,9.8500,,9.8000,,A,Washington,29585,Geneva Thompson
"Sat, Jan-15-2022","Boise State, Oregon State, San Jose State",,9.2750,,8.1500,,A,Washington,30556,Isa Weiss
"Sun, Feb-13-2022",Oregon State,,,,9.8250,,A,Washington,30556,Isa Weiss
"Sat, Feb-19-2022","Denver, Oklahoma, Stanford",,,,9.8500,,A,Washington,30556,Isa Weiss
"Mon, Feb-21-2022",Utah,,,,9.8250,,H,Washington,30556,Isa Weiss
"Sun, Feb-27-2022",UCLA,,,,9.7250,,A,Washington,30556,Isa Weiss
"Fri, Mar-04-2022","BYU, Illinois State",,,,9.8750,,A,Washington,30556,Isa Weiss
"Sun, Mar-06-2022","Stanford, Utah State",,,,9.7250,,H,Washington,30556,Isa Weiss
"Fri, Mar-11-2022",San Jose State,,,,9.1000,,H,Washington,30556,Isa Weiss
"Sat, Mar-19-2022","Arizona, Arizona State, California, Oregon State, Stanford, UCLA, Utah",,,,9.7500,,A,Washington,30556,Isa Weiss
"Sat, Jan-22-2022",California,,,,9.6000,,H,Washington,31105,Gabi Wickman
"Fri, Jan-14-2022","Towson, West Chester, William & Mary",,9.7250,,,,A,West Virginia,30306,Esperanza Abarca
"Fri, Jan-21-2022",Denver,,9.7000,,,,H,West Virginia,30306,Esperanza Abarca
"Fri, Jan-28-2022",Iowa State,,9.7250,,,,A,West Virginia,30306,Esperanza Abarca
"Sun, Feb-06-2022","Alaska, North Carolina State, Pittsburgh",,9.6750,,,,A,West Virginia,30306,Esperanza Abarca
"Fri, Feb-11-2022","Pittsburgh, Texas Woman's",,9.0000,9.3000,,,H,West Virginia,30306,Esperanza Abarca
"Sat, Feb-19-2022","Towson, Ursinus College",,9.8750,,,,A,West Virginia,30306,Esperanza Abarca
"Sun, Mar-06-2022",Ball State,,9.8250,,,,H,West Virginia,30306,Esperanza Abarca
"Sat, Mar-12-2022","Auburn, Michigan",,9.9000,,,,A,West Virginia,30306,Esperanza Abarca
"Sat, Mar-19-2022","Denver, Iowa State, Oklahoma",,9.8500,,,,A,West Virginia,30306,Esperanza Abarca
"Wed, Mar-30-2022",,,9.8000,,,,A,West Virginia,30306,Esperanza Abarca
"Fri, Jan-14-2022","Towson, West Chester, William & Mary",9.6500,,,,,A,West Virginia,31550,Brooke Alban
"Fri, Jan-21-2022",Denver,9.7250,9.7000,,,,H,West Virginia,31550,Brooke Alban
"Fri, Jan-28-2022",Iowa State,9.7750,,,,,A,West Virginia,31550,Brooke Alban
"Sun, Feb-06-2022","Alaska, North Carolina State, Pittsburgh",9.8000,,,,,A,West Virginia,31550,Brooke Alban
"Fri, Feb-11-2022","Pittsburgh, Texas Woman's",9.8250,9.8750,,,,H,West Virginia,31550,Brooke Alban
"Sat, Feb-19-2022","Towson, Ursinus College",9.8000,9.7500,,,,A,West Virginia,31550,Brooke Alban
"Mon, Feb-21-2022","George Washington, William & Mary",9.7250,9.1500,,,,H,West Virginia,31550,Brooke Alban
"Thu, Feb-24-2022",North Carolina,9.7500,9.8000,,,,A,West Virginia,31550,Brooke Alban
"Sun, Mar-06-2022",Ball State,9.7250,9.7500,,,,H,West Virginia,31550,Brooke Alban
"Sat, Mar-12-2022","Auburn, Michigan",9.8000,9.7750,,,,A,West Virginia,31550,Brooke Alban
"Sat, Mar-19-2022","Denver, Iowa State, Oklahoma",9.7500,9.8250,,,,A,West Virginia,31550,Brooke Alban
"Wed, Mar-30-2022",,9.6750,,,,,A,West Virginia,31550,Brooke Alban
"Fri, Jan-14-2022","Towson, West Chester, William & Mary",,,9.0000,,,A,West Virginia,31113,Chloe Asper
"Fri, Jan-28-2022",Iowa State,,,9.8250,,,A,West Virginia,31113,Chloe Asper
"Sun, Feb-06-2022","Alaska, North Carolina State, Pittsburgh",,,9.8500,,,A,West Virginia,31113,Chloe Asper
"Fri, Feb-11-2022","Pittsburgh, Texas Woman's",,,9.1250,,,H,West Virginia,31113,Chloe Asper
"Sat, Feb-19-2022","Towson, Ursinus College",,,9.9000,,,A,West Virginia,31113,Chloe Asper
"Mon, Feb-21-2022","George Washington, William & Mary",,,9.7250,,,H,West Virginia,31113,Chloe Asper
"Thu, Feb-24-2022",North Carolina,,,9.8500,,,A,West Virginia,31113,Chloe Asper
"Sun, Mar-06-2022",Ball State,,,9.8500,,,H,West Virginia,31113,Chloe Asper
"Sat, Mar-12-2022","Auburn, Michigan",,,9.8250,,,A,West Virginia,31113,Chloe Asper
"Sat, Mar-19-2022","Denver, Iowa State, Oklahoma",,,9.8750,,,A,West Virginia,31113,Chloe Asper
"Wed, Mar-30-2022",,,,9.8250,,,A,West Virginia,31113,Chloe Asper
"Fri, Jan-14-2022","Towson, West Chester, William & Mary",9.7250,9.2000,9.8250,9.8500,38.6000,A,West Virginia,29989,Kendra Combs
"Fri, Jan-21-2022",Denver,9.6750,9.8000,9.7750,9.9000,39.1500,H,West Virginia,29989,Kendra Combs
"Fri, Jan-28-2022",Iowa State,9.5750,9.7000,9.8500,9.9000,39.0250,A,West Virginia,29989,Kendra Combs
"Sun, Feb-06-2022","Alaska, North Carolina State, Pittsburgh",9.7750,9.7750,9.8250,9.8500,39.2250,A,West Virginia,29989,Kendra Combs
"Fri, Feb-11-2022","Pittsburgh, Texas Woman's",9.7750,9.8750,9.6500,9.8250,39.1250,H,West Virginia,29989,Kendra Combs
"Sat, Feb-19-2022","Towson, Ursinus College",9.6500,9.7750,9.8500,9.9250,39.2000,A,West Virginia,29989,Kendra Combs
"Mon, Feb-21-2022","George Washington, William & Mary",9.8500,9.8500,9.6750,9.9500,39.3250,H,West Virginia,29989,Kendra Combs
"Thu, Feb-24-2022",North Carolina,9.6750,9.8000,9.1500,9.9250,38.5500,A,West Virginia,29989,Kendra Combs
"Sun, Mar-06-2022",Ball State,,9.7500,9.8500,9.8500,,H,West Virginia,29989,Kendra Combs
"Sat, Mar-12-2022","Auburn, Michigan",,9.8500,9.8000,9.9000,,A,West Virginia,29989,Kendra Combs
"Sat, Mar-19-2022","Denver, Iowa State, Oklahoma",,9.9000,9.2000,9.9000,,A,West Virginia,29989,Kendra Combs
"Wed, Mar-30-2022",,,9.8250,9.7500,9.9000,,A,West Virginia,29989,Kendra Combs
"Thu, Mar-31-2022",,,,,9.9250,,A,West Virginia,29989,Kendra Combs
"Sun, Mar-06-2022",Ball State,9.7750,,,,,H,West Virginia,31115,Gillian Fletcher
"Sat, Mar-12-2022","Auburn, Michigan",9.7250,,,,,A,West Virginia,31115,Gillian Fletcher
"Sat, Mar-19-2022","Denver, Iowa State, Oklahoma",9.7000,,,,,A,West Virginia,31115,Gillian Fletcher
"Wed, Mar-30-2022",,9.5500,,,,,A,West Virginia,31115,Gillian Fletcher
"Fri, Jan-28-2022",Iowa State,,,,9.6500,,A,West Virginia,31551,Brynn Freehling
"Fri, Jan-14-2022","Towson, West Chester, William & Mary",,,9.6500,,,A,West Virginia,31116,Agatha Handono
"Fri, Jan-21-2022",Denver,,,9.7250,,,H,West Virginia,31116,Agatha Handono
"Fri, Jan-28-2022",Iowa State,,,9.7000,,,A,West Virginia,31116,Agatha Handono
"Sun, Feb-06-2022","Alaska, North Carolina State, Pittsburgh",,,9.4500,,,A,West Virginia,31116,Agatha Handono
"Fri, Feb-11-2022","Pittsburgh, Texas Woman's",,,9.8000,,,H,West Virginia,31116,Agatha Handono
"Sat, Feb-19-2022","Towson, Ursinus College",,,9.8750,,,A,West Virginia,31116,Agatha Handono
"Mon, Feb-21-2022","George Washington, William & Mary",,,9.7750,,,H,West Virginia,31116,Agatha Handono
"Thu, Feb-24-2022",North Carolina,,,9.8000,,,A,West Virginia,31116,Agatha Handono
"Sun, Mar-06-2022",Ball State,,,9.8000,,,H,West Virginia,31116,Agatha Handono
"Sat, Mar-12-2022","Auburn, Michigan",,,9.7250,,,A,West Virginia,31116,Agatha Handono
"Sat, Mar-19-2022","Denver, Iowa State, Oklahoma",,,9.8250,,,A,West Virginia,31116,Agatha Handono
"Wed, Mar-30-2022",,,,9.6250,,,A,West Virginia,31116,Agatha Handono
"Fri, Feb-11-2022","Pittsburgh, Texas Woman's",9.8000,,,,,H,West Virginia,31552,Heidi Hartje
"Fri, Jan-14-2022","Towson, West Chester, William & Mary",,9.2000,,,,A,West Virginia,30557,Emily Holmes-Hackerd
"Fri, Jan-28-2022",Iowa State,,8.8250,,,,A,West Virginia,30557,Emily Holmes-Hackerd
"Fri, Feb-11-2022","Pittsburgh, Texas Woman's",,,,9.8500,,H,West Virginia,30557,Emily Holmes-Hackerd
"Sat, Feb-19-2022","Towson, Ursinus College",,,,9.5250,,A,West Virginia,30557,Emily Holmes-Hackerd
"Mon, Feb-21-2022","George Washington, William & Mary",,9.7500,,9.8750,,H,West Virginia,30557,Emily Holmes-Hackerd
"Thu, Feb-24-2022",North Carolina,,9.5750,9.8000,9.9000,,A,West Virginia,30557,Emily Holmes-Hackerd
"Sun, Mar-06-2022",Ball State,,9.3500,9.8000,9.8500,,H,West Virginia,30557,Emily Holmes-Hackerd
"Sat, Mar-12-2022","Auburn, Michigan",,,9.7500,9.8500,,A,West Virginia,30557,Emily Holmes-Hackerd
"Sat, Mar-19-2022","Denver, Iowa State, Oklahoma",,,9.8500,9.9000,,A,West Virginia,30557,Emily Holmes-Hackerd
"Wed, Mar-30-2022",,,9.8000,9.8500,4.2500,,A,West Virginia,30557,Emily Holmes-Hackerd
"Fri, Jan-14-2022","Towson, West Chester, William & Mary",9.7250,9.7250,9.8500,9.8000,39.1000,A,West Virginia,29990,Rachel Hornung
"Fri, Jan-21-2022",Denver,9.7000,9.7000,9.7750,9.7750,38.9500,H,West Virginia,29990,Rachel Hornung
"Fri, Jan-28-2022",Iowa State,9.8000,9.7000,8.8000,,,A,West Virginia,29990,Rachel Hornung
"Sun, Feb-06-2022","Alaska, North Carolina State, Pittsburgh",9.8000,9.8000,9.7750,9.7500,39.1250,A,West Virginia,29990,Rachel Hornung
"Fri, Feb-11-2022","Pittsburgh, Texas Woman's",9.8250,9.7250,9.8500,9.7750,39.1750,H,West Virginia,29990,Rachel Hornung
"Sat, Feb-19-2022","Towson, Ursinus College",9.7750,9.7750,9.6500,,,A,West Virginia,29990,Rachel Hornung
"Mon, Feb-21-2022","George Washington, William & Mary",9.7750,9.7250,9.7500,,,H,West Virginia,29990,Rachel Hornung
"Thu, Feb-24-2022",North Carolina,9.8500,9.6250,9.8500,,,A,West Virginia,29990,Rachel Hornung
"Sun, Mar-06-2022",Ball State,9.8250,9.7500,9.7500,9.8500,39.1750,H,West Virginia,29990,Rachel Hornung
"Sat, Mar-12-2022","Auburn, Michigan",9.8250,9.7750,9.1250,9.7250,38.4500,A,West Virginia,29990,Rachel Hornung
"Sat, Mar-19-2022","Denver, Iowa State, Oklahoma",9.8000,9.8000,9.8500,9.7250,39.1750,A,West Virginia,29990,Rachel Hornung
"Wed, Mar-30-2022",,9.7500,9.7000,9.8000,9.8000,39.0500,A,West Virginia,29990,Rachel Hornung
"Fri, Jan-14-2022","Towson, West Chester, William & Mary",,9.2000,9.7750,9.8750,,A,West Virginia,31553,Anna Leigh
"Fri, Jan-21-2022",Denver,,9.7000,9.7250,9.8500,,H,West Virginia,31553,Anna Leigh
"Fri, Jan-28-2022",Iowa State,,9.7500,9.1250,9.8500,,A,West Virginia,31553,Anna Leigh
"Sun, Feb-06-2022","Alaska, North Carolina State, Pittsburgh",,9.7250,,9.8000,,A,West Virginia,31553,Anna Leigh
"Fri, Feb-11-2022","Pittsburgh, Texas Woman's",,9.8000,,9.8500,,H,West Virginia,31553,Anna Leigh
"Sat, Feb-19-2022","Towson, Ursinus College",,9.8500,,9.8500,,A,West Virginia,31553,Anna Leigh
"Mon, Feb-21-2022","George Washington, William & Mary",,9.8500,,9.9250,,H,West Virginia,31553,Anna Leigh
"Thu, Feb-24-2022",North Carolina,,9.8250,,4.7000,,A,West Virginia,31553,Anna Leigh
"Sat, Mar-19-2022","Denver, Iowa State, Oklahoma",,9.7750,,,,A,West Virginia,31553,Anna Leigh
"Fri, Jan-14-2022","Towson, West Chester, William & Mary",9.7250,,,9.9000,,A,West Virginia,31117,Kiana Lewis
"Fri, Jan-21-2022",Denver,9.7750,,,9.8750,,H,West Virginia,31117,Kiana Lewis
"Fri, Jan-28-2022",Iowa State,9.8250,,,9.8250,,A,West Virginia,31117,Kiana Lewis
"Sun, Feb-06-2022","Alaska, North Carolina State, Pittsburgh",9.8250,,9.8000,9.8500,,A,West Virginia,31117,Kiana Lewis
"Fri, Feb-11-2022","Pittsburgh, Texas Woman's",9.8500,,9.8250,9.8250,,H,West Virginia,31117,Kiana Lewis
"Sat, Feb-19-2022","Towson, Ursinus College",9.8000,,9.3000,9.8500,,A,West Virginia,31117,Kiana Lewis
"Mon, Feb-21-2022","George Washington, William & Mary",9.7500,,9.5250,9.8750,,H,West Virginia,31117,Kiana Lewis
"Thu, Feb-24-2022",North Carolina,9.7500,,,9.7750,,A,West Virginia,31117,Kiana Lewis
"Sun, Mar-06-2022",Ball State,9.8250,,,9.7750,,H,West Virginia,31117,Kiana Lewis
"Sat, Mar-12-2022","Auburn, Michigan",9.8250,,,9.8250,,A,West Virginia,31117,Kiana Lewis
"Sat, Mar-19-2022","Denver, Iowa State, Oklahoma",9.8000,,,9.9000,,A,West Virginia,31117,Kiana Lewis
"Wed, Mar-30-2022",,9.6500,,,9.8750,,A,West Virginia,31117,Kiana Lewis
"Fri, Jan-14-2022","Towson, West Chester, William & Mary",9.8250,,9.7750,9.9000,,A,West Virginia,30559,Abbie Pierson
"Fri, Jan-21-2022",Denver,9.8250,,9.8500,9.8750,,H,West Virginia,30559,Abbie Pierson
"Fri, Jan-28-2022",Iowa State,9.9500,,9.8750,9.8250,,A,West Virginia,30559,Abbie Pierson
"Sun, Feb-06-2022","Alaska, North Carolina State, Pittsburgh",9.2500,9.7500,9.6750,9.9000,38.5750,A,West Virginia,30559,Abbie Pierson
"Sat, Feb-19-2022","Towson, Ursinus College",9.8000,,9.8500,9.9000,,A,West Virginia,30559,Abbie Pierson
"Mon, Feb-21-2022","George Washington, William & Mary",9.7750,,9.7750,9.9000,,H,West Virginia,30559,Abbie Pierson
"Thu, Feb-24-2022",North Carolina,9.7250,,9.9250,9.9000,,A,West Virginia,30559,Abbie Pierson
"Sun, Mar-06-2022",Ball State,9.8250,,9.5250,9.8750,,H,West Virginia,30559,Abbie Pierson
"Sat, Mar-12-2022","Auburn, Michigan",9.6750,9.8000,9.8750,9.8500,39.2000,A,West Virginia,30559,Abbie Pierson
"Sat, Mar-19-2022","Denver, Iowa State, Oklahoma",9.6500,,9.8750,9.7750,,A,West Virginia,30559,Abbie Pierson
"Wed, Mar-30-2022",,9.7750,9.0250,9.7750,9.8750,38.4500,A,West Virginia,30559,Abbie Pierson
"Thu, Mar-31-2022",,,,9.9000,9.9000,,A,West Virginia,30559,Abbie Pierson
"Fri, Jan-14-2022","Towson, West Chester, William & Mary",9.7500,9.2000,,9.7000,,A,West Virginia,30561,Kianna Yancey
"Fri, Jan-21-2022",Denver,9.7500,9.8500,8.9750,9.8500,38.4250,H,West Virginia,30561,Kianna Yancey
"Fri, Jan-28-2022",Iowa State,9.7750,9.8000,,9.8500,,A,West Virginia,30561,Kianna Yancey
"Sun, Feb-06-2022","Alaska, North Carolina State, Pittsburgh",9.8000,9.8000,,9.7000,,A,West Virginia,30561,Kianna Yancey
"Fri, Feb-11-2022","Pittsburgh, Texas Woman's",9.8000,9.8750,,9.8750,,H,West Virginia,30561,Kianna Yancey
"Sat, Feb-19-2022","Towson, Ursinus College",9.8500,9.0000,,9.8750,,A,West Virginia,30561,Kianna Yancey
"Mon, Feb-21-2022","George Washington, William & Mary",9.7250,9.8250,,9.8500,,H,West Virginia,30561,Kianna Yancey
"Thu, Feb-24-2022",North Carolina,9.7500,9.8250,,9.8250,,A,West Virginia,30561,Kianna Yancey
"Sun, Mar-06-2022",Ball State,9.7250,9.8250,,9.9000,,H,West Virginia,30561,Kianna Yancey
"Sat, Mar-12-2022","Auburn, Michigan",9.7500,9.8750,,9.8750,,A,West Virginia,30561,Kianna Yancey
"Sat, Mar-19-2022","Denver, Iowa State, Oklahoma",9.8000,9.8250,,9.8500,,A,West Virginia,30561,Kianna Yancey
"Wed, Mar-30-2022",,9.8000,9.8000,,9.9000,,A,West Virginia,30561,Kianna Yancey
"Sun, Jan-16-2022",Ball State,9.8000,,,,,H,Western Michigan,30562,Ronni Binstock
"Sun, Jan-23-2022",Bowling Green,9.8000,,,9.9000,,H,Western Michigan,30562,Ronni Binstock
"Fri, Jan-28-2022","Ball State, Eastern Michigan, UW-Oshkosh",9.6500,,,9.8750,,A,Western Michigan,30562,Ronni Binstock
"Sun, Jan-16-2022",Ball State,9.7500,9.7750,9.8500,9.8750,39.2500,H,Western Michigan,31757,Halle Faulkner
"Sun, Jan-23-2022",Bowling Green,9.6750,9.7750,9.8000,9.8750,39.1250,H,Western Michigan,31757,Halle Faulkner
"Fri, Jan-28-2022","Ball State, Eastern Michigan, UW-Oshkosh",9.8500,9.1000,9.8500,9.8500,38.6500,A,Western Michigan,31757,Halle Faulkner
"Fri, Feb-04-2022","Alabama, North Carolina",9.7500,9.7250,9.6750,9.8250,38.9750,A,Western Michigan,31757,Halle Faulkner
"Fri, Feb-11-2022","Central Michigan, Michigan State",9.7750,9.6250,,,,A,Western Michigan,31757,Halle Faulkner
"Sun, Mar-13-2022",Kent State,9.8000,,,,,H,Western Michigan,31757,Halle Faulkner
"Sat, Mar-19-2022","Ball State, Bowling Green, Central Michigan, Eastern Michigan, Kent State, Northern Illinois",9.8750,,,,,A,Western Michigan,31757,Halle Faulkner
"Wed, Mar-30-2022",,9.7750,,9.7750,,,A,Western Michigan,31757,Halle Faulkner
"Sun, Jan-16-2022",Ball State,,9.1750,,,,H,Western Michigan,31758,Molly Freeman
"Sun, Jan-23-2022",Bowling Green,,9.7500,,,,H,Western Michigan,31758,Molly Freeman
"Fri, Jan-28-2022","Ball State, Eastern Michigan, UW-Oshkosh",,9.7750,,,,A,Western Michigan,31758,Molly Freeman
"Fri, Feb-04-2022","Alabama, North Carolina",,8.8500,,,,A,Western Michigan,31758,Molly Freeman
"Fri, Feb-11-2022","Central Michigan, Michigan State",,9.7000,,,,A,Western Michigan,31758,Molly Freeman
"Sun, Feb-20-2022","Central Michigan, Iowa State, Northern Illinois",,9.8250,,,,A,Western Michigan,31758,Molly Freeman
"Sat, Feb-26-2022","Bowling Green, Eastern Michigan",,9.8000,,,,A,Western Michigan,31758,Molly Freeman
"Sat, Mar-05-2022",Michigan State,,9.8250,,,,A,Western Michigan,31758,Molly Freeman
"Sun, Mar-13-2022",Kent State,,9.8500,,,,H,Western Michigan,31758,Molly Freeman
"Sat, Mar-19-2022","Ball State, Bowling Green, Central Michigan, Eastern Michigan, Kent State, Northern Illinois",,9.8250,,,,A,Western Michigan,31758,Molly Freeman
"Wed, Mar-30-2022",,,8.8000,,,,A,Western Michigan,31758,Molly Freeman
"Sun, Jan-16-2022",Ball State,,,9.7750,,,H,Western Michigan,31759,Rylee Gallmeyer
"Sun, Jan-23-2022",Bowling Green,,,9.8750,,,H,Western Michigan,31759,Rylee Gallmeyer
"Sun, Feb-20-2022","Central Michigan, Iowa State, Northern Illinois",,,9.2500,,,A,Western Michigan,31759,Rylee Gallmeyer
"Sat, Feb-26-2022","Bowling Green, Eastern Michigan",,,9.1500,,,A,Western Michigan,31759,Rylee Gallmeyer
"Sat, Mar-05-2022",Michigan State,,,9.9250,,,A,Western Michigan,31759,Rylee Gallmeyer
"Sun, Mar-13-2022",Kent State,,,9.9000,,,H,Western Michigan,31759,Rylee Gallmeyer
"Sat, Mar-19-2022","Ball State, Bowling Green, Central Michigan, Eastern Michigan, Kent State, Northern Illinois",,,9.8500,,,A,Western Michigan,31759,Rylee Gallmeyer
"Wed, Mar-30-2022",,,,9.6500,,,A,Western Michigan,31759,Rylee Gallmeyer
"Sun, Jan-16-2022",Ball State,,,9.8000,9.6750,,H,Western Michigan,30563,Amanda Gruber
"Sun, Jan-23-2022",Bowling Green,,,9.8000,,,H,Western Michigan,30563,Amanda Gruber
"Fri, Jan-28-2022","Ball State, Eastern Michigan, UW-Oshkosh",,,9.8500,,,A,Western Michigan,30563,Amanda Gruber
"Fri, Feb-04-2022","Alabama, North Carolina",,,9.7750,,,A,Western Michigan,30563,Amanda Gruber
"Fri, Feb-11-2022","Central Michigan, Michigan State",,,9.8750,,,A,Western Michigan,30563,Amanda Gruber
"Sun, Feb-20-2022","Central Michigan, Iowa State, Northern Illinois",,,9.7250,,,A,Western Michigan,30563,Amanda Gruber
"Sat, Feb-26-2022","Bowling Green, Eastern Michigan",,,9.9000,9.8250,,A,Western Michigan,30563,Amanda Gruber
"Sat, Mar-05-2022",Michigan State,,,9.9500,,,A,Western Michigan,30563,Amanda Gruber
"Sun, Mar-13-2022",Kent State,,,9.7500,,,H,Western Michigan,30563,Amanda Gruber
"Sat, Mar-19-2022","Ball State, Bowling Green, Central Michigan, Eastern Michigan, Kent State, Northern Illinois",,,9.9000,,,A,Western Michigan,30563,Amanda Gruber
"Wed, Mar-30-2022",,,,9.7250,9.3500,,A,Western Michigan,30563,Amanda Gruber
"Thu, Mar-31-2022",,,,9.8750,,,A,Western Michigan,30563,Amanda Gruber
"Fri, Jan-28-2022","Ball State, Eastern Michigan, UW-Oshkosh",,,,9.5250,,A,Western Michigan,29985,Carissa Ludwig
"Fri, Feb-11-2022","Central Michigan, Michigan State",,,,9.7500,,A,Western Michigan,29985,Carissa Ludwig
"Sun, Feb-20-2022","Central Michigan, Iowa State, Northern Illinois",9.6750,,,9.8500,,A,Western Michigan,29985,Carissa Ludwig
"Sat, Feb-26-2022","Bowling Green, Eastern Michigan",9.7750,,,9.8000,,A,Western Michigan,29985,Carissa Ludwig
"Sat, Mar-05-2022",Michigan State,9.7500,,,9.8750,,A,Western Michigan,29985,Carissa Ludwig
"Sun, Mar-13-2022",Kent State,,,,9.9250,,H,Western Michigan,29985,Carissa Ludwig
"Sat, Mar-19-2022","Ball State, Bowling Green, Central Michigan, Eastern Michigan, Kent State, Northern Illinois",,,,9.8500,,A,Western Michigan,29985,Carissa Ludwig
"Wed, Mar-30-2022",,9.7500,,,9.0000,,A,Western Michigan,29985,Carissa Ludwig
"Sun, Jan-16-2022",Ball State,9.8500,9.8000,9.8000,9.8250,39.2750,H,Western Michigan,31119,Sarah Moravansky
"Sun, Jan-23-2022",Bowling Green,9.8750,9.7500,9.1250,9.7750,38.5250,H,Western Michigan,31119,Sarah Moravansky
"Fri, Jan-28-2022","Ball State, Eastern Michigan, UW-Oshkosh",9.8750,9.8750,9.8250,9.8000,39.3750,A,Western Michigan,31119,Sarah Moravansky
"Fri, Feb-04-2022","Alabama, North Carolina",9.7500,9.7250,9.6500,9.7500,38.8750,A,Western Michigan,31119,Sarah Moravansky
"Fri, Feb-11-2022","Central Michigan, Michigan State",9.7000,9.8500,9.7000,9.8500,39.1000,A,Western Michigan,31119,Sarah Moravansky
"Sun, Feb-20-2022","Central Michigan, Iowa State, Northern Illinois",9.8250,9.8000,8.7500,9.7250,38.1000,A,Western Michigan,31119,Sarah Moravansky
"Sat, Feb-26-2022","Bowling Green, Eastern Michigan",9.8500,9.8000,9.8000,9.8250,39.2750,A,Western Michigan,31119,Sarah Moravansky
"Sat, Mar-05-2022",Michigan State,9.8000,9.8500,9.1500,9.8750,38.6750,A,Western Michigan,31119,Sarah Moravansky
"Sun, Mar-13-2022",Kent State,9.8250,9.8000,9.8250,9.8500,39.3000,H,Western Michigan,31119,Sarah Moravansky
"Sat, Mar-19-2022","Ball State, Bowling Green, Central Michigan, Eastern Michigan, Kent State, Northern Illinois",9.8500,9.1250,9.8000,9.7250,38.5000,A,Western Michigan,31119,Sarah Moravansky
"Wed, Mar-30-2022",,9.8500,9.8500,9.7500,9.7500,39.2000,A,Western Michigan,31119,Sarah Moravansky
"Thu, Mar-31-2022",,9.8500,,,,,A,Western Michigan,31119,Sarah Moravansky
"Sun, Jan-16-2022",Ball State,9.7500,9.8250,9.8500,9.9250,39.3500,H,Western Michigan,30565,Payton Murphy
"Sun, Jan-23-2022",Bowling Green,9.8000,9.8250,9.8250,9.9250,39.3750,H,Western Michigan,30565,Payton Murphy
"Fri, Jan-28-2022","Ball State, Eastern Michigan, UW-Oshkosh",9.8500,9.8000,9.8750,9.6750,39.2000,A,Western Michigan,30565,Payton Murphy
"Fri, Feb-04-2022","Alabama, North Carolina",9.8750,9.7500,9.8750,9.8500,39.3500,A,Western Michigan,30565,Payton Murphy
"Fri, Feb-11-2022","Central Michigan, Michigan State",9.8750,9.6500,9.4000,9.8750,38.8000,A,Western Michigan,30565,Payton Murphy
"Sun, Feb-20-2022","Central Michigan, Iowa State, Northern Illinois",9.8250,9.8500,9.8250,9.8500,39.3500,A,Western Michigan,30565,Payton Murphy
"Sat, Feb-26-2022","Bowling Green, Eastern Michigan",9.8250,9.7500,9.8000,9.9250,39.3000,A,Western Michigan,30565,Payton Murphy
"Sat, Mar-05-2022",Michigan State,9.8250,9.9000,9.8500,9.8250,39.4000,A,Western Michigan,30565,Payton Murphy
"Sun, Mar-13-2022",Kent State,9.8750,7.7500,9.8750,9.7750,37.2750,H,Western Michigan,30565,Payton Murphy
"Sat, Mar-19-2022","Ball State, Bowling Green, Central Michigan, Eastern Michigan, Kent State, Northern Illinois",9.5750,9.2000,9.9250,9.9500,38.6500,A,Western Michigan,30565,Payton Murphy
"Wed, Mar-30-2022",,,9.0750,9.5500,,,A,Western Michigan,30565,Payton Murphy
"Sun, Jan-16-2022",Ball State,9.7000,9.7750,,9.7250,,H,Western Michigan,31120,Dani Petrousek
"Sun, Jan-23-2022",Bowling Green,9.7750,9.6250,,9.7750,,H,Western Michigan,31120,Dani Petrousek
"Fri, Jan-28-2022","Ball State, Eastern Michigan, UW-Oshkosh",9.7250,9.6750,9.7500,9.8750,39.0250,A,Western Michigan,31120,Dani Petrousek
"Fri, Feb-04-2022","Alabama, North Carolina",9.7250,9.6500,9.4000,9.7750,38.5500,A,Western Michigan,31120,Dani Petrousek
"Fri, Feb-11-2022","Central Michigan, Michigan State",9.6750,9.6250,9.8000,9.8250,38.9250,A,Western Michigan,31120,Dani Petrousek
"Sun, Feb-20-2022","Central Michigan, Iowa State, Northern Illinois",9.8250,9.8250,9.4750,9.7500,38.8750,A,Western Michigan,31120,Dani Petrousek
"Sat, Feb-26-2022","Bowling Green, Eastern Michigan",9.7500,9.6500,,,,A,Western Michigan,31120,Dani Petrousek
"Sat, Mar-05-2022",Michigan State,9.7250,9.8500,9.6750,9.8500,39.1000,A,Western Michigan,31120,Dani Petrousek
"Sun, Mar-13-2022",Kent State,9.7500,9.7750,9.6750,9.8750,39.0750,H,Western Michigan,31120,Dani Petrousek
"Sat, Mar-19-2022","Ball State, Bowling Green, Central Michigan, Eastern Michigan, Kent State, Northern Illinois",9.7750,9.8250,9.7000,9.8500,39.1500,A,Western Michigan,31120,Dani Petrousek
"Wed, Mar-30-2022",,9.8000,9.7500,,9.8250,,A,Western Michigan,31120,Dani Petrousek
"Sun, Feb-20-2022","Central Michigan, Iowa State, Northern Illinois",,9.7500,,,,A,Western Michigan,31121,Breckin Quoss
"Sat, Feb-26-2022","Bowling Green, Eastern Michigan",,9.5500,,,,A,Western Michigan,31121,Breckin Quoss
"Sat, Mar-19-2022","Ball State, Bowling Green, Central Michigan, Eastern Michigan, Kent State, Northern Illinois",,9.8250,,,,A,Western Michigan,31121,Breckin Quoss
"Wed, Mar-30-2022",,,9.1250,,,,A,Western Michigan,31121,Breckin Quoss
"Sun, Jan-16-2022",Ball State,,9.7000,9.1750,9.8500,,H,Western Michigan,31760,DonnaKathryn Roy
"Fri, Jan-28-2022","Ball State, Eastern Michigan, UW-Oshkosh",,9.7000,,,,A,Western Michigan,31760,DonnaKathryn Roy
"Fri, Feb-04-2022","Alabama, North Carolina",9.7250,9.6750,,9.7500,,A,Western Michigan,31760,DonnaKathryn Roy
"Fri, Feb-11-2022","Central Michigan, Michigan State",9.3000,9.7000,9.7250,9.8250,38.5500,A,Western Michigan,31760,DonnaKathryn Roy
"Sun, Feb-20-2022","Central Michigan, Iowa State, Northern Illinois",9.6250,9.7500,,9.6750,,A,Western Michigan,31760,DonnaKathryn Roy
"Sat, Feb-26-2022","Bowling Green, Eastern Michigan",,9.7000,9.6250,9.8000,,A,Western Michigan,31760,DonnaKathryn Roy
"Sat, Mar-05-2022",Michigan State,,9.8250,,9.7500,,A,Western Michigan,31760,DonnaKathryn Roy
"Sun, Mar-13-2022",Kent State,,9.8250,,9.9000,,H,Western Michigan,31760,DonnaKathryn Roy
"Sat, Mar-19-2022","Ball State, Bowling Green, Central Michigan, Eastern Michigan, Kent State, Northern Illinois",,9.8500,,9.8000,,A,Western Michigan,31760,DonnaKathryn Roy
"Wed, Mar-30-2022",,,9.6500,,9.7250,,A,Western Michigan,31760,DonnaKathryn Roy
"Sun, Jan-16-2022",Ball State,9.6750,,,,,H,Western Michigan,31762,Abby Singh
"Sun, Jan-23-2022",Bowling Green,9.7500,,,,,H,Western Michigan,31762,Abby Singh
"Fri, Jan-28-2022","Ball State, Eastern Michigan, UW-Oshkosh",9.7250,,,,,A,Western Michigan,31762,Abby Singh
"Fri, Feb-04-2022","Alabama, North Carolina",9.7000,,,,,A,Western Michigan,31762,Abby Singh
"Fri, Feb-11-2022","Central Michigan, Michigan State",9.8250,,,,,A,Western Michigan,31762,Abby Singh
"Sun, Jan-23-2022",Bowling Green,,,,9.8250,,H,Western Michigan,31764,Cassie St. Clair
"Fri, Feb-04-2022","Alabama, North Carolina",,,,9.8000,,A,Western Michigan,31764,Cassie St. Clair
"Fri, Feb-11-2022","Central Michigan, Michigan State",,,,9.8250,,A,Western Michigan,31764,Cassie St. Clair
"Sun, Feb-20-2022","Central Michigan, Iowa State, Northern Illinois",,,,9.8000,,A,Western Michigan,31764,Cassie St. Clair
"Sat, Feb-26-2022","Bowling Green, Eastern Michigan",9.7500,,,9.8000,,A,Western Michigan,31764,Cassie St. Clair
"Sat, Mar-05-2022",Michigan State,9.8250,,,9.7000,,A,Western Michigan,31764,Cassie St. Clair
"Sun, Mar-13-2022",Kent State,9.8750,,,9.9250,,H,Western Michigan,31764,Cassie St. Clair
"Sat, Mar-19-2022","Ball State, Bowling Green, Central Michigan, Eastern Michigan, Kent State, Northern Illinois",9.6750,,,9.8750,,A,Western Michigan,31764,Cassie St. Clair
"Wed, Mar-30-2022",,9.1250,,,9.8500,,A,Western Michigan,31764,Cassie St. Clair
"Sun, Jan-23-2022",Bowling Green,,,9.8250,,,H,Western Michigan,30566,Josephine Thomas
"Fri, Jan-28-2022","Ball State, Eastern Michigan, UW-Oshkosh",,,9.7750,,,A,Western Michigan,30566,Josephine Thomas
"Fri, Feb-04-2022","Alabama, North Carolina",,,9.5500,,,A,Western Michigan,30566,Josephine Thomas
"Fri, Feb-11-2022","Central Michigan, Michigan State",,,9.7250,,,A,Western Michigan,30566,Josephine Thomas
"Sun, Feb-20-2022","Central Michigan, Iowa State, Northern Illinois",9.6500,,8.9500,,,A,Western Michigan,30566,Josephine Thomas
"Sat, Feb-26-2022","Bowling Green, Eastern Michigan",9.8000,,9.7500,,,A,Western Michigan,30566,Josephine Thomas
"Sat, Mar-05-2022",Michigan State,9.7750,,9.8750,,,A,Western Michigan,30566,Josephine Thomas
"Sun, Mar-13-2022",Kent State,9.7250,,9.7750,,,H,Western Michigan,30566,Josephine Thomas
"Sat, Mar-19-2022","Ball State, Bowling Green, Central Michigan, Eastern Michigan, Kent State, Northern Illinois",9.7500,,9.8250,,,A,Western Michigan,30566,Josephine Thomas
"Wed, Mar-30-2022",,9.8000,,9.7500,,,A,Western Michigan,30566,Josephine Thomas
"Sun, Jan-23-2022",Bowling Green,,9.7000,,,,H,Western Michigan,31765,Margo Van Linden
"Sat, Mar-05-2022",Michigan State,,9.7000,,,,A,Western Michigan,31765,Margo Van Linden
"Sun, Mar-13-2022",Kent State,,9.7500,,,,H,Western Michigan,31765,Margo Van Linden
