Date,Opponent,VT,UB,BB,FX,AA,HomeAway,Team,GymnastID,Name
"Sat, Mar-11-2023","Denver, Nebraska",9.5750,,,,,A,Air Force,32178,Sayge Berger
"Mon, Jan-16-2023",San Jose State,9.6500,9.8000,9.8000,,,H,Air Force,31652,Amber Boll
"Fri, Jan-20-2023","Centenary College, Texas Woman's, UW-Eau Claire",9.7500,9.6500,9.8000,,,A,Air Force,31652,Amber Boll
"Sun, Jan-29-2023","Alaska, UC Davis",9.5000,9.6500,9.1000,,,A,Air Force,31652,Amber Boll
"Fri, Feb-03-2023",Sacramento State,9.7750,9.8000,9.8500,,,H,Air Force,31652,Amber Boll
"Sun, Feb-05-2023","Denver, George Washington, Pittsburgh",9.5750,9.5250,9.8000,,,A,Air Force,31652,Amber Boll
"Fri, Feb-10-2023",San Jose State,9.7750,9.8000,,,,A,Air Force,31652,Amber Boll
"Fri, Feb-17-2023","Denver, UC Davis",9.7500,9.9000,9.7000,,,H,Air Force,31652,Amber Boll
"Fri, Feb-24-2023",Sacramento State,9.6750,9.7750,9.8250,,,A,Air Force,31652,Amber Boll
"Fri, Mar-03-2023",North Carolina,9.7250,9.6500,9.7750,,,A,Air Force,31652,Amber Boll
"Sat, Mar-11-2023","Denver, Nebraska",9.8250,9.8750,9.8000,,,A,Air Force,31652,Amber Boll
"Sat, Mar-18-2023","Alaska, Sacramento State, San Jose State, UC Davis",9.7500,9.9250,9.8250,,,H,Air Force,31652,Amber Boll
"Thu, Apr-06-2023","Bridgeport, Brown, Centenary College, Cornell, Fisk, Lindenwood, S.E. Missouri, Southern Conn., Texas Woman's, West Chester, Yale",9.8000,9.6500,9.8000,,,A,Air Force,31652,Amber Boll
"Fri, Apr-07-2023","Brown, Lindenwood, S.E. Missouri, Southern Conn., Texas Woman's, West Chester, Yale",9.7000,9.7250,9.7750,,,A,Air Force,31652,Amber Boll
"Sat, Apr-08-2023","Bridgeport, Brown, Centenary College, Cornell, Fisk, Lindenwood, S.E. Missouri, Southern Conn., Texas Woman's, West Chester, Yale",9.6630,,9.7750,,,A,Air Force,31652,Amber Boll
"Mon, Jan-16-2023",San Jose State,9.6500,9.7000,9.7750,9.8000,38.9250,H,Air Force,31653,Velandra Brochi
"Fri, Jan-20-2023","Centenary College, Texas Woman's, UW-Eau Claire",9.6000,8.9000,9.7000,9.8000,38.0000,A,Air Force,31653,Velandra Brochi
"Sun, Jan-29-2023","Alaska, UC Davis",9.6000,9.7500,9.6500,9.8250,38.8250,A,Air Force,31653,Velandra Brochi
"Fri, Feb-03-2023",Sacramento State,9.7000,9.6000,9.8000,9.8000,38.9000,H,Air Force,31653,Velandra Brochi
"Sun, Feb-05-2023","Denver, George Washington, Pittsburgh",9.6250,9.7500,9.5500,9.5250,38.4500,A,Air Force,31653,Velandra Brochi
"Fri, Feb-10-2023",San Jose State,9.6750,9.7500,9.8000,9.7250,38.9500,A,Air Force,31653,Velandra Brochi
"Fri, Feb-17-2023","Denver, UC Davis",9.7250,9.8250,9.8000,9.8250,39.1750,H,Air Force,31653,Velandra Brochi
"Fri, Feb-24-2023",Sacramento State,9.7500,9.8250,9.8500,9.8250,39.2500,A,Air Force,31653,Velandra Brochi
"Fri, Mar-03-2023",North Carolina,9.7000,9.6000,9.8000,9.8000,38.9000,A,Air Force,31653,Velandra Brochi
"Sat, Mar-11-2023","Denver, Nebraska",9.8500,9.8000,9.7500,9.4250,38.8250,A,Air Force,31653,Velandra Brochi
"Sat, Mar-18-2023","Alaska, Sacramento State, San Jose State, UC Davis",9.6750,9.8250,9.8250,9.7500,39.0750,H,Air Force,31653,Velandra Brochi
"Thu, Apr-06-2023","Bridgeport, Brown, Centenary College, Cornell, Fisk, Lindenwood, S.E. Missouri, Southern Conn., Texas Woman's, West Chester, Yale",9.7750,9.7750,9.7750,9.8000,39.1250,A,Air Force,31653,Velandra Brochi
"Fri, Apr-07-2023","Brown, Lindenwood, S.E. Missouri, Southern Conn., Texas Woman's, West Chester, Yale",9.7000,9.7000,9.7750,9.7750,,A,Air Force,31653,Velandra Brochi
"Sat, Apr-08-2023","Bridgeport, Brown, Centenary College, Cornell, Fisk, Lindenwood, S.E. Missouri, Southern Conn., Texas Woman's, West Chester, Yale",,9.4880,9.7130,,,A,Air Force,31653,Velandra Brochi
"Mon, Jan-16-2023",San Jose State,,9.6000,,9.6250,,H,Air Force,32179,Madison Carlisle
"Fri, Jan-20-2023","Centenary College, Texas Woman's, UW-Eau Claire",,9.7000,,9.7500,,A,Air Force,32179,Madison Carlisle
"Sun, Jan-29-2023","Alaska, UC Davis",,9.7000,,9.6000,,A,Air Force,32179,Madison Carlisle
"Fri, Feb-17-2023","Denver, UC Davis",,9.7750,,,,H,Air Force,32179,Madison Carlisle
"Fri, Feb-24-2023",Sacramento State,,9.7750,,,,A,Air Force,32179,Madison Carlisle
"Fri, Mar-03-2023",North Carolina,,9.7000,,,,A,Air Force,32179,Madison Carlisle
"Sat, Mar-11-2023","Denver, Nebraska",,9.2250,,8.9000,,A,Air Force,32179,Madison Carlisle
"Sat, Mar-18-2023","Alaska, Sacramento State, San Jose State, UC Davis",,9.7250,,9.8250,,H,Air Force,32179,Madison Carlisle
"Thu, Apr-06-2023","Bridgeport, Brown, Centenary College, Cornell, Fisk, Lindenwood, S.E. Missouri, Southern Conn., Texas Woman's, West Chester, Yale",,9.6750,,9.7000,,A,Air Force,32179,Madison Carlisle
"Fri, Apr-07-2023","Brown, Lindenwood, S.E. Missouri, Southern Conn., Texas Woman's, West Chester, Yale",,9.7000,,9.8000,,A,Air Force,32179,Madison Carlisle
"Mon, Jan-16-2023",San Jose State,,,9.7250,9.8250,,H,Air Force,30582,Briona Carswell
"Fri, Jan-20-2023","Centenary College, Texas Woman's, UW-Eau Claire",,,9.8500,9.7250,,A,Air Force,30582,Briona Carswell
"Sun, Jan-29-2023","Alaska, UC Davis",,,9.1750,9.7500,,A,Air Force,30582,Briona Carswell
"Fri, Feb-03-2023",Sacramento State,,,9.8500,9.7250,,H,Air Force,30582,Briona Carswell
"Sun, Feb-05-2023","Denver, George Washington, Pittsburgh",,,9.6750,9.5250,,A,Air Force,30582,Briona Carswell
"Fri, Feb-10-2023",San Jose State,,,9.8250,8.8500,,A,Air Force,30582,Briona Carswell
"Fri, Feb-17-2023","Denver, UC Davis",,,9.8750,9.6500,,H,Air Force,30582,Briona Carswell
"Fri, Feb-24-2023",Sacramento State,,,9.7750,9.7250,,A,Air Force,30582,Briona Carswell
"Fri, Mar-03-2023",North Carolina,,,9.4250,9.7000,,A,Air Force,30582,Briona Carswell
"Sat, Mar-11-2023","Denver, Nebraska",,,9.8000,9.6500,,A,Air Force,30582,Briona Carswell
"Sat, Mar-18-2023","Alaska, Sacramento State, San Jose State, UC Davis",,,9.8000,9.7750,,H,Air Force,30582,Briona Carswell
"Thu, Apr-06-2023","Bridgeport, Brown, Centenary College, Cornell, Fisk, Lindenwood, S.E. Missouri, Southern Conn., Texas Woman's, West Chester, Yale",,,9.7500,8.8250,,A,Air Force,30582,Briona Carswell
"Fri, Apr-07-2023","Brown, Lindenwood, S.E. Missouri, Southern Conn., Texas Woman's, West Chester, Yale",,,9.8500,,,A,Air Force,30582,Briona Carswell
"Sat, Apr-08-2023","Bridgeport, Brown, Centenary College, Cornell, Fisk, Lindenwood, S.E. Missouri, Southern Conn., Texas Woman's, West Chester, Yale",,,9.1630,,,A,Air Force,30582,Briona Carswell
"Mon, Jan-16-2023",San Jose State,9.7000,,9.8000,9.8250,,H,Air Force,32180,Kylee Greene
"Fri, Jan-20-2023","Centenary College, Texas Woman's, UW-Eau Claire",9.7250,,9.7250,9.8250,,A,Air Force,32180,Kylee Greene
"Sun, Jan-29-2023","Alaska, UC Davis",9.4250,,9.7750,9.7750,,A,Air Force,32180,Kylee Greene
"Fri, Feb-03-2023",Sacramento State,9.7000,9.6500,9.6750,9.8250,38.8500,H,Air Force,32180,Kylee Greene
"Sun, Feb-05-2023","Denver, George Washington, Pittsburgh",9.6750,9.6000,9.7000,9.3000,38.2750,A,Air Force,32180,Kylee Greene
"Fri, Feb-10-2023",San Jose State,9.7000,9.7000,9.6500,9.7750,38.8250,A,Air Force,32180,Kylee Greene
"Fri, Feb-17-2023","Denver, UC Davis",9.6000,,9.8000,9.8250,,H,Air Force,32180,Kylee Greene
"Fri, Feb-24-2023",Sacramento State,9.7500,,9.8250,9.8250,,A,Air Force,32180,Kylee Greene
"Fri, Mar-03-2023",North Carolina,9.6500,,9.8250,9.6750,,A,Air Force,32180,Kylee Greene
"Sat, Mar-11-2023","Denver, Nebraska",9.7750,9.1000,9.7750,9.7500,38.4000,A,Air Force,32180,Kylee Greene
"Sat, Mar-18-2023","Alaska, Sacramento State, San Jose State, UC Davis",9.7250,9.7750,9.3000,9.6500,38.4500,H,Air Force,32180,Kylee Greene
"Thu, Apr-06-2023","Bridgeport, Brown, Centenary College, Cornell, Fisk, Lindenwood, S.E. Missouri, Southern Conn., Texas Woman's, West Chester, Yale",9.6250,,9.6500,9.8000,,A,Air Force,32180,Kylee Greene
"Fri, Apr-07-2023","Brown, Lindenwood, S.E. Missouri, Southern Conn., Texas Woman's, West Chester, Yale",9.7000,,9.8250,9.8000,,A,Air Force,32180,Kylee Greene
"Fri, Feb-24-2023",Sacramento State,,,,9.1250,,A,Air Force,31656,Alexa Kabat
"Sat, Mar-11-2023","Denver, Nebraska",,,,9.6000,,A,Air Force,31656,Alexa Kabat
"Sat, Mar-11-2023","Denver, Nebraska",,9.5500,9.2250,,,A,Air Force,30799,Kimberly Kinkade
"Thu, Apr-06-2023","Bridgeport, Brown, Centenary College, Cornell, Fisk, Lindenwood, S.E. Missouri, Southern Conn., Texas Woman's, West Chester, Yale",,9.6250,,,,A,Air Force,30799,Kimberly Kinkade
"Fri, Apr-07-2023","Brown, Lindenwood, S.E. Missouri, Southern Conn., Texas Woman's, West Chester, Yale",,9.6000,,,,A,Air Force,30799,Kimberly Kinkade
"Fri, Feb-10-2023",San Jose State,,,,9.4750,,A,Air Force,32182,Gianna Martyna
"Fri, Feb-17-2023","Denver, UC Davis",,,,9.6500,,H,Air Force,32182,Gianna Martyna
"Fri, Mar-03-2023",North Carolina,,,,8.6500,,A,Air Force,32182,Gianna Martyna
"Sat, Mar-11-2023","Denver, Nebraska",,,,9.4750,,A,Air Force,32182,Gianna Martyna
"Mon, Jan-16-2023",San Jose State,9.6000,9.6500,,,,H,Air Force,31658,Ayla McKean
"Fri, Jan-20-2023","Centenary College, Texas Woman's, UW-Eau Claire",9.6250,9.6750,9.1750,9.7000,38.1750,A,Air Force,31658,Ayla McKean
"Sun, Jan-29-2023","Alaska, UC Davis",9.6250,9.6250,9.6000,9.7750,38.6250,A,Air Force,31658,Ayla McKean
"Fri, Feb-03-2023",Sacramento State,,9.6000,9.9000,9.8000,,H,Air Force,31658,Ayla McKean
"Sun, Feb-05-2023","Denver, George Washington, Pittsburgh",9.6500,9.7500,9.1750,9.6000,38.1750,A,Air Force,31658,Ayla McKean
"Fri, Feb-10-2023",San Jose State,,9.6500,9.1500,9.6250,,A,Air Force,31658,Ayla McKean
"Fri, Feb-17-2023","Denver, UC Davis",9.6500,9.8000,9.1750,9.8000,38.4250,H,Air Force,31658,Ayla McKean
"Fri, Feb-24-2023",Sacramento State,9.7000,9.7750,9.8500,9.8000,39.1250,A,Air Force,31658,Ayla McKean
"Fri, Mar-03-2023",North Carolina,9.1000,9.0250,9.6000,9.6750,37.4000,A,Air Force,31658,Ayla McKean
"Sat, Mar-18-2023","Alaska, Sacramento State, San Jose State, UC Davis",,,9.8750,9.7750,,H,Air Force,31658,Ayla McKean
"Thu, Apr-06-2023","Bridgeport, Brown, Centenary College, Cornell, Fisk, Lindenwood, S.E. Missouri, Southern Conn., Texas Woman's, West Chester, Yale",9.6500,9.7500,9.1750,,,A,Air Force,31658,Ayla McKean
"Fri, Apr-07-2023","Brown, Lindenwood, S.E. Missouri, Southern Conn., Texas Woman's, West Chester, Yale",9.6500,9.1250,9.8250,9.7500,,A,Air Force,31658,Ayla McKean
"Mon, Jan-16-2023",San Jose State,9.5500,,,,,H,Air Force,31659,Gabriella Meccia
"Fri, Jan-20-2023","Centenary College, Texas Woman's, UW-Eau Claire",9.6750,,,,,A,Air Force,31659,Gabriella Meccia
"Sun, Jan-29-2023","Alaska, UC Davis",9.7500,,,,,A,Air Force,31659,Gabriella Meccia
"Fri, Feb-03-2023",Sacramento State,9.6250,,,9.6500,,H,Air Force,31659,Gabriella Meccia
"Sun, Feb-05-2023","Denver, George Washington, Pittsburgh",,,,9.6000,,A,Air Force,31659,Gabriella Meccia
"Fri, Feb-10-2023",San Jose State,9.7500,,,9.2250,,A,Air Force,31659,Gabriella Meccia
"Fri, Feb-17-2023","Denver, UC Davis",9.6000,,,9.6500,,H,Air Force,31659,Gabriella Meccia
"Fri, Feb-24-2023",Sacramento State,9.6750,,,9.7500,,A,Air Force,31659,Gabriella Meccia
"Fri, Mar-03-2023",North Carolina,9.7000,,,9.7000,,A,Air Force,31659,Gabriella Meccia
"Sat, Mar-18-2023","Alaska, Sacramento State, San Jose State, UC Davis",9.5500,,,,,H,Air Force,31659,Gabriella Meccia
"Thu, Apr-06-2023","Bridgeport, Brown, Centenary College, Cornell, Fisk, Lindenwood, S.E. Missouri, Southern Conn., Texas Woman's, West Chester, Yale",9.0500,,,9.7000,,A,Air Force,31659,Gabriella Meccia
"Fri, Apr-07-2023","Brown, Lindenwood, S.E. Missouri, Southern Conn., Texas Woman's, West Chester, Yale",9.6500,,,9.7250,,A,Air Force,31659,Gabriella Meccia
"Mon, Jan-16-2023",San Jose State,9.5250,8.9500,,,,H,Air Force,30800,Grace Nelson
"Fri, Jan-20-2023","Centenary College, Texas Woman's, UW-Eau Claire",9.6750,9.2000,,,,A,Air Force,30800,Grace Nelson
"Sun, Jan-29-2023","Alaska, UC Davis",9.5750,9.7500,,,,A,Air Force,30800,Grace Nelson
"Fri, Feb-03-2023",Sacramento State,9.6500,9.6750,,,,H,Air Force,30800,Grace Nelson
"Sun, Feb-05-2023","Denver, George Washington, Pittsburgh",9.5750,9.6500,,,,A,Air Force,30800,Grace Nelson
"Fri, Feb-10-2023",San Jose State,8.8750,9.1750,,,,A,Air Force,30800,Grace Nelson
"Fri, Feb-17-2023","Denver, UC Davis",,9.7750,,,,H,Air Force,30800,Grace Nelson
"Fri, Feb-24-2023",Sacramento State,,9.7500,,,,A,Air Force,30800,Grace Nelson
"Fri, Mar-03-2023",North Carolina,,9.7250,,,,A,Air Force,30800,Grace Nelson
"Sat, Mar-11-2023","Denver, Nebraska",9.7500,9.8250,,,,A,Air Force,30800,Grace Nelson
"Sat, Mar-18-2023","Alaska, Sacramento State, San Jose State, UC Davis",9.4500,9.7750,,,,H,Air Force,30800,Grace Nelson
"Mon, Jan-16-2023",San Jose State,,,9.7500,9.7500,,H,Air Force,31661,Genevieve Sabado
"Mon, Jan-16-2023",San Jose State,,,,9.2000,,H,Air Force,32185,Sarah Willis
"Fri, Jan-20-2023","Centenary College, Texas Woman's, UW-Eau Claire",,,,9.5000,,A,Air Force,32185,Sarah Willis
"Sun, Jan-29-2023","Alaska, UC Davis",,,,8.8250,,A,Air Force,32185,Sarah Willis
"Fri, Feb-03-2023",Sacramento State,9.5500,,,9.0250,,H,Air Force,32185,Sarah Willis
"Sun, Feb-05-2023","Denver, George Washington, Pittsburgh",9.6000,,,9.4500,,A,Air Force,32185,Sarah Willis
"Fri, Feb-10-2023",San Jose State,9.7250,,9.1500,,,A,Air Force,32185,Sarah Willis
"Fri, Feb-17-2023","Denver, UC Davis",9.6500,,,,,H,Air Force,32185,Sarah Willis
"Fri, Feb-24-2023",Sacramento State,9.7500,,,,,A,Air Force,32185,Sarah Willis
"Fri, Mar-03-2023",North Carolina,9.6250,,,,,A,Air Force,32185,Sarah Willis
"Sat, Mar-11-2023","Denver, Nebraska",9.6750,,9.7500,,,A,Air Force,32185,Sarah Willis
"Sat, Mar-18-2023","Alaska, Sacramento State, San Jose State, UC Davis",9.7000,,,9.8250,,H,Air Force,32185,Sarah Willis
"Thu, Apr-06-2023","Bridgeport, Brown, Centenary College, Cornell, Fisk, Lindenwood, S.E. Missouri, Southern Conn., Texas Woman's, West Chester, Yale",9.6250,,,9.6250,,A,Air Force,32185,Sarah Willis
"Fri, Apr-07-2023","Brown, Lindenwood, S.E. Missouri, Southern Conn., Texas Woman's, West Chester, Yale",9.7000,,,9.7500,,A,Air Force,32185,Sarah Willis
"Mon, Jan-16-2023",San Jose State,,9.5750,8.9250,,,H,Air Force,31664,Leilani Zander
"Fri, Jan-20-2023","Centenary College, Texas Woman's, UW-Eau Claire",,9.5750,9.6000,,,A,Air Force,31664,Leilani Zander
"Sun, Jan-29-2023","Alaska, UC Davis",,9.5250,9.7500,,,A,Air Force,31664,Leilani Zander
"Fri, Feb-03-2023",Sacramento State,,9.6500,9.6750,,,H,Air Force,31664,Leilani Zander
"Sun, Feb-05-2023","Denver, George Washington, Pittsburgh",,9.6000,9.5750,,,A,Air Force,31664,Leilani Zander
"Fri, Feb-10-2023",San Jose State,,9.6750,9.8250,,,A,Air Force,31664,Leilani Zander
"Fri, Feb-17-2023","Denver, UC Davis",,9.7750,9.7500,,,H,Air Force,31664,Leilani Zander
"Fri, Feb-24-2023",Sacramento State,,9.8250,9.7000,,,A,Air Force,31664,Leilani Zander
"Fri, Mar-03-2023",North Carolina,,9.5250,9.7000,,,A,Air Force,31664,Leilani Zander
"Sat, Mar-18-2023","Alaska, Sacramento State, San Jose State, UC Davis",,9.2500,9.7750,,,H,Air Force,31664,Leilani Zander
"Thu, Apr-06-2023","Bridgeport, Brown, Centenary College, Cornell, Fisk, Lindenwood, S.E. Missouri, Southern Conn., Texas Woman's, West Chester, Yale",,9.7500,8.8750,,,A,Air Force,31664,Leilani Zander
"Fri, Apr-07-2023","Brown, Lindenwood, S.E. Missouri, Southern Conn., Texas Woman's, West Chester, Yale",,9.7250,9.8000,,,A,Air Force,31664,Leilani Zander
"Fri, Jan-20-2023",Florida,9.6750,,,9.9000,,H,Alabama,30804,Shania Adams
"Fri, Jan-27-2023",Kentucky,,,,9.8250,,A,Alabama,30804,Shania Adams
"Fri, Feb-03-2023",Auburn,,,,9.9000,,H,Alabama,30804,Shania Adams
"Sat, Feb-11-2023","Arkansas, Georgia, Illinois, Illinois State, Oklahoma, Stanford, Utah",,,,9.9000,,A,Alabama,30804,Shania Adams
"Fri, Feb-17-2023",Georgia,,,,9.8500,,A,Alabama,30804,Shania Adams
"Fri, Feb-24-2023",LSU,,,,9.8250,,H,Alabama,30804,Shania Adams
"Fri, Mar-03-2023",Missouri,9.6750,9.8500,,9.1500,,A,Alabama,30804,Shania Adams
"Fri, Mar-10-2023",Boise State,,9.8750,,9.9250,,H,Alabama,30804,Shania Adams
"Sat, Mar-18-2023","Arkansas, Auburn, Florida, Georgia, Kentucky, LSU, Missouri",,,9.8500,9.9000,,A,Alabama,30804,Shania Adams
"Thu, Mar-30-2023",,,,9.9000,9.8750,,A,Alabama,30804,Shania Adams
"Sat, Apr-01-2023",,,9.9000,9.8500,9.9000,,A,Alabama,30804,Shania Adams
"Fri, Jan-06-2023",Michigan State,9.8750,9.8750,9.9000,9.9250,39.5750,H,Alabama,30786,Luisa Blanco
"Fri, Jan-13-2023",Arkansas,9.8250,9.9000,8.6250,9.8750,38.2250,A,Alabama,30786,Luisa Blanco
"Fri, Jan-20-2023",Florida,,9.9000,9.8500,9.9500,,H,Alabama,30786,Luisa Blanco
"Fri, Jan-27-2023",Kentucky,9.8500,9.9500,9.9500,9.7750,39.5250,A,Alabama,30786,Luisa Blanco
"Fri, Feb-03-2023",Auburn,9.9500,9.8250,10.0000,9.9750,39.7500,H,Alabama,30786,Luisa Blanco
"Sat, Feb-11-2023","Arkansas, Georgia, Illinois, Illinois State, Oklahoma, Stanford, Utah",9.9250,9.9000,9.9000,9.9500,39.6750,A,Alabama,30786,Luisa Blanco
"Fri, Feb-17-2023",Georgia,9.9000,9.9500,9.9500,9.9500,39.7500,A,Alabama,30786,Luisa Blanco
"Fri, Feb-24-2023",LSU,9.8000,9.4250,10.0000,9.9750,39.2000,H,Alabama,30786,Luisa Blanco
"Fri, Mar-03-2023",Missouri,,,10.0000,9.9500,,A,Alabama,30786,Luisa Blanco
"Fri, Mar-10-2023",Boise State,9.8250,9.8750,9.8500,,,H,Alabama,30786,Luisa Blanco
"Sat, Mar-18-2023","Arkansas, Auburn, Florida, Georgia, Kentucky, LSU, Missouri",9.9000,9.9000,9.9500,9.9250,39.6750,A,Alabama,30786,Luisa Blanco
"Thu, Mar-30-2023",,9.8000,9.9750,9.4000,9.9000,39.0750,A,Alabama,30786,Luisa Blanco
"Sat, Apr-01-2023",,9.8750,9.8750,9.9250,9.9500,39.6250,A,Alabama,30786,Luisa Blanco
"Thu, Apr-13-2023","Arizona State, Arkansas, Auburn, Boise State, California, Denver, Florida, Kentucky, LSU, Michigan, Michigan State, Missouri, Ohio State, Oklahoma, Oregon State, Penn State, Stanford, UCLA, Utah",,9.9500,,,,A,Alabama,30786,Luisa Blanco
"Fri, Jan-13-2023",Arkansas,,,9.8500,,,A,Alabama,30787,Ella Burgess
"Fri, Jan-20-2023",Florida,,,9.9000,,,H,Alabama,30787,Ella Burgess
"Fri, Jan-27-2023",Kentucky,,,9.2250,,,A,Alabama,30787,Ella Burgess
"Fri, Feb-03-2023",Auburn,,,9.9250,,,H,Alabama,30787,Ella Burgess
"Sat, Feb-11-2023","Arkansas, Georgia, Illinois, Illinois State, Oklahoma, Stanford, Utah",,,9.9000,,,A,Alabama,30787,Ella Burgess
"Fri, Feb-17-2023",Georgia,,,9.9500,,,A,Alabama,30787,Ella Burgess
"Fri, Feb-24-2023",LSU,,,9.9250,,,H,Alabama,30787,Ella Burgess
"Fri, Mar-03-2023",Missouri,,,9.8750,,,A,Alabama,30787,Ella Burgess
"Fri, Mar-10-2023",Boise State,,,9.7250,,,H,Alabama,30787,Ella Burgess
"Sat, Mar-18-2023","Arkansas, Auburn, Florida, Georgia, Kentucky, LSU, Missouri",,,9.8750,,,A,Alabama,30787,Ella Burgess
"Thu, Mar-30-2023",,,,9.9000,,,A,Alabama,30787,Ella Burgess
"Sat, Apr-01-2023",,,,9.8250,,,A,Alabama,30787,Ella Burgess
"Fri, Jan-06-2023",Michigan State,9.9000,9.9000,9.7750,9.8000,39.3750,H,Alabama,30343,Makarri Doggette
"Fri, Jan-13-2023",Arkansas,9.7750,9.8500,,9.5750,,A,Alabama,30343,Makarri Doggette
"Fri, Jan-27-2023",Kentucky,9.9250,10.0000,,,,A,Alabama,30343,Makarri Doggette
"Fri, Feb-03-2023",Auburn,9.1250,9.9500,,9.8000,,H,Alabama,30343,Makarri Doggette
"Sat, Feb-11-2023","Arkansas, Georgia, Illinois, Illinois State, Oklahoma, Stanford, Utah",9.9250,9.9000,,,,A,Alabama,30343,Makarri Doggette
"Fri, Feb-17-2023",Georgia,9.7750,9.9000,,,,A,Alabama,30343,Makarri Doggette
"Fri, Feb-24-2023",LSU,9.8500,9.9500,,,,H,Alabama,30343,Makarri Doggette
"Fri, Mar-03-2023",Missouri,9.7500,9.9500,,9.8750,,A,Alabama,30343,Makarri Doggette
"Fri, Mar-10-2023",Boise State,9.8250,9.9000,,9.8250,,H,Alabama,30343,Makarri Doggette
"Sat, Mar-18-2023","Arkansas, Auburn, Florida, Georgia, Kentucky, LSU, Missouri",9.9000,,,9.8250,,A,Alabama,30343,Makarri Doggette
"Thu, Mar-30-2023",,9.5250,9.9500,,,,A,Alabama,30343,Makarri Doggette
"Sat, Apr-01-2023",,9.8000,9.9250,,,,A,Alabama,30343,Makarri Doggette
"Sat, Feb-11-2023","Arkansas, Georgia, Illinois, Illinois State, Oklahoma, Stanford, Utah",,9.8500,,,,A,Alabama,31794,Karis German
"Fri, Feb-17-2023",Georgia,,9.7750,,,,A,Alabama,31794,Karis German
"Fri, Feb-24-2023",LSU,,9.7750,,,,H,Alabama,31794,Karis German
"Fri, Mar-03-2023",Missouri,,9.8250,,,,A,Alabama,31794,Karis German
"Sat, Mar-18-2023","Arkansas, Auburn, Florida, Georgia, Kentucky, LSU, Missouri",,9.8500,,,,A,Alabama,31794,Karis German
"Thu, Mar-30-2023",,,9.7500,,,,A,Alabama,31794,Karis German
"Fri, Jan-06-2023",Michigan State,9.8250,,9.8250,9.9000,,H,Alabama,31795,Gabby Gladieux
"Fri, Jan-13-2023",Arkansas,9.7250,,9.8750,9.8750,,A,Alabama,31795,Gabby Gladieux
"Fri, Jan-20-2023",Florida,9.8500,,9.8500,9.9000,,H,Alabama,31795,Gabby Gladieux
"Fri, Jan-27-2023",Kentucky,9.8750,,9.8750,9.9000,,A,Alabama,31795,Gabby Gladieux
"Fri, Feb-03-2023",Auburn,9.7750,,9.8750,9.9250,,H,Alabama,31795,Gabby Gladieux
"Sat, Feb-11-2023","Arkansas, Georgia, Illinois, Illinois State, Oklahoma, Stanford, Utah",9.8750,,9.8000,9.9500,,A,Alabama,31795,Gabby Gladieux
"Fri, Feb-17-2023",Georgia,9.8250,,9.7750,9.9000,,A,Alabama,31795,Gabby Gladieux
"Fri, Feb-24-2023",LSU,9.9250,,9.8500,9.9250,,H,Alabama,31795,Gabby Gladieux
"Fri, Mar-03-2023",Missouri,9.8500,,9.8750,9.8750,,A,Alabama,31795,Gabby Gladieux
"Fri, Mar-10-2023",Boise State,9.8500,,9.9000,9.9000,,H,Alabama,31795,Gabby Gladieux
"Sat, Mar-18-2023","Arkansas, Auburn, Florida, Georgia, Kentucky, LSU, Missouri",9.9500,,9.7750,9.9000,,A,Alabama,31795,Gabby Gladieux
"Thu, Mar-30-2023",,9.9000,,9.8250,9.8000,,A,Alabama,31795,Gabby Gladieux
"Sat, Apr-01-2023",,9.8500,,9.9000,9.9500,,A,Alabama,31795,Gabby Gladieux
"Fri, Jan-06-2023",Michigan State,9.8500,9.8500,9.8500,9.6500,39.2000,H,Alabama,31247,Lilly Hudson
"Fri, Jan-13-2023",Arkansas,9.8000,9.7750,9.8750,9.0750,38.5250,A,Alabama,31247,Lilly Hudson
"Fri, Jan-20-2023",Florida,9.8750,9.7750,9.8500,9.9250,39.4250,H,Alabama,31247,Lilly Hudson
"Fri, Jan-27-2023",Kentucky,9.8250,9.8750,9.9500,9.9250,39.5750,A,Alabama,31247,Lilly Hudson
"Fri, Feb-03-2023",Auburn,9.8000,9.8250,9.9750,9.9750,39.5750,H,Alabama,31247,Lilly Hudson
"Sat, Feb-11-2023","Arkansas, Georgia, Illinois, Illinois State, Oklahoma, Stanford, Utah",9.8250,9.9000,9.8750,9.9500,39.5500,A,Alabama,31247,Lilly Hudson
"Fri, Feb-17-2023",Georgia,9.9000,9.8250,9.7750,9.8000,39.3000,A,Alabama,31247,Lilly Hudson
"Fri, Feb-24-2023",LSU,9.6000,9.7750,10.0000,9.9500,39.3250,H,Alabama,31247,Lilly Hudson
"Fri, Mar-03-2023",Missouri,9.8750,9.7750,9.9000,9.9000,39.4500,A,Alabama,31247,Lilly Hudson
"Fri, Mar-10-2023",Boise State,9.9500,9.8750,9.8500,9.8000,39.4750,H,Alabama,31247,Lilly Hudson
"Sat, Mar-18-2023","Arkansas, Auburn, Florida, Georgia, Kentucky, LSU, Missouri",9.8250,9.8750,9.8500,9.9500,39.5000,A,Alabama,31247,Lilly Hudson
"Thu, Mar-30-2023",,9.9000,9.8500,9.7500,9.9000,39.4000,A,Alabama,31247,Lilly Hudson
"Sat, Apr-01-2023",,9.8000,9.8000,9.9250,9.9000,39.4250,A,Alabama,31247,Lilly Hudson
"Fri, Jan-13-2023",Arkansas,,,9.7750,,,A,Alabama,31797,Lillian Lewis
"Fri, Jan-20-2023",Florida,,,9.7750,,,H,Alabama,31797,Lillian Lewis
"Fri, Jan-20-2023",Florida,9.7750,9.2000,,,,H,Alabama,31798,Lauren Little
"Fri, Jan-06-2023",Michigan State,,9.8500,,,,H,Alabama,30806,Cameron Machado
"Fri, Jan-13-2023",Arkansas,,9.8500,,,,A,Alabama,30806,Cameron Machado
"Fri, Jan-20-2023",Florida,,9.8750,,9.6750,,H,Alabama,30806,Cameron Machado
"Fri, Jan-27-2023",Kentucky,,9.9500,,9.5500,,A,Alabama,30806,Cameron Machado
"Fri, Feb-03-2023",Auburn,,9.9250,,,,H,Alabama,30806,Cameron Machado
"Sat, Feb-11-2023","Arkansas, Georgia, Illinois, Illinois State, Oklahoma, Stanford, Utah",,9.6750,,,,A,Alabama,30806,Cameron Machado
"Fri, Feb-17-2023",Georgia,,9.8500,,,,A,Alabama,30806,Cameron Machado
"Fri, Feb-24-2023",LSU,,9.9250,,,,H,Alabama,30806,Cameron Machado
"Fri, Mar-03-2023",Missouri,,9.9000,,,,A,Alabama,30806,Cameron Machado
"Fri, Mar-10-2023",Boise State,,9.8250,,,,H,Alabama,30806,Cameron Machado
"Sat, Mar-18-2023","Arkansas, Auburn, Florida, Georgia, Kentucky, LSU, Missouri",,9.9000,,,,A,Alabama,30806,Cameron Machado
"Thu, Mar-30-2023",,,9.9000,,9.8500,,A,Alabama,30806,Cameron Machado
"Sat, Apr-01-2023",,,9.9000,,9.7750,,A,Alabama,30806,Cameron Machado
"Fri, Jan-20-2023",Florida,9.7000,,,,,H,Alabama,30303,Sania Mitchell
"Fri, Jan-27-2023",Kentucky,9.7750,,,,,A,Alabama,30303,Sania Mitchell
"Fri, Jan-06-2023",Michigan State,9.8500,,9.7750,9.7750,,H,Alabama,29851,Shallon Olsen
"Fri, Jan-13-2023",Arkansas,9.7750,,,9.8500,,A,Alabama,29851,Shallon Olsen
"Fri, Feb-03-2023",Auburn,9.8750,,,,,H,Alabama,29851,Shallon Olsen
"Sat, Feb-11-2023","Arkansas, Georgia, Illinois, Illinois State, Oklahoma, Stanford, Utah",9.8750,,,9.7000,,A,Alabama,29851,Shallon Olsen
"Fri, Feb-17-2023",Georgia,9.9500,,,9.8750,,A,Alabama,29851,Shallon Olsen
"Fri, Feb-24-2023",LSU,9.9000,,,9.7500,,H,Alabama,29851,Shallon Olsen
"Fri, Mar-03-2023",Missouri,9.9000,,,,,A,Alabama,29851,Shallon Olsen
"Fri, Mar-10-2023",Boise State,9.8750,,,9.7750,,H,Alabama,29851,Shallon Olsen
"Sat, Mar-18-2023","Arkansas, Auburn, Florida, Georgia, Kentucky, LSU, Missouri",9.9250,,,,,A,Alabama,29851,Shallon Olsen
"Thu, Mar-30-2023",,9.8000,,,,,A,Alabama,29851,Shallon Olsen
"Sat, Apr-01-2023",,9.9000,,,,,A,Alabama,29851,Shallon Olsen
"Fri, Jan-06-2023",Michigan State,9.8500,9.8000,,,,H,Alabama,31248,Jordyn Paradise
"Fri, Jan-13-2023",Arkansas,9.8250,9.8750,,,,A,Alabama,31248,Jordyn Paradise
"Fri, Jan-20-2023",Florida,9.9000,9.3000,,,,H,Alabama,31248,Jordyn Paradise
"Fri, Jan-27-2023",Kentucky,9.7500,9.8500,,,,A,Alabama,31248,Jordyn Paradise
"Fri, Feb-03-2023",Auburn,9.7750,9.2500,,,,H,Alabama,31248,Jordyn Paradise
"Sat, Feb-11-2023","Arkansas, Georgia, Illinois, Illinois State, Oklahoma, Stanford, Utah",9.9250,,,,,A,Alabama,31248,Jordyn Paradise
"Fri, Feb-17-2023",Georgia,9.7500,,,,,A,Alabama,31248,Jordyn Paradise
"Fri, Feb-24-2023",LSU,9.8500,,,,,H,Alabama,31248,Jordyn Paradise
"Fri, Mar-03-2023",Missouri,9.8000,,,,,A,Alabama,31248,Jordyn Paradise
"Fri, Mar-10-2023",Boise State,9.9000,,,,,H,Alabama,31248,Jordyn Paradise
"Sat, Mar-18-2023","Arkansas, Auburn, Florida, Georgia, Kentucky, LSU, Missouri",9.8500,9.9000,,,,A,Alabama,31248,Jordyn Paradise
"Thu, Mar-30-2023",,9.8750,,,,,A,Alabama,31248,Jordyn Paradise
"Sat, Apr-01-2023",,9.8500,,,,,A,Alabama,31248,Jordyn Paradise
"Fri, Jan-27-2023",Kentucky,,,9.7000,,,A,Alabama,31799,Rachel Rybicki
"Fri, Feb-03-2023",Auburn,,,9.8250,,,H,Alabama,31799,Rachel Rybicki
"Sat, Feb-11-2023","Arkansas, Georgia, Illinois, Illinois State, Oklahoma, Stanford, Utah",,,9.8750,,,A,Alabama,31799,Rachel Rybicki
"Fri, Feb-17-2023",Georgia,,,9.7500,,,A,Alabama,31799,Rachel Rybicki
"Fri, Feb-24-2023",LSU,,,9.9000,,,H,Alabama,31799,Rachel Rybicki
"Fri, Mar-03-2023",Missouri,,,9.7250,,,A,Alabama,31799,Rachel Rybicki
"Fri, Mar-10-2023",Boise State,,,9.8000,,,H,Alabama,31799,Rachel Rybicki
"Sat, Mar-18-2023","Arkansas, Auburn, Florida, Georgia, Kentucky, LSU, Missouri",,,9.8500,,,A,Alabama,31799,Rachel Rybicki
"Thu, Mar-30-2023",,,,9.8000,,,A,Alabama,31799,Rachel Rybicki
"Fri, Jan-06-2023",Michigan State,,9.8000,9.6750,9.8500,,H,Alabama,30345,Mati Waligora
"Fri, Jan-13-2023",Arkansas,,9.8250,9.8500,9.8250,,A,Alabama,30345,Mati Waligora
"Fri, Jan-20-2023",Florida,,9.8250,9.8000,9.7500,,H,Alabama,30345,Mati Waligora
"Fri, Jan-27-2023",Kentucky,,9.8250,9.7500,9.8500,,A,Alabama,30345,Mati Waligora
"Fri, Feb-03-2023",Auburn,,9.8000,9.8750,9.9250,,H,Alabama,30345,Mati Waligora
"Sat, Feb-11-2023","Arkansas, Georgia, Illinois, Illinois State, Oklahoma, Stanford, Utah",,9.8750,9.8750,9.8750,,A,Alabama,30345,Mati Waligora
"Fri, Feb-17-2023",Georgia,,9.8500,9.8750,9.9000,,A,Alabama,30345,Mati Waligora
"Fri, Feb-24-2023",LSU,,9.9000,9.8750,9.9000,,H,Alabama,30345,Mati Waligora
"Fri, Mar-03-2023",Missouri,,9.8500,9.8000,9.0750,,A,Alabama,30345,Mati Waligora
"Fri, Mar-10-2023",Boise State,,9.8500,9.1000,9.7250,,H,Alabama,30345,Mati Waligora
"Sat, Mar-18-2023","Arkansas, Auburn, Florida, Georgia, Kentucky, LSU, Missouri",,9.9000,,9.8750,,A,Alabama,30345,Mati Waligora
"Thu, Mar-30-2023",,,9.8500,,9.8750,,A,Alabama,30345,Mati Waligora
"Sat, Apr-01-2023",,,9.2750,9.8000,9.8500,,A,Alabama,30345,Mati Waligora
"Fri, Jan-13-2023",West Chester,,9.1250,8.8500,,,H,Alaska,30807,Marcela Bonifasi
"Sun, Jan-15-2023",West Chester,,9.3250,9.4750,,,H,Alaska,30807,Marcela Bonifasi
"Fri, Jan-27-2023",Sacramento State,,,8.7500,,,A,Alaska,30807,Marcela Bonifasi
"Sun, Jan-29-2023","Air Force, UC Davis",,,9.4250,,,A,Alaska,30807,Marcela Bonifasi
"Fri, Feb-03-2023",William & Mary,,7.1500,9.1500,,,H,Alaska,30807,Marcela Bonifasi
"Sun, Feb-05-2023",William & Mary,,9.3750,9.3250,,,H,Alaska,30807,Marcela Bonifasi
"Fri, Feb-17-2023",Simpson,,6.1000,8.7500,,,A,Alaska,30807,Marcela Bonifasi
"Sun, Feb-19-2023",Iowa State,,,9.7250,,,A,Alaska,30807,Marcela Bonifasi
"Wed, Mar-01-2023",BYU,,,9.4750,,,A,Alaska,30807,Marcela Bonifasi
"Fri, Mar-03-2023","Nebraska, Utah State",,,9.7750,,,A,Alaska,30807,Marcela Bonifasi
"Sat, Mar-18-2023","Air Force, Sacramento State, San Jose State, UC Davis",,,9.0750,,,A,Alaska,30807,Marcela Bonifasi
"Fri, Jan-13-2023",West Chester,,9.4500,9.7000,9.7500,,H,Alaska,29848,Rachel Decious
"Sun, Jan-15-2023",West Chester,,8.9750,9.8500,9.5500,,H,Alaska,29848,Rachel Decious
"Fri, Jan-27-2023",Sacramento State,,9.4500,9.7250,9.4250,,A,Alaska,29848,Rachel Decious
"Sun, Jan-29-2023","Air Force, UC Davis",,9.2250,9.6000,9.6750,,A,Alaska,29848,Rachel Decious
"Fri, Feb-03-2023",William & Mary,,8.9250,9.7250,9.7500,,H,Alaska,29848,Rachel Decious
"Sun, Feb-05-2023",William & Mary,,9.6000,9.8250,9.8500,,H,Alaska,29848,Rachel Decious
"Fri, Feb-17-2023",Simpson,,9.4750,8.7500,9.5500,,A,Alaska,29848,Rachel Decious
"Sun, Feb-19-2023",Iowa State,,9.4250,9.8250,9.7750,,A,Alaska,29848,Rachel Decious
"Wed, Mar-01-2023",BYU,,9.7000,9.6250,9.4500,,A,Alaska,29848,Rachel Decious
"Fri, Mar-03-2023","Nebraska, Utah State",,9.4000,9.8500,9.7750,,A,Alaska,29848,Rachel Decious
"Sat, Mar-18-2023","Air Force, Sacramento State, San Jose State, UC Davis",,9.4500,9.8250,9.7500,,A,Alaska,29848,Rachel Decious
"Fri, Jan-13-2023",West Chester,,,,9.5250,,H,Alaska,31801,Ariana DeSouza
"Sun, Jan-15-2023",West Chester,9.5500,,9.6250,9.5750,,H,Alaska,31801,Ariana DeSouza
"Fri, Jan-27-2023",Sacramento State,9.4750,,9.6750,9.6500,,A,Alaska,31801,Ariana DeSouza
"Sun, Jan-29-2023","Air Force, UC Davis",9.4750,,9.3000,9.4250,,A,Alaska,31801,Ariana DeSouza
"Fri, Feb-03-2023",William & Mary,9.4750,,,9.5500,,H,Alaska,31801,Ariana DeSouza
"Sun, Feb-05-2023",William & Mary,9.5750,,,9.8250,,H,Alaska,31801,Ariana DeSouza
"Fri, Feb-17-2023",Simpson,,,,9.5000,,A,Alaska,31801,Ariana DeSouza
"Sun, Feb-19-2023",Iowa State,9.4750,,,9.4500,,A,Alaska,31801,Ariana DeSouza
"Wed, Mar-01-2023",BYU,9.4250,,,9.2000,,A,Alaska,31801,Ariana DeSouza
"Fri, Mar-03-2023","Nebraska, Utah State",9.4750,,,9.5750,,A,Alaska,31801,Ariana DeSouza
"Sat, Mar-18-2023","Air Force, Sacramento State, San Jose State, UC Davis",9.3500,,,9.8000,,A,Alaska,31801,Ariana DeSouza
"Fri, Jan-13-2023",West Chester,9.6000,,9.7000,,,H,Alaska,30808,Montana Fairbairn
"Fri, Jan-27-2023",Sacramento State,9.6250,,9.5250,,,A,Alaska,30808,Montana Fairbairn
"Sun, Jan-29-2023","Air Force, UC Davis",9.3000,,9.6250,,,A,Alaska,30808,Montana Fairbairn
"Fri, Feb-03-2023",William & Mary,9.7250,,9.6250,,,H,Alaska,30808,Montana Fairbairn
"Sun, Feb-05-2023",William & Mary,9.7750,,9.7500,,,H,Alaska,30808,Montana Fairbairn
"Fri, Feb-17-2023",Simpson,,,9.2500,,,A,Alaska,30808,Montana Fairbairn
"Sun, Feb-19-2023",Iowa State,9.6000,,9.7750,,,A,Alaska,30808,Montana Fairbairn
"Wed, Mar-01-2023",BYU,9.6500,,9.6500,9.4000,,A,Alaska,30808,Montana Fairbairn
"Fri, Mar-03-2023","Nebraska, Utah State",9.6250,,9.6750,9.6000,,A,Alaska,30808,Montana Fairbairn
"Sat, Mar-18-2023","Air Force, Sacramento State, San Jose State, UC Davis",9.6000,,9.7500,8.0500,,A,Alaska,30808,Montana Fairbairn
"Fri, Feb-03-2023",William & Mary,,,9.3750,,,H,Alaska,31249,Shannon Farrell
"Sun, Feb-05-2023",William & Mary,,,9.7250,,,H,Alaska,31249,Shannon Farrell
"Fri, Feb-17-2023",Simpson,,,9.4500,,,A,Alaska,31249,Shannon Farrell
"Sun, Feb-19-2023",Iowa State,,,9.7000,,,A,Alaska,31249,Shannon Farrell
"Wed, Mar-01-2023",BYU,,,9.7000,,,A,Alaska,31249,Shannon Farrell
"Fri, Mar-03-2023","Nebraska, Utah State",,,9.7750,,,A,Alaska,31249,Shannon Farrell
"Sat, Mar-18-2023","Air Force, Sacramento State, San Jose State, UC Davis",,,9.7000,,,A,Alaska,31249,Shannon Farrell
"Fri, Jan-13-2023",West Chester,9.2500,,,9.5250,,H,Alaska,31802,Madelyn Gomez
"Sun, Jan-15-2023",West Chester,9.2000,,,8.5750,,H,Alaska,31802,Madelyn Gomez
"Fri, Jan-27-2023",Sacramento State,9.6000,,,9.5000,,A,Alaska,31802,Madelyn Gomez
"Sun, Jan-29-2023","Air Force, UC Davis",9.6250,,,9.4750,,A,Alaska,31802,Madelyn Gomez
"Fri, Feb-03-2023",William & Mary,9.4500,,,9.5750,,H,Alaska,31802,Madelyn Gomez
"Sun, Feb-05-2023",William & Mary,9.4250,,,9.6750,,H,Alaska,31802,Madelyn Gomez
"Fri, Feb-17-2023",Simpson,9.3250,,,9.2500,,A,Alaska,31802,Madelyn Gomez
"Sun, Feb-19-2023",Iowa State,9.4750,9.0000,,9.5750,,A,Alaska,31802,Madelyn Gomez
"Wed, Mar-01-2023",BYU,9.3500,8.6500,,9.4750,,A,Alaska,31802,Madelyn Gomez
"Fri, Mar-03-2023","Nebraska, Utah State",9.6000,,,,,A,Alaska,31802,Madelyn Gomez
"Sat, Mar-18-2023","Air Force, Sacramento State, San Jose State, UC Davis",9.5500,,,9.4000,,A,Alaska,31802,Madelyn Gomez
"Fri, Jan-13-2023",West Chester,9.1000,,7.6500,8.1500,,H,Alaska,30809,Silje Hildebrand
"Sun, Jan-15-2023",West Chester,9.4500,,,8.5500,,H,Alaska,30809,Silje Hildebrand
"Fri, Jan-27-2023",Sacramento State,9.1500,,,,,A,Alaska,30809,Silje Hildebrand
"Sun, Jan-29-2023","Air Force, UC Davis",9.3750,,,,,A,Alaska,30809,Silje Hildebrand
"Fri, Feb-03-2023",William & Mary,8.9750,,,9.0250,,H,Alaska,30809,Silje Hildebrand
"Sun, Feb-05-2023",William & Mary,9.6750,,,9.6250,,H,Alaska,30809,Silje Hildebrand
"Fri, Feb-17-2023",Simpson,9.5500,,,8.9250,,A,Alaska,30809,Silje Hildebrand
"Sun, Feb-19-2023",Iowa State,9.6000,,,9.3750,,A,Alaska,30809,Silje Hildebrand
"Wed, Mar-01-2023",BYU,9.5000,,,,,A,Alaska,30809,Silje Hildebrand
"Fri, Mar-03-2023","Nebraska, Utah State",9.5250,,,,,A,Alaska,30809,Silje Hildebrand
"Sat, Mar-18-2023","Air Force, Sacramento State, San Jose State, UC Davis",9.2500,,,,,A,Alaska,30809,Silje Hildebrand
"Fri, Jan-13-2023",West Chester,9.6500,8.5500,9.7750,,,H,Alaska,30810,Jessica Johnson
"Sun, Jan-15-2023",West Chester,9.3250,9.1250,9.7750,,,H,Alaska,30810,Jessica Johnson
"Fri, Jan-27-2023",Sacramento State,,,8.6500,,,A,Alaska,30811,Brooklyn Kopsack
"Fri, Jan-13-2023",West Chester,9.5000,9.6500,9.1000,9.6000,37.8500,H,Alaska,30812,Alyssa Manley
"Sun, Jan-15-2023",West Chester,9.4750,9.6500,,9.6250,,H,Alaska,30812,Alyssa Manley
"Fri, Jan-27-2023",Sacramento State,8.8000,9.6250,,9.5250,,A,Alaska,30812,Alyssa Manley
"Sun, Jan-29-2023","Air Force, UC Davis",9.5250,9.6250,,9.7000,,A,Alaska,30812,Alyssa Manley
"Fri, Feb-03-2023",William & Mary,9.5250,9.7750,,9.7500,,H,Alaska,30812,Alyssa Manley
"Sun, Feb-05-2023",William & Mary,9.5750,9.7500,,9.0250,,H,Alaska,30812,Alyssa Manley
"Fri, Feb-17-2023",Simpson,9.0500,9.6500,,9.4500,,A,Alaska,30812,Alyssa Manley
"Sun, Feb-19-2023",Iowa State,9.4000,9.7750,,9.8000,,A,Alaska,30812,Alyssa Manley
"Wed, Mar-01-2023",BYU,9.4500,9.6250,,9.5500,,A,Alaska,30812,Alyssa Manley
"Fri, Mar-03-2023","Nebraska, Utah State",9.4500,9.5250,,9.7250,,A,Alaska,30812,Alyssa Manley
"Sat, Mar-18-2023","Air Force, Sacramento State, San Jose State, UC Davis",9.3500,9.6750,,9.7500,,A,Alaska,30812,Alyssa Manley
"Fri, Jan-13-2023",West Chester,9.4250,9.3250,,9.4500,,H,Alaska,30813,Allie McClure
"Sun, Jan-15-2023",West Chester,9.1500,8.4500,,9.3250,,H,Alaska,30813,Allie McClure
"Fri, Jan-27-2023",Sacramento State,9.2500,8.1500,,9.3000,,A,Alaska,30813,Allie McClure
"Sun, Jan-29-2023","Air Force, UC Davis",9.1750,8.9250,,8.8000,,A,Alaska,30813,Allie McClure
"Fri, Feb-17-2023",Simpson,8.6500,,,,,A,Alaska,30813,Allie McClure
"Sun, Feb-19-2023",Iowa State,8.7000,,,,,A,Alaska,30813,Allie McClure
"Wed, Mar-01-2023",BYU,8.9500,,,,,A,Alaska,30813,Allie McClure
"Fri, Mar-03-2023","Nebraska, Utah State",,9.3500,,,,A,Alaska,30813,Allie McClure
"Sat, Mar-18-2023","Air Force, Sacramento State, San Jose State, UC Davis",9.4250,8.6000,,,,A,Alaska,30813,Allie McClure
"Fri, Jan-13-2023",West Chester,,9.2250,,,,H,Alaska,31250,Hayley Perkins
"Sun, Jan-15-2023",West Chester,,9.7500,,,,H,Alaska,31250,Hayley Perkins
"Fri, Jan-27-2023",Sacramento State,,8.8750,,,,A,Alaska,31250,Hayley Perkins
"Sun, Jan-29-2023","Air Force, UC Davis",,8.9500,,,,A,Alaska,31250,Hayley Perkins
"Fri, Feb-03-2023",William & Mary,,8.9500,,,,H,Alaska,31250,Hayley Perkins
"Sun, Feb-05-2023",William & Mary,,9.4250,,,,H,Alaska,31250,Hayley Perkins
"Fri, Feb-17-2023",Simpson,,9.5000,,,,A,Alaska,31250,Hayley Perkins
"Sun, Feb-19-2023",Iowa State,,9.5000,,,,A,Alaska,31250,Hayley Perkins
"Wed, Mar-01-2023",BYU,,9.6500,,,,A,Alaska,31250,Hayley Perkins
"Fri, Mar-03-2023","Nebraska, Utah State",,9.6750,,,,A,Alaska,31250,Hayley Perkins
"Sat, Mar-18-2023","Air Force, Sacramento State, San Jose State, UC Davis",,6.8500,,,,A,Alaska,31250,Hayley Perkins
"Fri, Jan-27-2023",Sacramento State,,,,9.6750,,A,Alaska,30348,Mackenzie Robinson
"Sun, Jan-29-2023","Air Force, UC Davis",,,9.5000,9.6250,,A,Alaska,30348,Mackenzie Robinson
"Fri, Feb-03-2023",William & Mary,,,9.5250,9.7750,,H,Alaska,30348,Mackenzie Robinson
"Sun, Feb-05-2023",William & Mary,,,9.7500,9.8000,,H,Alaska,30348,Mackenzie Robinson
"Fri, Feb-17-2023",Simpson,,,9.4000,9.4250,,A,Alaska,30348,Mackenzie Robinson
"Sun, Feb-19-2023",Iowa State,,,9.7000,9.7000,,A,Alaska,30348,Mackenzie Robinson
"Wed, Mar-01-2023",BYU,,,8.8250,9.4500,,A,Alaska,30348,Mackenzie Robinson
"Fri, Mar-03-2023","Nebraska, Utah State",,,8.9250,9.5000,,A,Alaska,30348,Mackenzie Robinson
"Sat, Mar-18-2023","Air Force, Sacramento State, San Jose State, UC Davis",,,9.6750,9.7750,,A,Alaska,30348,Mackenzie Robinson
"Sun, Jan-15-2023",West Chester,,,9.5250,,,H,Alaska,31805,Paola Ruano Barahona
"Fri, Jan-27-2023",Sacramento State,,9.1250,9.4500,,,A,Alaska,31805,Paola Ruano Barahona
"Sun, Jan-29-2023","Air Force, UC Davis",,8.8000,9.3750,,,A,Alaska,31805,Paola Ruano Barahona
"Fri, Feb-03-2023",William & Mary,,9.6000,9.6750,,,H,Alaska,31805,Paola Ruano Barahona
"Sun, Feb-05-2023",William & Mary,9.4250,9.5750,9.8250,,,H,Alaska,31805,Paola Ruano Barahona
"Fri, Feb-17-2023",Simpson,8.9750,9.3250,8.9000,,,A,Alaska,31805,Paola Ruano Barahona
"Sun, Feb-19-2023",Iowa State,,9.6000,9.7000,,,A,Alaska,31805,Paola Ruano Barahona
"Wed, Mar-01-2023",BYU,,9.5250,9.7000,,,A,Alaska,31805,Paola Ruano Barahona
"Fri, Mar-03-2023","Nebraska, Utah State",,9.6000,9.2750,,,A,Alaska,31805,Paola Ruano Barahona
"Sat, Mar-18-2023","Air Force, Sacramento State, San Jose State, UC Davis",,9.4750,9.1750,,,A,Alaska,31805,Paola Ruano Barahona
"Fri, Jan-13-2023",West Chester,,,,,,H,Alaska,31806,Breeann Spain
"Sun, Jan-15-2023",West Chester,,,8.2750,,,H,Alaska,31806,Breeann Spain
"Fri, Mar-03-2023","Nebraska, Utah State",,,,8.8250,,A,Alaska,31806,Breeann Spain
"Fri, Jan-27-2023",Sacramento State,,8.1500,,,,A,Alaska,30814,Emily Walker
"Sun, Jan-29-2023","Air Force, UC Davis",,9.5000,,,,A,Alaska,30814,Emily Walker
"Fri, Feb-03-2023",William & Mary,,9.5750,,,,H,Alaska,30814,Emily Walker
"Sun, Feb-05-2023",William & Mary,,9.6750,,,,H,Alaska,30814,Emily Walker
"Fri, Feb-17-2023",Simpson,,9.4750,,,,A,Alaska,30814,Emily Walker
"Sun, Feb-19-2023",Iowa State,,9.6250,,,,A,Alaska,30814,Emily Walker
"Wed, Mar-01-2023",BYU,,8.7750,,,,A,Alaska,30814,Emily Walker
"Fri, Mar-03-2023","Nebraska, Utah State",,9.2500,,,,A,Alaska,30814,Emily Walker
"Sat, Mar-18-2023","Air Force, Sacramento State, San Jose State, UC Davis",,9.0000,,,,A,Alaska,30814,Emily Walker
"Sun, Jan-08-2023","Greenville, Kentucky, Ohio State",,9.0750,,,,A,Arizona,30350,Zaza Brovedani
"Sat, Feb-04-2023",Stanford,,5.8000,,,,A,Arizona,30350,Zaza Brovedani
"Sat, Feb-04-2023",Stanford,,,9.7750,,,A,Arizona,31096,Lara Burhans
"Sun, Jan-08-2023","Greenville, Kentucky, Ohio State",9.7500,,9.8500,,,A,Arizona,30815,Jessica Castles
"Sat, Jan-14-2023","Bowling Green, Illinois, Texas Woman's",9.7500,,9.8250,9.8750,,H,Arizona,30815,Jessica Castles
"Fri, Jan-20-2023",California,9.8000,,9.8750,9.7750,,H,Arizona,30815,Jessica Castles
"Sat, Jan-28-2023",Arizona State,9.9000,,9.9000,,,A,Arizona,30815,Jessica Castles
"Fri, Feb-10-2023",Washington,9.8250,,9.9250,,,H,Arizona,30815,Jessica Castles
"Sat, Feb-18-2023",Oregon State,9.8500,,9.2750,9.7750,,A,Arizona,30815,Jessica Castles
"Sun, Feb-26-2023",UCLA,9.7750,,9.8500,,,H,Arizona,30815,Jessica Castles
"Fri, Mar-03-2023",Utah,9.8750,,9.9000,,,A,Arizona,30815,Jessica Castles
"Fri, Mar-10-2023",BYU,9.8000,,9.7750,,,H,Arizona,30815,Jessica Castles
"Sun, Mar-12-2023","California, Sacramento State, UC Davis",9.8500,,9.8500,,,A,Arizona,30815,Jessica Castles
"Sat, Mar-18-2023","Arizona State, California, Oregon State, Stanford, UCLA, Utah, Washington",9.7500,,9.8750,,,A,Arizona,30815,Jessica Castles
"Thu, Mar-30-2023",,9.7000,,9.8000,,,A,Arizona,30815,Jessica Castles
"Fri, Mar-31-2023",,9.8000,,9.8750,,,A,Arizona,30815,Jessica Castles
"Sun, Jan-08-2023","Greenville, Kentucky, Ohio State",,8.9500,,9.8250,,A,Arizona,30817,Elena Deets
"Sat, Jan-14-2023","Bowling Green, Illinois, Texas Woman's",,9.8000,,,,H,Arizona,30817,Elena Deets
"Fri, Jan-20-2023",California,,9.9000,9.8750,,,H,Arizona,30817,Elena Deets
"Sat, Jan-28-2023",Arizona State,,9.7500,9.8750,9.7750,,A,Arizona,30817,Elena Deets
"Sun, Feb-26-2023",UCLA,,,9.8500,9.7250,,H,Arizona,30817,Elena Deets
"Fri, Mar-03-2023",Utah,,,9.8750,9.8500,,A,Arizona,30817,Elena Deets
"Fri, Mar-10-2023",BYU,,,9.2500,9.9250,,H,Arizona,30817,Elena Deets
"Sun, Mar-12-2023","California, Sacramento State, UC Davis",,,,9.8500,,A,Arizona,30817,Elena Deets
"Sat, Mar-18-2023","Arizona State, California, Oregon State, Stanford, UCLA, Utah, Washington",,,,9.8250,,A,Arizona,30817,Elena Deets
"Thu, Mar-30-2023",,,,,9.8500,,A,Arizona,30817,Elena Deets
"Fri, Mar-31-2023",,,,,9.9000,,A,Arizona,30817,Elena Deets
"Sun, Jan-08-2023","Greenville, Kentucky, Ohio State",,9.8250,9.0000,,,A,Arizona,31253,Alysen Fears
"Sat, Jan-14-2023","Bowling Green, Illinois, Texas Woman's",,9.9000,9.8000,,,H,Arizona,31253,Alysen Fears
"Fri, Jan-20-2023",California,,9.7750,9.8500,,,H,Arizona,31253,Alysen Fears
"Sat, Jan-28-2023",Arizona State,,9.8500,9.7250,,,A,Arizona,31253,Alysen Fears
"Sat, Feb-04-2023",Stanford,,9.8000,9.7750,,,A,Arizona,31253,Alysen Fears
"Fri, Feb-10-2023",Washington,,9.8250,9.7000,,,H,Arizona,31253,Alysen Fears
"Sat, Feb-18-2023",Oregon State,,9.8500,9.8250,,,A,Arizona,31253,Alysen Fears
"Sun, Feb-26-2023",UCLA,,9.7750,9.7250,,,H,Arizona,31253,Alysen Fears
"Fri, Mar-03-2023",Utah,,9.9250,9.8250,,,A,Arizona,31253,Alysen Fears
"Fri, Mar-10-2023",BYU,,9.9250,9.8500,,,H,Arizona,31253,Alysen Fears
"Sun, Mar-12-2023","California, Sacramento State, UC Davis",,9.9250,9.8500,,,A,Arizona,31253,Alysen Fears
"Sat, Mar-18-2023","Arizona State, California, Oregon State, Stanford, UCLA, Utah, Washington",,9.8750,9.8500,,,A,Arizona,31253,Alysen Fears
"Thu, Mar-30-2023",,,9.7000,9.8000,9.8750,,A,Arizona,31253,Alysen Fears
"Fri, Mar-31-2023",,,9.8500,9.8750,9.9000,,A,Arizona,31253,Alysen Fears
"Sun, Jan-08-2023","Greenville, Kentucky, Ohio State",9.8750,9.7500,9.9000,9.8750,39.4000,A,Arizona,30351,Malia Hargrove
"Sat, Jan-14-2023","Bowling Green, Illinois, Texas Woman's",9.8250,9.8500,9.2500,9.9000,38.8250,H,Arizona,30351,Malia Hargrove
"Fri, Jan-20-2023",California,9.8500,9.0000,,9.9000,,H,Arizona,30351,Malia Hargrove
"Sat, Jan-28-2023",Arizona State,9.9500,,,9.8500,,A,Arizona,30351,Malia Hargrove
"Sat, Feb-04-2023",Stanford,9.9000,9.7750,9.8500,9.8250,39.3500,A,Arizona,30351,Malia Hargrove
"Fri, Feb-10-2023",Washington,9.8750,9.7750,9.9000,9.9250,39.4750,H,Arizona,30351,Malia Hargrove
"Sat, Feb-18-2023",Oregon State,9.9750,9.7250,9.9250,9.9250,39.5500,A,Arizona,30351,Malia Hargrove
"Sun, Feb-26-2023",UCLA,9.7500,9.1000,,9.8250,,H,Arizona,30351,Malia Hargrove
"Fri, Mar-03-2023",Utah,9.8500,9.7500,,9.7000,,A,Arizona,30351,Malia Hargrove
"Fri, Mar-10-2023",BYU,9.9250,,9.9250,9.9250,,H,Arizona,30351,Malia Hargrove
"Sun, Mar-12-2023","California, Sacramento State, UC Davis",9.7750,,9.9000,9.8250,,A,Arizona,30351,Malia Hargrove
"Sat, Mar-18-2023","Arizona State, California, Oregon State, Stanford, UCLA, Utah, Washington",9.8250,,9.2250,9.8750,,A,Arizona,30351,Malia Hargrove
"Thu, Mar-30-2023",,9.8250,,9.8750,,,A,Arizona,30351,Malia Hargrove
"Fri, Mar-31-2023",,9.9500,,9.8250,9.9000,,A,Arizona,30351,Malia Hargrove
"Sun, Jan-08-2023","Greenville, Kentucky, Ohio State",9.6750,,9.7250,9.8250,,A,Arizona,30818,Caroline Herry
"Sat, Jan-14-2023","Bowling Green, Illinois, Texas Woman's",9.6750,,9.7250,9.5000,,H,Arizona,30818,Caroline Herry
"Fri, Jan-20-2023",California,9.6500,,9.8000,9.8500,,H,Arizona,30818,Caroline Herry
"Sat, Jan-28-2023",Arizona State,9.6750,,9.8000,9.7500,,A,Arizona,30818,Caroline Herry
"Sat, Feb-04-2023",Stanford,9.7750,,9.8250,9.7750,,A,Arizona,30818,Caroline Herry
"Fri, Feb-10-2023",Washington,9.7750,,9.8500,9.9000,,H,Arizona,30818,Caroline Herry
"Sat, Feb-18-2023",Oregon State,9.7500,,9.8250,9.8500,,A,Arizona,30818,Caroline Herry
"Sun, Feb-26-2023",UCLA,9.7500,,9.8750,9.7250,,H,Arizona,30818,Caroline Herry
"Fri, Mar-03-2023",Utah,9.8000,,9.8750,9.7750,,A,Arizona,30818,Caroline Herry
"Fri, Mar-10-2023",BYU,9.8000,,9.8750,9.9000,,H,Arizona,30818,Caroline Herry
"Sun, Mar-12-2023","California, Sacramento State, UC Davis",9.7750,,9.8500,9.6750,,A,Arizona,30818,Caroline Herry
"Sat, Mar-18-2023","Arizona State, California, Oregon State, Stanford, UCLA, Utah, Washington",9.8000,,9.9000,9.7750,,A,Arizona,30818,Caroline Herry
"Thu, Mar-30-2023",,9.7750,,9.0000,9.8750,,A,Arizona,30818,Caroline Herry
"Fri, Mar-31-2023",,9.7750,,9.8000,9.8500,,A,Arizona,30818,Caroline Herry
"Sun, Jan-08-2023","Greenville, Kentucky, Ohio State",9.8000,,,9.6500,,A,Arizona,31254,Elizabeth LaRusso
"Sat, Jan-14-2023","Bowling Green, Illinois, Texas Woman's",9.6750,9.6000,,9.8250,,H,Arizona,31254,Elizabeth LaRusso
"Fri, Jan-20-2023",California,9.6750,9.7500,,9.7500,,H,Arizona,31254,Elizabeth LaRusso
"Sat, Jan-28-2023",Arizona State,9.8000,9.7750,,9.8500,,A,Arizona,31254,Elizabeth LaRusso
"Sat, Feb-04-2023",Stanford,9.8000,9.7000,,9.7000,,A,Arizona,31254,Elizabeth LaRusso
"Fri, Feb-10-2023",Washington,9.8500,9.7500,,9.8000,,H,Arizona,31254,Elizabeth LaRusso
"Sat, Feb-18-2023",Oregon State,9.8500,9.8000,,9.8000,,A,Arizona,31254,Elizabeth LaRusso
"Sun, Feb-26-2023",UCLA,9.8250,9.5250,,9.7500,,H,Arizona,31254,Elizabeth LaRusso
"Fri, Mar-03-2023",Utah,9.8750,9.7500,,9.8500,,A,Arizona,31254,Elizabeth LaRusso
"Fri, Mar-10-2023",BYU,9.8500,9.7500,,9.8750,,H,Arizona,31254,Elizabeth LaRusso
"Sun, Mar-12-2023","California, Sacramento State, UC Davis",9.8750,9.7000,,9.8000,,A,Arizona,31254,Elizabeth LaRusso
"Sat, Mar-18-2023","Arizona State, California, Oregon State, Stanford, UCLA, Utah, Washington",9.7500,9.7250,,9.8250,,A,Arizona,31254,Elizabeth LaRusso
"Thu, Mar-30-2023",,9.8000,9.7000,,9.8250,,A,Arizona,31254,Elizabeth LaRusso
"Fri, Mar-31-2023",,9.8500,9.2250,,9.9000,,A,Arizona,31254,Elizabeth LaRusso
"Sun, Jan-08-2023","Greenville, Kentucky, Ohio State",,9.2250,9.8000,,,A,Arizona,30352,Sirena Linton
"Sat, Jan-14-2023","Bowling Green, Illinois, Texas Woman's",,9.8250,9.8500,,,H,Arizona,30352,Sirena Linton
"Fri, Jan-20-2023",California,,9.8000,9.8750,,,H,Arizona,30352,Sirena Linton
"Sat, Jan-28-2023",Arizona State,,9.7500,9.8750,,,A,Arizona,30352,Sirena Linton
"Sat, Feb-04-2023",Stanford,,9.6750,9.0250,,,A,Arizona,30352,Sirena Linton
"Fri, Feb-10-2023",Washington,,,9.8000,,,H,Arizona,30352,Sirena Linton
"Sat, Feb-18-2023",Oregon State,,9.1500,9.5250,,,A,Arizona,30352,Sirena Linton
"Sun, Feb-26-2023",UCLA,,,9.8750,,,H,Arizona,30352,Sirena Linton
"Fri, Mar-03-2023",Utah,,,9.8750,,,A,Arizona,30352,Sirena Linton
"Fri, Mar-10-2023",BYU,,9.8000,9.9000,,,H,Arizona,30352,Sirena Linton
"Sun, Mar-12-2023","California, Sacramento State, UC Davis",,9.8000,9.8250,,,A,Arizona,30352,Sirena Linton
"Sat, Mar-18-2023","Arizona State, California, Oregon State, Stanford, UCLA, Utah, Washington",9.7000,9.8750,9.9000,,,A,Arizona,30352,Sirena Linton
"Thu, Mar-30-2023",,9.6750,9.8250,9.6500,,,A,Arizona,30352,Sirena Linton
"Fri, Mar-31-2023",,9.6750,9.8000,9.8500,,,A,Arizona,30352,Sirena Linton
"Sun, Jan-08-2023","Greenville, Kentucky, Ohio State",,9.8500,,,,A,Arizona,30820,Bailey McCabe
"Sat, Jan-14-2023","Bowling Green, Illinois, Texas Woman's",,9.7000,,,,H,Arizona,30820,Bailey McCabe
"Fri, Jan-20-2023",California,,9.7500,,,,H,Arizona,30820,Bailey McCabe
"Sat, Jan-28-2023",Arizona State,,9.7750,,,,A,Arizona,30820,Bailey McCabe
"Sat, Feb-04-2023",Stanford,,9.8250,,,,A,Arizona,30820,Bailey McCabe
"Fri, Feb-10-2023",Washington,,9.8750,,,,H,Arizona,30820,Bailey McCabe
"Sat, Feb-18-2023",Oregon State,,9.9000,,,,A,Arizona,30820,Bailey McCabe
"Sun, Feb-26-2023",UCLA,,9.6750,,,,H,Arizona,30820,Bailey McCabe
"Fri, Mar-03-2023",Utah,,9.8750,,,,A,Arizona,30820,Bailey McCabe
"Fri, Mar-10-2023",BYU,,9.9000,,,,H,Arizona,30820,Bailey McCabe
"Sun, Mar-12-2023","California, Sacramento State, UC Davis",,9.8500,,,,A,Arizona,30820,Bailey McCabe
"Sat, Mar-18-2023","Arizona State, California, Oregon State, Stanford, UCLA, Utah, Washington",,9.7500,,,,A,Arizona,30820,Bailey McCabe
"Thu, Mar-30-2023",,,9.8500,,,,A,Arizona,30820,Bailey McCabe
"Fri, Mar-31-2023",,,9.8750,,,,A,Arizona,30820,Bailey McCabe
"Sun, Jan-08-2023","Greenville, Kentucky, Ohio State",9.7750,,9.9000,9.8750,,A,Arizona,31255,Emily Mueller
"Sat, Jan-14-2023","Bowling Green, Illinois, Texas Woman's",9.6000,,9.8000,9.8250,,H,Arizona,31255,Emily Mueller
"Fri, Jan-20-2023",California,9.6750,,9.1500,9.9000,,H,Arizona,31255,Emily Mueller
"Sat, Jan-28-2023",Arizona State,9.7750,7.8500,9.8500,9.7750,37.2500,A,Arizona,31255,Emily Mueller
"Sat, Feb-04-2023",Stanford,9.7250,,9.8500,9.8250,,A,Arizona,31255,Emily Mueller
"Fri, Feb-10-2023",Washington,9.7500,9.8000,9.8500,9.9000,39.3000,H,Arizona,31255,Emily Mueller
"Sat, Feb-18-2023",Oregon State,9.7500,9.7500,9.7500,9.8750,39.1250,A,Arizona,31255,Emily Mueller
"Sun, Feb-26-2023",UCLA,9.8000,9.7500,9.7750,9.7500,39.0750,H,Arizona,31255,Emily Mueller
"Fri, Mar-03-2023",Utah,9.8000,9.7500,9.1000,9.8500,38.5000,A,Arizona,31255,Emily Mueller
"Fri, Mar-10-2023",BYU,9.8000,9.7500,,9.8750,,H,Arizona,31255,Emily Mueller
"Sun, Mar-12-2023","California, Sacramento State, UC Davis",9.8000,9.8000,9.8750,9.7500,39.2250,A,Arizona,31255,Emily Mueller
"Sat, Mar-18-2023","Arizona State, California, Oregon State, Stanford, UCLA, Utah, Washington",9.7250,9.7500,9.8750,9.8500,39.2000,A,Arizona,31255,Emily Mueller
"Thu, Mar-30-2023",,9.7000,9.8250,9.8500,9.9250,39.3000,A,Arizona,31255,Emily Mueller
"Fri, Mar-31-2023",,9.7500,9.8750,9.8750,9.8500,39.3500,A,Arizona,31255,Emily Mueller
"Sun, Jan-08-2023","Greenville, Kentucky, Ohio State",9.7250,,,,,A,Arizona,30353,Danielle Nosek
"Sat, Jan-14-2023","Bowling Green, Illinois, Texas Woman's",9.6750,,,,,H,Arizona,30353,Danielle Nosek
"Fri, Jan-20-2023",California,9.4500,,,,,H,Arizona,30353,Danielle Nosek
"Sat, Jan-28-2023",Arizona State,9.8000,,,,,A,Arizona,30353,Danielle Nosek
"Sat, Feb-04-2023",Stanford,9.8000,,,,,A,Arizona,30353,Danielle Nosek
"Fri, Feb-10-2023",Washington,9.8000,,,,,H,Arizona,30353,Danielle Nosek
"Sat, Feb-18-2023",Oregon State,9.7750,,,,,A,Arizona,30353,Danielle Nosek
"Sun, Feb-26-2023",UCLA,9.7250,,,,,H,Arizona,30353,Danielle Nosek
"Fri, Mar-03-2023",Utah,9.8500,,,,,A,Arizona,30353,Danielle Nosek
"Fri, Mar-10-2023",BYU,9.8500,,,,,H,Arizona,30353,Danielle Nosek
"Sun, Mar-12-2023","California, Sacramento State, UC Davis",9.7750,,,,,A,Arizona,30353,Danielle Nosek
"Sun, Jan-08-2023","Greenville, Kentucky, Ohio State",,,,9.7250,,A,Arizona,30354,Libby Orman
"Sat, Jan-14-2023","Bowling Green, Illinois, Texas Woman's",,,,9.7750,,H,Arizona,30354,Libby Orman
"Fri, Jan-20-2023",California,,,,9.7750,,H,Arizona,30354,Libby Orman
"Sat, Jan-28-2023",Arizona State,,,,9.8000,,A,Arizona,30354,Libby Orman
"Sat, Feb-04-2023",Stanford,,,,9.7250,,A,Arizona,30354,Libby Orman
"Fri, Mar-03-2023",Utah,,,,9.6000,,A,Arizona,30354,Libby Orman
"Fri, Feb-10-2023",Washington,,9.7750,,,,H,Arizona,30821,Taylor Raskin
"Sun, Feb-26-2023",UCLA,,9.6000,,,,H,Arizona,30821,Taylor Raskin
"Fri, Mar-03-2023",Utah,,9.7000,,,,A,Arizona,30821,Taylor Raskin
"Fri, Mar-10-2023",BYU,,9.8500,,,,H,Arizona,30821,Taylor Raskin
"Sun, Mar-12-2023","California, Sacramento State, UC Davis",,9.7500,,,,A,Arizona,30821,Taylor Raskin
"Sat, Mar-18-2023","Arizona State, California, Oregon State, Stanford, UCLA, Utah, Washington",,9.7250,,,,A,Arizona,30821,Taylor Raskin
"Thu, Mar-30-2023",,,9.7250,,,,A,Arizona,30821,Taylor Raskin
"Fri, Mar-31-2023",,,9.7000,,,,A,Arizona,30821,Taylor Raskin
"Sat, Feb-04-2023",Stanford,,,,,,A,Arizona,31808,Jordan Shultz
"Fri, Feb-10-2023",Washington,,,,9.7000,,H,Arizona,31808,Jordan Shultz
"Sat, Feb-18-2023",Oregon State,,,,9.8500,,A,Arizona,31808,Jordan Shultz
"Sun, Feb-26-2023",UCLA,,,,9.8250,,H,Arizona,31808,Jordan Shultz
"Sat, Feb-04-2023",Stanford,9.6000,,,9.6750,,A,Arizona,31810,Emma Strom
"Fri, Feb-10-2023",Washington,,,,9.7750,,H,Arizona,31810,Emma Strom
"Fri, Mar-10-2023",BYU,,,,9.7000,,H,Arizona,31810,Emma Strom
"Sun, Mar-12-2023","California, Sacramento State, UC Davis",,,,9.7750,,A,Arizona,31810,Emma Strom
"Sat, Mar-18-2023","Arizona State, California, Oregon State, Stanford, UCLA, Utah, Washington",,,,9.7750,,A,Arizona,31810,Emma Strom
"Thu, Mar-30-2023",,,,,9.7750,,A,Arizona,31810,Emma Strom
"Fri, Jan-13-2023","Eastern Michigan, UC Davis",9.7750,,,,,H,Arizona State,30823,Cassi Barbanente
"Sun, Feb-26-2023",Washington,,,,,,A,Arizona State,30356,Juliette Boyer
"Sat, Jan-07-2023","Auburn, BYU, California, Iowa, Michigan, Oklahoma, UCLA",,9.8500,9.7250,,,A,Arizona State,30824,Sarah Clark
"Fri, Jan-13-2023","Eastern Michigan, UC Davis",,9.9000,9.7500,,,H,Arizona State,30824,Sarah Clark
"Fri, Jan-20-2023",Stanford,,9.8750,9.8750,9.0250,,H,Arizona State,30824,Sarah Clark
"Sat, Jan-28-2023",Arizona,,9.8750,9.7500,9.8750,,H,Arizona State,30824,Sarah Clark
"Sat, Feb-04-2023",California,,9.8250,9.8750,9.8500,,A,Arizona State,30824,Sarah Clark
"Sat, Feb-11-2023",UCLA,,9.8500,9.8500,9.8500,,A,Arizona State,30824,Sarah Clark
"Mon, Feb-20-2023",Utah,,9.9750,9.9000,9.8250,,H,Arizona State,30824,Sarah Clark
"Sun, Feb-26-2023",Washington,,9.8500,9.8250,9.8750,,A,Arizona State,30824,Sarah Clark
"Sat, Mar-04-2023",Oregon State,,9.9250,9.8750,9.8250,,H,Arizona State,30824,Sarah Clark
"Sun, Mar-12-2023",Oklahoma,,9.8750,9.8250,,,A,Arizona State,30824,Sarah Clark
"Sat, Mar-18-2023","Arizona, California, Oregon State, Stanford, UCLA, Utah, Washington",,9.8500,9.9000,9.8500,,A,Arizona State,30824,Sarah Clark
"Fri, Mar-31-2023",,,9.9250,9.9000,9.8750,,A,Arizona State,30824,Sarah Clark
"Sun, Apr-02-2023",,,9.9500,9.8750,9.8500,,A,Arizona State,30824,Sarah Clark
"Sat, Jan-07-2023","Auburn, BYU, California, Iowa, Michigan, Oklahoma, UCLA",,,9.2250,,,A,Arizona State,30825,Skye Harper
"Fri, Jan-13-2023","Eastern Michigan, UC Davis",,,9.7250,,,H,Arizona State,30825,Skye Harper
"Fri, Jan-20-2023",Stanford,,,9.7750,,,H,Arizona State,30825,Skye Harper
"Sat, Jan-28-2023",Arizona,,,9.9000,,,H,Arizona State,30825,Skye Harper
"Sat, Feb-04-2023",California,,,9.8000,,,A,Arizona State,30825,Skye Harper
"Sat, Feb-11-2023",UCLA,,,9.7250,,,A,Arizona State,30825,Skye Harper
"Mon, Feb-20-2023",Utah,,,9.8500,,,H,Arizona State,30825,Skye Harper
"Sat, Mar-04-2023",Oregon State,,,9.8750,,,H,Arizona State,30825,Skye Harper
"Sun, Mar-12-2023",Oklahoma,,,9.7750,,,A,Arizona State,30825,Skye Harper
"Sat, Mar-18-2023","Arizona, California, Oregon State, Stanford, UCLA, Utah, Washington",,,9.8000,,,A,Arizona State,30825,Skye Harper
"Fri, Mar-31-2023",,,,9.8750,,,A,Arizona State,30825,Skye Harper
"Sun, Apr-02-2023",,,,9.8500,,,A,Arizona State,30825,Skye Harper
"Sat, Jan-07-2023","Auburn, BYU, California, Iowa, Michigan, Oklahoma, UCLA",9.7500,,,9.8250,,A,Arizona State,30357,Jordyn Jaslow
"Fri, Jan-13-2023","Eastern Michigan, UC Davis",9.7250,,,9.7750,,H,Arizona State,30357,Jordyn Jaslow
"Fri, Jan-20-2023",Stanford,,,,9.6750,,H,Arizona State,30357,Jordyn Jaslow
"Sat, Jan-28-2023",Arizona,,,,9.9000,,H,Arizona State,30357,Jordyn Jaslow
"Sat, Feb-04-2023",California,,,,9.8250,,A,Arizona State,30357,Jordyn Jaslow
"Sat, Feb-11-2023",UCLA,,,,9.8750,,A,Arizona State,30357,Jordyn Jaslow
"Mon, Feb-20-2023",Utah,,,,9.9000,,H,Arizona State,30357,Jordyn Jaslow
"Sun, Feb-26-2023",Washington,9.8500,,,9.9000,,A,Arizona State,30357,Jordyn Jaslow
"Sat, Mar-04-2023",Oregon State,9.7750,,,9.9000,,H,Arizona State,30357,Jordyn Jaslow
"Sun, Mar-12-2023",Oklahoma,,,,9.8250,,A,Arizona State,30357,Jordyn Jaslow
"Sat, Mar-18-2023","Arizona, California, Oregon State, Stanford, UCLA, Utah, Washington",9.8000,,,9.8250,,A,Arizona State,30357,Jordyn Jaslow
"Fri, Mar-31-2023",,9.8000,,,9.8500,,A,Arizona State,30357,Jordyn Jaslow
"Sun, Apr-02-2023",,9.8250,,,9.8750,,A,Arizona State,30357,Jordyn Jaslow
"Sat, Jan-07-2023","Auburn, BYU, California, Iowa, Michigan, Oklahoma, UCLA",,,9.7750,9.5000,,A,Arizona State,31813,Kayla Lee
"Fri, Jan-13-2023","Eastern Michigan, UC Davis",,,9.8000,9.6750,,H,Arizona State,31813,Kayla Lee
"Fri, Jan-20-2023",Stanford,,,9.8000,,,H,Arizona State,31813,Kayla Lee
"Sat, Jan-28-2023",Arizona,,,9.7000,9.8000,,H,Arizona State,31813,Kayla Lee
"Sat, Feb-04-2023",California,,,9.8000,9.7250,,A,Arizona State,31813,Kayla Lee
"Sat, Feb-11-2023",UCLA,,,9.7000,9.8000,,A,Arizona State,31813,Kayla Lee
"Mon, Feb-20-2023",Utah,,,,9.8500,,H,Arizona State,31813,Kayla Lee
"Sun, Feb-26-2023",Washington,,,9.8000,9.8750,,A,Arizona State,31813,Kayla Lee
"Sat, Mar-04-2023",Oregon State,,,9.8750,,,H,Arizona State,31813,Kayla Lee
"Sun, Mar-12-2023",Oklahoma,,,9.6750,9.8000,,A,Arizona State,31813,Kayla Lee
"Sat, Mar-18-2023","Arizona, California, Oregon State, Stanford, UCLA, Utah, Washington",,,9.8500,,,A,Arizona State,31813,Kayla Lee
"Fri, Mar-31-2023",,,,9.7500,9.8000,,A,Arizona State,31813,Kayla Lee
"Sun, Apr-02-2023",,,,9.8000,9.7750,,A,Arizona State,31813,Kayla Lee
"Sat, Jan-07-2023","Auburn, BYU, California, Iowa, Michigan, Oklahoma, UCLA",9.7250,9.8000,,9.8750,,A,Arizona State,30826,Jada Mangahas
"Fri, Jan-13-2023","Eastern Michigan, UC Davis",,,,9.8000,,H,Arizona State,30826,Jada Mangahas
"Fri, Jan-20-2023",Stanford,9.8000,9.8500,,9.8750,,H,Arizona State,30826,Jada Mangahas
"Sat, Jan-28-2023",Arizona,9.8000,9.5750,,9.9000,,H,Arizona State,30826,Jada Mangahas
"Sat, Feb-04-2023",California,9.8000,9.8750,,9.9000,,A,Arizona State,30826,Jada Mangahas
"Sat, Feb-11-2023",UCLA,9.8250,9.9250,,9.8500,,A,Arizona State,30826,Jada Mangahas
"Mon, Feb-20-2023",Utah,9.8750,9.8250,,9.8000,,H,Arizona State,30826,Jada Mangahas
"Sat, Mar-04-2023",Oregon State,9.8250,9.8750,,9.9250,,H,Arizona State,30826,Jada Mangahas
"Sun, Mar-12-2023",Oklahoma,9.8500,9.8250,,9.6000,,A,Arizona State,30826,Jada Mangahas
"Sat, Mar-18-2023","Arizona, California, Oregon State, Stanford, UCLA, Utah, Washington",9.8000,9.8500,,9.8250,,A,Arizona State,30826,Jada Mangahas
"Fri, Mar-31-2023",,9.8750,9.8500,,,,A,Arizona State,30826,Jada Mangahas
"Sun, Apr-02-2023",,9.9000,9.8500,,,,A,Arizona State,30826,Jada Mangahas
"Sat, Jan-07-2023","Auburn, BYU, California, Iowa, Michigan, Oklahoma, UCLA",9.8000,9.8500,9.8250,9.5250,39.0000,A,Arizona State,30360,Gracie Reeves
"Fri, Jan-13-2023","Eastern Michigan, UC Davis",9.8250,9.8250,9.8250,9.6750,39.1500,H,Arizona State,30360,Gracie Reeves
"Fri, Jan-20-2023",Stanford,9.6250,9.8250,9.7250,9.7000,38.8750,H,Arizona State,30360,Gracie Reeves
"Sat, Jan-28-2023",Arizona,9.8000,9.5750,9.8000,,,H,Arizona State,30360,Gracie Reeves
"Sat, Feb-04-2023",California,9.7000,9.6000,9.7500,,,A,Arizona State,30360,Gracie Reeves
"Sat, Feb-11-2023",UCLA,9.7250,9.8000,9.7250,,,A,Arizona State,30360,Gracie Reeves
"Mon, Feb-20-2023",Utah,9.7500,,9.8000,,,H,Arizona State,30360,Gracie Reeves
"Sun, Feb-26-2023",Washington,9.7750,9.8750,9.7250,,,A,Arizona State,30360,Gracie Reeves
"Sat, Mar-04-2023",Oregon State,,9.8500,9.7750,,,H,Arizona State,30360,Gracie Reeves
"Sun, Mar-12-2023",Oklahoma,9.7750,,,,,A,Arizona State,30360,Gracie Reeves
"Sat, Mar-18-2023","Arizona, California, Oregon State, Stanford, UCLA, Utah, Washington",,9.8500,9.8250,,,A,Arizona State,30360,Gracie Reeves
"Fri, Mar-31-2023",,,9.7500,9.8250,,,A,Arizona State,30360,Gracie Reeves
"Sun, Apr-02-2023",,9.8000,9.8000,9.8000,,,A,Arizona State,30360,Gracie Reeves
"Sat, Jan-07-2023","Auburn, BYU, California, Iowa, Michigan, Oklahoma, UCLA",,9.6500,,,,A,Arizona State,30827,Cienna Samiley
"Fri, Jan-13-2023","Eastern Michigan, UC Davis",,9.8750,,,,H,Arizona State,30827,Cienna Samiley
"Fri, Jan-20-2023",Stanford,,9.7750,,,,H,Arizona State,30827,Cienna Samiley
"Sat, Jan-28-2023",Arizona,,9.7750,,,,H,Arizona State,30827,Cienna Samiley
"Sat, Feb-04-2023",California,,9.7750,,,,A,Arizona State,30827,Cienna Samiley
"Sat, Feb-11-2023",UCLA,,9.8750,,,,A,Arizona State,30827,Cienna Samiley
"Mon, Feb-20-2023",Utah,,9.8250,,,,H,Arizona State,30827,Cienna Samiley
"Sun, Feb-26-2023",Washington,,9.9250,,,,A,Arizona State,30827,Cienna Samiley
"Sat, Mar-04-2023",Oregon State,,9.9000,,,,H,Arizona State,30827,Cienna Samiley
"Sun, Mar-12-2023",Oklahoma,,9.8250,,,,A,Arizona State,30827,Cienna Samiley
"Sat, Mar-18-2023","Arizona, California, Oregon State, Stanford, UCLA, Utah, Washington",,9.8500,,,,A,Arizona State,30827,Cienna Samiley
"Fri, Mar-31-2023",,,9.8000,,,,A,Arizona State,30827,Cienna Samiley
"Sun, Apr-02-2023",,,9.8750,,,,A,Arizona State,30827,Cienna Samiley
"Sat, Jan-07-2023","Auburn, BYU, California, Iowa, Michigan, Oklahoma, UCLA",9.8250,9.7750,9.5500,9.9000,39.0500,A,Arizona State,30361,Hannah Scharf
"Fri, Jan-13-2023","Eastern Michigan, UC Davis",9.8250,9.8750,9.8000,9.8500,39.3500,H,Arizona State,30361,Hannah Scharf
"Fri, Jan-20-2023",Stanford,9.8000,9.8500,9.6500,9.8500,39.1500,H,Arizona State,30361,Hannah Scharf
"Sat, Jan-28-2023",Arizona,9.8500,9.8750,9.8000,9.8750,39.4000,H,Arizona State,30361,Hannah Scharf
"Sat, Feb-04-2023",California,9.8500,9.9000,9.8250,9.9500,39.5250,A,Arizona State,30361,Hannah Scharf
"Sat, Feb-11-2023",UCLA,9.8500,9.8750,9.8750,9.9000,39.5000,A,Arizona State,30361,Hannah Scharf
"Mon, Feb-20-2023",Utah,9.8750,9.9750,9.9000,9.9250,39.6750,H,Arizona State,30361,Hannah Scharf
"Sun, Feb-26-2023",Washington,9.8750,9.9000,9.9000,9.9500,39.6250,A,Arizona State,30361,Hannah Scharf
"Sat, Mar-04-2023",Oregon State,9.9000,9.9000,9.8750,9.9500,39.6250,H,Arizona State,30361,Hannah Scharf
"Sun, Mar-12-2023",Oklahoma,9.9000,9.8250,9.7250,9.9000,39.3500,A,Arizona State,30361,Hannah Scharf
"Sat, Mar-18-2023","Arizona, California, Oregon State, Stanford, UCLA, Utah, Washington",9.7750,9.8000,9.8000,9.8250,39.2000,A,Arizona State,30361,Hannah Scharf
"Fri, Mar-31-2023",,9.8500,9.9000,9.9500,9.9250,39.6250,A,Arizona State,30361,Hannah Scharf
"Sun, Apr-02-2023",,9.8500,9.9000,9.8750,9.8250,39.4500,A,Arizona State,30361,Hannah Scharf
"Thu, Apr-13-2023","Alabama, Arkansas, Auburn, Boise State, California, Denver, Florida, Kentucky, LSU, Michigan, Michigan State, Missouri, Ohio State, Oklahoma, Oregon State, Penn State, Stanford, UCLA, Utah",9.8375,9.8625,9.1500,9.7875,38.6375,A,Arizona State,30361,Hannah Scharf
"Mon, Feb-20-2023",Utah,,,9.8000,,,H,Arizona State,31815,Kimberly Smith
"Sun, Feb-26-2023",Washington,,,9.8500,,,A,Arizona State,31815,Kimberly Smith
"Sun, Mar-12-2023",Oklahoma,,,8.4500,,,A,Arizona State,31815,Kimberly Smith
"Sat, Jan-07-2023","Auburn, BYU, California, Iowa, Michigan, Oklahoma, UCLA",9.7250,,,,,A,Arizona State,30828,Anaya Smith
"Fri, Jan-13-2023","Eastern Michigan, UC Davis",9.8250,,,,,H,Arizona State,30828,Anaya Smith
"Fri, Jan-20-2023",Stanford,9.8250,,,,,H,Arizona State,30828,Anaya Smith
"Sat, Jan-28-2023",Arizona,9.9500,,,,,H,Arizona State,30828,Anaya Smith
"Sat, Feb-04-2023",California,9.7500,,,,,A,Arizona State,30828,Anaya Smith
"Sat, Feb-11-2023",UCLA,9.8500,,,,,A,Arizona State,30828,Anaya Smith
"Mon, Feb-20-2023",Utah,9.9000,,,,,H,Arizona State,30828,Anaya Smith
"Sun, Feb-26-2023",Washington,9.9000,,,,,A,Arizona State,30828,Anaya Smith
"Sat, Mar-04-2023",Oregon State,9.9000,,,,,H,Arizona State,30828,Anaya Smith
"Sun, Mar-12-2023",Oklahoma,9.9000,,,,,A,Arizona State,30828,Anaya Smith
"Sat, Mar-18-2023","Arizona, California, Oregon State, Stanford, UCLA, Utah, Washington",9.7500,,,,,A,Arizona State,30828,Anaya Smith
"Fri, Mar-31-2023",,9.6500,,,,,A,Arizona State,30828,Anaya Smith
"Sun, Apr-02-2023",,9.9500,,,,,A,Arizona State,30828,Anaya Smith
"Fri, Jan-13-2023","Eastern Michigan, UC Davis",,9.7250,,,,H,Arizona State,31257,Alex Theodorou
"Fri, Jan-20-2023",Stanford,9.6500,,,,,H,Arizona State,31257,Alex Theodorou
"Sat, Jan-28-2023",Arizona,9.9000,,,,,H,Arizona State,31257,Alex Theodorou
"Sat, Feb-04-2023",California,9.8000,,,,,A,Arizona State,31257,Alex Theodorou
"Sat, Feb-11-2023",UCLA,9.8250,,,,,A,Arizona State,31257,Alex Theodorou
"Mon, Feb-20-2023",Utah,9.8250,9.8750,,,,H,Arizona State,31257,Alex Theodorou
"Sun, Feb-26-2023",Washington,9.8750,9.8000,,9.8750,,A,Arizona State,31257,Alex Theodorou
"Sat, Mar-04-2023",Oregon State,9.8750,,,9.8500,,H,Arizona State,31257,Alex Theodorou
"Sun, Mar-12-2023",Oklahoma,9.9250,9.7750,,9.5750,,A,Arizona State,31257,Alex Theodorou
"Sat, Mar-18-2023","Arizona, California, Oregon State, Stanford, UCLA, Utah, Washington",9.8250,,,9.8250,,A,Arizona State,31257,Alex Theodorou
"Fri, Mar-31-2023",,9.9000,,,9.8750,,A,Arizona State,31257,Alex Theodorou
"Sun, Apr-02-2023",,9.9250,,,9.8500,,A,Arizona State,31257,Alex Theodorou
"Sat, Jan-07-2023","Auburn, BYU, California, Iowa, Michigan, Oklahoma, UCLA",9.8000,9.8750,9.9000,9.8250,39.4000,A,Arizona State,30829,Emily White
"Fri, Jan-13-2023","Eastern Michigan, UC Davis",9.8750,9.8250,9.8250,9.8500,39.3750,H,Arizona State,30829,Emily White
"Fri, Jan-20-2023",Stanford,9.8000,9.8000,9.8500,9.8500,39.3000,H,Arizona State,30829,Emily White
"Sat, Jan-28-2023",Arizona,9.7500,9.8750,9.9250,9.1250,38.6750,H,Arizona State,30829,Emily White
"Sat, Feb-04-2023",California,9.8000,9.8500,9.8500,9.9000,39.4000,A,Arizona State,30829,Emily White
"Sat, Feb-11-2023",UCLA,9.7750,9.9000,9.8250,9.8750,39.3750,A,Arizona State,30829,Emily White
"Mon, Feb-20-2023",Utah,9.8000,9.9000,9.8750,9.9000,39.4750,H,Arizona State,30829,Emily White
"Sun, Feb-26-2023",Washington,9.8250,9.8000,9.9250,9.9000,39.4500,A,Arizona State,30829,Emily White
"Sat, Mar-04-2023",Oregon State,9.8000,9.4500,9.9000,9.9500,39.1000,H,Arizona State,30829,Emily White
"Sun, Mar-12-2023",Oklahoma,9.8250,9.8750,9.3000,9.8750,38.8750,A,Arizona State,30829,Emily White
"Sat, Mar-18-2023","Arizona, California, Oregon State, Stanford, UCLA, Utah, Washington",9.8000,9.7750,9.9500,9.8500,39.3750,A,Arizona State,30829,Emily White
"Fri, Mar-31-2023",,9.8000,9.9250,9.9250,9.9000,39.5500,A,Arizona State,30829,Emily White
"Sun, Apr-02-2023",,,9.9250,9.8250,9.9000,,A,Arizona State,30829,Emily White
"Sat, Jan-07-2023",Nebraska,,9.8000,,,,A,Arkansas,31819,Reese Drotar
"Fri, Jan-13-2023",Alabama,,8.9750,,,,H,Arkansas,31819,Reese Drotar
"Fri, Jan-20-2023",Auburn,,9.8000,,,,A,Arkansas,31819,Reese Drotar
"Fri, Jan-27-2023",LSU,,9.8750,,,,H,Arkansas,31819,Reese Drotar
"Fri, Feb-03-2023",Florida,,9.8500,,,,H,Arkansas,31819,Reese Drotar
"Sat, Feb-11-2023","Alabama, Georgia, Illinois, Illinois State, Oklahoma, Stanford, Utah",,9.9250,,,,A,Arkansas,31819,Reese Drotar
"Fri, Feb-17-2023",Kentucky,,9.9500,,,,A,Arkansas,31819,Reese Drotar
"Fri, Feb-24-2023",Missouri,,9.9000,,,,H,Arkansas,31819,Reese Drotar
"Sun, Mar-05-2023",Georgia,,9.8000,,,,A,Arkansas,31819,Reese Drotar
"Fri, Mar-10-2023",Minnesota,,9.8250,,,,H,Arkansas,31819,Reese Drotar
"Sat, Mar-18-2023","Alabama, Auburn, Florida, Georgia, Kentucky, LSU, Missouri",,9.8500,,,,A,Arkansas,31819,Reese Drotar
"Thu, Mar-30-2023",,,9.9250,,,,A,Arkansas,31819,Reese Drotar
"Sat, Jan-07-2023",Nebraska,9.8500,9.9000,9.8000,,,A,Arkansas,30122,Norah Flatley
"Fri, Jan-13-2023",Alabama,9.9000,9.9000,9.9000,9.8750,39.5750,H,Arkansas,30122,Norah Flatley
"Fri, Jan-20-2023",Auburn,9.8500,9.9000,9.9000,9.9000,39.5500,A,Arkansas,30122,Norah Flatley
"Fri, Jan-27-2023",LSU,9.8500,9.9250,9.9000,,,H,Arkansas,30122,Norah Flatley
"Fri, Feb-03-2023",Florida,9.8000,9.8500,9.0500,9.8000,38.5000,H,Arkansas,30122,Norah Flatley
"Sat, Feb-11-2023","Alabama, Georgia, Illinois, Illinois State, Oklahoma, Stanford, Utah",9.8000,9.8250,9.9000,,,A,Arkansas,30122,Norah Flatley
"Fri, Feb-17-2023",Kentucky,9.8500,9.8750,9.9000,,,A,Arkansas,30122,Norah Flatley
"Fri, Feb-24-2023",Missouri,9.8500,9.9000,9.9750,9.1250,38.8500,H,Arkansas,30122,Norah Flatley
"Sun, Mar-05-2023",Georgia,9.8250,9.9000,9.9250,9.9000,39.5500,A,Arkansas,30122,Norah Flatley
"Fri, Mar-10-2023",Minnesota,9.8500,9.9250,9.8750,9.9250,39.5750,H,Arkansas,30122,Norah Flatley
"Sat, Mar-18-2023","Alabama, Auburn, Florida, Georgia, Kentucky, LSU, Missouri",9.9000,9.8750,9.8250,9.9000,39.5000,A,Arkansas,30122,Norah Flatley
"Thu, Mar-30-2023",,9.8250,9.8750,9.9500,9.8750,39.5250,A,Arkansas,30122,Norah Flatley
"Thu, Apr-13-2023","Alabama, Arizona State, Auburn, Boise State, California, Denver, Florida, Kentucky, LSU, Michigan, Michigan State, Missouri, Ohio State, Oklahoma, Oregon State, Penn State, Stanford, UCLA, Utah",,,9.9375,,,A,Arkansas,30122,Norah Flatley
"Sat, Jan-07-2023",Nebraska,,,9.7750,9.7750,,A,Arkansas,31260,Kalyxta Gamiao
"Fri, Jan-13-2023",Alabama,,,9.8500,,,H,Arkansas,31260,Kalyxta Gamiao
"Fri, Jan-20-2023",Auburn,,,9.8750,,,A,Arkansas,31260,Kalyxta Gamiao
"Fri, Jan-27-2023",LSU,,,9.8750,,,H,Arkansas,31260,Kalyxta Gamiao
"Fri, Feb-03-2023",Florida,,,9.8500,,,H,Arkansas,31260,Kalyxta Gamiao
"Sat, Feb-11-2023","Alabama, Georgia, Illinois, Illinois State, Oklahoma, Stanford, Utah",,,9.8750,,,A,Arkansas,31260,Kalyxta Gamiao
"Fri, Feb-17-2023",Kentucky,,,9.8500,,,A,Arkansas,31260,Kalyxta Gamiao
"Fri, Feb-24-2023",Missouri,,,9.9250,,,H,Arkansas,31260,Kalyxta Gamiao
"Sun, Mar-05-2023",Georgia,,,9.7750,,,A,Arkansas,31260,Kalyxta Gamiao
"Fri, Mar-10-2023",Minnesota,,,9.8000,9.8000,,H,Arkansas,31260,Kalyxta Gamiao
"Sat, Mar-18-2023","Alabama, Auburn, Florida, Georgia, Kentucky, LSU, Missouri",,,9.8500,9.7750,,A,Arkansas,31260,Kalyxta Gamiao
"Thu, Mar-30-2023",,,,9.7750,,,A,Arkansas,31260,Kalyxta Gamiao
"Fri, Jan-27-2023",LSU,,,9.8500,,,H,Arkansas,30762,Kiara Gianfagna
"Fri, Feb-03-2023",Florida,,,9.9000,,,H,Arkansas,30762,Kiara Gianfagna
"Sat, Feb-11-2023","Alabama, Georgia, Illinois, Illinois State, Oklahoma, Stanford, Utah",,,9.8250,,,A,Arkansas,30762,Kiara Gianfagna
"Fri, Feb-17-2023",Kentucky,,,9.2000,,,A,Arkansas,30762,Kiara Gianfagna
"Fri, Feb-24-2023",Missouri,,,9.9000,,,H,Arkansas,30762,Kiara Gianfagna
"Sun, Mar-05-2023",Georgia,,,9.8000,,,A,Arkansas,30762,Kiara Gianfagna
"Fri, Mar-10-2023",Minnesota,,,9.8250,,,H,Arkansas,30762,Kiara Gianfagna
"Sat, Mar-18-2023","Alabama, Auburn, Florida, Georgia, Kentucky, LSU, Missouri",,,9.5250,,,A,Arkansas,30762,Kiara Gianfagna
"Thu, Mar-30-2023",,,,9.8750,,,A,Arkansas,30762,Kiara Gianfagna
"Sat, Jan-07-2023",Nebraska,,8.6000,9.8250,,,A,Arkansas,29869,Kennedy Hambrick
"Fri, Jan-13-2023",Alabama,,9.1000,9.7250,,,H,Arkansas,29869,Kennedy Hambrick
"Fri, Jan-20-2023",Auburn,,,9.2750,,,A,Arkansas,29869,Kennedy Hambrick
"Fri, Jan-27-2023",LSU,,,9.7250,,,H,Arkansas,29869,Kennedy Hambrick
"Fri, Feb-03-2023",Florida,,,9.8000,,,H,Arkansas,29869,Kennedy Hambrick
"Sat, Feb-11-2023","Alabama, Georgia, Illinois, Illinois State, Oklahoma, Stanford, Utah",,,9.7500,,,A,Arkansas,29869,Kennedy Hambrick
"Fri, Feb-24-2023",Missouri,,,9.8500,,,H,Arkansas,29869,Kennedy Hambrick
"Sun, Mar-05-2023",Georgia,,,9.7250,,,A,Arkansas,29869,Kennedy Hambrick
"Fri, Mar-10-2023",Minnesota,,,9.9000,,,H,Arkansas,29869,Kennedy Hambrick
"Sat, Mar-18-2023","Alabama, Auburn, Florida, Georgia, Kentucky, LSU, Missouri",9.8250,,9.8750,,,A,Arkansas,29869,Kennedy Hambrick
"Sat, Jan-07-2023",Nebraska,,,,9.5750,,A,Arkansas,30763,Madison Hickey
"Fri, Jan-13-2023",Alabama,,,,9.8500,,H,Arkansas,30763,Madison Hickey
"Fri, Jan-20-2023",Auburn,,,,9.8250,,A,Arkansas,30763,Madison Hickey
"Fri, Jan-27-2023",LSU,,,,9.7500,,H,Arkansas,30763,Madison Hickey
"Sat, Feb-11-2023","Alabama, Georgia, Illinois, Illinois State, Oklahoma, Stanford, Utah",,,,9.9250,,A,Arkansas,30763,Madison Hickey
"Fri, Feb-17-2023",Kentucky,,,,9.8000,,A,Arkansas,30763,Madison Hickey
"Fri, Feb-24-2023",Missouri,,,,9.9250,,H,Arkansas,30763,Madison Hickey
"Sun, Mar-05-2023",Georgia,,,,9.8000,,A,Arkansas,30763,Madison Hickey
"Fri, Mar-10-2023",Minnesota,,,,9.9000,,H,Arkansas,30763,Madison Hickey
"Sat, Mar-18-2023","Alabama, Auburn, Florida, Georgia, Kentucky, LSU, Missouri",,,,9.8000,,A,Arkansas,30763,Madison Hickey
"Thu, Mar-30-2023",,,,,9.8750,,A,Arkansas,30763,Madison Hickey
"Sat, Jan-07-2023",Nebraska,,,,9.7750,,A,Arkansas,31262,Maddie Jones
"Fri, Jan-13-2023",Alabama,,,,9.8500,,H,Arkansas,31262,Maddie Jones
"Fri, Jan-20-2023",Auburn,,9.8500,,9.8000,,A,Arkansas,31262,Maddie Jones
"Fri, Jan-27-2023",LSU,,9.8750,,9.9000,,H,Arkansas,31262,Maddie Jones
"Fri, Feb-03-2023",Florida,,9.8500,,9.9000,,H,Arkansas,31262,Maddie Jones
"Sat, Feb-11-2023","Alabama, Georgia, Illinois, Illinois State, Oklahoma, Stanford, Utah",,9.9000,,9.7750,,A,Arkansas,31262,Maddie Jones
"Fri, Feb-17-2023",Kentucky,,9.9500,,9.8500,,A,Arkansas,31262,Maddie Jones
"Fri, Feb-24-2023",Missouri,,9.8250,,9.9000,,H,Arkansas,31262,Maddie Jones
"Sun, Mar-05-2023",Georgia,,9.9500,,9.8250,,A,Arkansas,31262,Maddie Jones
"Fri, Mar-10-2023",Minnesota,,9.9000,,9.7500,,H,Arkansas,31262,Maddie Jones
"Sat, Mar-18-2023","Alabama, Auburn, Florida, Georgia, Kentucky, LSU, Missouri",,9.7750,,9.8000,,A,Arkansas,31262,Maddie Jones
"Thu, Mar-30-2023",,,9.2750,,9.9000,,A,Arkansas,31262,Maddie Jones
"Sat, Jan-07-2023",Nebraska,9.7250,,,,,A,Arkansas,30830,Emma Kelley
"Fri, Jan-13-2023",Alabama,9.7500,,,,,H,Arkansas,30830,Emma Kelley
"Fri, Mar-10-2023",Minnesota,9.8250,,,,,H,Arkansas,30830,Emma Kelley
"Sat, Jan-07-2023",Nebraska,,,9.8000,,,A,Arkansas,29870,Bailey Lovett
"Fri, Jan-13-2023",Alabama,,,9.8250,9.8750,,H,Arkansas,29870,Bailey Lovett
"Fri, Jan-20-2023",Auburn,,,9.6500,9.7500,,A,Arkansas,29870,Bailey Lovett
"Fri, Jan-27-2023",LSU,,,,9.9000,,H,Arkansas,29870,Bailey Lovett
"Fri, Feb-03-2023",Florida,,,,9.8250,,H,Arkansas,29870,Bailey Lovett
"Sat, Feb-11-2023","Alabama, Georgia, Illinois, Illinois State, Oklahoma, Stanford, Utah",,,,9.8750,,A,Arkansas,29870,Bailey Lovett
"Fri, Feb-17-2023",Kentucky,,,9.1250,9.9000,,A,Arkansas,29870,Bailey Lovett
"Fri, Feb-24-2023",Missouri,,,,9.0500,,H,Arkansas,29870,Bailey Lovett
"Sat, Jan-07-2023",Nebraska,,9.7750,,,,A,Arkansas,31821,Jaime Pratt
"Fri, Jan-13-2023",Alabama,,9.8250,,,,H,Arkansas,31821,Jaime Pratt
"Fri, Jan-20-2023",Auburn,,9.8250,,,,A,Arkansas,31821,Jaime Pratt
"Fri, Jan-27-2023",LSU,,9.8500,,,,H,Arkansas,31821,Jaime Pratt
"Fri, Feb-03-2023",Florida,,9.8250,,,,H,Arkansas,31821,Jaime Pratt
"Sat, Feb-11-2023","Alabama, Georgia, Illinois, Illinois State, Oklahoma, Stanford, Utah",,9.8000,,,,A,Arkansas,31821,Jaime Pratt
"Fri, Feb-17-2023",Kentucky,,9.7500,,,,A,Arkansas,31821,Jaime Pratt
"Fri, Feb-24-2023",Missouri,,9.8250,,,,H,Arkansas,31821,Jaime Pratt
"Sun, Mar-05-2023",Georgia,,9.9000,,,,A,Arkansas,31821,Jaime Pratt
"Fri, Mar-10-2023",Minnesota,,9.7750,,,,H,Arkansas,31821,Jaime Pratt
"Sat, Mar-18-2023","Alabama, Auburn, Florida, Georgia, Kentucky, LSU, Missouri",,9.1000,,,,A,Arkansas,31821,Jaime Pratt
"Thu, Mar-30-2023",,,9.8000,,,,A,Arkansas,31821,Jaime Pratt
"Sat, Jan-07-2023",Nebraska,9.6750,,,9.8750,,A,Arkansas,31259,Frankie Price
"Fri, Jan-13-2023",Alabama,9.7750,,,9.8250,,H,Arkansas,31259,Frankie Price
"Fri, Jan-20-2023",Auburn,9.9000,,,9.8750,,A,Arkansas,31259,Frankie Price
"Fri, Jan-27-2023",LSU,9.8500,,,9.9000,,H,Arkansas,31259,Frankie Price
"Fri, Feb-03-2023",Florida,9.9000,,,9.9250,,H,Arkansas,31259,Frankie Price
"Sat, Feb-11-2023","Alabama, Georgia, Illinois, Illinois State, Oklahoma, Stanford, Utah",9.8750,,,9.7500,,A,Arkansas,31259,Frankie Price
"Fri, Feb-17-2023",Kentucky,9.8250,,,9.9750,,A,Arkansas,31259,Frankie Price
"Fri, Feb-24-2023",Missouri,9.7750,,,9.9250,,H,Arkansas,31259,Frankie Price
"Sun, Mar-05-2023",Georgia,9.8250,,,9.7000,,A,Arkansas,31259,Frankie Price
"Fri, Mar-10-2023",Minnesota,9.8750,,,9.8000,,H,Arkansas,31259,Frankie Price
"Sat, Mar-18-2023","Alabama, Auburn, Florida, Georgia, Kentucky, LSU, Missouri",9.9000,,,9.7750,,A,Arkansas,31259,Frankie Price
"Thu, Mar-30-2023",,9.8500,,,9.9500,,A,Arkansas,31259,Frankie Price
"Sat, Jan-07-2023",Nebraska,,9.8500,,,,A,Arkansas,30833,Jensen Scalzo
"Fri, Jan-13-2023",Alabama,,9.9000,,,,H,Arkansas,30833,Jensen Scalzo
"Fri, Jan-20-2023",Auburn,,9.8250,,,,A,Arkansas,30833,Jensen Scalzo
"Fri, Jan-27-2023",LSU,,9.8250,,,,H,Arkansas,30833,Jensen Scalzo
"Fri, Feb-03-2023",Florida,,9.9000,,,,H,Arkansas,30833,Jensen Scalzo
"Sat, Feb-11-2023","Alabama, Georgia, Illinois, Illinois State, Oklahoma, Stanford, Utah",,9.9000,,,,A,Arkansas,30833,Jensen Scalzo
"Fri, Feb-17-2023",Kentucky,,9.8000,,,,A,Arkansas,30833,Jensen Scalzo
"Fri, Feb-24-2023",Missouri,,9.8250,,,,H,Arkansas,30833,Jensen Scalzo
"Sun, Mar-05-2023",Georgia,,9.8750,,,,A,Arkansas,30833,Jensen Scalzo
"Fri, Mar-10-2023",Minnesota,,9.8250,,,,H,Arkansas,30833,Jensen Scalzo
"Sat, Mar-18-2023","Alabama, Auburn, Florida, Georgia, Kentucky, LSU, Missouri",,9.8500,,,,A,Arkansas,30833,Jensen Scalzo
"Thu, Mar-30-2023",,,9.8750,,,,A,Arkansas,30833,Jensen Scalzo
"Fri, Jan-13-2023",Alabama,9.8250,,,,,H,Arkansas,31263,Makenzie Sedlacek
"Fri, Jan-20-2023",Auburn,9.5250,,,,,A,Arkansas,31263,Makenzie Sedlacek
"Fri, Jan-27-2023",LSU,9.8000,,,,,H,Arkansas,31263,Makenzie Sedlacek
"Fri, Feb-03-2023",Florida,9.8250,,,,,H,Arkansas,31263,Makenzie Sedlacek
"Sat, Feb-11-2023","Alabama, Georgia, Illinois, Illinois State, Oklahoma, Stanford, Utah",9.8500,,,,,A,Arkansas,31263,Makenzie Sedlacek
"Fri, Feb-17-2023",Kentucky,9.9500,,,,,A,Arkansas,31263,Makenzie Sedlacek
"Fri, Feb-24-2023",Missouri,9.8750,,,,,H,Arkansas,31263,Makenzie Sedlacek
"Sun, Mar-05-2023",Georgia,9.8250,,,,,A,Arkansas,31263,Makenzie Sedlacek
"Fri, Mar-10-2023",Minnesota,9.7250,,,,,H,Arkansas,31263,Makenzie Sedlacek
"Sat, Mar-18-2023","Alabama, Auburn, Florida, Georgia, Kentucky, LSU, Missouri",9.8250,,,,,A,Arkansas,31263,Makenzie Sedlacek
"Thu, Mar-30-2023",,9.8000,,,,,A,Arkansas,31263,Makenzie Sedlacek
"Sat, Jan-07-2023",Nebraska,9.7250,,,9.8500,,A,Arkansas,31261,Leah Smith
"Fri, Jan-20-2023",Auburn,9.8500,,,,,A,Arkansas,31261,Leah Smith
"Fri, Jan-27-2023",LSU,9.7750,,,9.9500,,H,Arkansas,31261,Leah Smith
"Fri, Feb-03-2023",Florida,9.8250,,,9.8750,,H,Arkansas,31261,Leah Smith
"Sat, Feb-11-2023","Alabama, Georgia, Illinois, Illinois State, Oklahoma, Stanford, Utah",9.8750,,,9.8750,,A,Arkansas,31261,Leah Smith
"Fri, Feb-17-2023",Kentucky,9.9500,,,9.7750,,A,Arkansas,31261,Leah Smith
"Fri, Feb-24-2023",Missouri,9.8000,,,,,H,Arkansas,31261,Leah Smith
"Sun, Mar-05-2023",Georgia,9.8000,,,9.8750,,A,Arkansas,31261,Leah Smith
"Thu, Mar-30-2023",,9.8000,,,9.8500,,A,Arkansas,31261,Leah Smith
"Sat, Jan-07-2023",Nebraska,,9.7750,,,,A,Arkansas,31822,Cally Swaney
"Fri, Jan-13-2023",Alabama,,8.9250,9.8750,,,H,Arkansas,31822,Cally Swaney
"Fri, Jan-20-2023",Auburn,,9.8250,9.4500,,,A,Arkansas,31822,Cally Swaney
"Fri, Jan-27-2023",LSU,,9.8250,9.9000,,,H,Arkansas,31822,Cally Swaney
"Fri, Feb-03-2023",Florida,,9.8500,9.9250,,,H,Arkansas,31822,Cally Swaney
"Sat, Feb-11-2023","Alabama, Georgia, Illinois, Illinois State, Oklahoma, Stanford, Utah",,9.8250,9.8500,,,A,Arkansas,31822,Cally Swaney
"Fri, Feb-17-2023",Kentucky,,9.6750,9.0000,,,A,Arkansas,31822,Cally Swaney
"Fri, Feb-24-2023",Missouri,,9.8250,9.8750,,,H,Arkansas,31822,Cally Swaney
"Sun, Mar-05-2023",Georgia,,9.8500,9.8000,,,A,Arkansas,31822,Cally Swaney
"Fri, Mar-10-2023",Minnesota,,9.8750,8.9250,,,H,Arkansas,31822,Cally Swaney
"Sat, Mar-18-2023","Alabama, Auburn, Florida, Georgia, Kentucky, LSU, Missouri",,9.8250,9.8500,,,A,Arkansas,31822,Cally Swaney
"Thu, Mar-30-2023",,,9.8750,9.0500,,,A,Arkansas,31822,Cally Swaney
"Sat, Jan-07-2023",Nebraska,9.8500,,9.8250,,,A,Arkansas,31258,Cami Weaver
"Fri, Jan-13-2023",Alabama,9.8250,,9.8750,,,H,Arkansas,31258,Cami Weaver
"Fri, Jan-20-2023",Auburn,9.8500,,9.9500,,,A,Arkansas,31258,Cami Weaver
"Fri, Jan-27-2023",LSU,9.8750,,9.6250,,,H,Arkansas,31258,Cami Weaver
"Fri, Feb-03-2023",Florida,9.8750,,9.8750,,,H,Arkansas,31258,Cami Weaver
"Sat, Feb-11-2023","Alabama, Georgia, Illinois, Illinois State, Oklahoma, Stanford, Utah",9.7000,,9.8750,,,A,Arkansas,31258,Cami Weaver
"Fri, Feb-17-2023",Kentucky,9.9000,,9.0000,,,A,Arkansas,31258,Cami Weaver
"Fri, Feb-24-2023",Missouri,9.8000,,9.1250,,,H,Arkansas,31258,Cami Weaver
"Sun, Mar-05-2023",Georgia,9.8000,,9.9250,,,A,Arkansas,31258,Cami Weaver
"Fri, Mar-10-2023",Minnesota,9.8000,,9.8250,,,H,Arkansas,31258,Cami Weaver
"Sat, Mar-18-2023","Alabama, Auburn, Florida, Georgia, Kentucky, LSU, Missouri",9.9000,,9.6500,,,A,Arkansas,31258,Cami Weaver
"Thu, Mar-30-2023",,9.8500,,9.9000,,,A,Arkansas,31258,Cami Weaver
"Sat, Jan-07-2023",Nebraska,9.8000,,9.6750,9.8750,,A,Arkansas,31823,Lauren Williams
"Fri, Jan-13-2023",Alabama,9.8250,,,9.9000,,H,Arkansas,31823,Lauren Williams
"Fri, Jan-20-2023",Auburn,9.8750,,,9.9000,,A,Arkansas,31823,Lauren Williams
"Fri, Jan-27-2023",LSU,9.9250,,,9.9250,,H,Arkansas,31823,Lauren Williams
"Fri, Feb-03-2023",Florida,9.8500,,,9.9500,,H,Arkansas,31823,Lauren Williams
"Sat, Feb-11-2023","Alabama, Georgia, Illinois, Illinois State, Oklahoma, Stanford, Utah",9.8250,,,9.5000,,A,Arkansas,31823,Lauren Williams
"Fri, Feb-17-2023",Kentucky,9.8750,,,9.9500,,A,Arkansas,31823,Lauren Williams
"Fri, Feb-24-2023",Missouri,9.9000,,,9.7500,,H,Arkansas,31823,Lauren Williams
"Sun, Mar-05-2023",Georgia,9.8500,,,9.9250,,A,Arkansas,31823,Lauren Williams
"Fri, Mar-10-2023",Minnesota,9.8000,,,9.7000,,H,Arkansas,31823,Lauren Williams
"Sat, Mar-18-2023","Alabama, Auburn, Florida, Georgia, Kentucky, LSU, Missouri",9.9000,,,9.9000,,A,Arkansas,31823,Lauren Williams
"Thu, Mar-30-2023",,9.9000,,9.7000,9.9000,,A,Arkansas,31823,Lauren Williams
"Thu, Apr-13-2023","Alabama, Arizona State, Auburn, Boise State, California, Denver, Florida, Kentucky, LSU, Michigan, Michigan State, Missouri, Ohio State, Oklahoma, Oregon State, Penn State, Stanford, UCLA, Utah",9.8250,,,,,A,Arkansas,31823,Lauren Williams
"Sat, Jan-07-2023","Arizona State, BYU, California, Iowa, Michigan, Oklahoma, UCLA",,,9.8000,9.8750,,A,Auburn,30362,Aria Brusch
"Fri, Jan-13-2023",Florida,,,9.8750,9.7250,,A,Auburn,30362,Aria Brusch
"Fri, Jan-20-2023",Arkansas,,,9.8500,9.8500,,H,Auburn,30362,Aria Brusch
"Fri, Jan-27-2023",North Carolina State,,,9.9000,9.7750,,H,Auburn,30362,Aria Brusch
"Fri, Feb-03-2023",Alabama,,,9.9000,9.8250,,A,Auburn,30362,Aria Brusch
"Fri, Feb-10-2023",LSU,,,9.8500,9.8500,,H,Auburn,30362,Aria Brusch
"Sun, Feb-19-2023",Missouri,,,9.8750,9.8750,,A,Auburn,30362,Aria Brusch
"Fri, Feb-24-2023",Georgia,,9.9000,9.8500,9.8500,,H,Auburn,30362,Aria Brusch
"Sat, Mar-04-2023",Kentucky,,9.8250,9.8000,9.8000,,A,Auburn,30362,Aria Brusch
"Fri, Mar-10-2023",Penn State,,9.9000,9.9000,9.9000,,H,Auburn,30362,Aria Brusch
"Sat, Mar-18-2023","Alabama, Arkansas, Florida, Georgia, Kentucky, LSU, Missouri",,9.9000,9.8000,9.8500,,A,Auburn,30362,Aria Brusch
"Thu, Mar-30-2023",,,9.9000,9.8250,9.8250,,A,Auburn,30362,Aria Brusch
"Sat, Jan-07-2023","Arizona State, BYU, California, Iowa, Michigan, Oklahoma, UCLA",9.9500,9.9000,,9.9000,,A,Auburn,29879,Derrian Gobourne
"Fri, Jan-13-2023",Florida,9.9000,9.8750,,9.9500,,A,Auburn,29879,Derrian Gobourne
"Fri, Jan-20-2023",Arkansas,9.8500,9.8500,,9.9500,,H,Auburn,29879,Derrian Gobourne
"Fri, Jan-27-2023",North Carolina State,9.8750,9.8250,,9.9750,,H,Auburn,29879,Derrian Gobourne
"Fri, Feb-03-2023",Alabama,9.8500,9.8750,,9.9250,,A,Auburn,29879,Derrian Gobourne
"Fri, Feb-10-2023",LSU,9.9250,9.8500,,9.9750,,H,Auburn,29879,Derrian Gobourne
"Sun, Feb-19-2023",Missouri,9.8750,9.8750,,,,A,Auburn,29879,Derrian Gobourne
"Fri, Feb-24-2023",Georgia,9.9000,9.9500,,9.9500,,H,Auburn,29879,Derrian Gobourne
"Sat, Mar-04-2023",Kentucky,9.8750,9.9000,,9.8000,,A,Auburn,29879,Derrian Gobourne
"Fri, Mar-10-2023",Penn State,9.9000,9.9250,,9.8750,,H,Auburn,29879,Derrian Gobourne
"Sat, Mar-18-2023","Alabama, Arkansas, Florida, Georgia, Kentucky, LSU, Missouri",9.8750,9.9000,,9.8750,,A,Auburn,29879,Derrian Gobourne
"Thu, Mar-30-2023",,9.8750,9.8500,,9.9250,,A,Auburn,29879,Derrian Gobourne
"Thu, Apr-13-2023","Alabama, Arizona State, Arkansas, Boise State, California, Denver, Florida, Kentucky, LSU, Michigan, Michigan State, Missouri, Ohio State, Oklahoma, Oregon State, Penn State, Stanford, UCLA, Utah",,,,9.9125,,A,Auburn,29879,Derrian Gobourne
"Sat, Jan-07-2023","Arizona State, BYU, California, Iowa, Michigan, Oklahoma, UCLA",9.8250,9.7500,9.8500,,,A,Auburn,31265,Sophia Groth
"Fri, Jan-13-2023",Florida,9.8000,9.8250,9.8000,,,A,Auburn,31265,Sophia Groth
"Fri, Jan-20-2023",Arkansas,9.7250,9.8250,9.9000,9.3000,38.7500,H,Auburn,31265,Sophia Groth
"Fri, Jan-27-2023",North Carolina State,9.7500,9.8500,9.5750,9.8250,39.0000,H,Auburn,31265,Sophia Groth
"Fri, Feb-03-2023",Alabama,9.8500,9.8750,9.8500,9.9000,39.4750,A,Auburn,31265,Sophia Groth
"Fri, Feb-10-2023",LSU,9.7250,9.9250,9.7500,9.9000,39.3000,H,Auburn,31265,Sophia Groth
"Sun, Feb-19-2023",Missouri,9.7500,9.7500,9.8750,9.9000,39.2750,A,Auburn,31265,Sophia Groth
"Fri, Feb-24-2023",Georgia,9.8250,9.8250,9.7750,9.9000,39.3250,H,Auburn,31265,Sophia Groth
"Sat, Mar-04-2023",Kentucky,9.8000,9.8000,9.3000,9.8750,38.7750,A,Auburn,31265,Sophia Groth
"Fri, Mar-10-2023",Penn State,9.8000,9.9000,9.7250,9.9000,39.3250,H,Auburn,31265,Sophia Groth
"Sat, Mar-18-2023","Alabama, Arkansas, Florida, Georgia, Kentucky, LSU, Missouri",9.6750,9.1500,9.8750,9.7250,38.4250,A,Auburn,31265,Sophia Groth
"Thu, Mar-30-2023",,9.7750,8.8750,9.7750,9.8500,38.2750,A,Auburn,31265,Sophia Groth
"Sat, Mar-04-2023",Kentucky,,,9.8000,,,A,Auburn,31817,Hannah Hagle
"Fri, Mar-10-2023",Penn State,,,9.7500,,,H,Auburn,31817,Hannah Hagle
"Sat, Mar-18-2023","Alabama, Arkansas, Florida, Georgia, Kentucky, LSU, Missouri",,,9.4250,,,A,Auburn,31817,Hannah Hagle
"Thu, Mar-30-2023",,,,9.9000,,,A,Auburn,31817,Hannah Hagle
"Sat, Jan-07-2023","Arizona State, BYU, California, Iowa, Michigan, Oklahoma, UCLA",9.8000,9.8500,9.6750,9.7750,39.1000,A,Auburn,30835,Olivia Hollingsworth
"Fri, Jan-13-2023",Florida,9.7250,9.8000,9.8250,9.8500,39.2000,A,Auburn,30835,Olivia Hollingsworth
"Fri, Jan-20-2023",Arkansas,9.7000,9.8500,9.7250,9.9000,39.1750,H,Auburn,30835,Olivia Hollingsworth
"Fri, Jan-27-2023",North Carolina State,9.8000,9.8000,9.8500,9.5750,39.0250,H,Auburn,30835,Olivia Hollingsworth
"Fri, Feb-03-2023",Alabama,9.8750,9.7500,9.8000,9.8500,39.2750,A,Auburn,30835,Olivia Hollingsworth
"Fri, Feb-10-2023",LSU,9.8750,9.8250,9.3250,9.9000,38.9250,H,Auburn,30835,Olivia Hollingsworth
"Sun, Feb-19-2023",Missouri,9.8500,9.7750,9.4250,9.9000,38.9500,A,Auburn,30835,Olivia Hollingsworth
"Fri, Feb-24-2023",Georgia,9.8250,,9.8750,9.9000,,H,Auburn,30835,Olivia Hollingsworth
"Sat, Mar-04-2023",Kentucky,9.8750,9.7750,9.8250,9.9000,39.3750,A,Auburn,30835,Olivia Hollingsworth
"Fri, Mar-10-2023",Penn State,9.8250,9.8750,9.8500,9.9500,39.5000,H,Auburn,30835,Olivia Hollingsworth
"Sat, Mar-18-2023","Alabama, Arkansas, Florida, Georgia, Kentucky, LSU, Missouri",9.8000,9.8250,9.7500,9.8750,39.2500,A,Auburn,30835,Olivia Hollingsworth
"Thu, Mar-30-2023",,9.8000,9.2250,9.8000,9.8750,38.7000,A,Auburn,30835,Olivia Hollingsworth
"Sat, Jan-07-2023","Arizona State, BYU, California, Iowa, Michigan, Oklahoma, UCLA",9.9000,,,,,A,Auburn,31266,Sara Hubbard
"Fri, Jan-13-2023",Florida,9.7750,,,,,A,Auburn,31266,Sara Hubbard
"Fri, Jan-20-2023",Arkansas,9.8250,,,,,H,Auburn,31266,Sara Hubbard
"Fri, Jan-27-2023",North Carolina State,9.8000,,,,,H,Auburn,31266,Sara Hubbard
"Fri, Feb-03-2023",Alabama,9.8250,,,,,A,Auburn,31266,Sara Hubbard
"Fri, Feb-10-2023",LSU,9.8000,,,,,H,Auburn,31266,Sara Hubbard
"Sun, Feb-19-2023",Missouri,9.7750,,,9.6000,,A,Auburn,31266,Sara Hubbard
"Fri, Feb-24-2023",Georgia,9.9000,,,,,H,Auburn,31266,Sara Hubbard
"Sat, Mar-04-2023",Kentucky,9.8500,,,,,A,Auburn,31266,Sara Hubbard
"Fri, Mar-10-2023",Penn State,9.8750,,,,,H,Auburn,31266,Sara Hubbard
"Sat, Mar-18-2023","Alabama, Arkansas, Florida, Georgia, Kentucky, LSU, Missouri",9.8750,,,,,A,Auburn,31266,Sara Hubbard
"Thu, Mar-30-2023",,9.8500,,,,,A,Auburn,31266,Sara Hubbard
"Sat, Jan-07-2023","Arizona State, BYU, California, Iowa, Michigan, Oklahoma, UCLA",9.9000,9.9500,10.0000,9.9000,39.7500,A,Auburn,31267,Sunisa Lee
"Fri, Jan-13-2023",Florida,9.9000,9.9000,9.8750,9.8500,39.5250,A,Auburn,31267,Sunisa Lee
"Fri, Jan-20-2023",Arkansas,9.9500,9.9750,9.8500,9.9750,39.7500,H,Auburn,31267,Sunisa Lee
"Fri, Jan-27-2023",North Carolina State,9.8500,9.9500,9.9000,,,H,Auburn,31267,Sunisa Lee
"Fri, Feb-03-2023",Alabama,9.9000,10.0000,10.0000,9.9250,39.8250,A,Auburn,31267,Sunisa Lee
"Fri, Feb-10-2023",LSU,9.8500,10.0000,9.9500,9.9750,39.7750,H,Auburn,31267,Sunisa Lee
"Sun, Feb-19-2023",Missouri,,9.9500,9.4500,,,A,Auburn,31267,Sunisa Lee
"Fri, Feb-24-2023",Georgia,9.9500,9.9500,9.8500,9.7250,39.4750,H,Auburn,31267,Sunisa Lee
"Sat, Mar-18-2023","Alabama, Arkansas, Florida, Georgia, Kentucky, LSU, Missouri",9.8000,,,,,A,Auburn,31268,Caroline Leonard
"Thu, Mar-30-2023",,9.8750,,,,,A,Auburn,31268,Caroline Leonard
"Sat, Jan-07-2023","Arizona State, BYU, California, Iowa, Michigan, Oklahoma, UCLA",,9.8500,9.8250,9.6500,,A,Auburn,30836,Gabby McLaughlin
"Fri, Jan-13-2023",Florida,,,9.8750,9.8000,,A,Auburn,30836,Gabby McLaughlin
"Fri, Jan-20-2023",Arkansas,,9.8500,9.9000,,,H,Auburn,30836,Gabby McLaughlin
"Fri, Jan-27-2023",North Carolina State,,9.8000,9.8000,9.8000,,H,Auburn,30836,Gabby McLaughlin
"Fri, Feb-03-2023",Alabama,,9.7500,9.6750,,,A,Auburn,30836,Gabby McLaughlin
"Fri, Feb-10-2023",LSU,,9.6750,9.9000,,,H,Auburn,30836,Gabby McLaughlin
"Sun, Feb-19-2023",Missouri,,9.8250,9.8500,9.8250,,A,Auburn,30836,Gabby McLaughlin
"Fri, Feb-24-2023",Georgia,,,9.9000,,,H,Auburn,30836,Gabby McLaughlin
"Sat, Mar-04-2023",Kentucky,,9.8750,9.2750,9.8500,,A,Auburn,30836,Gabby McLaughlin
"Fri, Mar-10-2023",Penn State,,9.8250,9.9500,9.8750,,H,Auburn,30836,Gabby McLaughlin
"Sat, Mar-18-2023","Alabama, Arkansas, Florida, Georgia, Kentucky, LSU, Missouri",,9.8250,9.9000,9.7000,,A,Auburn,30836,Gabby McLaughlin
"Thu, Mar-30-2023",,,9.2500,9.8750,9.8750,,A,Auburn,30836,Gabby McLaughlin
"Fri, Jan-13-2023",Florida,,9.8000,,,,A,Auburn,30365,Adeline Sabados
"Sun, Feb-19-2023",Missouri,9.6000,9.7750,,,,A,Auburn,30365,Adeline Sabados
"Fri, Feb-24-2023",Georgia,,9.7250,,,,H,Auburn,30365,Adeline Sabados
"Sat, Mar-04-2023",Kentucky,9.7000,,,,,A,Auburn,30365,Adeline Sabados
"Fri, Mar-10-2023",Penn State,9.7500,,,,,H,Auburn,30365,Adeline Sabados
"Sat, Jan-07-2023","Arizona State, BYU, California, Iowa, Michigan, Oklahoma, UCLA",9.9250,9.8500,9.4000,9.8500,39.0250,A,Auburn,30367,Cassie Stevens
"Fri, Jan-13-2023",Florida,9.8500,9.8500,9.9250,9.9000,39.5250,A,Auburn,30367,Cassie Stevens
"Fri, Jan-20-2023",Arkansas,9.9250,9.8500,9.8000,9.8750,39.4500,H,Auburn,30367,Cassie Stevens
"Fri, Jan-27-2023",North Carolina State,9.9250,9.8500,9.9000,9.9250,39.6000,H,Auburn,30367,Cassie Stevens
"Fri, Feb-03-2023",Alabama,9.8500,9.9000,9.9500,9.8750,39.5750,A,Auburn,30367,Cassie Stevens
"Fri, Feb-10-2023",LSU,9.8750,9.9000,9.8250,9.9000,39.5000,H,Auburn,30367,Cassie Stevens
"Sun, Feb-19-2023",Missouri,9.7750,,9.9000,9.8750,,A,Auburn,30367,Cassie Stevens
"Fri, Feb-24-2023",Georgia,9.8750,9.7750,9.7000,9.8500,39.2000,H,Auburn,30367,Cassie Stevens
"Sat, Mar-04-2023",Kentucky,9.9750,9.8500,9.8500,9.8250,39.5000,A,Auburn,30367,Cassie Stevens
"Fri, Mar-10-2023",Penn State,9.9000,9.9250,9.8000,9.9000,39.5250,H,Auburn,30367,Cassie Stevens
"Sat, Mar-18-2023","Alabama, Arkansas, Florida, Georgia, Kentucky, LSU, Missouri",9.9500,9.9000,9.9000,9.9000,39.6500,A,Auburn,30367,Cassie Stevens
"Thu, Mar-30-2023",,9.8000,9.9250,9.7500,9.8500,39.3250,A,Auburn,30367,Cassie Stevens
"Fri, Jan-06-2023","Florida, Lindenwood, West Virginia",,8.7750,9.2500,,,A,Ball State,30585,Grace Evans
"Sat, Jan-14-2023","Rutgers, Towson, UW-Oshkosh",,9.7250,9.6750,,,A,Ball State,30585,Grace Evans
"Fri, Jan-20-2023","Fisk, Kent State, Lindenwood, S.E. Missouri",,9.8500,9.9250,,,A,Ball State,30585,Grace Evans
"Sun, Jan-22-2023",Eastern Michigan,,9.8250,9.6000,,,A,Ball State,30585,Grace Evans
"Sun, Jan-29-2023","Fisk, Pittsburgh, S.E. Missouri",,9.6000,9.7250,,,H,Ball State,30585,Grace Evans
"Sun, Feb-12-2023",Northern Illinois,,8.9000,9.3750,,,H,Ball State,30585,Grace Evans
"Sun, Feb-19-2023",Kent State,,9.7750,9.7000,,,A,Ball State,30585,Grace Evans
"Sun, Feb-26-2023",Central Michigan,,9.8000,9.8000,,,H,Ball State,30585,Grace Evans
"Fri, Mar-03-2023",Bowling Green,,9.7750,9.8000,,,A,Ball State,30585,Grace Evans
"Fri, Mar-10-2023","Missouri, North Carolina, S.E. Missouri",,9.7500,9.8000,,,A,Ball State,30585,Grace Evans
"Sun, Mar-12-2023",Western Michigan,,9.8750,9.4250,,,H,Ball State,30585,Grace Evans
"Sat, Mar-18-2023",", Bowling Green, Central Michigan, Eastern Michigan, Kent State, Northern Illinois, Western Michigan",,9.8500,9.8000,,,A,Ball State,30585,Grace Evans
"Wed, Mar-29-2023",,,9.1500,9.7500,,,A,Ball State,30585,Grace Evans
"Fri, Jan-06-2023","Florida, Lindenwood, West Virginia",9.8250,9.5750,9.0000,9.8500,38.2500,A,Ball State,30839,Victoria Henry
"Sat, Jan-14-2023","Rutgers, Towson, UW-Oshkosh",9.7750,9.8250,9.7500,9.8250,39.1750,A,Ball State,30839,Victoria Henry
"Fri, Jan-20-2023","Fisk, Kent State, Lindenwood, S.E. Missouri",9.8750,9.7750,9.7750,9.9250,39.3500,A,Ball State,30839,Victoria Henry
"Sun, Jan-22-2023",Eastern Michigan,9.8250,9.8750,9.7500,9.8750,39.3250,A,Ball State,30839,Victoria Henry
"Sun, Jan-29-2023","Fisk, Pittsburgh, S.E. Missouri",9.8250,9.8000,9.3000,9.7750,38.7000,H,Ball State,30839,Victoria Henry
"Sun, Feb-12-2023",Northern Illinois,9.8250,9.2500,9.7500,9.8000,38.6250,H,Ball State,30839,Victoria Henry
"Sun, Feb-19-2023",Kent State,9.8750,9.7500,9.7250,9.8500,39.2000,A,Ball State,30839,Victoria Henry
"Sun, Feb-26-2023",Central Michigan,9.8750,9.7750,9.8500,9.9000,39.4000,H,Ball State,30839,Victoria Henry
"Fri, Mar-03-2023",Bowling Green,9.9250,9.1250,9.1250,9.8250,38.0000,A,Ball State,30839,Victoria Henry
"Fri, Mar-10-2023","Missouri, North Carolina, S.E. Missouri",9.9250,9.8000,9.0000,9.6000,38.3250,A,Ball State,30839,Victoria Henry
"Sun, Mar-12-2023",Western Michigan,9.8750,9.1250,9.7500,9.8750,38.6250,H,Ball State,30839,Victoria Henry
"Sat, Mar-18-2023",", Bowling Green, Central Michigan, Eastern Michigan, Kent State, Northern Illinois, Western Michigan",9.9500,9.6750,9.5500,9.9000,39.0750,A,Ball State,30839,Victoria Henry
"Wed, Mar-29-2023",,9.7500,9.8250,9.7500,9.7000,39.1750,A,Ball State,30839,Victoria Henry
"Thu, Mar-30-2023",,9.7250,,,,,A,Ball State,30839,Victoria Henry
"Fri, Jan-06-2023","Florida, Lindenwood, West Virginia",9.7500,9.6250,,9.7000,,A,Ball State,31827,Zoe Middleton
"Sat, Jan-14-2023","Rutgers, Towson, UW-Oshkosh",9.7500,9.7500,,9.8000,,A,Ball State,31827,Zoe Middleton
"Fri, Jan-20-2023","Fisk, Kent State, Lindenwood, S.E. Missouri",9.8000,9.7750,,9.1750,,A,Ball State,31827,Zoe Middleton
"Sun, Jan-22-2023",Eastern Michigan,9.7000,9.6500,,9.6250,,A,Ball State,31827,Zoe Middleton
"Sun, Jan-29-2023","Fisk, Pittsburgh, S.E. Missouri",9.7250,9.7500,,9.8000,,H,Ball State,31827,Zoe Middleton
"Sun, Feb-12-2023",Northern Illinois,9.8000,9.8000,,9.9250,,H,Ball State,31827,Zoe Middleton
"Sun, Feb-19-2023",Kent State,9.7750,9.7750,,9.8250,,A,Ball State,31827,Zoe Middleton
"Sun, Feb-26-2023",Central Michigan,9.7500,9.7000,,9.7500,,H,Ball State,31827,Zoe Middleton
"Fri, Mar-03-2023",Bowling Green,9.7750,9.8250,,9.8750,,A,Ball State,31827,Zoe Middleton
"Fri, Mar-10-2023","Missouri, North Carolina, S.E. Missouri",9.8000,9.8250,,9.8250,,A,Ball State,31827,Zoe Middleton
"Sun, Mar-12-2023",Western Michigan,9.7500,9.8250,,9.8500,,H,Ball State,31827,Zoe Middleton
"Sat, Mar-18-2023",", Bowling Green, Central Michigan, Eastern Michigan, Kent State, Northern Illinois, Western Michigan",9.7250,9.8000,,9.8500,,A,Ball State,31827,Zoe Middleton
"Wed, Mar-29-2023",,,9.8000,,9.8000,,A,Ball State,31827,Zoe Middleton
"Fri, Jan-06-2023","Florida, Lindenwood, West Virginia",9.8750,,,9.8250,,A,Ball State,30841,Suki Pfister
"Sat, Jan-14-2023","Rutgers, Towson, UW-Oshkosh",9.9000,,,9.8500,,A,Ball State,30841,Suki Pfister
"Fri, Jan-20-2023","Fisk, Kent State, Lindenwood, S.E. Missouri",9.9000,,,9.9500,,A,Ball State,30841,Suki Pfister
"Sun, Jan-22-2023",Eastern Michigan,9.8000,,,9.8500,,A,Ball State,30841,Suki Pfister
"Sun, Jan-29-2023","Fisk, Pittsburgh, S.E. Missouri",9.9250,,,9.6250,,H,Ball State,30841,Suki Pfister
"Sun, Feb-12-2023",Northern Illinois,9.8500,,,9.8000,,H,Ball State,30841,Suki Pfister
"Sun, Feb-19-2023",Kent State,9.9000,,,9.8750,,A,Ball State,30841,Suki Pfister
"Sun, Feb-26-2023",Central Michigan,9.9500,,,9.7500,,H,Ball State,30841,Suki Pfister
"Fri, Mar-03-2023",Bowling Green,9.8750,,,9.8750,,A,Ball State,30841,Suki Pfister
"Fri, Mar-10-2023","Missouri, North Carolina, S.E. Missouri",9.8750,,,8.9750,,A,Ball State,30841,Suki Pfister
"Sun, Mar-12-2023",Western Michigan,9.9500,,,9.8000,,H,Ball State,30841,Suki Pfister
"Sat, Mar-18-2023",", Bowling Green, Central Michigan, Eastern Michigan, Kent State, Northern Illinois, Western Michigan",9.8500,,,9.9250,,A,Ball State,30841,Suki Pfister
"Wed, Mar-29-2023",,9.7500,,,9.8500,,A,Ball State,30841,Suki Pfister
"Thu, Mar-30-2023",,9.8250,,,,,A,Ball State,30841,Suki Pfister
"Fri, Jan-06-2023","Florida, Lindenwood, West Virginia",9.8250,9.6750,9.6500,9.8000,38.9500,A,Ball State,30842,Hannah Ruthberg
"Sat, Jan-14-2023","Rutgers, Towson, UW-Oshkosh",9.8000,9.0500,9.7000,9.7750,38.3250,A,Ball State,30842,Hannah Ruthberg
"Fri, Jan-20-2023","Fisk, Kent State, Lindenwood, S.E. Missouri",9.8500,8.1000,9.8250,9.8750,37.6500,A,Ball State,30842,Hannah Ruthberg
"Sun, Jan-22-2023",Eastern Michigan,9.8250,9.3500,9.7500,9.6500,38.5750,A,Ball State,30842,Hannah Ruthberg
"Sun, Jan-29-2023","Fisk, Pittsburgh, S.E. Missouri",9.7750,9.8250,9.8750,9.8000,39.2750,H,Ball State,30842,Hannah Ruthberg
"Sun, Feb-12-2023",Northern Illinois,9.8000,9.7750,9.8250,9.7500,39.1500,H,Ball State,30842,Hannah Ruthberg
"Sun, Feb-19-2023",Kent State,9.8250,9.8000,9.8250,9.8000,39.2500,A,Ball State,30842,Hannah Ruthberg
"Sun, Feb-26-2023",Central Michigan,9.7500,9.8750,9.7750,9.8250,39.2250,H,Ball State,30842,Hannah Ruthberg
"Fri, Mar-03-2023",Bowling Green,9.8750,9.8500,9.7250,9.8250,39.2750,A,Ball State,30842,Hannah Ruthberg
"Fri, Mar-10-2023","Missouri, North Carolina, S.E. Missouri",9.8500,9.8500,9.9000,9.8000,39.4000,A,Ball State,30842,Hannah Ruthberg
"Sun, Mar-12-2023",Western Michigan,9.8000,9.8500,9.7250,9.8500,39.2250,H,Ball State,30842,Hannah Ruthberg
"Sat, Mar-18-2023",", Bowling Green, Central Michigan, Eastern Michigan, Kent State, Northern Illinois, Western Michigan",9.8250,9.8500,9.8000,9.8250,39.3000,A,Ball State,30842,Hannah Ruthberg
"Wed, Mar-29-2023",,9.8750,9.0000,9.7750,9.6250,38.1500,A,Ball State,30842,Hannah Ruthberg
"Thu, Mar-30-2023",,9.8000,9.8000,9.6250,9.8750,39.1000,A,Ball State,30842,Hannah Ruthberg
"Fri, Jan-06-2023","Florida, Lindenwood, West Virginia",,9.6500,9.6000,,,A,Ball State,31272,Grace Sumner
"Sat, Jan-14-2023","Rutgers, Towson, UW-Oshkosh",,9.7500,9.8000,,,A,Ball State,31272,Grace Sumner
"Fri, Jan-20-2023","Fisk, Kent State, Lindenwood, S.E. Missouri",,9.7750,9.8750,,,A,Ball State,31272,Grace Sumner
"Sun, Jan-22-2023",Eastern Michigan,,9.7000,9.8000,,,A,Ball State,31272,Grace Sumner
"Sun, Jan-29-2023","Fisk, Pittsburgh, S.E. Missouri",,9.7500,9.9250,,,H,Ball State,31272,Grace Sumner
"Sun, Feb-12-2023",Northern Illinois,,9.8500,9.8750,,,H,Ball State,31272,Grace Sumner
"Sun, Feb-19-2023",Kent State,,9.7250,9.1000,,,A,Ball State,31272,Grace Sumner
"Sun, Feb-26-2023",Central Michigan,,9.6750,9.8000,,,H,Ball State,31272,Grace Sumner
"Fri, Mar-03-2023",Bowling Green,,9.8000,9.6500,,,A,Ball State,31272,Grace Sumner
"Fri, Mar-10-2023","Missouri, North Carolina, S.E. Missouri",,9.8250,9.9000,,,A,Ball State,31272,Grace Sumner
"Sun, Mar-12-2023",Western Michigan,,9.8250,9.9000,,,H,Ball State,31272,Grace Sumner
"Sat, Mar-18-2023",", Bowling Green, Central Michigan, Eastern Michigan, Kent State, Northern Illinois, Western Michigan",,9.7750,9.8500,,,A,Ball State,31272,Grace Sumner
"Wed, Mar-29-2023",,9.9000,9.7500,9.6500,,,A,Ball State,31272,Grace Sumner
"Thu, Mar-30-2023",,,,9.8750,,,A,Ball State,31272,Grace Sumner
"Fri, Jan-06-2023","Florida, Lindenwood, West Virginia",9.7250,9.7750,,9.8250,,A,Ball State,30589,Megan Teter
"Sat, Jan-14-2023","Rutgers, Towson, UW-Oshkosh",9.7750,9.8500,,9.8000,,A,Ball State,30589,Megan Teter
"Fri, Jan-20-2023","Fisk, Kent State, Lindenwood, S.E. Missouri",9.8250,9.9500,,9.9000,,A,Ball State,30589,Megan Teter
"Sun, Jan-22-2023",Eastern Michigan,9.6750,9.8250,,9.8500,,A,Ball State,30589,Megan Teter
"Sun, Jan-29-2023","Fisk, Pittsburgh, S.E. Missouri",9.8000,9.8500,,9.8250,,H,Ball State,30589,Megan Teter
"Sun, Feb-12-2023",Northern Illinois,9.7750,9.7750,,9.8750,,H,Ball State,30589,Megan Teter
"Sun, Feb-19-2023",Kent State,9.6750,9.8250,,9.8750,,A,Ball State,30589,Megan Teter
"Sun, Feb-26-2023",Central Michigan,9.7500,9.8750,,9.8250,,H,Ball State,30589,Megan Teter
"Fri, Mar-03-2023",Bowling Green,9.8000,9.9000,,9.9000,,A,Ball State,30589,Megan Teter
"Fri, Mar-10-2023","Missouri, North Carolina, S.E. Missouri",9.7750,9.8250,,9.8500,,A,Ball State,30589,Megan Teter
"Sun, Mar-12-2023",Western Michigan,9.8000,9.8500,,9.9250,,H,Ball State,30589,Megan Teter
"Sat, Mar-18-2023",", Bowling Green, Central Michigan, Eastern Michigan, Kent State, Northern Illinois, Western Michigan",9.7000,9.9250,,9.9000,,A,Ball State,30589,Megan Teter
"Wed, Mar-29-2023",,9.8000,9.8500,,9.8250,,A,Ball State,30589,Megan Teter
"Thu, Mar-30-2023",,,9.8750,,9.9000,,A,Ball State,30589,Megan Teter
"Fri, Jan-06-2023","Florida, Lindenwood, West Virginia",9.6500,,,,,A,Ball State,31829,Karah Vargo
"Fri, Jan-06-2023","Florida, Lindenwood, West Virginia",,,9.6000,,,A,Ball State,29889,Lauren Volpe
"Sat, Jan-14-2023","Rutgers, Towson, UW-Oshkosh",,,9.5750,,,A,Ball State,29889,Lauren Volpe
"Fri, Jan-20-2023","Fisk, Kent State, Lindenwood, S.E. Missouri",,,9.8000,,,A,Ball State,29889,Lauren Volpe
"Sun, Jan-22-2023",Eastern Michigan,,,9.7250,,,A,Ball State,29889,Lauren Volpe
"Sun, Jan-29-2023","Fisk, Pittsburgh, S.E. Missouri",,,9.8250,,,H,Ball State,29889,Lauren Volpe
"Sun, Feb-12-2023",Northern Illinois,,,9.9250,,,H,Ball State,29889,Lauren Volpe
"Sun, Feb-19-2023",Kent State,,,9.8250,,,A,Ball State,29889,Lauren Volpe
"Sun, Feb-26-2023",Central Michigan,,,9.7250,,,H,Ball State,29889,Lauren Volpe
"Fri, Mar-03-2023",Bowling Green,,,9.7500,,,A,Ball State,29889,Lauren Volpe
"Fri, Mar-10-2023","Missouri, North Carolina, S.E. Missouri",,,9.8750,,,A,Ball State,29889,Lauren Volpe
"Sun, Mar-12-2023",Western Michigan,,,9.8250,,,H,Ball State,29889,Lauren Volpe
"Sat, Mar-18-2023",", Bowling Green, Central Michigan, Eastern Michigan, Kent State, Northern Illinois, Western Michigan",,,9.1500,,,A,Ball State,29889,Lauren Volpe
"Wed, Mar-29-2023",,,,9.8250,,,A,Ball State,29889,Lauren Volpe
"Fri, Jan-06-2023","Florida, Lindenwood, West Virginia",,,9.7000,9.7000,,A,Ball State,30590,Taylor Waldo
"Sat, Jan-14-2023","Rutgers, Towson, UW-Oshkosh",,,9.0250,9.7750,,A,Ball State,30590,Taylor Waldo
"Fri, Jan-20-2023","Fisk, Kent State, Lindenwood, S.E. Missouri",,,9.9250,9.0000,,A,Ball State,30590,Taylor Waldo
"Sun, Jan-22-2023",Eastern Michigan,,,9.8250,9.7750,,A,Ball State,30590,Taylor Waldo
"Sun, Jan-29-2023","Fisk, Pittsburgh, S.E. Missouri",,,9.9250,9.8000,,H,Ball State,30590,Taylor Waldo
"Sun, Feb-12-2023",Northern Illinois,,,9.9250,9.8500,,H,Ball State,30590,Taylor Waldo
"Sun, Feb-19-2023",Kent State,,,9.8000,9.7000,,A,Ball State,30590,Taylor Waldo
"Sun, Feb-26-2023",Central Michigan,,,9.1500,9.7250,,H,Ball State,30590,Taylor Waldo
"Fri, Mar-03-2023",Bowling Green,,,9.7500,9.8000,,A,Ball State,30590,Taylor Waldo
"Fri, Mar-10-2023","Missouri, North Carolina, S.E. Missouri",,,9.7500,9.7750,,A,Ball State,30590,Taylor Waldo
"Sun, Mar-12-2023",Western Michigan,,,9.9000,9.8750,,H,Ball State,30590,Taylor Waldo
"Sat, Mar-18-2023",", Bowling Green, Central Michigan, Eastern Michigan, Kent State, Northern Illinois, Western Michigan",,,9.6750,9.1500,,A,Ball State,30590,Taylor Waldo
"Wed, Mar-29-2023",,,,9.8500,9.8000,,A,Ball State,30590,Taylor Waldo
"Sat, Jan-14-2023","Rutgers, Towson, UW-Oshkosh",9.6750,,,,,A,Ball State,31830,Leah White
"Fri, Jan-20-2023","Fisk, Kent State, Lindenwood, S.E. Missouri",9.6000,,,,,A,Ball State,31830,Leah White
"Sun, Jan-22-2023",Eastern Michigan,9.7750,,,,,A,Ball State,31830,Leah White
"Sun, Jan-29-2023","Fisk, Pittsburgh, S.E. Missouri",9.7000,,,,,H,Ball State,31830,Leah White
"Sun, Feb-12-2023",Northern Illinois,9.7750,,,,,H,Ball State,31830,Leah White
"Sun, Feb-19-2023",Kent State,9.7250,,,,,A,Ball State,31830,Leah White
"Sun, Feb-26-2023",Central Michigan,9.6750,,,,,H,Ball State,31830,Leah White
"Fri, Mar-03-2023",Bowling Green,9.6750,,,,,A,Ball State,31830,Leah White
"Fri, Mar-10-2023","Missouri, North Carolina, S.E. Missouri",9.7000,,,,,A,Ball State,31830,Leah White
"Sun, Mar-12-2023",Western Michigan,9.7750,,,,,H,Ball State,31830,Leah White
"Sat, Mar-18-2023",", Bowling Green, Central Michigan, Eastern Michigan, Kent State, Northern Illinois, Western Michigan",9.6750,,,,,A,Ball State,31830,Leah White
"Wed, Mar-29-2023",,9.6250,,,,,A,Ball State,31830,Leah White
"Sat, Jan-14-2023","California, Iowa, Minnesota, Oregon State, Pittsburgh, UCLA, Washington",9.7750,9.9250,,9.8750,,A,Boise State,30844,Courtney Blackson
"Fri, Jan-20-2023",BYU,9.0500,9.9000,,9.8500,,A,Boise State,30844,Courtney Blackson
"Fri, Jan-27-2023",Southern Utah,9.6750,9.9250,,9.5750,,H,Boise State,30844,Courtney Blackson
"Fri, Feb-03-2023",Utah State,9.9000,9.9250,,9.8000,,H,Boise State,30844,Courtney Blackson
"Fri, Feb-10-2023",Utah State,9.8750,9.9000,,9.9000,,A,Boise State,30844,Courtney Blackson
"Fri, Feb-17-2023",BYU,9.9000,9.8750,,9.9250,,H,Boise State,30844,Courtney Blackson
"Wed, Feb-22-2023",Southern Utah,9.7750,9.9250,,9.8750,,A,Boise State,30844,Courtney Blackson
"Sat, Mar-04-2023",Minnesota,9.8250,9.8750,,9.9250,,A,Boise State,30844,Courtney Blackson
"Fri, Mar-10-2023",Alabama,9.9000,9.2250,,9.9000,,A,Boise State,30844,Courtney Blackson
"Sat, Mar-18-2023","BYU, Southern Utah, Utah State",9.9000,9.8250,,9.8750,,A,Boise State,30844,Courtney Blackson
"Wed, Mar-29-2023",,9.9500,9.8750,,9.8500,,A,Boise State,30844,Courtney Blackson
"Thu, Mar-30-2023",,10.0000,9.9000,,9.9000,,A,Boise State,30844,Courtney Blackson
"Thu, Apr-13-2023","Alabama, Arizona State, Arkansas, Auburn, California, Denver, Florida, Kentucky, LSU, Michigan, Michigan State, Missouri, Ohio State, Oklahoma, Oregon State, Penn State, Stanford, UCLA, Utah",9.9250,,,,,A,Boise State,30844,Courtney Blackson
"Sat, Jan-14-2023","California, Iowa, Minnesota, Oregon State, Pittsburgh, UCLA, Washington",,,9.7250,,,A,Boise State,30369,Erin Elkabchi
"Fri, Jan-20-2023",BYU,,,9.8000,,,A,Boise State,30369,Erin Elkabchi
"Fri, Jan-27-2023",Southern Utah,,,9.7750,,,H,Boise State,30369,Erin Elkabchi
"Fri, Feb-03-2023",Utah State,,,9.4750,,,H,Boise State,30369,Erin Elkabchi
"Fri, Feb-10-2023",Utah State,,,9.7250,,,A,Boise State,30369,Erin Elkabchi
"Fri, Feb-17-2023",BYU,,,9.8250,,,H,Boise State,30369,Erin Elkabchi
"Wed, Feb-22-2023",Southern Utah,,,9.8000,,,A,Boise State,30369,Erin Elkabchi
"Sat, Mar-04-2023",Minnesota,,,9.7500,,,A,Boise State,30369,Erin Elkabchi
"Fri, Mar-10-2023",Alabama,,,9.5500,,,A,Boise State,30369,Erin Elkabchi
"Sat, Mar-18-2023","BYU, Southern Utah, Utah State",,,9.6250,,,A,Boise State,30369,Erin Elkabchi
"Wed, Mar-29-2023",,,,9.7750,,,A,Boise State,30369,Erin Elkabchi
"Thu, Mar-30-2023",,,,9.7500,,,A,Boise State,30369,Erin Elkabchi
"Sat, Jan-14-2023","California, Iowa, Minnesota, Oregon State, Pittsburgh, UCLA, Washington",,8.8500,,,,A,Boise State,31834,Kylee Hamby
"Fri, Jan-20-2023",BYU,,9.7000,,,,A,Boise State,31834,Kylee Hamby
"Fri, Jan-27-2023",Southern Utah,,9.8500,,,,H,Boise State,31834,Kylee Hamby
"Fri, Feb-03-2023",Utah State,,9.7250,,,,H,Boise State,31834,Kylee Hamby
"Fri, Feb-10-2023",Utah State,,9.0250,,,,A,Boise State,31834,Kylee Hamby
"Fri, Feb-17-2023",BYU,,9.8000,,,,H,Boise State,31834,Kylee Hamby
"Wed, Feb-22-2023",Southern Utah,,9.8500,,,,A,Boise State,31834,Kylee Hamby
"Sat, Mar-04-2023",Minnesota,,9.8500,,,,A,Boise State,31834,Kylee Hamby
"Fri, Mar-10-2023",Alabama,,8.9750,,,,A,Boise State,31834,Kylee Hamby
"Sat, Mar-18-2023","BYU, Southern Utah, Utah State",,9.8000,,,,A,Boise State,31834,Kylee Hamby
"Wed, Mar-29-2023",,,8.4250,,,,A,Boise State,31834,Kylee Hamby
"Sat, Jan-14-2023","California, Iowa, Minnesota, Oregon State, Pittsburgh, UCLA, Washington",9.7250,,,,,A,Boise State,31835,Sydney Kho
"Fri, Jan-20-2023",BYU,9.5750,,,,,A,Boise State,31835,Sydney Kho
"Fri, Jan-27-2023",Southern Utah,9.6500,,,,,H,Boise State,31835,Sydney Kho
"Fri, Feb-17-2023",BYU,9.7250,,,,,H,Boise State,31835,Sydney Kho
"Wed, Feb-22-2023",Southern Utah,9.7250,,,,,A,Boise State,31835,Sydney Kho
"Sat, Mar-04-2023",Minnesota,9.7250,,,,,A,Boise State,31835,Sydney Kho
"Fri, Mar-10-2023",Alabama,9.6750,,,,,A,Boise State,31835,Sydney Kho
"Sat, Mar-18-2023","BYU, Southern Utah, Utah State",9.7500,,,,,A,Boise State,31835,Sydney Kho
"Wed, Mar-29-2023",,9.7250,,,,,A,Boise State,31835,Sydney Kho
"Thu, Mar-30-2023",,9.7500,,,,,A,Boise State,31835,Sydney Kho
"Sat, Jan-14-2023","California, Iowa, Minnesota, Oregon State, Pittsburgh, UCLA, Washington",,9.0250,,9.7500,,A,Boise State,31836,Sydney Leitch
"Fri, Jan-20-2023",BYU,,,,9.6500,,A,Boise State,31836,Sydney Leitch
"Fri, Feb-03-2023",Utah State,,,,9.6500,,H,Boise State,31836,Sydney Leitch
"Fri, Feb-10-2023",Utah State,,,,9.8500,,A,Boise State,31836,Sydney Leitch
"Fri, Feb-17-2023",BYU,,,,9.6250,,H,Boise State,31836,Sydney Leitch
"Wed, Feb-22-2023",Southern Utah,,,,9.8000,,A,Boise State,31836,Sydney Leitch
"Sat, Mar-04-2023",Minnesota,,,,9.7750,,A,Boise State,31836,Sydney Leitch
"Fri, Mar-10-2023",Alabama,,,,9.7000,,A,Boise State,31836,Sydney Leitch
"Sat, Mar-18-2023","BYU, Southern Utah, Utah State",,,,9.7750,,A,Boise State,31836,Sydney Leitch
"Wed, Mar-29-2023",,,,,9.7250,,A,Boise State,31836,Sydney Leitch
"Thu, Mar-30-2023",,,,,9.7000,,A,Boise State,31836,Sydney Leitch
"Sat, Jan-14-2023","California, Iowa, Minnesota, Oregon State, Pittsburgh, UCLA, Washington",,9.7250,9.6250,,,A,Boise State,30845,Talia Little
"Fri, Jan-20-2023",BYU,,9.7500,9.6750,,,A,Boise State,30845,Talia Little
"Fri, Jan-27-2023",Southern Utah,,9.8000,9.8250,,,H,Boise State,30845,Talia Little
"Fri, Feb-03-2023",Utah State,,8.9250,9.8750,,,H,Boise State,30845,Talia Little
"Fri, Feb-10-2023",Utah State,,9.5000,9.7000,,,A,Boise State,30845,Talia Little
"Fri, Feb-17-2023",BYU,,9.7250,9.7250,,,H,Boise State,30845,Talia Little
"Wed, Feb-22-2023",Southern Utah,,9.8000,9.7750,,,A,Boise State,30845,Talia Little
"Sat, Mar-04-2023",Minnesota,,9.7500,9.8000,,,A,Boise State,30845,Talia Little
"Fri, Mar-10-2023",Alabama,,9.7000,9.7250,,,A,Boise State,30845,Talia Little
"Sat, Mar-18-2023","BYU, Southern Utah, Utah State",,9.6500,9.8000,,,A,Boise State,30845,Talia Little
"Wed, Mar-29-2023",,,9.7500,9.8500,,,A,Boise State,30845,Talia Little
"Thu, Mar-30-2023",,,8.6250,9.8250,,,A,Boise State,30845,Talia Little
"Sat, Jan-14-2023","California, Iowa, Minnesota, Oregon State, Pittsburgh, UCLA, Washington",9.8500,9.9500,9.9000,,,A,Boise State,30846,Emily Lopez
"Fri, Jan-20-2023",BYU,9.8500,9.8750,9.9250,,,A,Boise State,30846,Emily Lopez
"Fri, Jan-27-2023",Southern Utah,9.8500,9.9250,9.8250,,,H,Boise State,30846,Emily Lopez
"Fri, Feb-03-2023",Utah State,9.9250,9.9000,9.8250,,,H,Boise State,30846,Emily Lopez
"Fri, Feb-10-2023",Utah State,9.8250,9.9500,9.8250,,,A,Boise State,30846,Emily Lopez
"Fri, Feb-17-2023",BYU,9.9000,10.0000,9.8750,,,H,Boise State,30846,Emily Lopez
"Wed, Feb-22-2023",Southern Utah,9.8750,9.9500,9.9000,,,A,Boise State,30846,Emily Lopez
"Sat, Mar-04-2023",Minnesota,9.8250,9.9000,9.8250,,,A,Boise State,30846,Emily Lopez
"Fri, Mar-10-2023",Alabama,9.8250,9.8750,9.2500,,,A,Boise State,30846,Emily Lopez
"Sat, Mar-18-2023","BYU, Southern Utah, Utah State",9.8500,9.0750,9.8000,,,A,Boise State,30846,Emily Lopez
"Wed, Mar-29-2023",,9.8500,9.9000,9.9000,,,A,Boise State,30846,Emily Lopez
"Thu, Mar-30-2023",,9.9000,9.9500,9.8750,,,A,Boise State,30846,Emily Lopez
"Thu, Apr-13-2023","Alabama, Arizona State, Arkansas, Auburn, California, Denver, Florida, Kentucky, LSU, Michigan, Michigan State, Missouri, Ohio State, Oklahoma, Oregon State, Penn State, Stanford, UCLA, Utah",,9.9000,,,,A,Boise State,30846,Emily Lopez
"Sat, Jan-14-2023","California, Iowa, Minnesota, Oregon State, Pittsburgh, UCLA, Washington",9.7500,,9.8750,9.7000,,A,Boise State,31273,Emma Loyim
"Fri, Jan-20-2023",BYU,9.4750,8.8500,9.8000,9.6250,37.7500,A,Boise State,31273,Emma Loyim
"Fri, Jan-27-2023",Southern Utah,,,9.9250,9.5000,,H,Boise State,31273,Emma Loyim
"Fri, Feb-03-2023",Utah State,9.8500,,9.8750,9.9250,,H,Boise State,31273,Emma Loyim
"Fri, Feb-10-2023",Utah State,9.7250,,9.8500,9.8000,,A,Boise State,31273,Emma Loyim
"Fri, Feb-17-2023",BYU,9.7750,,9.8750,9.6750,,H,Boise State,31273,Emma Loyim
"Wed, Feb-22-2023",Southern Utah,9.7000,,9.8250,9.8500,,A,Boise State,31273,Emma Loyim
"Sat, Mar-04-2023",Minnesota,9.7750,,9.9000,9.8000,,A,Boise State,31273,Emma Loyim
"Fri, Mar-10-2023",Alabama,9.8500,,9.8250,9.5500,,A,Boise State,31273,Emma Loyim
"Sat, Mar-18-2023","BYU, Southern Utah, Utah State",9.5750,,9.7250,9.8500,,A,Boise State,31273,Emma Loyim
"Wed, Mar-29-2023",,9.5750,,9.8500,9.8000,,A,Boise State,31273,Emma Loyim
"Thu, Mar-30-2023",,9.1500,,9.8500,9.8250,,A,Boise State,31273,Emma Loyim
"Sat, Jan-14-2023","California, Iowa, Minnesota, Oregon State, Pittsburgh, UCLA, Washington",,,,9.7500,,A,Boise State,31837,Brantley Lucas
"Fri, Jan-20-2023",BYU,,,,9.0500,,A,Boise State,31837,Brantley Lucas
"Fri, Jan-27-2023",Southern Utah,,,,9.7250,,H,Boise State,31837,Brantley Lucas
"Fri, Feb-03-2023",Utah State,,,,9.8500,,H,Boise State,31837,Brantley Lucas
"Fri, Feb-10-2023",Utah State,,,,9.8000,,A,Boise State,31837,Brantley Lucas
"Fri, Feb-17-2023",BYU,,,,8.9500,,H,Boise State,31837,Brantley Lucas
"Wed, Feb-22-2023",Southern Utah,,,,9.7750,,A,Boise State,31837,Brantley Lucas
"Sat, Mar-04-2023",Minnesota,,,,9.8250,,A,Boise State,31837,Brantley Lucas
"Fri, Mar-10-2023",Alabama,,,,9.7500,,A,Boise State,31837,Brantley Lucas
"Sat, Mar-18-2023","BYU, Southern Utah, Utah State",,,,9.8000,,A,Boise State,31837,Brantley Lucas
"Wed, Mar-29-2023",,,,,9.7500,,A,Boise State,31837,Brantley Lucas
"Thu, Mar-30-2023",,,,,9.7500,,A,Boise State,31837,Brantley Lucas
"Sat, Jan-14-2023","California, Iowa, Minnesota, Oregon State, Pittsburgh, UCLA, Washington",,9.6500,,9.8250,,A,Boise State,31274,Elaina McGovern
"Fri, Jan-20-2023",BYU,,9.6250,,9.8500,,A,Boise State,31274,Elaina McGovern
"Fri, Jan-27-2023",Southern Utah,,9.6750,,9.8250,,H,Boise State,31274,Elaina McGovern
"Fri, Feb-03-2023",Utah State,,9.1000,,9.8750,,H,Boise State,31274,Elaina McGovern
"Fri, Feb-10-2023",Utah State,,9.8000,,9.8250,,A,Boise State,31274,Elaina McGovern
"Fri, Feb-17-2023",BYU,,9.7250,,9.8500,,H,Boise State,31274,Elaina McGovern
"Wed, Feb-22-2023",Southern Utah,,9.6500,,9.8750,,A,Boise State,31274,Elaina McGovern
"Sat, Mar-04-2023",Minnesota,,9.7250,,9.8750,,A,Boise State,31274,Elaina McGovern
"Fri, Mar-10-2023",Alabama,,9.7000,,9.7750,,A,Boise State,31274,Elaina McGovern
"Sat, Mar-18-2023","BYU, Southern Utah, Utah State",,9.8000,,9.7750,,A,Boise State,31274,Elaina McGovern
"Wed, Mar-29-2023",,,9.7250,,9.8500,,A,Boise State,31274,Elaina McGovern
"Thu, Mar-30-2023",,,9.8500,,9.7500,,A,Boise State,31274,Elaina McGovern
"Fri, Feb-10-2023",Utah State,,9.7750,,,,A,Boise State,30370,Erin Morden
"Fri, Feb-17-2023",BYU,,9.6750,,,,H,Boise State,30370,Erin Morden
"Wed, Feb-22-2023",Southern Utah,,8.9000,,,,A,Boise State,30370,Erin Morden
"Sat, Mar-04-2023",Minnesota,,9.5500,,,,A,Boise State,30370,Erin Morden
"Sat, Mar-18-2023","BYU, Southern Utah, Utah State",,9.8250,,,,A,Boise State,30370,Erin Morden
"Wed, Mar-29-2023",,,9.7750,,,,A,Boise State,30370,Erin Morden
"Thu, Mar-30-2023",,,9.8500,,,,A,Boise State,30370,Erin Morden
"Fri, Jan-27-2023",Southern Utah,9.7000,8.9750,,,,H,Boise State,30847,Dani Nakayma
"Fri, Feb-03-2023",Utah State,9.6000,9.7250,,,,H,Boise State,30847,Dani Nakayma
"Fri, Feb-10-2023",Utah State,9.7500,,,,,A,Boise State,30847,Dani Nakayma
"Fri, Mar-10-2023",Alabama,,9.5500,,,,A,Boise State,30847,Dani Nakayma
"Thu, Mar-30-2023",,,9.7500,,,,A,Boise State,30847,Dani Nakayma
"Sat, Jan-14-2023","California, Iowa, Minnesota, Oregon State, Pittsburgh, UCLA, Washington",9.5750,,9.8250,9.0500,,A,Boise State,30371,Adriana Popp
"Fri, Jan-20-2023",BYU,9.8250,,9.8250,,,A,Boise State,30371,Adriana Popp
"Fri, Jan-27-2023",Southern Utah,9.7250,,9.9250,9.3250,,H,Boise State,30371,Adriana Popp
"Fri, Feb-03-2023",Utah State,9.9500,,9.9000,,,H,Boise State,30371,Adriana Popp
"Fri, Feb-10-2023",Utah State,9.8500,,9.8500,,,A,Boise State,30371,Adriana Popp
"Fri, Feb-17-2023",BYU,9.8750,,9.8500,,,H,Boise State,30371,Adriana Popp
"Wed, Feb-22-2023",Southern Utah,9.8500,,9.0000,,,A,Boise State,30371,Adriana Popp
"Sat, Mar-04-2023",Minnesota,9.8500,,9.9500,,,A,Boise State,30371,Adriana Popp
"Fri, Mar-10-2023",Alabama,9.6750,,9.8500,,,A,Boise State,30371,Adriana Popp
"Sat, Mar-18-2023","BYU, Southern Utah, Utah State",9.8250,,9.8250,,,A,Boise State,30371,Adriana Popp
"Wed, Mar-29-2023",,9.8000,,9.9250,,,A,Boise State,30371,Adriana Popp
"Thu, Mar-30-2023",,9.2250,,9.7500,,,A,Boise State,30371,Adriana Popp
"Sat, Jan-14-2023","California, Iowa, Minnesota, Oregon State, Pittsburgh, UCLA, Washington",9.7500,,9.7000,,,A,Boise State,31276,Alyssa Vulaj
"Fri, Jan-20-2023",BYU,9.7750,,9.8750,9.7500,,A,Boise State,31276,Alyssa Vulaj
"Fri, Jan-27-2023",Southern Utah,9.8250,,9.8000,9.8250,,H,Boise State,31276,Alyssa Vulaj
"Fri, Feb-03-2023",Utah State,9.7750,,9.8250,9.8000,,H,Boise State,31276,Alyssa Vulaj
"Fri, Feb-10-2023",Utah State,9.7250,,9.5000,9.6500,,A,Boise State,31276,Alyssa Vulaj
"Fri, Feb-17-2023",BYU,9.8500,,9.7000,9.8500,,H,Boise State,31276,Alyssa Vulaj
"Wed, Feb-22-2023",Southern Utah,9.8750,,9.7250,9.8250,,A,Boise State,31276,Alyssa Vulaj
"Sat, Mar-04-2023",Minnesota,9.8250,,9.9500,9.6750,,A,Boise State,31276,Alyssa Vulaj
"Fri, Mar-10-2023",Alabama,9.8250,,9.7500,9.8250,,A,Boise State,31276,Alyssa Vulaj
"Sat, Mar-18-2023","BYU, Southern Utah, Utah State",9.8500,,9.0500,9.8500,,A,Boise State,31276,Alyssa Vulaj
"Wed, Mar-29-2023",,9.9000,,9.9000,9.7750,,A,Boise State,31276,Alyssa Vulaj
"Thu, Mar-30-2023",,9.8500,,9.8500,9.8250,,A,Boise State,31276,Alyssa Vulaj
"Sat, Jan-14-2023","Arizona, Illinois, Texas Woman's",,,,9.6000,,A,Bowling Green,31131,Lauren Bannister
"Fri, Jan-20-2023",Western Michigan,,,,9.2250,,H,Bowling Green,31131,Lauren Bannister
"Fri, Feb-03-2023","Centenary College, Illinois State",9.4750,,,9.6750,,A,Bowling Green,31131,Lauren Bannister
"Sat, Feb-11-2023",Kent State,,,,9.1750,,H,Bowling Green,31131,Lauren Bannister
"Sun, Mar-05-2023","LIU, Michigan State",,,,9.7500,,A,Bowling Green,31131,Lauren Bannister
"Sun, Mar-12-2023",Eastern Michigan,,,,9.6750,,A,Bowling Green,31131,Lauren Bannister
"Sat, Mar-18-2023",", Ball State, Central Michigan, Eastern Michigan, Kent State, Northern Illinois, Western Michigan",,,,9.6250,,A,Bowling Green,31131,Lauren Bannister
"Sun, Jan-08-2023",Northern Illinois,,8.7500,9.7250,,,A,Bowling Green,31839,Megan Bingham
"Sat, Jan-14-2023","Arizona, Illinois, Texas Woman's",,9.7500,9.4000,,,A,Bowling Green,31839,Megan Bingham
"Fri, Jan-20-2023",Western Michigan,,9.7250,9.8000,,,H,Bowling Green,31839,Megan Bingham
"Fri, Jan-27-2023",Central Michigan,,9.6250,9.6500,,,A,Bowling Green,31839,Megan Bingham
"Fri, Feb-03-2023","Centenary College, Illinois State",,9.0000,9.6750,,,A,Bowling Green,31839,Megan Bingham
"Sat, Feb-11-2023",Kent State,9.7250,9.8000,9.2000,,,H,Bowling Green,31839,Megan Bingham
"Sun, Feb-19-2023",West Virginia,9.6250,9.6750,9.8250,,,A,Bowling Green,31839,Megan Bingham
"Fri, Feb-24-2023","Fisk, George Washington, Ursinus College, Western Michigan",9.7250,9.8250,9.7250,,,A,Bowling Green,31839,Megan Bingham
"Fri, Mar-03-2023",Ball State,9.7500,9.7500,9.9500,,,H,Bowling Green,31839,Megan Bingham
"Sun, Mar-05-2023","LIU, Michigan State",9.7000,9.7250,9.8500,,,A,Bowling Green,31839,Megan Bingham
"Sun, Mar-12-2023",Eastern Michigan,,9.7500,9.8500,,,A,Bowling Green,31839,Megan Bingham
"Sat, Mar-18-2023",", Ball State, Central Michigan, Eastern Michigan, Kent State, Northern Illinois, Western Michigan",,9.7500,9.8500,,,A,Bowling Green,31839,Megan Bingham
"Fri, Feb-03-2023","Centenary College, Illinois State",,9.7750,,,,A,Bowling Green,31278,Lexi Bornhorn
"Sat, Feb-11-2023",Kent State,,9.8000,,,,H,Bowling Green,31278,Lexi Bornhorn
"Sun, Feb-19-2023",West Virginia,,9.5500,,,,A,Bowling Green,31278,Lexi Bornhorn
"Fri, Feb-24-2023","Fisk, George Washington, Ursinus College, Western Michigan",,9.8250,,,,A,Bowling Green,31278,Lexi Bornhorn
"Fri, Mar-03-2023",Ball State,,9.7500,,,,H,Bowling Green,31278,Lexi Bornhorn
"Sun, Mar-05-2023","LIU, Michigan State",,9.7250,,,,A,Bowling Green,31278,Lexi Bornhorn
"Sun, Mar-12-2023",Eastern Michigan,,9.7500,,,,A,Bowling Green,31278,Lexi Bornhorn
"Sat, Mar-18-2023",", Ball State, Central Michigan, Eastern Michigan, Kent State, Northern Illinois, Western Michigan",,9.7250,,,,A,Bowling Green,31278,Lexi Bornhorn
"Sun, Jan-08-2023",Northern Illinois,9.7000,,,,,A,Bowling Green,31840,Charniya Brown
"Sat, Jan-14-2023","Arizona, Illinois, Texas Woman's",8.8500,9.6500,,,,A,Bowling Green,31840,Charniya Brown
"Fri, Jan-20-2023",Western Michigan,9.7500,,,,,H,Bowling Green,31840,Charniya Brown
"Fri, Jan-27-2023",Central Michigan,9.7250,,,,,A,Bowling Green,31840,Charniya Brown
"Sat, Jan-14-2023","Arizona, Illinois, Texas Woman's",,,9.5000,,,A,Bowling Green,31841,Elise Brzoska
"Fri, Jan-20-2023",Western Michigan,,,9.6500,9.6250,,H,Bowling Green,31841,Elise Brzoska
"Fri, Jan-27-2023",Central Michigan,,,9.7250,,,A,Bowling Green,31841,Elise Brzoska
"Fri, Feb-03-2023","Centenary College, Illinois State",,,9.5500,,,A,Bowling Green,31841,Elise Brzoska
"Sat, Feb-11-2023",Kent State,,,9.7500,,,H,Bowling Green,31841,Elise Brzoska
"Sun, Feb-19-2023",West Virginia,,,9.5500,,,A,Bowling Green,31841,Elise Brzoska
"Fri, Feb-24-2023","Fisk, George Washington, Ursinus College, Western Michigan",,,9.7250,8.7000,,A,Bowling Green,31841,Elise Brzoska
"Fri, Mar-03-2023",Ball State,,,9.7000,,,H,Bowling Green,31841,Elise Brzoska
"Sun, Mar-05-2023","LIU, Michigan State",,,9.7750,,,A,Bowling Green,31841,Elise Brzoska
"Sun, Mar-12-2023",Eastern Michigan,,,9.7750,,,A,Bowling Green,31841,Elise Brzoska
"Sat, Mar-18-2023",", Ball State, Central Michigan, Eastern Michigan, Kent State, Northern Illinois, Western Michigan",,,9.8000,,,A,Bowling Green,31841,Elise Brzoska
"Sun, Jan-08-2023",Northern Illinois,,,8.5500,,,A,Bowling Green,31279,Emily Castiglia
"Sat, Jan-14-2023","Arizona, Illinois, Texas Woman's",,,9.5500,9.6750,,A,Bowling Green,31279,Emily Castiglia
"Fri, Jan-20-2023",Western Michigan,,,9.7750,9.4750,,H,Bowling Green,31279,Emily Castiglia
"Fri, Jan-27-2023",Central Michigan,,,,8.6250,,A,Bowling Green,31279,Emily Castiglia
"Fri, Feb-03-2023","Centenary College, Illinois State",,,9.6500,8.6500,,A,Bowling Green,31279,Emily Castiglia
"Sat, Feb-11-2023",Kent State,,,9.6750,,,H,Bowling Green,31279,Emily Castiglia
"Sun, Feb-19-2023",West Virginia,,,9.7750,,,A,Bowling Green,31279,Emily Castiglia
"Fri, Feb-24-2023","Fisk, George Washington, Ursinus College, Western Michigan",,,9.7750,,,A,Bowling Green,31279,Emily Castiglia
"Fri, Mar-03-2023",Ball State,,,9.7500,,,H,Bowling Green,31279,Emily Castiglia
"Sun, Mar-05-2023","LIU, Michigan State",,,9.8250,,,A,Bowling Green,31279,Emily Castiglia
"Sun, Mar-12-2023",Eastern Michigan,,,9.7000,,,A,Bowling Green,31279,Emily Castiglia
"Sat, Mar-18-2023",", Ball State, Central Michigan, Eastern Michigan, Kent State, Northern Illinois, Western Michigan",,,9.7500,,,A,Bowling Green,31279,Emily Castiglia
"Sun, Jan-08-2023",Northern Illinois,9.6750,,,9.3750,,A,Bowling Green,31842,Madison Coburn
"Sat, Jan-14-2023","Arizona, Illinois, Texas Woman's",8.9750,,,9.5250,,A,Bowling Green,31842,Madison Coburn
"Fri, Jan-20-2023",Western Michigan,9.7000,,,,,H,Bowling Green,31842,Madison Coburn
"Fri, Jan-27-2023",Central Michigan,,,,9.7250,,A,Bowling Green,31842,Madison Coburn
"Fri, Feb-03-2023","Centenary College, Illinois State",,,,9.6000,,A,Bowling Green,31842,Madison Coburn
"Sat, Feb-11-2023",Kent State,9.6500,,,,,H,Bowling Green,31842,Madison Coburn
"Sun, Feb-19-2023",West Virginia,,,,9.0250,,A,Bowling Green,31842,Madison Coburn
"Fri, Feb-24-2023","Fisk, George Washington, Ursinus College, Western Michigan",9.7750,,,,,A,Bowling Green,31842,Madison Coburn
"Fri, Mar-03-2023",Ball State,9.7250,,,9.7500,,H,Bowling Green,31842,Madison Coburn
"Sun, Mar-05-2023","LIU, Michigan State",9.8250,,,9.8250,,A,Bowling Green,31842,Madison Coburn
"Sun, Mar-12-2023",Eastern Michigan,9.7250,,,9.7750,,A,Bowling Green,31842,Madison Coburn
"Sat, Mar-18-2023",", Ball State, Central Michigan, Eastern Michigan, Kent State, Northern Illinois, Western Michigan",9.7500,,,9.7750,,A,Bowling Green,31842,Madison Coburn
"Fri, Jan-20-2023",Western Michigan,9.6500,,,,,H,Bowling Green,30189,Katelyn Goldstrom
"Fri, Jan-27-2023",Central Michigan,9.3500,,,,,A,Bowling Green,30189,Katelyn Goldstrom
"Fri, Feb-03-2023","Centenary College, Illinois State",9.3750,,,,,A,Bowling Green,30189,Katelyn Goldstrom
"Sun, Feb-19-2023",West Virginia,9.5250,,,,,A,Bowling Green,30189,Katelyn Goldstrom
"Sun, Mar-12-2023",Eastern Michigan,9.7750,,,,,A,Bowling Green,30189,Katelyn Goldstrom
"Sat, Mar-18-2023",", Ball State, Central Michigan, Eastern Michigan, Kent State, Northern Illinois, Western Michigan",9.7000,,,,,A,Bowling Green,30189,Katelyn Goldstrom
"Sat, Jan-14-2023","Arizona, Illinois, Texas Woman's",9.6250,,,,,A,Bowling Green,30374,Lily Harsch
"Fri, Jan-20-2023",Western Michigan,,9.7250,,,,H,Bowling Green,30374,Lily Harsch
"Fri, Jan-27-2023",Central Michigan,,9.6750,,,,A,Bowling Green,30374,Lily Harsch
"Fri, Feb-03-2023","Centenary College, Illinois State",9.4750,9.6750,,9.6000,,A,Bowling Green,30374,Lily Harsch
"Sat, Feb-11-2023",Kent State,,9.0000,,9.8000,,H,Bowling Green,30374,Lily Harsch
"Sun, Feb-19-2023",West Virginia,9.7750,9.2500,,9.8000,,A,Bowling Green,30374,Lily Harsch
"Fri, Feb-24-2023","Fisk, George Washington, Ursinus College, Western Michigan",,9.1000,,9.7000,,A,Bowling Green,30374,Lily Harsch
"Fri, Mar-03-2023",Ball State,,,,7.6500,,H,Bowling Green,30374,Lily Harsch
"Sun, Mar-12-2023",Eastern Michigan,9.8250,8.9250,,9.7500,,A,Bowling Green,30374,Lily Harsch
"Sat, Mar-18-2023",", Ball State, Central Michigan, Eastern Michigan, Kent State, Northern Illinois, Western Michigan",9.7000,9.7250,,9.6500,,A,Bowling Green,30374,Lily Harsch
"Sun, Jan-08-2023",Northern Illinois,9.8000,9.6000,9.8000,9.7000,38.9000,A,Bowling Green,30375,Taylor Jensen
"Sat, Jan-14-2023","Arizona, Illinois, Texas Woman's",9.7500,9.6250,8.9000,9.7000,37.9750,A,Bowling Green,30375,Taylor Jensen
"Fri, Jan-20-2023",Western Michigan,9.8000,9.6250,9.8500,9.8500,39.1250,H,Bowling Green,30375,Taylor Jensen
"Fri, Jan-27-2023",Central Michigan,9.8250,9.7500,9.2250,9.8000,38.6000,A,Bowling Green,30375,Taylor Jensen
"Fri, Feb-03-2023","Centenary College, Illinois State",9.7500,9.8000,9.6000,9.8000,38.9500,A,Bowling Green,30375,Taylor Jensen
"Sat, Feb-11-2023",Kent State,9.8000,9.6750,9.8750,9.9000,39.2500,H,Bowling Green,30375,Taylor Jensen
"Sun, Feb-19-2023",West Virginia,9.9000,9.6500,9.7750,9.8500,39.1750,A,Bowling Green,30375,Taylor Jensen
"Fri, Feb-24-2023","Fisk, George Washington, Ursinus College, Western Michigan",9.8500,9.7250,9.8250,9.8000,39.2000,A,Bowling Green,30375,Taylor Jensen
"Fri, Mar-03-2023",Ball State,9.7500,9.6750,9.8750,9.8500,39.1500,H,Bowling Green,30375,Taylor Jensen
"Sun, Mar-05-2023","LIU, Michigan State",9.8250,9.8000,9.2750,9.8500,38.7500,A,Bowling Green,30375,Taylor Jensen
"Sun, Mar-12-2023",Eastern Michigan,9.7500,9.7250,9.8250,9.8000,39.1000,A,Bowling Green,30375,Taylor Jensen
"Sat, Mar-18-2023",", Ball State, Central Michigan, Eastern Michigan, Kent State, Northern Illinois, Western Michigan",9.8750,9.6750,9.9000,9.6250,39.0750,A,Bowling Green,30375,Taylor Jensen
"Sun, Jan-08-2023",Northern Illinois,,,,8.8000,,A,Bowling Green,31281,Baylie Lawrence
"Sun, Feb-19-2023",West Virginia,,,,9.7750,,A,Bowling Green,31281,Baylie Lawrence
"Fri, Feb-24-2023","Fisk, George Washington, Ursinus College, Western Michigan",,,,8.9000,,A,Bowling Green,31281,Baylie Lawrence
"Sun, Jan-08-2023",Northern Illinois,9.7000,9.5750,9.3000,9.8000,38.3750,A,Bowling Green,31283,Katrina Mendez-Abolnik
"Fri, Jan-20-2023",Western Michigan,9.6250,,9.0000,9.7750,,H,Bowling Green,31283,Katrina Mendez-Abolnik
"Fri, Jan-27-2023",Central Michigan,9.8750,9.5000,9.1000,9.7750,38.2500,A,Bowling Green,31283,Katrina Mendez-Abolnik
"Sat, Feb-11-2023",Kent State,9.7750,,,8.2750,,H,Bowling Green,31283,Katrina Mendez-Abolnik
"Sun, Feb-19-2023",West Virginia,9.8500,,,9.7500,,A,Bowling Green,31283,Katrina Mendez-Abolnik
"Fri, Feb-24-2023","Fisk, George Washington, Ursinus College, Western Michigan",9.8750,,,9.8250,,A,Bowling Green,31283,Katrina Mendez-Abolnik
"Fri, Mar-03-2023",Ball State,9.8000,,,9.7500,,H,Bowling Green,31283,Katrina Mendez-Abolnik
"Sun, Mar-05-2023","LIU, Michigan State",9.9000,,,9.8250,,A,Bowling Green,31283,Katrina Mendez-Abolnik
"Sun, Mar-12-2023",Eastern Michigan,9.9000,,,9.8500,,A,Bowling Green,31283,Katrina Mendez-Abolnik
"Sat, Mar-18-2023",", Ball State, Central Michigan, Eastern Michigan, Kent State, Northern Illinois, Western Michigan",9.8250,,,9.7500,,A,Bowling Green,31283,Katrina Mendez-Abolnik
"Fri, Mar-31-2023",,9.2250,,,,,A,Bowling Green,31283,Katrina Mendez-Abolnik
"Sun, Jan-08-2023",Northern Illinois,,9.7750,,,,A,Bowling Green,31845,Isabella Rivelli
"Sat, Jan-14-2023","Arizona, Illinois, Texas Woman's",,9.8000,,,,A,Bowling Green,31845,Isabella Rivelli
"Fri, Jan-20-2023",Western Michigan,,9.9000,,,,H,Bowling Green,31845,Isabella Rivelli
"Fri, Jan-27-2023",Central Michigan,,9.7750,,,,A,Bowling Green,31845,Isabella Rivelli
"Fri, Feb-03-2023","Centenary College, Illinois State",,9.7750,,,,A,Bowling Green,31845,Isabella Rivelli
"Sat, Feb-11-2023",Kent State,,9.9000,,,,H,Bowling Green,31845,Isabella Rivelli
"Sun, Feb-19-2023",West Virginia,,9.8250,,,,A,Bowling Green,31845,Isabella Rivelli
"Fri, Feb-24-2023","Fisk, George Washington, Ursinus College, Western Michigan",,9.7500,,,,A,Bowling Green,31845,Isabella Rivelli
"Fri, Mar-03-2023",Ball State,,9.8500,,,,H,Bowling Green,31845,Isabella Rivelli
"Sun, Mar-05-2023","LIU, Michigan State",,9.8250,,,,A,Bowling Green,31845,Isabella Rivelli
"Sun, Mar-12-2023",Eastern Michigan,,9.7750,,,,A,Bowling Green,31845,Isabella Rivelli
"Sat, Mar-18-2023",", Ball State, Central Michigan, Eastern Michigan, Kent State, Northern Illinois, Western Michigan",,9.9000,,,,A,Bowling Green,31845,Isabella Rivelli
"Sun, Feb-19-2023",West Virginia,,,9.6500,,,A,Bowling Green,31135,Sarina Ross
"Sun, Mar-12-2023",Eastern Michigan,,,9.6250,,,A,Bowling Green,31135,Sarina Ross
"Sat, Mar-18-2023",", Ball State, Central Michigan, Eastern Michigan, Kent State, Northern Illinois, Western Michigan",,,9.1250,,,A,Bowling Green,31135,Sarina Ross
"Sun, Jan-08-2023",Northern Illinois,9.7000,9.6250,9.5750,8.8750,37.7750,A,Bowling Green,30526,Dahlia Solorzano-Caruso
"Sat, Jan-14-2023","Arizona, Illinois, Texas Woman's",9.7000,9.6500,9.2750,9.6750,38.3000,A,Bowling Green,30526,Dahlia Solorzano-Caruso
"Fri, Jan-20-2023",Western Michigan,,9.7250,,,,H,Bowling Green,30526,Dahlia Solorzano-Caruso
"Fri, Jan-27-2023",Central Michigan,9.7000,9.7250,9.6500,9.7250,38.8000,A,Bowling Green,30526,Dahlia Solorzano-Caruso
"Fri, Feb-03-2023","Centenary College, Illinois State",9.4500,9.7250,9.6250,9.6000,38.4000,A,Bowling Green,30526,Dahlia Solorzano-Caruso
"Sat, Feb-11-2023",Kent State,9.7250,9.7750,9.7000,9.8000,39.0000,H,Bowling Green,30526,Dahlia Solorzano-Caruso
"Fri, Feb-24-2023","Fisk, George Washington, Ursinus College, Western Michigan",9.7000,9.1000,9.7750,,,A,Bowling Green,30526,Dahlia Solorzano-Caruso
"Fri, Mar-03-2023",Ball State,9.7250,9.7500,9.6250,9.8250,38.9250,H,Bowling Green,30526,Dahlia Solorzano-Caruso
"Sun, Mar-05-2023","LIU, Michigan State",9.8250,8.9500,9.7750,9.7500,38.3000,A,Bowling Green,30526,Dahlia Solorzano-Caruso
"Sun, Jan-08-2023",Northern Illinois,9.5500,9.7750,9.8000,9.8000,38.9250,A,Bowling Green,31285,Kathryn Weilbacher
"Sat, Jan-14-2023","Arizona, Illinois, Texas Woman's",9.6500,9.6500,9.7250,9.7500,38.7750,A,Bowling Green,31285,Kathryn Weilbacher
"Fri, Jan-20-2023",Western Michigan,9.9000,9.7250,9.8500,9.8000,39.2750,H,Bowling Green,31285,Kathryn Weilbacher
"Fri, Jan-27-2023",Central Michigan,9.8000,,9.1750,9.8500,,A,Bowling Green,31285,Kathryn Weilbacher
"Fri, Feb-03-2023","Centenary College, Illinois State",,,9.3000,,,A,Bowling Green,31285,Kathryn Weilbacher
"Sat, Feb-11-2023",Kent State,9.8250,,9.7000,9.8500,,H,Bowling Green,31285,Kathryn Weilbacher
"Sun, Feb-19-2023",West Virginia,9.7750,9.5500,8.9750,9.8750,38.1750,A,Bowling Green,31285,Kathryn Weilbacher
"Fri, Feb-24-2023","Fisk, George Washington, Ursinus College, Western Michigan",9.7000,,9.7500,9.7500,,A,Bowling Green,31285,Kathryn Weilbacher
"Fri, Mar-03-2023",Ball State,9.8500,9.7750,9.9000,9.9000,39.4250,H,Bowling Green,31285,Kathryn Weilbacher
"Sun, Mar-05-2023","LIU, Michigan State",9.8500,9.7750,9.8250,9.8250,39.2750,A,Bowling Green,31285,Kathryn Weilbacher
"Sun, Mar-12-2023",Eastern Michigan,9.8000,9.2000,9.8500,9.8250,38.6750,A,Bowling Green,31285,Kathryn Weilbacher
"Sat, Mar-18-2023",", Ball State, Central Michigan, Eastern Michigan, Kent State, Northern Illinois, Western Michigan",9.7000,9.7500,9.8500,9.8000,39.1000,A,Bowling Green,31285,Kathryn Weilbacher
"Sun, Jan-15-2023",Yale,9.8500,,,9.7000,,A,Brown,31286,Julia Bedell
"Sat, Jan-21-2023","Denver, Oregon State, Sacramento State",9.7250,,,9.8250,,A,Brown,31286,Julia Bedell
"Sun, Jan-29-2023","Bridgeport, Rhode Island College, Southern Conn.",9.8000,,,9.8250,,H,Brown,31286,Julia Bedell
"Sun, Feb-05-2023",Southern Conn.,9.7750,,,9.8000,,H,Brown,31286,Julia Bedell
"Sun, Feb-12-2023",Springfield College,9.8250,,,9.9250,,H,Brown,31286,Julia Bedell
"Mon, Feb-20-2023","Bridgeport, LIU, Towson",9.7750,,,9.9000,,A,Brown,31286,Julia Bedell
"Sun, Feb-26-2023","Cornell, Pennsylvania, Yale",9.8500,,,9.9250,,H,Brown,31286,Julia Bedell
"Sun, Mar-05-2023","Maryland, New Hampshire, Pennsylvania",9.8000,,,9.5750,,A,Brown,31286,Julia Bedell
"Sun, Mar-12-2023",New Hampshire,9.8500,,,9.7500,,A,Brown,31286,Julia Bedell
"Sat, Mar-18-2023","Bridgeport, Cornell, Pennsylvania, Southern Conn., West Chester, William & Mary, Yale",9.8500,,,9.9500,,A,Brown,31286,Julia Bedell
"Thu, Apr-06-2023","Air Force, Bridgeport, Centenary College, Cornell, Fisk, Lindenwood, S.E. Missouri, Southern Conn., Texas Woman's, West Chester, Yale",9.8250,,,9.8750,,A,Brown,31286,Julia Bedell
"Sat, Apr-08-2023","Air Force, Bridgeport, Centenary College, Cornell, Fisk, Lindenwood, S.E. Missouri, Southern Conn., Texas Woman's, West Chester, Yale",9.5380,,,9.8880,,A,Brown,31286,Julia Bedell
"Sun, Jan-15-2023",Yale,9.8000,9.6750,9.1500,,,A,Brown,30378,Abby Contello
"Sat, Jan-21-2023","Denver, Oregon State, Sacramento State",9.8250,9.8000,9.6500,,,A,Brown,30378,Abby Contello
"Sun, Jan-29-2023","Bridgeport, Rhode Island College, Southern Conn.",9.7500,9.6750,9.7500,,,H,Brown,30378,Abby Contello
"Sun, Feb-05-2023",Southern Conn.,9.7250,9.8000,9.7750,,,H,Brown,30378,Abby Contello
"Sun, Feb-12-2023",Springfield College,9.8000,9.7750,9.7000,,,H,Brown,30378,Abby Contello
"Mon, Feb-20-2023","Bridgeport, LIU, Towson",9.7750,9.8250,9.8500,,,A,Brown,30378,Abby Contello
"Sun, Feb-26-2023","Cornell, Pennsylvania, Yale",9.8000,9.8250,8.8750,,,H,Brown,30378,Abby Contello
"Sun, Mar-05-2023","Maryland, New Hampshire, Pennsylvania",9.7250,9.0500,9.8250,,,A,Brown,30378,Abby Contello
"Sun, Mar-12-2023",New Hampshire,9.7750,9.7750,9.7750,,,A,Brown,30378,Abby Contello
"Sat, Mar-18-2023","Bridgeport, Cornell, Pennsylvania, Southern Conn., West Chester, William & Mary, Yale",9.6250,9.0750,9.8250,,,A,Brown,30378,Abby Contello
"Thu, Apr-06-2023","Air Force, Bridgeport, Centenary College, Cornell, Fisk, Lindenwood, S.E. Missouri, Southern Conn., Texas Woman's, West Chester, Yale",9.8250,9.0000,9.6000,,,A,Brown,30378,Abby Contello
"Sat, Apr-08-2023","Air Force, Bridgeport, Centenary College, Cornell, Fisk, Lindenwood, S.E. Missouri, Southern Conn., Texas Woman's, West Chester, Yale",9.7500,,,,,A,Brown,30378,Abby Contello
"Sun, Jan-15-2023",Yale,,7.4000,9.6750,9.6000,,A,Brown,31287,Maya Davis
"Sat, Jan-21-2023","Denver, Oregon State, Sacramento State",,,9.3750,9.6000,,A,Brown,31287,Maya Davis
"Sun, Jan-29-2023","Bridgeport, Rhode Island College, Southern Conn.",,,,9.7000,,H,Brown,31287,Maya Davis
"Sun, Feb-05-2023",Southern Conn.,,,9.8000,9.8000,,H,Brown,31287,Maya Davis
"Sun, Feb-12-2023",Springfield College,,,9.7000,9.8500,,H,Brown,31287,Maya Davis
"Mon, Feb-20-2023","Bridgeport, LIU, Towson",,,9.2000,9.8250,,A,Brown,31287,Maya Davis
"Sun, Feb-26-2023","Cornell, Pennsylvania, Yale",,9.7500,9.7750,9.7500,,H,Brown,31287,Maya Davis
"Sun, Mar-05-2023","Maryland, New Hampshire, Pennsylvania",,,9.3000,9.8250,,A,Brown,31287,Maya Davis
"Sun, Mar-12-2023",New Hampshire,,9.0750,9.0500,9.3000,,A,Brown,31287,Maya Davis
"Sat, Mar-18-2023","Bridgeport, Cornell, Pennsylvania, Southern Conn., West Chester, William & Mary, Yale",,,9.1000,9.6750,,A,Brown,31287,Maya Davis
"Thu, Apr-06-2023","Air Force, Bridgeport, Centenary College, Cornell, Fisk, Lindenwood, S.E. Missouri, Southern Conn., Texas Woman's, West Chester, Yale",,,9.5250,9.8500,,A,Brown,31287,Maya Davis
"Sat, Apr-08-2023","Air Force, Bridgeport, Centenary College, Cornell, Fisk, Lindenwood, S.E. Missouri, Southern Conn., Texas Woman's, West Chester, Yale",,,,9.8250,,A,Brown,31287,Maya Davis
"Sun, Jan-15-2023",Yale,9.7250,,,9.5750,,A,Brown,31846,Sophia Dewar
"Sat, Jan-21-2023","Denver, Oregon State, Sacramento State",9.7000,,,9.7000,,A,Brown,31846,Sophia Dewar
"Sun, Jan-29-2023","Bridgeport, Rhode Island College, Southern Conn.",9.6750,,,9.6750,,H,Brown,31846,Sophia Dewar
"Sun, Feb-05-2023",Southern Conn.,9.5750,,,9.6250,,H,Brown,31846,Sophia Dewar
"Mon, Feb-20-2023","Bridgeport, LIU, Towson",9.7750,,,9.8000,,A,Brown,31846,Sophia Dewar
"Sun, Feb-26-2023","Cornell, Pennsylvania, Yale",9.7500,,,9.7250,,H,Brown,31846,Sophia Dewar
"Sun, Mar-05-2023","Maryland, New Hampshire, Pennsylvania",,,,9.8250,,A,Brown,31846,Sophia Dewar
"Sun, Mar-12-2023",New Hampshire,9.7000,,,9.7500,,A,Brown,31846,Sophia Dewar
"Sat, Mar-18-2023","Bridgeport, Cornell, Pennsylvania, Southern Conn., West Chester, William & Mary, Yale",9.7000,,,,,A,Brown,31846,Sophia Dewar
"Thu, Apr-06-2023","Air Force, Bridgeport, Centenary College, Cornell, Fisk, Lindenwood, S.E. Missouri, Southern Conn., Texas Woman's, West Chester, Yale",9.7250,,,,,A,Brown,31846,Sophia Dewar
"Sun, Jan-15-2023",Yale,9.7250,,,,,A,Brown,31847,Umi El Mammann
"Sat, Jan-21-2023","Denver, Oregon State, Sacramento State",9.7500,,,,,A,Brown,31847,Umi El Mammann
"Sun, Jan-29-2023","Bridgeport, Rhode Island College, Southern Conn.",7.0000,,,,,H,Brown,31847,Umi El Mammann
"Sun, Feb-12-2023",Springfield College,9.7750,,,9.6250,,H,Brown,31847,Umi El Mammann
"Mon, Feb-20-2023","Bridgeport, LIU, Towson",9.7750,,,9.4500,,A,Brown,31847,Umi El Mammann
"Sun, Feb-26-2023","Cornell, Pennsylvania, Yale",9.7000,,,,,H,Brown,31847,Umi El Mammann
"Sun, Mar-05-2023","Maryland, New Hampshire, Pennsylvania",9.7250,,,9.6500,,A,Brown,31847,Umi El Mammann
"Sun, Mar-12-2023",New Hampshire,9.5500,,,,,A,Brown,31847,Umi El Mammann
"Sat, Mar-18-2023","Bridgeport, Cornell, Pennsylvania, Southern Conn., West Chester, William & Mary, Yale",9.4750,,,9.8250,,A,Brown,31847,Umi El Mammann
"Thu, Apr-06-2023","Air Force, Bridgeport, Centenary College, Cornell, Fisk, Lindenwood, S.E. Missouri, Southern Conn., Texas Woman's, West Chester, Yale",9.6250,,,9.5500,,A,Brown,31847,Umi El Mammann
"Sun, Jan-15-2023",Yale,,9.8500,,,,A,Brown,30848,Asta-Sollilja Farrell
"Sat, Jan-21-2023","Denver, Oregon State, Sacramento State",,9.7500,,,,A,Brown,30848,Asta-Sollilja Farrell
"Sun, Jan-29-2023","Bridgeport, Rhode Island College, Southern Conn.",,9.7500,,,,H,Brown,30848,Asta-Sollilja Farrell
"Sun, Feb-05-2023",Southern Conn.,,9.7500,,,,H,Brown,30848,Asta-Sollilja Farrell
"Sun, Feb-12-2023",Springfield College,,9.7250,,,,H,Brown,30848,Asta-Sollilja Farrell
"Mon, Feb-20-2023","Bridgeport, LIU, Towson",,8.9500,,,,A,Brown,30848,Asta-Sollilja Farrell
"Sun, Mar-05-2023","Maryland, New Hampshire, Pennsylvania",,9.8000,,,,A,Brown,30848,Asta-Sollilja Farrell
"Sat, Mar-18-2023","Bridgeport, Cornell, Pennsylvania, Southern Conn., West Chester, William & Mary, Yale",,9.4250,,,,A,Brown,30848,Asta-Sollilja Farrell
"Thu, Apr-06-2023","Air Force, Bridgeport, Centenary College, Cornell, Fisk, Lindenwood, S.E. Missouri, Southern Conn., Texas Woman's, West Chester, Yale",,9.1750,,,,A,Brown,30848,Asta-Sollilja Farrell
"Sun, Jan-15-2023",Yale,9.4250,,,7.4500,,A,Brown,30850,Lauren Kramer
"Sat, Jan-21-2023","Denver, Oregon State, Sacramento State",9.5750,,,8.9750,,A,Brown,30850,Lauren Kramer
"Sun, Jan-29-2023","Bridgeport, Rhode Island College, Southern Conn.",9.5750,,9.5250,,,H,Brown,30850,Lauren Kramer
"Sun, Feb-05-2023",Southern Conn.,9.6500,,9.7750,,,H,Brown,30850,Lauren Kramer
"Sun, Feb-12-2023",Springfield College,9.7250,,9.5750,9.8250,,H,Brown,30850,Lauren Kramer
"Mon, Feb-20-2023","Bridgeport, LIU, Towson",,,9.7250,,,A,Brown,30850,Lauren Kramer
"Sun, Feb-26-2023","Cornell, Pennsylvania, Yale",9.7750,,9.7250,9.6500,,H,Brown,30850,Lauren Kramer
"Sun, Mar-05-2023","Maryland, New Hampshire, Pennsylvania",9.6500,,9.7250,,,A,Brown,30850,Lauren Kramer
"Sun, Mar-12-2023",New Hampshire,9.7250,,9.7750,9.7750,,A,Brown,30850,Lauren Kramer
"Sat, Mar-18-2023","Bridgeport, Cornell, Pennsylvania, Southern Conn., West Chester, William & Mary, Yale",9.7500,,8.9750,9.8250,,A,Brown,30850,Lauren Kramer
"Thu, Apr-06-2023","Air Force, Bridgeport, Centenary College, Cornell, Fisk, Lindenwood, S.E. Missouri, Southern Conn., Texas Woman's, West Chester, Yale",9.6500,,9.6250,9.7250,,A,Brown,30850,Lauren Kramer
"Sun, Jan-15-2023",Yale,,8.8500,9.7000,9.4750,,A,Brown,30379,Lauren Lazaro
"Sat, Jan-21-2023","Denver, Oregon State, Sacramento State",,9.7250,9.5750,9.6250,,A,Brown,30379,Lauren Lazaro
"Sun, Jan-29-2023","Bridgeport, Rhode Island College, Southern Conn.",,9.7000,9.5750,9.7500,,H,Brown,30379,Lauren Lazaro
"Sun, Feb-26-2023","Cornell, Pennsylvania, Yale",,9.6750,,,,H,Brown,30379,Lauren Lazaro
"Sun, Feb-05-2023",Southern Conn.,,9.6250,,,,H,Brown,30380,Jasmine Lee
"Sun, Feb-12-2023",Springfield College,,8.8000,,,,H,Brown,30380,Jasmine Lee
"Mon, Feb-20-2023","Bridgeport, LIU, Towson",,9.7250,,,,A,Brown,30380,Jasmine Lee
"Sun, Feb-26-2023","Cornell, Pennsylvania, Yale",,9.5750,,,,H,Brown,30380,Jasmine Lee
"Sun, Mar-05-2023","Maryland, New Hampshire, Pennsylvania",,9.6000,,,,A,Brown,30380,Jasmine Lee
"Sun, Mar-12-2023",New Hampshire,,9.7250,,,,A,Brown,30380,Jasmine Lee
"Sat, Mar-18-2023","Bridgeport, Cornell, Pennsylvania, Southern Conn., West Chester, William & Mary, Yale",,9.7750,,,,A,Brown,30380,Jasmine Lee
"Thu, Apr-06-2023","Air Force, Bridgeport, Centenary College, Cornell, Fisk, Lindenwood, S.E. Missouri, Southern Conn., Texas Woman's, West Chester, Yale",,9.7250,,,,A,Brown,30380,Jasmine Lee
"Sun, Jan-15-2023",Yale,,,9.4750,,,A,Brown,31849,Liza Marcus
"Sat, Jan-21-2023","Denver, Oregon State, Sacramento State",,,9.6750,,,A,Brown,31849,Liza Marcus
"Sun, Jan-29-2023","Bridgeport, Rhode Island College, Southern Conn.",,,9.5750,,,H,Brown,31849,Liza Marcus
"Sun, Feb-05-2023",Southern Conn.,,,9.7500,,,H,Brown,31849,Liza Marcus
"Sun, Feb-12-2023",Springfield College,,,9.7250,,,H,Brown,31849,Liza Marcus
"Mon, Feb-20-2023","Bridgeport, LIU, Towson",,,9.7250,,,A,Brown,31849,Liza Marcus
"Sun, Feb-26-2023","Cornell, Pennsylvania, Yale",,,9.8250,,,H,Brown,31849,Liza Marcus
"Sun, Mar-05-2023","Maryland, New Hampshire, Pennsylvania",,,9.8000,,,A,Brown,31849,Liza Marcus
"Sun, Mar-12-2023",New Hampshire,,,9.8000,,,A,Brown,31849,Liza Marcus
"Sat, Mar-18-2023","Bridgeport, Cornell, Pennsylvania, Southern Conn., West Chester, William & Mary, Yale",,,9.8000,,,A,Brown,31849,Liza Marcus
"Thu, Apr-06-2023","Air Force, Bridgeport, Centenary College, Cornell, Fisk, Lindenwood, S.E. Missouri, Southern Conn., Texas Woman's, West Chester, Yale",,,9.1500,,,A,Brown,31849,Liza Marcus
"Sun, Jan-15-2023",Yale,,9.6750,9.1750,,,A,Brown,30381,Lauren Mckeown
"Sat, Jan-21-2023","Denver, Oregon State, Sacramento State",,9.4000,9.1000,,,A,Brown,30381,Lauren Mckeown
"Sun, Jan-29-2023","Bridgeport, Rhode Island College, Southern Conn.",,9.7250,9.4000,,,H,Brown,30381,Lauren Mckeown
"Sun, Feb-05-2023",Southern Conn.,,9.7000,,,,H,Brown,30381,Lauren Mckeown
"Sun, Feb-12-2023",Springfield College,,9.7500,8.9750,,,H,Brown,30381,Lauren Mckeown
"Mon, Feb-20-2023","Bridgeport, LIU, Towson",,9.7000,9.6500,,,A,Brown,30381,Lauren Mckeown
"Sun, Feb-26-2023","Cornell, Pennsylvania, Yale",,9.7000,9.7250,,,H,Brown,30381,Lauren Mckeown
"Sun, Mar-05-2023","Maryland, New Hampshire, Pennsylvania",,9.7500,9.6000,,,A,Brown,30381,Lauren Mckeown
"Sun, Mar-12-2023",New Hampshire,,9.8000,9.1250,,,A,Brown,30381,Lauren Mckeown
"Sat, Mar-18-2023","Bridgeport, Cornell, Pennsylvania, Southern Conn., West Chester, William & Mary, Yale",,9.7750,9.7250,,,A,Brown,30381,Lauren Mckeown
"Thu, Apr-06-2023","Air Force, Bridgeport, Centenary College, Cornell, Fisk, Lindenwood, S.E. Missouri, Southern Conn., Texas Woman's, West Chester, Yale",,9.7250,8.8000,,,A,Brown,30381,Lauren Mckeown
"Sun, Jan-15-2023",Yale,,9.6750,,,,A,Brown,30382,Ella Poley
"Sat, Jan-21-2023","Denver, Oregon State, Sacramento State",,9.7000,,,,A,Brown,30382,Ella Poley
"Sun, Jan-29-2023","Bridgeport, Rhode Island College, Southern Conn.",,9.7000,,9.4250,,H,Brown,30382,Ella Poley
"Sun, Feb-05-2023",Southern Conn.,9.5250,9.7250,,9.6750,,H,Brown,30382,Ella Poley
"Sun, Feb-12-2023",Springfield College,9.5750,9.7500,,9.6250,,H,Brown,30382,Ella Poley
"Mon, Feb-20-2023","Bridgeport, LIU, Towson",9.5250,9.7250,,9.7500,,A,Brown,30382,Ella Poley
"Sun, Feb-26-2023","Cornell, Pennsylvania, Yale",9.7250,9.7500,,9.6000,,H,Brown,30382,Ella Poley
"Sun, Mar-05-2023","Maryland, New Hampshire, Pennsylvania",9.7000,9.7000,,9.8000,,A,Brown,30382,Ella Poley
"Sun, Mar-12-2023",New Hampshire,9.7000,9.8000,,9.5250,,A,Brown,30382,Ella Poley
"Sat, Mar-18-2023","Bridgeport, Cornell, Pennsylvania, Southern Conn., West Chester, William & Mary, Yale",,9.7500,,9.8250,,A,Brown,30382,Ella Poley
"Thu, Apr-06-2023","Air Force, Bridgeport, Centenary College, Cornell, Fisk, Lindenwood, S.E. Missouri, Southern Conn., Texas Woman's, West Chester, Yale",,9.7750,,9.6750,,A,Brown,30382,Ella Poley
"Sat, Apr-08-2023","Air Force, Bridgeport, Centenary College, Cornell, Fisk, Lindenwood, S.E. Missouri, Southern Conn., Texas Woman's, West Chester, Yale",,9.6880,,,,A,Brown,30382,Ella Poley
"Sat, Jan-21-2023","Denver, Oregon State, Sacramento State",,9.1000,,,,A,Brown,30852,Paige Richter
"Sun, Jan-29-2023","Bridgeport, Rhode Island College, Southern Conn.",,8.8500,,,,H,Brown,30852,Paige Richter
"Sun, Feb-05-2023",Southern Conn.,,9.7500,,,,H,Brown,30852,Paige Richter
"Sun, Feb-12-2023",Springfield College,,9.0000,,,,H,Brown,30852,Paige Richter
"Mon, Feb-20-2023","Bridgeport, LIU, Towson",,8.3000,,,,A,Brown,30852,Paige Richter
"Sun, Mar-05-2023","Maryland, New Hampshire, Pennsylvania",,9.7000,,,,A,Brown,30852,Paige Richter
"Sun, Mar-12-2023",New Hampshire,,8.9750,,,,A,Brown,30852,Paige Richter
"Sat, Mar-18-2023","Bridgeport, Cornell, Pennsylvania, Southern Conn., West Chester, William & Mary, Yale",,9.8000,,,,A,Brown,30852,Paige Richter
"Thu, Apr-06-2023","Air Force, Bridgeport, Centenary College, Cornell, Fisk, Lindenwood, S.E. Missouri, Southern Conn., Texas Woman's, West Chester, Yale",,9.7250,,,,A,Brown,30852,Paige Richter
"Sun, Jan-15-2023",Yale,,,,8.8500,,A,Brown,30383,Carolanne Van Zandt
"Sat, Jan-21-2023","Denver, Oregon State, Sacramento State",,,,9.7000,,A,Brown,30383,Carolanne Van Zandt
"Sun, Jan-29-2023","Bridgeport, Rhode Island College, Southern Conn.",,,,9.7750,,H,Brown,30383,Carolanne Van Zandt
"Sun, Feb-05-2023",Southern Conn.,,,,9.8750,,H,Brown,30383,Carolanne Van Zandt
"Sun, Feb-12-2023",Springfield College,,,,9.7250,,H,Brown,30383,Carolanne Van Zandt
"Mon, Feb-20-2023","Bridgeport, LIU, Towson",,,,9.8500,,A,Brown,30383,Carolanne Van Zandt
"Sun, Feb-26-2023","Cornell, Pennsylvania, Yale",,,,9.8000,,H,Brown,30383,Carolanne Van Zandt
"Sun, Mar-05-2023","Maryland, New Hampshire, Pennsylvania",,,,9.1250,,A,Brown,30383,Carolanne Van Zandt
"Sun, Mar-12-2023",New Hampshire,,,,9.7000,,A,Brown,30383,Carolanne Van Zandt
"Sat, Mar-18-2023","Bridgeport, Cornell, Pennsylvania, Southern Conn., West Chester, William & Mary, Yale",,,,9.6500,,A,Brown,30383,Carolanne Van Zandt
"Thu, Apr-06-2023","Air Force, Bridgeport, Centenary College, Cornell, Fisk, Lindenwood, S.E. Missouri, Southern Conn., Texas Woman's, West Chester, Yale",,,,8.9750,,A,Brown,30383,Carolanne Van Zandt
"Sun, Feb-05-2023",Southern Conn.,,,8.8750,8.8000,,H,Brown,30854,McKenna Weiner
"Sun, Jan-15-2023",Yale,9.7000,,9.4750,,,A,Brown,30855,Angela Xing
"Sat, Jan-21-2023","Denver, Oregon State, Sacramento State",9.7250,,9.8000,,,A,Brown,30855,Angela Xing
"Sun, Jan-29-2023","Bridgeport, Rhode Island College, Southern Conn.",9.3750,,9.7500,,,H,Brown,30855,Angela Xing
"Sun, Feb-05-2023",Southern Conn.,9.6250,,9.8250,,,H,Brown,30855,Angela Xing
"Sun, Feb-12-2023",Springfield College,9.7250,,9.8250,,,H,Brown,30855,Angela Xing
"Mon, Feb-20-2023","Bridgeport, LIU, Towson",9.7750,,9.2500,,,A,Brown,30855,Angela Xing
"Sun, Feb-26-2023","Cornell, Pennsylvania, Yale",,,9.7000,,,H,Brown,30855,Angela Xing
"Sun, Mar-05-2023","Maryland, New Hampshire, Pennsylvania",9.0250,,9.8250,,,A,Brown,30855,Angela Xing
"Sun, Mar-12-2023",New Hampshire,,,9.8500,,,A,Brown,30855,Angela Xing
"Sat, Mar-18-2023","Bridgeport, Cornell, Pennsylvania, Southern Conn., West Chester, William & Mary, Yale",9.7750,,8.3250,,,A,Brown,30855,Angela Xing
"Thu, Apr-06-2023","Air Force, Bridgeport, Centenary College, Cornell, Fisk, Lindenwood, S.E. Missouri, Southern Conn., Texas Woman's, West Chester, Yale",9.6250,,9.7000,,,A,Brown,30855,Angela Xing
"Sat, Jan-07-2023","Arizona State, Auburn, California, Iowa, Michigan, Oklahoma, UCLA",,9.9000,,,,A,BYU,30680,Anyssa Alvarado
"Fri, Jan-13-2023","Southern Utah, Utah, Utah State",,9.9000,,,,A,BYU,30680,Anyssa Alvarado
"Fri, Jan-20-2023",Boise State,,9.9250,,,,H,BYU,30680,Anyssa Alvarado
"Fri, Jan-27-2023",Utah State,,9.8250,,,,A,BYU,30680,Anyssa Alvarado
"Fri, Feb-03-2023",Southern Utah,,9.8000,,,,A,BYU,30680,Anyssa Alvarado
"Fri, Feb-10-2023",Southern Utah,,9.9000,,,,H,BYU,30680,Anyssa Alvarado
"Fri, Feb-17-2023",Boise State,,9.8250,,,,A,BYU,30680,Anyssa Alvarado
"Fri, Feb-24-2023",Utah State,,9.8750,,,,H,BYU,30680,Anyssa Alvarado
"Wed, Mar-01-2023",Alaska,,9.8750,,,,H,BYU,30680,Anyssa Alvarado
"Fri, Mar-03-2023",Ohio State,,9.9000,,,,A,BYU,30680,Anyssa Alvarado
"Fri, Mar-10-2023",Arizona,,9.8000,,,,A,BYU,30680,Anyssa Alvarado
"Sat, Mar-18-2023","Boise State, Southern Utah, Utah State",,9.8000,,,,A,BYU,30680,Anyssa Alvarado
"Wed, Mar-29-2023",,,9.8250,,,,A,BYU,30680,Anyssa Alvarado
"Thu, Mar-30-2023",,,9.3250,,,,A,BYU,30680,Anyssa Alvarado
"Sat, Jan-07-2023","Arizona State, Auburn, California, Iowa, Michigan, Oklahoma, UCLA",9.7750,,,9.6750,,A,BYU,29903,Rebekah Bean Ripley
"Fri, Jan-13-2023","Southern Utah, Utah, Utah State",9.6750,,,9.8500,,A,BYU,29903,Rebekah Bean Ripley
"Fri, Jan-20-2023",Boise State,9.7250,,,9.9250,,H,BYU,29903,Rebekah Bean Ripley
"Fri, Jan-27-2023",Utah State,9.7000,,,9.8750,,A,BYU,29903,Rebekah Bean Ripley
"Fri, Feb-03-2023",Southern Utah,9.8250,,,9.7750,,A,BYU,29903,Rebekah Bean Ripley
"Fri, Feb-10-2023",Southern Utah,9.7500,,,9.9000,,H,BYU,29903,Rebekah Bean Ripley
"Fri, Feb-17-2023",Boise State,,,,9.7500,,A,BYU,29903,Rebekah Bean Ripley
"Fri, Feb-24-2023",Utah State,9.7500,,,9.7250,,H,BYU,29903,Rebekah Bean Ripley
"Wed, Mar-01-2023",Alaska,9.7750,,,9.6500,,H,BYU,29903,Rebekah Bean Ripley
"Fri, Mar-03-2023",Ohio State,9.6500,,,,,A,BYU,29903,Rebekah Bean Ripley
"Fri, Mar-10-2023",Arizona,9.8500,,,,,A,BYU,29903,Rebekah Bean Ripley
"Sat, Mar-18-2023","Boise State, Southern Utah, Utah State",9.7750,,,9.8750,,A,BYU,29903,Rebekah Bean Ripley
"Wed, Mar-29-2023",,9.7250,,,9.8500,,A,BYU,29903,Rebekah Bean Ripley
"Sat, Jan-07-2023","Arizona State, Auburn, California, Iowa, Michigan, Oklahoma, UCLA",9.7750,9.6250,,9.5000,,A,BYU,30859,Sydney Benson
"Fri, Jan-13-2023","Southern Utah, Utah, Utah State",9.8250,9.7750,,9.7500,,A,BYU,30859,Sydney Benson
"Fri, Jan-20-2023",Boise State,9.6250,9.8250,,9.9000,,H,BYU,30859,Sydney Benson
"Fri, Jan-27-2023",Utah State,9.7750,9.7500,,9.8500,,A,BYU,30859,Sydney Benson
"Fri, Feb-03-2023",Southern Utah,9.8750,9.6750,,9.6750,,A,BYU,30859,Sydney Benson
"Fri, Feb-10-2023",Southern Utah,9.9000,9.7250,,9.8500,,H,BYU,30859,Sydney Benson
"Fri, Feb-17-2023",Boise State,9.8500,9.7000,,9.8500,,A,BYU,30859,Sydney Benson
"Fri, Feb-24-2023",Utah State,9.7750,9.7500,,9.8500,,H,BYU,30859,Sydney Benson
"Wed, Mar-01-2023",Alaska,9.8750,9.8500,,9.8500,,H,BYU,30859,Sydney Benson
"Fri, Mar-03-2023",Ohio State,9.8250,9.8250,,9.7750,,A,BYU,30859,Sydney Benson
"Fri, Mar-10-2023",Arizona,9.9000,9.1750,,9.8750,,A,BYU,30859,Sydney Benson
"Sat, Mar-18-2023","Boise State, Southern Utah, Utah State",9.8500,9.8000,,9.8250,,A,BYU,30859,Sydney Benson
"Wed, Mar-29-2023",,9.8000,9.7500,,9.7750,,A,BYU,30859,Sydney Benson
"Thu, Mar-30-2023",,9.9000,,,,,A,BYU,30859,Sydney Benson
"Sat, Jan-07-2023","Arizona State, Auburn, California, Iowa, Michigan, Oklahoma, UCLA",,9.1500,,,,A,BYU,30860,Anna Bramblett-Wilde
"Fri, Jan-13-2023","Southern Utah, Utah, Utah State",,9.8500,,,,A,BYU,30860,Anna Bramblett-Wilde
"Fri, Jan-20-2023",Boise State,,9.1500,,,,H,BYU,30860,Anna Bramblett-Wilde
"Fri, Jan-27-2023",Utah State,,9.8250,,,,A,BYU,30860,Anna Bramblett-Wilde
"Fri, Feb-03-2023",Southern Utah,,9.9000,,,,A,BYU,30860,Anna Bramblett-Wilde
"Fri, Feb-10-2023",Southern Utah,,9.9500,,,,H,BYU,30860,Anna Bramblett-Wilde
"Fri, Feb-17-2023",Boise State,,8.6500,,,,A,BYU,30860,Anna Bramblett-Wilde
"Fri, Feb-24-2023",Utah State,,9.2000,,,,H,BYU,30860,Anna Bramblett-Wilde
"Wed, Mar-01-2023",Alaska,,9.8000,,,,H,BYU,30860,Anna Bramblett-Wilde
"Fri, Mar-03-2023",Ohio State,,9.8750,,,,A,BYU,30860,Anna Bramblett-Wilde
"Sat, Mar-18-2023","Boise State, Southern Utah, Utah State",,9.8500,,,,A,BYU,30860,Anna Bramblett-Wilde
"Wed, Mar-29-2023",,,9.8000,,,,A,BYU,30860,Anna Bramblett-Wilde
"Sat, Jan-07-2023","Arizona State, Auburn, California, Iowa, Michigan, Oklahoma, UCLA",9.7500,,,9.7000,,A,BYU,31578,Sophie Dudley
"Fri, Jan-13-2023","Southern Utah, Utah, Utah State",9.6750,,9.8250,9.8000,,A,BYU,31578,Sophie Dudley
"Fri, Jan-20-2023",Boise State,9.7250,,9.5000,9.7500,,H,BYU,31578,Sophie Dudley
"Fri, Jan-27-2023",Utah State,9.7500,,9.8250,9.8750,,A,BYU,31578,Sophie Dudley
"Fri, Feb-03-2023",Southern Utah,9.7500,,9.8250,9.8000,,A,BYU,31578,Sophie Dudley
"Fri, Feb-10-2023",Southern Utah,9.8500,,9.7500,9.8750,,H,BYU,31578,Sophie Dudley
"Fri, Feb-17-2023",Boise State,9.6750,,9.7250,9.8250,,A,BYU,31578,Sophie Dudley
"Fri, Feb-24-2023",Utah State,9.8000,,9.7000,9.8000,,H,BYU,31578,Sophie Dudley
"Wed, Mar-01-2023",Alaska,9.7500,,9.8250,9.9250,,H,BYU,31578,Sophie Dudley
"Fri, Mar-03-2023",Ohio State,9.8500,,9.1500,9.5500,,A,BYU,31578,Sophie Dudley
"Fri, Mar-10-2023",Arizona,9.8250,,9.8000,9.9000,,A,BYU,31578,Sophie Dudley
"Sat, Mar-18-2023","Boise State, Southern Utah, Utah State",9.7500,,9.8250,9.8500,,A,BYU,31578,Sophie Dudley
"Wed, Mar-29-2023",,9.7500,,9.8000,9.8500,,A,BYU,31578,Sophie Dudley
"Sat, Jan-07-2023","Arizona State, Auburn, California, Iowa, Michigan, Oklahoma, UCLA",9.7500,9.8250,,,,A,BYU,31855,Kylie Eaquinto
"Fri, Jan-13-2023","Southern Utah, Utah, Utah State",9.8000,9.8250,,,,A,BYU,31855,Kylie Eaquinto
"Fri, Jan-20-2023",Boise State,9.8250,9.8000,,,,H,BYU,31855,Kylie Eaquinto
"Fri, Jan-27-2023",Utah State,9.8500,9.8250,,,,A,BYU,31855,Kylie Eaquinto
"Fri, Feb-03-2023",Southern Utah,9.9000,9.0500,,,,A,BYU,31855,Kylie Eaquinto
"Fri, Feb-10-2023",Southern Utah,9.8500,9.7750,,,,H,BYU,31855,Kylie Eaquinto
"Fri, Feb-17-2023",Boise State,9.8250,9.8250,,,,A,BYU,31855,Kylie Eaquinto
"Fri, Feb-24-2023",Utah State,9.8750,9.8250,,,,H,BYU,31855,Kylie Eaquinto
"Wed, Mar-01-2023",Alaska,9.8750,9.8000,,,,H,BYU,31855,Kylie Eaquinto
"Fri, Mar-03-2023",Ohio State,9.8500,9.8750,,,,A,BYU,31855,Kylie Eaquinto
"Fri, Mar-10-2023",Arizona,9.8500,9.7750,,,,A,BYU,31855,Kylie Eaquinto
"Sat, Mar-18-2023","Boise State, Southern Utah, Utah State",9.8750,9.8750,,,,A,BYU,31855,Kylie Eaquinto
"Wed, Mar-29-2023",,9.8250,9.8500,,,,A,BYU,31855,Kylie Eaquinto
"Thu, Mar-30-2023",,9.8000,,,,,A,BYU,31855,Kylie Eaquinto
"Sat, Jan-07-2023","Arizona State, Auburn, California, Iowa, Michigan, Oklahoma, UCLA",,9.8500,,,,A,BYU,30681,Lindsey Hunter
"Fri, Jan-13-2023","Southern Utah, Utah, Utah State",,9.1250,,,,A,BYU,30681,Lindsey Hunter
"Fri, Jan-20-2023",Boise State,,9.8000,,,,H,BYU,30681,Lindsey Hunter
"Fri, Jan-27-2023",Utah State,,9.9000,,,,A,BYU,30681,Lindsey Hunter
"Fri, Feb-03-2023",Southern Utah,,9.9250,,,,A,BYU,30681,Lindsey Hunter
"Fri, Feb-10-2023",Southern Utah,,9.8750,,,,H,BYU,30681,Lindsey Hunter
"Fri, Feb-17-2023",Boise State,,9.3000,,,,A,BYU,30681,Lindsey Hunter
"Fri, Feb-24-2023",Utah State,,9.8000,,,,H,BYU,30681,Lindsey Hunter
"Wed, Mar-01-2023",Alaska,,9.8750,,,,H,BYU,30681,Lindsey Hunter
"Fri, Mar-03-2023",Ohio State,,9.8250,,,,A,BYU,30681,Lindsey Hunter
"Fri, Mar-10-2023",Arizona,,9.0500,,,,A,BYU,30681,Lindsey Hunter
"Sat, Mar-18-2023","Boise State, Southern Utah, Utah State",,9.7750,,,,A,BYU,30681,Lindsey Hunter
"Wed, Mar-29-2023",,,9.8500,,,,A,BYU,30681,Lindsey Hunter
"Fri, Feb-03-2023",Southern Utah,,9.6750,,,,A,BYU,31852,Jayda Lealaogata
"Fri, Feb-10-2023",Southern Utah,,9.7250,,,,H,BYU,31852,Jayda Lealaogata
"Fri, Feb-17-2023",Boise State,,9.5500,,,,A,BYU,31852,Jayda Lealaogata
"Fri, Mar-10-2023",Arizona,,9.8250,,,,A,BYU,31852,Jayda Lealaogata
"Sat, Jan-07-2023","Arizona State, Auburn, California, Iowa, Michigan, Oklahoma, UCLA",,,9.5250,,,A,BYU,31581,Mina Margraf-Benson
"Fri, Jan-13-2023","Southern Utah, Utah, Utah State",,,9.0000,,,A,BYU,31581,Mina Margraf-Benson
"Fri, Jan-20-2023",Boise State,,,9.2250,,,H,BYU,31581,Mina Margraf-Benson
"Fri, Jan-27-2023",Utah State,,,9.8500,,,A,BYU,31581,Mina Margraf-Benson
"Fri, Feb-03-2023",Southern Utah,,,9.9250,,,A,BYU,31581,Mina Margraf-Benson
"Fri, Feb-10-2023",Southern Utah,,,9.8000,,,H,BYU,31581,Mina Margraf-Benson
"Fri, Feb-17-2023",Boise State,,,9.7250,,,A,BYU,31581,Mina Margraf-Benson
"Fri, Feb-24-2023",Utah State,,,9.9000,,,H,BYU,31581,Mina Margraf-Benson
"Wed, Mar-01-2023",Alaska,,,9.7250,,,H,BYU,31581,Mina Margraf-Benson
"Fri, Mar-03-2023",Ohio State,,,9.8750,9.7750,,A,BYU,31581,Mina Margraf-Benson
"Fri, Mar-10-2023",Arizona,,,9.6750,9.7500,,A,BYU,31581,Mina Margraf-Benson
"Sat, Mar-18-2023","Boise State, Southern Utah, Utah State",,,9.8500,,,A,BYU,31581,Mina Margraf-Benson
"Wed, Mar-29-2023",,,,9.8000,,,A,BYU,31581,Mina Margraf-Benson
"Sat, Jan-07-2023","Arizona State, Auburn, California, Iowa, Michigan, Oklahoma, UCLA",9.8000,9.0500,9.8500,,,A,BYU,30766,Allix Mason
"Fri, Jan-13-2023","Southern Utah, Utah, Utah State",9.8250,9.8250,9.7500,,,A,BYU,30766,Allix Mason
"Fri, Jan-20-2023",Boise State,9.7500,9.8250,9.8000,,,H,BYU,30766,Allix Mason
"Fri, Jan-27-2023",Utah State,9.8500,9.7750,9.7750,,,A,BYU,30766,Allix Mason
"Fri, Feb-03-2023",Southern Utah,9.8250,,9.8000,,,A,BYU,30766,Allix Mason
"Fri, Feb-10-2023",Southern Utah,9.2250,,7.4500,,,H,BYU,30766,Allix Mason
"Fri, Feb-17-2023",Boise State,9.2750,,9.7750,,,A,BYU,30766,Allix Mason
"Fri, Feb-24-2023",Utah State,9.8250,9.7500,9.8250,,,H,BYU,30766,Allix Mason
"Wed, Mar-01-2023",Alaska,9.7500,9.8250,9.0500,,,H,BYU,30766,Allix Mason
"Fri, Mar-03-2023",Ohio State,9.8000,9.7500,,,,A,BYU,30766,Allix Mason
"Fri, Mar-10-2023",Arizona,9.9000,9.8750,,,,A,BYU,30766,Allix Mason
"Sat, Mar-18-2023","Boise State, Southern Utah, Utah State",9.7500,9.8000,,,,A,BYU,30766,Allix Mason
"Wed, Mar-29-2023",,9.7500,9.7000,,,,A,BYU,30766,Allix Mason
"Sat, Jan-07-2023","Arizona State, Auburn, California, Iowa, Michigan, Oklahoma, UCLA",,,9.1000,9.6750,,A,BYU,31583,Eliza Millar-Crossman
"Fri, Jan-13-2023","Southern Utah, Utah, Utah State",,,,9.8000,,A,BYU,31583,Eliza Millar-Crossman
"Fri, Jan-20-2023",Boise State,,,,9.8500,,H,BYU,31583,Eliza Millar-Crossman
"Fri, Jan-27-2023",Utah State,,,,9.8250,,A,BYU,31583,Eliza Millar-Crossman
"Fri, Feb-03-2023",Southern Utah,,,,9.7250,,A,BYU,31583,Eliza Millar-Crossman
"Fri, Feb-10-2023",Southern Utah,,,,9.8000,,H,BYU,31583,Eliza Millar-Crossman
"Fri, Feb-17-2023",Boise State,,,,9.8250,,A,BYU,31583,Eliza Millar-Crossman
"Fri, Feb-24-2023",Utah State,,,,9.8500,,H,BYU,31583,Eliza Millar-Crossman
"Wed, Mar-01-2023",Alaska,,,,9.8750,,H,BYU,31583,Eliza Millar-Crossman
"Fri, Mar-03-2023",Ohio State,,,,9.0250,,A,BYU,31583,Eliza Millar-Crossman
"Fri, Mar-10-2023",Arizona,,,9.7250,9.8500,,A,BYU,31583,Eliza Millar-Crossman
"Sat, Mar-18-2023","Boise State, Southern Utah, Utah State",,,9.7250,9.8000,,A,BYU,31583,Eliza Millar-Crossman
"Wed, Mar-29-2023",,,,9.8000,9.8000,,A,BYU,31583,Eliza Millar-Crossman
"Sat, Jan-07-2023","Arizona State, Auburn, California, Iowa, Michigan, Oklahoma, UCLA",,,9.7500,,,A,BYU,30857,Lauren Ono
"Fri, Jan-13-2023","Southern Utah, Utah, Utah State",,,9.0250,,,A,BYU,30857,Lauren Ono
"Fri, Jan-20-2023",Boise State,,,9.6000,,,H,BYU,30857,Lauren Ono
"Fri, Jan-27-2023",Utah State,,,9.9000,,,A,BYU,30857,Lauren Ono
"Fri, Feb-03-2023",Southern Utah,,,9.7500,,,A,BYU,30857,Lauren Ono
"Fri, Feb-10-2023",Southern Utah,,,9.0500,,,H,BYU,30857,Lauren Ono
"Fri, Mar-03-2023",Ohio State,,,9.7750,,,A,BYU,30857,Lauren Ono
"Fri, Mar-10-2023",Arizona,,,9.8750,,,A,BYU,30857,Lauren Ono
"Sat, Mar-18-2023","Boise State, Southern Utah, Utah State",,,9.0000,,,A,BYU,30857,Lauren Ono
"Fri, Jan-13-2023","Southern Utah, Utah, Utah State",,,9.7500,,,A,BYU,31856,Madison Raesly-Patton
"Fri, Jan-20-2023",Boise State,,,9.6000,,,H,BYU,31856,Madison Raesly-Patton
"Fri, Jan-27-2023",Utah State,9.6250,,9.8500,,,A,BYU,31856,Madison Raesly-Patton
"Fri, Feb-03-2023",Southern Utah,9.8000,,9.8750,,,A,BYU,31856,Madison Raesly-Patton
"Fri, Feb-10-2023",Southern Utah,9.8250,,9.8500,,,H,BYU,31856,Madison Raesly-Patton
"Fri, Feb-17-2023",Boise State,9.7500,,9.8250,,,A,BYU,31856,Madison Raesly-Patton
"Fri, Feb-24-2023",Utah State,9.7500,,9.8750,,,H,BYU,31856,Madison Raesly-Patton
"Wed, Mar-01-2023",Alaska,9.8250,,9.8250,,,H,BYU,31856,Madison Raesly-Patton
"Fri, Mar-03-2023",Ohio State,9.7750,,9.7000,,,A,BYU,31856,Madison Raesly-Patton
"Fri, Mar-10-2023",Arizona,9.8750,,9.6500,,,A,BYU,31856,Madison Raesly-Patton
"Sat, Mar-18-2023","Boise State, Southern Utah, Utah State",9.8000,,9.8000,,,A,BYU,31856,Madison Raesly-Patton
"Wed, Mar-29-2023",,9.7500,,9.8250,,,A,BYU,31856,Madison Raesly-Patton
"Sat, Jan-07-2023","Arizona State, Auburn, California, Iowa, Michigan, Oklahoma, UCLA",9.7250,,9.9000,9.7000,,A,BYU,30683,Elease Rollins
"Fri, Jan-13-2023","Southern Utah, Utah, Utah State",9.5000,,9.8500,9.7750,,A,BYU,30683,Elease Rollins
"Fri, Jan-20-2023",Boise State,9.6250,,9.9000,9.6500,,H,BYU,30683,Elease Rollins
"Fri, Jan-27-2023",Utah State,,,9.9250,9.8000,,A,BYU,30683,Elease Rollins
"Fri, Feb-03-2023",Southern Utah,,,9.8500,9.8750,,A,BYU,30683,Elease Rollins
"Fri, Feb-10-2023",Southern Utah,,,9.9500,9.8500,,H,BYU,30683,Elease Rollins
"Fri, Feb-17-2023",Boise State,9.7250,,9.9250,9.5750,,A,BYU,30683,Elease Rollins
"Fri, Feb-24-2023",Utah State,,,9.8000,9.8500,,H,BYU,30683,Elease Rollins
"Wed, Mar-01-2023",Alaska,,,9.7000,9.8250,,H,BYU,30683,Elease Rollins
"Fri, Mar-03-2023",Ohio State,,,9.9000,9.7500,,A,BYU,30683,Elease Rollins
"Fri, Mar-10-2023",Arizona,,,9.9000,9.7750,,A,BYU,30683,Elease Rollins
"Sat, Mar-18-2023","Boise State, Southern Utah, Utah State",,,9.9750,9.8500,,A,BYU,30683,Elease Rollins
"Wed, Mar-29-2023",,,,9.9000,9.7750,,A,BYU,30683,Elease Rollins
"Thu, Mar-30-2023",,,,9.8000,,,A,BYU,30683,Elease Rollins
"Sat, Jan-07-2023","Arizona State, Auburn, California, Iowa, Michigan, Oklahoma, UCLA",,,9.0750,9.7000,,A,BYU,31584,Heidi Schooley-Meyers
"Fri, Jan-13-2023","Southern Utah, Utah, Utah State",,,,9.7750,,A,BYU,31584,Heidi Schooley-Meyers
"Fri, Jan-20-2023",Boise State,,,,9.8250,,H,BYU,31584,Heidi Schooley-Meyers
"Fri, Jan-27-2023",Utah State,,,,9.8000,,A,BYU,31584,Heidi Schooley-Meyers
"Fri, Feb-03-2023",Southern Utah,,,,9.8250,,A,BYU,31584,Heidi Schooley-Meyers
"Fri, Feb-10-2023",Southern Utah,,,,9.8750,,H,BYU,31584,Heidi Schooley-Meyers
"Fri, Feb-17-2023",Boise State,,,9.8250,9.5500,,A,BYU,31584,Heidi Schooley-Meyers
"Fri, Feb-24-2023",Utah State,,,9.8000,9.8750,,H,BYU,31584,Heidi Schooley-Meyers
"Wed, Mar-01-2023",Alaska,,,9.6750,9.8000,,H,BYU,31584,Heidi Schooley-Meyers
"Fri, Mar-03-2023",Ohio State,,,9.2000,9.8750,,A,BYU,31584,Heidi Schooley-Meyers
"Fri, Mar-10-2023",Arizona,,,,9.8500,,A,BYU,31584,Heidi Schooley-Meyers
"Sat, Mar-18-2023","Boise State, Southern Utah, Utah State",,,,9.8250,,A,BYU,31584,Heidi Schooley-Meyers
"Wed, Mar-29-2023",,,,9.7000,9.7750,,A,BYU,31584,Heidi Schooley-Meyers
"Fri, Jan-20-2023",Arizona,,,,9.7750,,A,California,31860,Miki Aderinto
"Sat, Jan-14-2023","Boise State, Iowa, Minnesota, Oregon State, Pittsburgh, UCLA, Washington",9.7500,,,,,A,California,31861,Casey Brown
"Fri, Jan-20-2023",Arizona,8.9750,,,,,A,California,31861,Casey Brown
"Sat, Feb-04-2023",Arizona State,9.8250,,,,,H,California,31861,Casey Brown
"Fri, Feb-10-2023",Oregon State,9.7750,,,,,A,California,31861,Casey Brown
"Sat, Feb-18-2023",UCLA,9.8000,,,,,H,California,31861,Casey Brown
"Fri, Feb-24-2023",Utah,9.7750,,,,,A,California,31861,Casey Brown
"Fri, Mar-03-2023","George Washington, LSU, Washington",9.8750,,,,,A,California,31861,Casey Brown
"Fri, Mar-10-2023","Ohio State, Stanford, Utah State",9.8250,,,,,H,California,31861,Casey Brown
"Sun, Mar-12-2023","Arizona, Sacramento State, UC Davis",9.9000,,,,,H,California,31861,Casey Brown
"Sat, Mar-18-2023","Arizona, Arizona State, Oregon State, Stanford, UCLA, Utah, Washington",9.8500,,,,,A,California,31861,Casey Brown
"Fri, Mar-31-2023",,9.7250,,,,,A,California,31861,Casey Brown
"Sun, Apr-02-2023",,9.8000,,,,,A,California,31861,Casey Brown
"Thu, Apr-13-2023","Alabama, Arizona State, Arkansas, Auburn, Boise State, Denver, Florida, Kentucky, LSU, Michigan, Michigan State, Missouri, Ohio State, Oklahoma, Oregon State, Penn State, Stanford, UCLA, Utah",9.8375,,,,,A,California,31861,Casey Brown
"Sat, Jan-07-2023","Arizona State, Auburn, BYU, Iowa, Michigan, Oklahoma, UCLA",9.8250,9.8750,,,,A,California,31292,Ella Cesario
"Sat, Jan-14-2023","Boise State, Iowa, Minnesota, Oregon State, Pittsburgh, UCLA, Washington",9.8250,9.9250,,,,A,California,31292,Ella Cesario
"Fri, Jan-20-2023",Arizona,9.5750,9.8750,9.9000,,,A,California,31292,Ella Cesario
"Sat, Jan-28-2023",Stanford,9.8250,9.8250,,,,H,California,31292,Ella Cesario
"Fri, Feb-24-2023",Utah,,9.8500,,,,A,California,31292,Ella Cesario
"Fri, Mar-03-2023","George Washington, LSU, Washington",,9.8750,,,,A,California,31292,Ella Cesario
"Fri, Mar-10-2023","Ohio State, Stanford, Utah State",,9.8750,,,,H,California,31292,Ella Cesario
"Sun, Mar-12-2023","Arizona, Sacramento State, UC Davis",9.8250,9.8250,,,,H,California,31292,Ella Cesario
"Sat, Mar-18-2023","Arizona, Arizona State, Oregon State, Stanford, UCLA, Utah, Washington",,9.8750,,,,A,California,31292,Ella Cesario
"Fri, Mar-31-2023",,9.7500,9.9500,,,,A,California,31292,Ella Cesario
"Sun, Apr-02-2023",,,9.8500,,,,A,California,31292,Ella Cesario
"Thu, Apr-13-2023","Alabama, Arizona State, Arkansas, Auburn, Boise State, Denver, Florida, Kentucky, LSU, Michigan, Michigan State, Missouri, Ohio State, Oklahoma, Oregon State, Penn State, Stanford, UCLA, Utah",,9.2750,,,,A,California,31292,Ella Cesario
"Sat, Jan-07-2023","Arizona State, Auburn, BYU, Iowa, Michigan, Oklahoma, UCLA",9.9000,9.8500,9.8750,9.6750,39.3000,A,California,30591,Nevaeh DeSouza
"Sat, Jan-14-2023","Boise State, Iowa, Minnesota, Oregon State, Pittsburgh, UCLA, Washington",9.9000,9.8250,9.8000,9.8500,39.3750,A,California,30591,Nevaeh DeSouza
"Fri, Jan-20-2023",Arizona,9.8500,9.8750,9.8500,9.8500,39.4250,A,California,30591,Nevaeh DeSouza
"Sat, Jan-28-2023",Stanford,9.8250,9.9000,9.9000,9.7750,39.4000,H,California,30591,Nevaeh DeSouza
"Sat, Feb-04-2023",Arizona State,9.9250,9.8750,9.9000,9.8500,39.5500,H,California,30591,Nevaeh DeSouza
"Fri, Feb-10-2023",Oregon State,9.8500,9.9000,9.8750,9.8750,39.5000,A,California,30591,Nevaeh DeSouza
"Sat, Feb-18-2023",UCLA,9.9250,9.9250,9.9250,9.6750,39.4500,H,California,30591,Nevaeh DeSouza
"Fri, Feb-24-2023",Utah,9.8500,9.8500,9.9000,9.8500,39.4500,A,California,30591,Nevaeh DeSouza
"Fri, Mar-03-2023","George Washington, LSU, Washington",9.9000,9.7750,9.6500,9.8750,39.2000,A,California,30591,Nevaeh DeSouza
"Fri, Mar-10-2023","Ohio State, Stanford, Utah State",9.9000,9.8500,9.8750,9.8750,39.5000,H,California,30591,Nevaeh DeSouza
"Sun, Mar-12-2023","Arizona, Sacramento State, UC Davis",9.8500,9.8500,9.9750,9.9000,39.5750,H,California,30591,Nevaeh DeSouza
"Sat, Mar-18-2023","Arizona, Arizona State, Oregon State, Stanford, UCLA, Utah, Washington",9.8750,9.8750,9.9250,9.8500,39.5250,A,California,30591,Nevaeh DeSouza
"Fri, Mar-31-2023",,9.8000,9.8500,9.8500,9.8750,39.3750,A,California,30591,Nevaeh DeSouza
"Sun, Apr-02-2023",,9.8500,9.8750,9.9000,9.9000,39.5250,A,California,30591,Nevaeh DeSouza
"Thu, Apr-13-2023","Alabama, Arizona State, Arkansas, Auburn, Boise State, Denver, Florida, Kentucky, LSU, Michigan, Michigan State, Missouri, Ohio State, Oklahoma, Oregon State, Penn State, Stanford, UCLA, Utah",9.8625,9.8750,9.8500,9.8375,39.4250,A,California,30591,Nevaeh DeSouza
"Sat, Jan-07-2023","Arizona State, Auburn, BYU, Iowa, Michigan, Oklahoma, UCLA",9.7500,9.4000,9.9500,9.9500,39.0500,A,California,31862,eMjae Frazier
"Sat, Jan-14-2023","Boise State, Iowa, Minnesota, Oregon State, Pittsburgh, UCLA, Washington",9.9000,9.6500,9.7500,9.8750,39.1750,A,California,31862,eMjae Frazier
"Sat, Jan-28-2023",Stanford,9.9500,,9.8750,9.9250,,H,California,31862,eMjae Frazier
"Sat, Feb-04-2023",Arizona State,9.8500,9.8000,9.7750,9.9500,39.3750,H,California,31862,eMjae Frazier
"Fri, Feb-10-2023",Oregon State,9.7750,9.8000,9.8000,9.8250,39.2000,A,California,31862,eMjae Frazier
"Sat, Feb-18-2023",UCLA,9.8750,9.9500,9.9000,9.9750,39.7000,H,California,31862,eMjae Frazier
"Fri, Feb-24-2023",Utah,9.8000,9.9250,9.7750,9.9000,39.4000,A,California,31862,eMjae Frazier
"Fri, Mar-03-2023","George Washington, LSU, Washington",9.7500,9.9000,9.8750,10.0000,39.5250,A,California,31862,eMjae Frazier
"Fri, Mar-10-2023","Ohio State, Stanford, Utah State",9.8500,9.9250,9.8250,9.9250,39.5250,H,California,31862,eMjae Frazier
"Sun, Mar-12-2023","Arizona, Sacramento State, UC Davis",,9.9000,9.9250,9.9250,,H,California,31862,eMjae Frazier
"Sat, Mar-18-2023","Arizona, Arizona State, Oregon State, Stanford, UCLA, Utah, Washington",9.8000,9.3500,9.8500,9.9500,38.9500,A,California,31862,eMjae Frazier
"Fri, Mar-31-2023",,,9.8500,9.8500,9.9500,,A,California,31862,eMjae Frazier
"Sun, Apr-02-2023",,9.9000,9.9250,9.9500,9.9750,39.7500,A,California,31862,eMjae Frazier
"Thu, Apr-13-2023","Alabama, Arizona State, Arkansas, Auburn, Boise State, Denver, Florida, Kentucky, LSU, Michigan, Michigan State, Missouri, Ohio State, Oklahoma, Oregon State, Penn State, Stanford, UCLA, Utah",9.8875,9.7875,9.8500,9.9375,39.4625,A,California,31862,eMjae Frazier
"Fri, Feb-24-2023",Utah,,,,9.7750,,A,California,31293,Jordan Kane
"Sat, Jan-07-2023","Arizona State, Auburn, BYU, Iowa, Michigan, Oklahoma, UCLA",9.9250,,9.8500,9.9250,,A,California,31294,Mya Lauzon
"Sat, Jan-14-2023","Boise State, Iowa, Minnesota, Oregon State, Pittsburgh, UCLA, Washington",9.9250,,9.8750,9.9250,,A,California,31294,Mya Lauzon
"Fri, Jan-20-2023",Arizona,9.8000,9.7750,9.8750,9.8500,39.3000,A,California,31294,Mya Lauzon
"Sat, Jan-28-2023",Stanford,9.7500,9.8000,9.9500,9.9250,39.4250,H,California,31294,Mya Lauzon
"Sat, Feb-04-2023",Arizona State,9.9250,9.9000,9.9250,9.9500,39.7000,H,California,31294,Mya Lauzon
"Fri, Feb-10-2023",Oregon State,9.8750,9.8750,9.7500,9.9000,39.4000,A,California,31294,Mya Lauzon
"Sat, Feb-18-2023",UCLA,9.9500,9.8250,9.9250,9.9750,39.6750,H,California,31294,Mya Lauzon
"Fri, Feb-24-2023",Utah,9.8500,,9.9500,9.8250,,A,California,31294,Mya Lauzon
"Fri, Mar-03-2023","George Washington, LSU, Washington",9.9500,,9.9000,9.9500,,A,California,31294,Mya Lauzon
"Fri, Mar-10-2023","Ohio State, Stanford, Utah State",9.9250,,9.9750,9.9500,,H,California,31294,Mya Lauzon
"Sun, Mar-12-2023","Arizona, Sacramento State, UC Davis",9.7500,,10.0000,9.9500,,H,California,31294,Mya Lauzon
"Sat, Mar-18-2023","Arizona, Arizona State, Oregon State, Stanford, UCLA, Utah, Washington",9.9000,,9.9750,9.9500,,A,California,31294,Mya Lauzon
"Fri, Mar-31-2023",,9.7750,,9.7250,9.9000,,A,California,31294,Mya Lauzon
"Sun, Apr-02-2023",,9.8500,,9.9500,9.9500,,A,California,31294,Mya Lauzon
"Thu, Apr-13-2023","Alabama, Arizona State, Arkansas, Auburn, Boise State, Denver, Florida, Kentucky, LSU, Michigan, Michigan State, Missouri, Ohio State, Oklahoma, Oregon State, Penn State, Stanford, UCLA, Utah",9.9000,,9.9375,9.9375,,A,California,31294,Mya Lauzon
"Sat, Jan-07-2023","Arizona State, Auburn, BYU, Iowa, Michigan, Oklahoma, UCLA",9.7250,9.9750,9.8500,9.9000,39.4500,A,California,30864,Andi Li
"Sat, Jan-14-2023","Boise State, Iowa, Minnesota, Oregon State, Pittsburgh, UCLA, Washington",9.9000,9.9250,9.9250,9.9250,39.6750,A,California,30864,Andi Li
"Fri, Jan-20-2023",Arizona,9.7500,9.9500,9.8000,9.8500,39.3500,A,California,30864,Andi Li
"Sat, Jan-28-2023",Stanford,9.8250,9.9500,9.8250,9.9250,39.5250,H,California,30864,Andi Li
"Sat, Feb-04-2023",Arizona State,9.8500,9.9000,9.9000,9.5500,39.2000,H,California,30864,Andi Li
"Fri, Feb-10-2023",Oregon State,9.8500,9.9750,9.8750,9.9250,39.6250,A,California,30864,Andi Li
"Sat, Feb-18-2023",UCLA,9.8250,9.9500,9.8750,9.9000,39.5500,H,California,30864,Andi Li
"Fri, Feb-24-2023",Utah,9.8000,9.9500,9.8250,9.8750,39.4500,A,California,30864,Andi Li
"Fri, Mar-03-2023","George Washington, LSU, Washington",9.7750,9.9500,9.8250,9.9500,39.5000,A,California,30864,Andi Li
"Fri, Mar-10-2023","Ohio State, Stanford, Utah State",9.8500,9.9500,9.9250,9.9000,39.6250,H,California,30864,Andi Li
"Sun, Mar-12-2023","Arizona, Sacramento State, UC Davis",9.8250,9.9750,9.9500,9.8750,39.6250,H,California,30864,Andi Li
"Sat, Mar-18-2023","Arizona, Arizona State, Oregon State, Stanford, UCLA, Utah, Washington",9.8000,9.9000,9.9250,9.8500,39.4750,A,California,30864,Andi Li
"Fri, Mar-31-2023",,9.8500,9.8000,9.8500,9.8750,39.3750,A,California,30864,Andi Li
"Sun, Apr-02-2023",,9.8000,9.9000,9.9000,9.9000,39.5000,A,California,30864,Andi Li
"Thu, Apr-13-2023","Alabama, Arizona State, Arkansas, Auburn, Boise State, Denver, Florida, Kentucky, LSU, Michigan, Michigan State, Missouri, Ohio State, Oklahoma, Oregon State, Penn State, Stanford, UCLA, Utah",9.8250,9.9000,9.8500,9.8750,39.4500,A,California,30864,Andi Li
"Sat, Jan-07-2023","Arizona State, Auburn, BYU, Iowa, Michigan, Oklahoma, UCLA",,9.9000,9.7750,9.8500,,A,California,30865,Gabby Perea
"Sat, Jan-14-2023","Boise State, Iowa, Minnesota, Oregon State, Pittsburgh, UCLA, Washington",,9.8750,9.9000,9.8000,,A,California,30865,Gabby Perea
"Fri, Jan-20-2023",Arizona,,9.1500,9.9250,9.5500,,A,California,30865,Gabby Perea
"Sat, Jan-28-2023",Stanford,,9.8500,9.7250,9.6250,,H,California,30865,Gabby Perea
"Sat, Feb-04-2023",Arizona State,,9.8750,9.9000,9.8250,,H,California,30865,Gabby Perea
"Fri, Feb-10-2023",Oregon State,,9.9000,9.9250,9.8250,,A,California,30865,Gabby Perea
"Sat, Feb-18-2023",UCLA,,9.8500,9.8750,9.0250,,H,California,30865,Gabby Perea
"Fri, Feb-24-2023",Utah,,9.9000,9.8750,,,A,California,30865,Gabby Perea
"Fri, Mar-03-2023","George Washington, LSU, Washington",,9.9000,9.3750,9.9000,,A,California,30865,Gabby Perea
"Fri, Mar-10-2023","Ohio State, Stanford, Utah State",,9.9500,9.9250,9.8500,,H,California,30865,Gabby Perea
"Sun, Mar-12-2023","Arizona, Sacramento State, UC Davis",,9.9750,9.9750,9.8000,,H,California,30865,Gabby Perea
"Sat, Mar-18-2023","Arizona, Arizona State, Oregon State, Stanford, UCLA, Utah, Washington",,9.8500,9.9500,9.7500,,A,California,30865,Gabby Perea
"Fri, Mar-31-2023",,,9.9500,9.9000,9.9000,,A,California,30865,Gabby Perea
"Sun, Apr-02-2023",,,9.8750,9.9500,9.9000,,A,California,30865,Gabby Perea
"Thu, Apr-13-2023","Alabama, Arizona State, Arkansas, Auburn, Boise State, Denver, Florida, Kentucky, LSU, Michigan, Michigan State, Missouri, Ohio State, Oklahoma, Oregon State, Penn State, Stanford, UCLA, Utah",,8.9875,9.7500,9.7625,,A,California,30865,Gabby Perea
"Sat, Jan-07-2023","Arizona State, Auburn, BYU, Iowa, Michigan, Oklahoma, UCLA",9.7500,9.8250,9.9000,9.8500,39.3250,A,California,31296,Madelyn Williams
"Sat, Jan-14-2023","Boise State, Iowa, Minnesota, Oregon State, Pittsburgh, UCLA, Washington",,9.9000,9.2750,9.8000,,A,California,31296,Madelyn Williams
"Fri, Jan-20-2023",Arizona,9.6750,9.9500,9.9000,8.9500,38.4750,A,California,31296,Madelyn Williams
"Sat, Jan-28-2023",Stanford,9.8000,9.9500,9.8750,9.8500,39.4750,H,California,31296,Madelyn Williams
"Sat, Feb-04-2023",Arizona State,9.8750,9.9750,9.8000,9.6500,39.3000,H,California,31296,Madelyn Williams
"Fri, Feb-10-2023",Oregon State,9.8000,9.9000,9.8000,9.8750,39.3750,A,California,31296,Madelyn Williams
"Sat, Feb-18-2023",UCLA,9.8250,9.9750,9.9000,9.8750,39.5750,H,California,31296,Madelyn Williams
"Fri, Feb-24-2023",Utah,9.8500,9.9500,9.9500,9.8750,39.6250,A,California,31296,Madelyn Williams
"Fri, Mar-03-2023","George Washington, LSU, Washington",9.8500,9.9250,9.8250,9.9000,39.5000,A,California,31296,Madelyn Williams
"Fri, Mar-10-2023","Ohio State, Stanford, Utah State",9.8750,9.8500,9.9000,9.9000,39.5250,H,California,31296,Madelyn Williams
"Sun, Mar-12-2023","Arizona, Sacramento State, UC Davis",9.8250,9.9500,9.9250,9.9250,39.6250,H,California,31296,Madelyn Williams
"Sat, Mar-18-2023","Arizona, Arizona State, Oregon State, Stanford, UCLA, Utah, Washington",9.8500,9.9500,9.8500,9.8750,39.5250,A,California,31296,Madelyn Williams
"Fri, Mar-31-2023",,9.7500,9.9000,9.8250,9.9250,39.4000,A,California,31296,Madelyn Williams
"Sun, Apr-02-2023",,9.8750,9.9500,9.9000,9.9000,39.6250,A,California,31296,Madelyn Williams
"Thu, Apr-13-2023","Alabama, Arizona State, Arkansas, Auburn, Boise State, Denver, Florida, Kentucky, LSU, Michigan, Michigan State, Missouri, Ohio State, Oklahoma, Oregon State, Penn State, Stanford, UCLA, Utah",9.8625,9.8750,9.9250,9.8500,39.5125,A,California,31296,Madelyn Williams
"Sun, Jan-15-2023","New Hampshire, Temple",9.7500,9.8500,8.7750,9.7750,38.1500,A,Central Michigan,31863,Luciana Alvarado-Reid
"Sat, Jan-21-2023",Northern Illinois,9.7750,9.8250,9.4000,9.8750,38.8750,H,Central Michigan,31863,Luciana Alvarado-Reid
"Fri, Jan-27-2023",Bowling Green,9.8250,9.8500,9.3000,9.8250,38.8000,H,Central Michigan,31863,Luciana Alvarado-Reid
"Fri, Feb-03-2023",Eastern Michigan,9.7250,9.9000,,9.8500,,H,Central Michigan,31863,Luciana Alvarado-Reid
"Sun, Feb-12-2023",Iowa State,9.8250,9.8000,,9.8750,,A,Central Michigan,31863,Luciana Alvarado-Reid
"Sun, Feb-19-2023",Western Michigan,9.7750,9.8750,9.7750,9.8000,39.2250,A,Central Michigan,31863,Luciana Alvarado-Reid
"Sun, Feb-26-2023",Ball State,9.8250,9.7750,9.5750,9.7500,38.9250,A,Central Michigan,31863,Luciana Alvarado-Reid
"Sun, Mar-05-2023","Pittsburgh, West Virginia",9.8750,9.8750,9.7500,9.8250,39.3250,A,Central Michigan,31863,Luciana Alvarado-Reid
"Sun, Mar-12-2023",Kent State,9.7000,9.8000,9.9250,9.8750,39.3000,A,Central Michigan,31863,Luciana Alvarado-Reid
"Sat, Mar-18-2023",", Ball State, Bowling Green, Eastern Michigan, Kent State, Northern Illinois, Western Michigan",9.8500,9.8500,9.8250,9.8750,39.4000,A,Central Michigan,31863,Luciana Alvarado-Reid
"Sun, Jan-15-2023","New Hampshire, Temple",9.7250,,,,,A,Central Michigan,31301,Avah Bootz
"Sat, Jan-21-2023",Northern Illinois,9.7750,,,,,H,Central Michigan,31301,Avah Bootz
"Fri, Jan-27-2023",Bowling Green,9.8250,,,,,H,Central Michigan,31301,Avah Bootz
"Fri, Feb-03-2023",Eastern Michigan,9.7750,,,,,H,Central Michigan,31301,Avah Bootz
"Sun, Feb-12-2023",Iowa State,9.7750,,,,,A,Central Michigan,31301,Avah Bootz
"Sun, Feb-19-2023",Western Michigan,9.7000,,,,,A,Central Michigan,31301,Avah Bootz
"Sun, Mar-05-2023","Pittsburgh, West Virginia",9.8000,,,,,A,Central Michigan,31301,Avah Bootz
"Sun, Jan-15-2023","New Hampshire, Temple",,9.8250,9.8750,,,A,Central Michigan,30867,Adriana Bustelo
"Sat, Jan-21-2023",Northern Illinois,,9.9250,9.8500,,,H,Central Michigan,30867,Adriana Bustelo
"Fri, Jan-27-2023",Bowling Green,,9.7250,9.6500,,,H,Central Michigan,30867,Adriana Bustelo
"Fri, Feb-03-2023",Eastern Michigan,,9.1750,9.8750,,,H,Central Michigan,30867,Adriana Bustelo
"Sun, Feb-12-2023",Iowa State,,9.8500,9.7250,,,A,Central Michigan,30867,Adriana Bustelo
"Sun, Feb-19-2023",Western Michigan,,8.9500,9.8000,,,A,Central Michigan,30867,Adriana Bustelo
"Sun, Feb-26-2023",Ball State,,9.1250,9.8250,,,A,Central Michigan,30867,Adriana Bustelo
"Sun, Mar-05-2023","Pittsburgh, West Virginia",,9.7500,9.8000,,,A,Central Michigan,30867,Adriana Bustelo
"Sun, Mar-12-2023",Kent State,,7.7000,9.6500,,,A,Central Michigan,30867,Adriana Bustelo
"Sun, Jan-15-2023","New Hampshire, Temple",,,,9.8000,,A,Central Michigan,30868,Elizabeth Buttle
"Sat, Jan-21-2023",Northern Illinois,,,,9.9000,,H,Central Michigan,30868,Elizabeth Buttle
"Sun, Jan-15-2023","New Hampshire, Temple",9.7500,,,,,A,Central Michigan,30869,Elizabeth Cesarone
"Sat, Jan-21-2023",Northern Illinois,9.7500,,,,,H,Central Michigan,30869,Elizabeth Cesarone
"Fri, Jan-27-2023",Bowling Green,9.7250,,,,,H,Central Michigan,30869,Elizabeth Cesarone
"Fri, Feb-03-2023",Eastern Michigan,9.7250,,,9.7000,,H,Central Michigan,30869,Elizabeth Cesarone
"Sun, Feb-12-2023",Iowa State,9.8250,,,9.0750,,A,Central Michigan,30869,Elizabeth Cesarone
"Sun, Feb-19-2023",Western Michigan,9.8000,,,,,A,Central Michigan,30869,Elizabeth Cesarone
"Sun, Feb-26-2023",Ball State,9.7500,,,,,A,Central Michigan,30869,Elizabeth Cesarone
"Sun, Mar-05-2023","Pittsburgh, West Virginia",9.9250,,,,,A,Central Michigan,30869,Elizabeth Cesarone
"Sun, Mar-12-2023",Kent State,9.8500,,,,,A,Central Michigan,30869,Elizabeth Cesarone
"Sat, Mar-18-2023",", Ball State, Bowling Green, Eastern Michigan, Kent State, Northern Illinois, Western Michigan",9.8000,,,,,A,Central Michigan,30869,Elizabeth Cesarone
"Sun, Jan-15-2023","New Hampshire, Temple",9.6500,9.8000,9.6750,9.6500,38.7750,A,Central Michigan,30384,Hannah Demers
"Sat, Jan-21-2023",Northern Illinois,9.8500,8.4000,9.6000,9.9000,37.7500,H,Central Michigan,30384,Hannah Demers
"Fri, Jan-27-2023",Bowling Green,9.1000,9.9000,9.1500,9.7500,37.9000,H,Central Michigan,30384,Hannah Demers
"Fri, Feb-03-2023",Eastern Michigan,9.8250,9.9500,9.8000,9.9500,39.5250,H,Central Michigan,30384,Hannah Demers
"Sun, Feb-12-2023",Iowa State,9.9000,9.8750,9.1000,9.9000,38.7750,A,Central Michigan,30384,Hannah Demers
"Sun, Feb-19-2023",Western Michigan,9.8500,9.8750,9.9250,9.8750,39.5250,A,Central Michigan,30384,Hannah Demers
"Sun, Feb-26-2023",Ball State,9.9000,9.8750,9.9250,9.7750,39.4750,A,Central Michigan,30384,Hannah Demers
"Sun, Mar-05-2023","Pittsburgh, West Virginia",9.8750,9.8250,9.7750,9.9000,39.3750,A,Central Michigan,30384,Hannah Demers
"Sun, Mar-12-2023",Kent State,9.8500,9.8500,9.7750,9.9250,39.4000,A,Central Michigan,30384,Hannah Demers
"Sat, Mar-18-2023",", Ball State, Bowling Green, Eastern Michigan, Kent State, Northern Illinois, Western Michigan",9.8250,9.9500,9.7500,9.9500,39.4750,A,Central Michigan,30384,Hannah Demers
"Thu, Mar-30-2023",,9.8250,9.9000,9.1250,9.8750,38.7250,A,Central Michigan,30384,Hannah Demers
"Sun, Jan-15-2023","New Hampshire, Temple",,9.1750,,,,A,Central Michigan,30385,Audriana Hammond
"Sat, Jan-21-2023",Northern Illinois,,9.7750,,,,H,Central Michigan,30385,Audriana Hammond
"Fri, Jan-27-2023",Bowling Green,,9.8750,,,,H,Central Michigan,30385,Audriana Hammond
"Fri, Feb-03-2023",Eastern Michigan,,9.8250,,,,H,Central Michigan,30385,Audriana Hammond
"Sun, Feb-12-2023",Iowa State,,9.8250,,,,A,Central Michigan,30385,Audriana Hammond
"Sun, Feb-19-2023",Western Michigan,,9.8000,,,,A,Central Michigan,30385,Audriana Hammond
"Sun, Feb-26-2023",Ball State,,9.8500,,,,A,Central Michigan,30385,Audriana Hammond
"Sun, Mar-05-2023","Pittsburgh, West Virginia",,9.8250,,,,A,Central Michigan,30385,Audriana Hammond
"Sun, Mar-12-2023",Kent State,,9.3250,,,,A,Central Michigan,30385,Audriana Hammond
"Sat, Mar-18-2023",", Ball State, Bowling Green, Eastern Michigan, Kent State, Northern Illinois, Western Michigan",,9.8250,,,,A,Central Michigan,30385,Audriana Hammond
"Sun, Jan-15-2023","New Hampshire, Temple",8.8250,,,9.7500,,A,Central Michigan,30870,Hallie Hornbacher
"Sat, Jan-21-2023",Northern Illinois,,,,9.8750,,H,Central Michigan,30870,Hallie Hornbacher
"Fri, Jan-27-2023",Bowling Green,,,,9.8250,,H,Central Michigan,30870,Hallie Hornbacher
"Fri, Feb-03-2023",Eastern Michigan,,,9.6250,9.7750,,H,Central Michigan,30870,Hallie Hornbacher
"Sun, Feb-12-2023",Iowa State,,,,9.8250,,A,Central Michigan,30870,Hallie Hornbacher
"Sun, Feb-19-2023",Western Michigan,,,,9.6750,,A,Central Michigan,30870,Hallie Hornbacher
"Sun, Feb-26-2023",Ball State,,,,9.7500,,A,Central Michigan,30870,Hallie Hornbacher
"Sun, Mar-05-2023","Pittsburgh, West Virginia",,,,9.8250,,A,Central Michigan,30870,Hallie Hornbacher
"Sun, Mar-12-2023",Kent State,9.8250,,,9.8000,,A,Central Michigan,30870,Hallie Hornbacher
"Sat, Mar-18-2023",", Ball State, Bowling Green, Eastern Michigan, Kent State, Northern Illinois, Western Michigan",9.7750,,,9.8500,,A,Central Michigan,30870,Hallie Hornbacher
"Sun, Jan-15-2023","New Hampshire, Temple",9.5000,9.2000,,,,A,Central Michigan,31304,Lia Kmieciak
"Sat, Jan-21-2023",Northern Illinois,9.8250,9.8250,,,,H,Central Michigan,31304,Lia Kmieciak
"Fri, Jan-27-2023",Bowling Green,9.7500,9.8000,,,,H,Central Michigan,31304,Lia Kmieciak
"Fri, Feb-03-2023",Eastern Michigan,9.8250,9.8500,,,,H,Central Michigan,31304,Lia Kmieciak
"Sun, Feb-12-2023",Iowa State,9.8500,9.7750,,,,A,Central Michigan,31304,Lia Kmieciak
"Sun, Feb-19-2023",Western Michigan,9.8000,9.8500,,,,A,Central Michigan,31304,Lia Kmieciak
"Sun, Feb-26-2023",Ball State,9.8750,9.7000,,,,A,Central Michigan,31304,Lia Kmieciak
"Sun, Mar-05-2023","Pittsburgh, West Virginia",9.8500,9.8500,,,,A,Central Michigan,31304,Lia Kmieciak
"Sun, Mar-12-2023",Kent State,9.8750,9.7500,,,,A,Central Michigan,31304,Lia Kmieciak
"Sat, Mar-18-2023",", Ball State, Bowling Green, Eastern Michigan, Kent State, Northern Illinois, Western Michigan",9.7750,9.8500,,,,A,Central Michigan,31304,Lia Kmieciak
"Sun, Jan-15-2023","New Hampshire, Temple",,,9.7750,,,A,Central Michigan,31305,Aleysia Kolyvanova
"Sat, Jan-21-2023",Northern Illinois,,,9.2250,,,H,Central Michigan,31305,Aleysia Kolyvanova
"Fri, Jan-27-2023",Bowling Green,,,9.2000,9.7250,,H,Central Michigan,31305,Aleysia Kolyvanova
"Sun, Feb-12-2023",Iowa State,,,9.7750,,,A,Central Michigan,31305,Aleysia Kolyvanova
"Sun, Feb-19-2023",Western Michigan,,,9.9250,9.7750,,A,Central Michigan,31305,Aleysia Kolyvanova
"Sun, Feb-26-2023",Ball State,,,9.8000,9.8000,,A,Central Michigan,31305,Aleysia Kolyvanova
"Sun, Mar-05-2023","Pittsburgh, West Virginia",,,9.6750,9.7750,,A,Central Michigan,31305,Aleysia Kolyvanova
"Sun, Mar-12-2023",Kent State,,,9.8750,6.3500,,A,Central Michigan,31305,Aleysia Kolyvanova
"Sat, Mar-18-2023",", Ball State, Bowling Green, Eastern Michigan, Kent State, Northern Illinois, Western Michigan",,,9.8000,9.8250,,A,Central Michigan,31305,Aleysia Kolyvanova
"Sat, Mar-18-2023",", Ball State, Bowling Green, Eastern Michigan, Kent State, Northern Illinois, Western Michigan",,9.8500,,,,A,Central Michigan,30387,Savana Kotas
"Sun, Feb-26-2023",Ball State,9.6500,,9.8250,,,A,Central Michigan,30872,Amber Mueller
"Sun, Mar-05-2023","Pittsburgh, West Virginia",,,9.6750,,,A,Central Michigan,30872,Amber Mueller
"Sun, Jan-15-2023","New Hampshire, Temple",,,,9.8000,,A,Central Michigan,30388,Taylor Pitchell
"Sat, Jan-21-2023",Northern Illinois,,,9.7250,9.9250,,H,Central Michigan,30388,Taylor Pitchell
"Fri, Jan-27-2023",Bowling Green,,,9.6250,9.7750,,H,Central Michigan,30388,Taylor Pitchell
"Fri, Feb-03-2023",Eastern Michigan,,,9.7500,9.9000,,H,Central Michigan,30388,Taylor Pitchell
"Sun, Feb-12-2023",Iowa State,,,9.7750,9.9250,,A,Central Michigan,30388,Taylor Pitchell
"Sun, Feb-19-2023",Western Michigan,,,9.2750,9.0500,,A,Central Michigan,30388,Taylor Pitchell
"Sun, Feb-26-2023",Ball State,,,,9.8500,,A,Central Michigan,30388,Taylor Pitchell
"Sun, Mar-05-2023","Pittsburgh, West Virginia",,,,9.8500,,A,Central Michigan,30388,Taylor Pitchell
"Sun, Mar-12-2023",Kent State,,,,9.9500,,A,Central Michigan,30388,Taylor Pitchell
"Sat, Mar-18-2023",", Ball State, Bowling Green, Eastern Michigan, Kent State, Northern Illinois, Western Michigan",,,9.2000,9.9000,,A,Central Michigan,30388,Taylor Pitchell
"Thu, Mar-30-2023",,,,,9.9000,,A,Central Michigan,30388,Taylor Pitchell
"Sun, Jan-15-2023","New Hampshire, Temple",,,9.5250,,,A,Central Michigan,31307,Quinn Skrupa
"Sat, Jan-21-2023",Northern Illinois,9.6250,,,,,H,Central Michigan,31307,Quinn Skrupa
"Fri, Jan-27-2023",Bowling Green,9.8000,,,,,H,Central Michigan,31307,Quinn Skrupa
"Fri, Feb-03-2023",Eastern Michigan,9.7000,,9.6750,,,H,Central Michigan,31307,Quinn Skrupa
"Sun, Feb-12-2023",Iowa State,9.7750,,9.6250,,,A,Central Michigan,31307,Quinn Skrupa
"Sun, Feb-19-2023",Western Michigan,9.7250,,9.3250,,,A,Central Michigan,31307,Quinn Skrupa
"Sun, Feb-26-2023",Ball State,9.7500,,,,,A,Central Michigan,31307,Quinn Skrupa
"Sun, Mar-05-2023","Pittsburgh, West Virginia",9.7750,,9.7250,,,A,Central Michigan,31307,Quinn Skrupa
"Sun, Mar-12-2023",Kent State,9.7500,,9.6750,,,A,Central Michigan,31307,Quinn Skrupa
"Sat, Mar-18-2023",", Ball State, Bowling Green, Eastern Michigan, Kent State, Northern Illinois, Western Michigan",9.8000,,9.7250,,,A,Central Michigan,31307,Quinn Skrupa
"Sun, Jan-15-2023","New Hampshire, Temple",,9.7000,9.6500,9.7250,,A,Central Michigan,30391,Ashley Veglucci
"Sat, Jan-21-2023",Northern Illinois,,9.8250,9.1500,9.8500,,H,Central Michigan,30391,Ashley Veglucci
"Fri, Jan-27-2023",Bowling Green,,9.7250,9.2000,9.8750,,H,Central Michigan,30391,Ashley Veglucci
"Fri, Feb-03-2023",Eastern Michigan,,9.6000,9.7750,9.9000,,H,Central Michigan,30391,Ashley Veglucci
"Sun, Feb-12-2023",Iowa State,,9.7500,9.1250,9.7500,,A,Central Michigan,30391,Ashley Veglucci
"Sun, Feb-19-2023",Western Michigan,,9.8000,,9.8000,,A,Central Michigan,30391,Ashley Veglucci
"Sun, Feb-26-2023",Ball State,,9.7250,9.7500,9.7500,,A,Central Michigan,30391,Ashley Veglucci
"Sun, Mar-05-2023","Pittsburgh, West Virginia",,9.7750,,9.9000,,A,Central Michigan,30391,Ashley Veglucci
"Sun, Mar-12-2023",Kent State,,9.8250,9.8250,9.8500,,A,Central Michigan,30391,Ashley Veglucci
"Sat, Mar-18-2023",", Ball State, Bowling Green, Eastern Michigan, Kent State, Northern Illinois, Western Michigan",,9.7500,9.6000,9.8750,,A,Central Michigan,30391,Ashley Veglucci
"Sun, Jan-15-2023","George Washington, Nebraska, William & Mary",9.7500,8.9250,9.4250,9.7750,37.8750,A,Cornell,31308,Sydney Beers
"Fri, Jan-20-2023","Bridgeport, LIU, Temple",9.7750,9.5750,9.5750,9.7500,38.6750,A,Cornell,31308,Sydney Beers
"Sun, Jan-29-2023",LIU,9.7750,9.4500,9.8000,9.8000,38.8250,H,Cornell,31308,Sydney Beers
"Sun, Feb-05-2023",Pennsylvania,9.8250,9.5000,9.7750,9.9000,39.0000,H,Cornell,31308,Sydney Beers
"Sun, Feb-12-2023","Brockport, Cortland State, Ithaca College",9.8000,9.5750,9.7000,9.8250,38.9000,H,Cornell,31308,Sydney Beers
"Sun, Feb-19-2023",West Chester,9.8000,9.3250,9.7000,9.8750,38.7000,H,Cornell,31308,Sydney Beers
"Sun, Feb-26-2023","Brown, Pennsylvania, Yale",9.8250,9.7000,9.6750,9.7500,38.9500,A,Cornell,31308,Sydney Beers
"Sat, Mar-04-2023","Brockport, Cortland State",9.8000,8.7000,9.6500,9.8000,37.9500,A,Cornell,31308,Sydney Beers
"Fri, Mar-10-2023",West Chester,9.7250,9.5500,9.7250,9.8000,38.8000,A,Cornell,31308,Sydney Beers
"Sat, Mar-18-2023","Bridgeport, Brown, Pennsylvania, Southern Conn., West Chester, William & Mary, Yale",9.6750,9.5500,9.6500,9.8500,38.7250,A,Cornell,31308,Sydney Beers
"Thu, Apr-06-2023","Air Force, Bridgeport, Brown, Centenary College, Fisk, Lindenwood, S.E. Missouri, Southern Conn., Texas Woman's, West Chester, Yale",9.8000,9.5250,9.5750,9.8500,38.7500,A,Cornell,31308,Sydney Beers
"Sat, Apr-08-2023","Air Force, Bridgeport, Brown, Centenary College, Fisk, Lindenwood, S.E. Missouri, Southern Conn., Texas Woman's, West Chester, Yale",9.7250,,,9.8380,,A,Cornell,31308,Sydney Beers
"Sun, Jan-15-2023","George Washington, Nebraska, William & Mary",8.6750,,,,,A,Cornell,31177,Calista Brady
"Sun, Feb-12-2023","Brockport, Cortland State, Ithaca College",9.7250,,,,,H,Cornell,31177,Calista Brady
"Sun, Feb-19-2023",West Chester,9.8000,,,9.0000,,H,Cornell,31177,Calista Brady
"Sun, Feb-26-2023","Brown, Pennsylvania, Yale",9.7000,,,,,A,Cornell,31177,Calista Brady
"Sat, Mar-04-2023","Brockport, Cortland State",9.6250,,,,,A,Cornell,31177,Calista Brady
"Fri, Mar-10-2023",West Chester,9.5750,,,,,A,Cornell,31177,Calista Brady
"Sat, Mar-18-2023","Bridgeport, Brown, Pennsylvania, Southern Conn., West Chester, William & Mary, Yale",9.5750,,,,,A,Cornell,31177,Calista Brady
"Thu, Apr-06-2023","Air Force, Bridgeport, Brown, Centenary College, Fisk, Lindenwood, S.E. Missouri, Southern Conn., Texas Woman's, West Chester, Yale",9.1500,,,,,A,Cornell,31177,Calista Brady
"Fri, Jan-20-2023","Bridgeport, LIU, Temple",,,9.4000,,,A,Cornell,31865,Mikayla Burton
"Sun, Jan-29-2023",LIU,,,9.7750,,,H,Cornell,31865,Mikayla Burton
"Sun, Feb-05-2023",Pennsylvania,,,9.8000,,,H,Cornell,31865,Mikayla Burton
"Sun, Feb-12-2023","Brockport, Cortland State, Ithaca College",,,9.7250,,,H,Cornell,31865,Mikayla Burton
"Sun, Feb-19-2023",West Chester,,,9.8000,,,H,Cornell,31865,Mikayla Burton
"Sun, Feb-26-2023","Brown, Pennsylvania, Yale",,,9.8000,,,A,Cornell,31865,Mikayla Burton
"Sat, Mar-04-2023","Brockport, Cortland State",,,9.7250,,,A,Cornell,31865,Mikayla Burton
"Fri, Mar-10-2023",West Chester,,,9.6750,,,A,Cornell,31865,Mikayla Burton
"Sat, Mar-18-2023","Bridgeport, Brown, Pennsylvania, Southern Conn., West Chester, William & Mary, Yale",,,9.7750,,,A,Cornell,31865,Mikayla Burton
"Thu, Apr-06-2023","Air Force, Bridgeport, Brown, Centenary College, Fisk, Lindenwood, S.E. Missouri, Southern Conn., Texas Woman's, West Chester, Yale",,,9.7500,,,A,Cornell,31865,Mikayla Burton
"Sun, Jan-15-2023","George Washington, Nebraska, William & Mary",9.6250,,,,,A,Cornell,31867,Michaela DeFrancisco
"Fri, Jan-20-2023","Bridgeport, LIU, Temple",9.7000,,,,,A,Cornell,31867,Michaela DeFrancisco
"Sun, Jan-29-2023",LIU,9.6000,,,,,H,Cornell,31867,Michaela DeFrancisco
"Sun, Feb-05-2023",Pennsylvania,9.7250,,,,,H,Cornell,31867,Michaela DeFrancisco
"Sun, Feb-12-2023","Brockport, Cortland State, Ithaca College",9.6500,,,,,H,Cornell,31867,Michaela DeFrancisco
"Sun, Feb-19-2023",West Chester,9.7250,,,,,H,Cornell,31867,Michaela DeFrancisco
"Sun, Feb-26-2023","Brown, Pennsylvania, Yale",9.6750,,,,,A,Cornell,31867,Michaela DeFrancisco
"Sat, Mar-04-2023","Brockport, Cortland State",9.6750,,,,,A,Cornell,31867,Michaela DeFrancisco
"Fri, Mar-10-2023",West Chester,9.5750,,,,,A,Cornell,31867,Michaela DeFrancisco
"Sat, Mar-18-2023","Bridgeport, Brown, Pennsylvania, Southern Conn., West Chester, William & Mary, Yale",9.5000,,,,,A,Cornell,31867,Michaela DeFrancisco
"Thu, Apr-06-2023","Air Force, Bridgeport, Brown, Centenary College, Fisk, Lindenwood, S.E. Missouri, Southern Conn., Texas Woman's, West Chester, Yale",9.7000,,,,,A,Cornell,31867,Michaela DeFrancisco
"Sun, Jan-15-2023","George Washington, Nebraska, William & Mary",,,9.5500,9.7750,,A,Cornell,30392,Victoria DeMeo
"Fri, Jan-20-2023","Bridgeport, LIU, Temple",,,9.5250,9.6250,,A,Cornell,30392,Victoria DeMeo
"Sun, Jan-29-2023",LIU,,,,9.0750,,H,Cornell,30392,Victoria DeMeo
"Sun, Feb-05-2023",Pennsylvania,,,9.6500,9.7250,,H,Cornell,30392,Victoria DeMeo
"Sun, Feb-12-2023","Brockport, Cortland State, Ithaca College",,,9.6750,9.7750,,H,Cornell,30392,Victoria DeMeo
"Sun, Feb-19-2023",West Chester,,,9.5500,9.7750,,H,Cornell,30392,Victoria DeMeo
"Sun, Feb-26-2023","Brown, Pennsylvania, Yale",,,9.5000,9.7000,,A,Cornell,30392,Victoria DeMeo
"Sat, Mar-04-2023","Brockport, Cortland State",,,9.5000,9.9000,,A,Cornell,30392,Victoria DeMeo
"Fri, Mar-10-2023",West Chester,,,9.5500,9.6000,,A,Cornell,30392,Victoria DeMeo
"Sat, Mar-18-2023","Bridgeport, Brown, Pennsylvania, Southern Conn., West Chester, William & Mary, Yale",,,9.4250,9.8000,,A,Cornell,30392,Victoria DeMeo
"Thu, Apr-06-2023","Air Force, Bridgeport, Brown, Centenary College, Fisk, Lindenwood, S.E. Missouri, Southern Conn., Texas Woman's, West Chester, Yale",,,9.6250,9.7250,,A,Cornell,30392,Victoria DeMeo
"Sun, Jan-15-2023","George Washington, Nebraska, William & Mary",,8.8000,,,,A,Cornell,30393,Katie Fitzpatrick
"Fri, Jan-20-2023","Bridgeport, LIU, Temple",,9.6750,,,,A,Cornell,30393,Katie Fitzpatrick
"Sun, Jan-29-2023",LIU,,9.5250,,,,H,Cornell,30393,Katie Fitzpatrick
"Sun, Feb-05-2023",Pennsylvania,,8.9250,,,,H,Cornell,30393,Katie Fitzpatrick
"Fri, Mar-10-2023",West Chester,,9.5750,,,,A,Cornell,30393,Katie Fitzpatrick
"Sat, Mar-18-2023","Bridgeport, Brown, Pennsylvania, Southern Conn., West Chester, William & Mary, Yale",,9.4250,,,,A,Cornell,30393,Katie Fitzpatrick
"Sun, Jan-15-2023","George Washington, Nebraska, William & Mary",,,,8.4500,,A,Cornell,31868,Emily Joyce
"Fri, Jan-20-2023","Bridgeport, LIU, Temple",,,,9.4000,,A,Cornell,31868,Emily Joyce
"Sat, Mar-04-2023","Brockport, Cortland State",,9.1500,,,,A,Cornell,30394,Darby Kent
"Fri, Mar-10-2023",West Chester,,,9.5000,,,A,Cornell,30394,Darby Kent
"Sun, Feb-12-2023","Brockport, Cortland State, Ithaca College",9.5750,,,,,H,Cornell,31310,Savanna Kokaly
"Sun, Jan-15-2023","George Washington, Nebraska, William & Mary",9.7000,,,,,A,Cornell,30395,Amy Krueger
"Fri, Jan-20-2023","Bridgeport, LIU, Temple",9.6500,,,,,A,Cornell,30395,Amy Krueger
"Sun, Jan-29-2023",LIU,9.5250,,,,,H,Cornell,30395,Amy Krueger
"Sun, Feb-05-2023",Pennsylvania,9.4000,,,,,H,Cornell,30395,Amy Krueger
"Sun, Feb-12-2023","Brockport, Cortland State, Ithaca College",9.6500,,,,,H,Cornell,30395,Amy Krueger
"Sun, Feb-19-2023",West Chester,9.6500,,,,,H,Cornell,30395,Amy Krueger
"Sun, Feb-26-2023","Brown, Pennsylvania, Yale",9.6500,,,,,A,Cornell,30395,Amy Krueger
"Sat, Mar-04-2023","Brockport, Cortland State",9.7250,,,,,A,Cornell,30395,Amy Krueger
"Fri, Mar-10-2023",West Chester,9.7000,,,,,A,Cornell,30395,Amy Krueger
"Sat, Mar-18-2023","Bridgeport, Brown, Pennsylvania, Southern Conn., West Chester, William & Mary, Yale",9.5500,,,,,A,Cornell,30395,Amy Krueger
"Thu, Apr-06-2023","Air Force, Bridgeport, Brown, Centenary College, Fisk, Lindenwood, S.E. Missouri, Southern Conn., Texas Woman's, West Chester, Yale",9.7250,,,,,A,Cornell,30395,Amy Krueger
"Sun, Feb-12-2023","Brockport, Cortland State, Ithaca College",,9.2750,,,,H,Cornell,31311,Laura Mackenzie
"Sun, Feb-19-2023",West Chester,,9.1250,,,,H,Cornell,31311,Laura Mackenzie
"Sun, Feb-26-2023","Brown, Pennsylvania, Yale",,9.6750,,,,A,Cornell,31311,Laura Mackenzie
"Fri, Mar-10-2023",West Chester,,8.7500,,,,A,Cornell,31311,Laura Mackenzie
"Sat, Mar-18-2023","Bridgeport, Brown, Pennsylvania, Southern Conn., West Chester, William & Mary, Yale",,9.4000,,,,A,Cornell,31311,Laura Mackenzie
"Sun, Jan-15-2023","George Washington, Nebraska, William & Mary",,9.7000,9.6750,9.6000,,A,Cornell,31312,Kate Michelini
"Fri, Jan-20-2023","Bridgeport, LIU, Temple",8.9750,9.7250,8.8000,9.6250,37.1250,A,Cornell,31312,Kate Michelini
"Sun, Jan-29-2023",LIU,8.7500,9.6500,9.6750,9.7500,37.8250,H,Cornell,31312,Kate Michelini
"Sun, Feb-05-2023",Pennsylvania,9.6500,9.6750,9.2000,9.7250,38.2500,H,Cornell,31312,Kate Michelini
"Sun, Feb-12-2023","Brockport, Cortland State, Ithaca College",,9.5750,9.6750,9.7750,,H,Cornell,31312,Kate Michelini
"Sun, Feb-19-2023",West Chester,,9.5750,9.7250,9.8000,,H,Cornell,31312,Kate Michelini
"Sun, Feb-26-2023","Brown, Pennsylvania, Yale",,9.7000,8.9750,9.6000,,A,Cornell,31312,Kate Michelini
"Sat, Mar-04-2023","Brockport, Cortland State",9.7000,9.6750,9.6000,9.8750,38.8500,A,Cornell,31312,Kate Michelini
"Fri, Mar-10-2023",West Chester,9.5250,9.6000,9.7500,9.7250,38.6000,A,Cornell,31312,Kate Michelini
"Sat, Mar-18-2023","Bridgeport, Brown, Pennsylvania, Southern Conn., West Chester, William & Mary, Yale",9.4250,9.5250,9.5750,9.7250,38.2500,A,Cornell,31312,Kate Michelini
"Thu, Apr-06-2023","Air Force, Bridgeport, Brown, Centenary College, Fisk, Lindenwood, S.E. Missouri, Southern Conn., Texas Woman's, West Chester, Yale",9.0250,8.0250,9.6750,9.7500,36.4750,A,Cornell,31312,Kate Michelini
"Sun, Jan-15-2023","George Washington, Nebraska, William & Mary",,,9.1500,8.9250,,A,Cornell,31179,Alexandra Quiana
"Fri, Jan-20-2023","Bridgeport, LIU, Temple",,,9.0500,9.5500,,A,Cornell,31179,Alexandra Quiana
"Sun, Jan-29-2023",LIU,,,9.7000,9.7750,,H,Cornell,31179,Alexandra Quiana
"Sun, Feb-05-2023",Pennsylvania,,,,9.8000,,H,Cornell,31179,Alexandra Quiana
"Sun, Feb-12-2023","Brockport, Cortland State, Ithaca College",,,9.8500,9.7500,,H,Cornell,31179,Alexandra Quiana
"Sun, Feb-26-2023","Brown, Pennsylvania, Yale",,,9.6500,9.8000,,A,Cornell,31179,Alexandra Quiana
"Sat, Mar-04-2023","Brockport, Cortland State",,,9.7500,9.5000,,A,Cornell,31179,Alexandra Quiana
"Fri, Mar-10-2023",West Chester,,,,9.6500,,A,Cornell,31179,Alexandra Quiana
"Sat, Mar-18-2023","Bridgeport, Brown, Pennsylvania, Southern Conn., West Chester, William & Mary, Yale",,,9.7250,9.8000,,A,Cornell,31179,Alexandra Quiana
"Thu, Apr-06-2023","Air Force, Bridgeport, Brown, Centenary College, Fisk, Lindenwood, S.E. Missouri, Southern Conn., Texas Woman's, West Chester, Yale",,,9.5750,9.7500,,A,Cornell,31179,Alexandra Quiana
"Sun, Jan-15-2023","George Washington, Nebraska, William & Mary",,8.6000,,,,A,Cornell,31314,Maddie Sakalosky
"Fri, Jan-20-2023","Bridgeport, LIU, Temple",,9.1750,,,,A,Cornell,31314,Maddie Sakalosky
"Sun, Jan-29-2023",LIU,,9.1750,,,,H,Cornell,31314,Maddie Sakalosky
"Sun, Feb-05-2023",Pennsylvania,,8.9250,,,,H,Cornell,31314,Maddie Sakalosky
"Sun, Feb-12-2023","Brockport, Cortland State, Ithaca College",,9.6500,,,,H,Cornell,31314,Maddie Sakalosky
"Sun, Feb-19-2023",West Chester,,9.6250,,,,H,Cornell,31314,Maddie Sakalosky
"Sun, Feb-26-2023","Brown, Pennsylvania, Yale",,8.9000,,,,A,Cornell,31314,Maddie Sakalosky
"Sat, Mar-04-2023","Brockport, Cortland State",,8.4250,,,,A,Cornell,31314,Maddie Sakalosky
"Fri, Mar-10-2023",West Chester,,9.3250,,,,A,Cornell,31314,Maddie Sakalosky
"Sat, Mar-18-2023","Bridgeport, Brown, Pennsylvania, Southern Conn., West Chester, William & Mary, Yale",,9.5500,,,,A,Cornell,31314,Maddie Sakalosky
"Sun, Jan-15-2023","George Washington, Nebraska, William & Mary",,9.7250,,,,A,Cornell,31180,Melanie Stone
"Fri, Jan-20-2023","Bridgeport, LIU, Temple",,8.7000,,,,A,Cornell,31180,Melanie Stone
"Sun, Jan-29-2023",LIU,,8.9000,,,,H,Cornell,31180,Melanie Stone
"Sun, Feb-05-2023",Pennsylvania,,8.4000,,,,H,Cornell,31180,Melanie Stone
"Sun, Feb-12-2023","Brockport, Cortland State, Ithaca College",,9.5750,,,,H,Cornell,31180,Melanie Stone
"Sun, Feb-19-2023",West Chester,,9.1500,9.5750,,,H,Cornell,31180,Melanie Stone
"Sun, Feb-26-2023","Brown, Pennsylvania, Yale",,9.6500,,,,A,Cornell,31180,Melanie Stone
"Sat, Mar-04-2023","Brockport, Cortland State",,9.6000,8.7750,,,A,Cornell,31180,Melanie Stone
"Fri, Mar-10-2023",West Chester,,8.9000,9.5500,,,A,Cornell,31180,Melanie Stone
"Sat, Mar-18-2023","Bridgeport, Brown, Pennsylvania, Southern Conn., West Chester, William & Mary, Yale",,9.5750,,,,A,Cornell,31180,Melanie Stone
"Sun, Jan-29-2023",LIU,,,,9.6500,,H,Cornell,31181,Caitlyn Walsh
"Sun, Feb-05-2023",Pennsylvania,,,,7.9250,,H,Cornell,31181,Caitlyn Walsh
"Sun, Feb-12-2023","Brockport, Cortland State, Ithaca College",,,,9.6750,,H,Cornell,31181,Caitlyn Walsh
"Sun, Feb-19-2023",West Chester,,,,9.8000,,H,Cornell,31181,Caitlyn Walsh
"Sun, Feb-26-2023","Brown, Pennsylvania, Yale",,,,9.7750,,A,Cornell,31181,Caitlyn Walsh
"Sat, Mar-04-2023","Brockport, Cortland State",,9.0250,,9.8000,,A,Cornell,31181,Caitlyn Walsh
"Fri, Mar-10-2023",West Chester,,,,9.6000,,A,Cornell,31181,Caitlyn Walsh
"Sat, Mar-18-2023","Bridgeport, Brown, Pennsylvania, Southern Conn., West Chester, William & Mary, Yale",,,,9.8000,,A,Cornell,31181,Caitlyn Walsh
"Thu, Apr-06-2023","Air Force, Bridgeport, Brown, Centenary College, Fisk, Lindenwood, S.E. Missouri, Southern Conn., Texas Woman's, West Chester, Yale",,,,8.8250,,A,Cornell,31181,Caitlyn Walsh
"Sun, Jan-15-2023","George Washington, Nebraska, William & Mary",9.5250,9.4000,9.6000,,,A,Cornell,31182,Regina Walton
"Fri, Jan-20-2023","Bridgeport, LIU, Temple",9.7500,9.4000,9.6000,,,A,Cornell,31182,Regina Walton
"Sun, Jan-29-2023",LIU,9.5750,9.3500,9.8250,,,H,Cornell,31182,Regina Walton
"Sun, Feb-05-2023",Pennsylvania,9.5250,8.4250,9.8000,,,H,Cornell,31182,Regina Walton
"Sun, Feb-12-2023","Brockport, Cortland State, Ithaca College",,9.2500,9.3000,,,H,Cornell,31182,Regina Walton
"Sun, Feb-19-2023",West Chester,9.7500,9.4750,9.7500,,,H,Cornell,31182,Regina Walton
"Sun, Feb-26-2023","Brown, Pennsylvania, Yale",9.7750,8.6500,9.7500,,,A,Cornell,31182,Regina Walton
"Sat, Mar-18-2023","Bridgeport, Brown, Pennsylvania, Southern Conn., West Chester, William & Mary, Yale",,,9.7250,,,A,Cornell,31182,Regina Walton
"Thu, Apr-06-2023","Air Force, Bridgeport, Brown, Centenary College, Fisk, Lindenwood, S.E. Missouri, Southern Conn., Texas Woman's, West Chester, Yale",,,9.3750,,,A,Cornell,31182,Regina Walton
"Sun, Jan-15-2023","George Washington, Nebraska, William & Mary",9.5000,,8.8750,9.7750,,A,Cornell,31870,Cami Whitaker
"Fri, Jan-20-2023","Bridgeport, LIU, Temple",9.6750,,,9.6500,,A,Cornell,31870,Cami Whitaker
"Sun, Jan-29-2023",LIU,9.6000,,9.5500,9.0250,,H,Cornell,31870,Cami Whitaker
"Sun, Feb-05-2023",Pennsylvania,9.7250,,8.9250,9.7500,,H,Cornell,31870,Cami Whitaker
"Sun, Feb-12-2023","Brockport, Cortland State, Ithaca College",9.5000,,,9.6250,,H,Cornell,31870,Cami Whitaker
"Sun, Feb-19-2023",West Chester,9.7500,,,9.8000,,H,Cornell,31870,Cami Whitaker
"Sun, Feb-26-2023","Brown, Pennsylvania, Yale",9.7500,,,9.6500,,A,Cornell,31870,Cami Whitaker
"Sat, Mar-04-2023","Brockport, Cortland State",9.2250,,,9.8500,,A,Cornell,31870,Cami Whitaker
"Fri, Mar-10-2023",West Chester,9.6750,,,9.6500,,A,Cornell,31870,Cami Whitaker
"Sat, Mar-18-2023","Bridgeport, Brown, Pennsylvania, Southern Conn., West Chester, William & Mary, Yale",9.6500,,,9.7250,,A,Cornell,31870,Cami Whitaker
"Thu, Apr-06-2023","Air Force, Bridgeport, Brown, Centenary College, Fisk, Lindenwood, S.E. Missouri, Southern Conn., Texas Woman's, West Chester, Yale",9.7000,,,9.7000,,A,Cornell,31870,Cami Whitaker
"Sun, Jan-15-2023",Ursinus College,9.1250,9.3000,,,,H,Cortland State,31698,Rianna Adams
"Sat, Jan-28-2023","Ursinus College, West Chester",,9.4000,,,,A,Cortland State,31698,Rianna Adams
"Sun, Feb-05-2023","Brockport, Rhode Island College",,9.3500,,,,H,Cortland State,31698,Rianna Adams
"Sun, Feb-12-2023","Brockport, Cornell, Ithaca College",9.3500,9.3000,,,,A,Cortland State,31698,Rianna Adams
"Wed, Feb-15-2023",Ithaca College,9.4000,9.2000,,,,A,Cortland State,31698,Rianna Adams
"Sat, Feb-18-2023",Springfield College,,9.6000,,,,H,Cortland State,31698,Rianna Adams
"Sun, Feb-26-2023",Ithaca College,,7.2000,,,,H,Cortland State,31698,Rianna Adams
"Sat, Mar-04-2023","Brockport, Cornell",9.4500,9.2000,,,,A,Cortland State,31698,Rianna Adams
"Sat, Mar-11-2023","Brockport, Ithaca College, Rhode Island College, Springfield College, Ursinus College",9.2750,9.4000,,,,A,Cortland State,31698,Rianna Adams
"Sun, Jan-15-2023",Ursinus College,9.2500,,,9.3750,,H,Cortland State,30684,Abby Bang
"Sun, Jan-22-2023",Rhode Island College,9.4250,,,9.5750,,A,Cortland State,30684,Abby Bang
"Sat, Jan-28-2023","Ursinus College, West Chester",9.6750,,,9.6250,,A,Cortland State,30684,Abby Bang
"Sun, Feb-05-2023","Brockport, Rhode Island College",9.5750,,,9.6750,,H,Cortland State,30684,Abby Bang
"Sun, Feb-12-2023","Brockport, Cornell, Ithaca College",9.7000,,,9.6000,,A,Cortland State,30684,Abby Bang
"Sat, Feb-18-2023",Springfield College,9.5500,,,9.7250,,H,Cortland State,30684,Abby Bang
"Sun, Feb-26-2023",Ithaca College,9.6750,,,9.7750,,H,Cortland State,30684,Abby Bang
"Sat, Mar-04-2023","Brockport, Cornell",9.6000,,,9.7000,,A,Cortland State,30684,Abby Bang
"Sat, Mar-11-2023","Brockport, Ithaca College, Rhode Island College, Springfield College, Ursinus College",9.5500,,,9.7250,,A,Cortland State,30684,Abby Bang
"Sun, Jan-22-2023",Rhode Island College,9.4750,,8.9000,9.3250,,A,Cortland State,31196,Delaney Brown
"Sat, Jan-28-2023","Ursinus College, West Chester",9.3500,,,9.1000,,A,Cortland State,31196,Delaney Brown
"Sun, Feb-05-2023","Brockport, Rhode Island College",9.3750,,,9.4000,,H,Cortland State,31196,Delaney Brown
"Wed, Feb-15-2023",Ithaca College,9.5750,,,9.5250,,A,Cortland State,31196,Delaney Brown
"Sat, Feb-18-2023",Springfield College,9.4500,,,9.5750,,H,Cortland State,31196,Delaney Brown
"Sun, Feb-26-2023",Ithaca College,9.5250,,8.5750,9.6500,,H,Cortland State,31196,Delaney Brown
"Sat, Mar-04-2023","Brockport, Cornell",9.5750,,,9.8000,,A,Cortland State,31196,Delaney Brown
"Sat, Mar-11-2023","Brockport, Ithaca College, Rhode Island College, Springfield College, Ursinus College",9.4750,,8.9000,8.8500,,A,Cortland State,31196,Delaney Brown
"Sun, Jan-15-2023",Ursinus College,,8.7000,,9.6000,,H,Cortland State,30685,Bianca Carr
"Sun, Jan-22-2023",Rhode Island College,,9.5000,,8.5500,,A,Cortland State,30685,Bianca Carr
"Sat, Jan-28-2023","Ursinus College, West Chester",,9.3750,,9.1750,,A,Cortland State,30685,Bianca Carr
"Sun, Feb-05-2023","Brockport, Rhode Island College",,9.4250,,9.7000,,H,Cortland State,30685,Bianca Carr
"Sun, Feb-12-2023","Brockport, Cornell, Ithaca College",,9.4250,,9.6000,,A,Cortland State,30685,Bianca Carr
"Wed, Feb-15-2023",Ithaca College,,9.5000,,9.7500,,A,Cortland State,30685,Bianca Carr
"Sun, Feb-26-2023",Ithaca College,,9.4500,,9.6750,,H,Cortland State,30685,Bianca Carr
"Sat, Mar-04-2023","Brockport, Cornell",,9.3000,,8.9250,,A,Cortland State,30685,Bianca Carr
"Sat, Mar-11-2023","Brockport, Ithaca College, Rhode Island College, Springfield College, Ursinus College",,9.4750,,9.5500,,A,Cortland State,30685,Bianca Carr
"Sun, Jan-15-2023",Ursinus College,9.3250,9.7500,9.5500,,,H,Cortland State,30686,Glynis Curcione
"Sun, Jan-22-2023",Rhode Island College,9.2750,9.6750,9.6250,,,A,Cortland State,30686,Glynis Curcione
"Sat, Jan-28-2023","Ursinus College, West Chester",,9.6500,9.5250,,,A,Cortland State,30686,Glynis Curcione
"Sun, Feb-05-2023","Brockport, Rhode Island College",,9.7500,8.4750,,,H,Cortland State,30686,Glynis Curcione
"Sun, Feb-12-2023","Brockport, Cornell, Ithaca College",9.4500,9.6250,9.1000,,,A,Cortland State,30686,Glynis Curcione
"Wed, Feb-15-2023",Ithaca College,,7.5000,8.1750,,,A,Cortland State,30686,Glynis Curcione
"Sat, Feb-18-2023",Springfield College,,9.7500,,,,H,Cortland State,30686,Glynis Curcione
"Sun, Feb-26-2023",Ithaca College,,9.7000,9.1500,,,H,Cortland State,30686,Glynis Curcione
"Sat, Mar-04-2023","Brockport, Cornell",,9.7750,8.9000,,,A,Cortland State,30686,Glynis Curcione
"Sat, Mar-11-2023","Brockport, Ithaca College, Rhode Island College, Springfield College, Ursinus College",,9.6000,8.4250,,,A,Cortland State,30686,Glynis Curcione
"Sat, Mar-25-2023","Brockport, Hamline, Ithaca College, Rhode Island College, Springfield College, UW-Eau Claire, UW-La Crosse, UW-Oshkosh, UW-Stout, UW-Whitewater, Ursinus College, Winona State",,9.7750,,,,A,Cortland State,30686,Glynis Curcione
"Sun, Feb-12-2023","Brockport, Cornell, Ithaca College",,,,9.4000,,A,Cortland State,32190,Rylee Fishkin
"Wed, Feb-15-2023",Ithaca College,,,,9.3500,,A,Cortland State,32190,Rylee Fishkin
"Sat, Feb-18-2023",Springfield College,,,,9.5750,,H,Cortland State,32190,Rylee Fishkin
"Sun, Feb-26-2023",Ithaca College,,,,9.4000,,H,Cortland State,32190,Rylee Fishkin
"Sun, Jan-15-2023",Ursinus College,9.5500,,8.0750,,,H,Cortland State,32191,Marisa Frascatore
"Sun, Jan-22-2023",Rhode Island College,9.5500,,8.2000,,,A,Cortland State,32191,Marisa Frascatore
"Sat, Jan-28-2023","Ursinus College, West Chester",9.6250,,,,,A,Cortland State,32191,Marisa Frascatore
"Sun, Feb-05-2023","Brockport, Rhode Island College",9.3250,,,,,H,Cortland State,32191,Marisa Frascatore
"Sun, Feb-12-2023","Brockport, Cornell, Ithaca College",9.6000,,9.5250,,,A,Cortland State,32191,Marisa Frascatore
"Wed, Feb-15-2023",Ithaca College,9.5750,,9.6500,,,A,Cortland State,32191,Marisa Frascatore
"Sat, Feb-18-2023",Springfield College,9.4250,,9.1000,,,H,Cortland State,32191,Marisa Frascatore
"Sun, Feb-26-2023",Ithaca College,9.5500,,8.4250,,,H,Cortland State,32191,Marisa Frascatore
"Sat, Mar-04-2023","Brockport, Cornell",9.5500,,8.7250,,,A,Cortland State,32191,Marisa Frascatore
"Sat, Mar-11-2023","Brockport, Ithaca College, Rhode Island College, Springfield College, Ursinus College",9.4250,,9.5750,,,A,Cortland State,32191,Marisa Frascatore
"Sun, Jan-15-2023",Ursinus College,,,8.8250,9.1500,,H,Cortland State,32192,Victoria Justincic
"Sat, Jan-28-2023","Ursinus College, West Chester",,,9.3250,,,A,Cortland State,32192,Victoria Justincic
"Sun, Feb-05-2023","Brockport, Rhode Island College",9.2500,,9.4500,,,H,Cortland State,32192,Victoria Justincic
"Sun, Feb-12-2023","Brockport, Cornell, Ithaca College",9.4500,,9.2250,,,A,Cortland State,32192,Victoria Justincic
"Wed, Feb-15-2023",Ithaca College,9.4750,,8.7250,,,A,Cortland State,32192,Victoria Justincic
"Sat, Feb-18-2023",Springfield College,,,9.4000,,,H,Cortland State,32192,Victoria Justincic
"Sun, Feb-26-2023",Ithaca College,9.2250,,9.3000,,,H,Cortland State,32192,Victoria Justincic
"Sat, Mar-04-2023","Brockport, Cornell",9.4000,8.8000,9.3000,,,A,Cortland State,32192,Victoria Justincic
"Sat, Mar-11-2023","Brockport, Ithaca College, Rhode Island College, Springfield College, Ursinus College",9.3750,8.5500,9.0500,,,A,Cortland State,32192,Victoria Justincic
"Sun, Jan-15-2023",Ursinus College,,8.4500,,,,H,Cortland State,31199,Christelle Louis
"Sun, Jan-22-2023",Rhode Island College,,8.9750,,,,A,Cortland State,31199,Christelle Louis
"Sat, Jan-28-2023","Ursinus College, West Chester",,8.8750,9.3500,,,A,Cortland State,31199,Christelle Louis
"Sun, Feb-05-2023","Brockport, Rhode Island College",,7.9500,9.3000,,,H,Cortland State,31199,Christelle Louis
"Sun, Feb-12-2023","Brockport, Cornell, Ithaca College",,8.9500,9.3250,,,A,Cortland State,31199,Christelle Louis
"Wed, Feb-15-2023",Ithaca College,,8.1500,8.9750,,,A,Cortland State,31199,Christelle Louis
"Sat, Feb-18-2023",Springfield College,,8.9250,8.6500,,,H,Cortland State,31199,Christelle Louis
"Sun, Feb-26-2023",Ithaca College,,8.9000,9.3250,,,H,Cortland State,31199,Christelle Louis
"Sat, Mar-04-2023","Brockport, Cornell",,8.7250,9.2750,,,A,Cortland State,31199,Christelle Louis
"Sat, Mar-11-2023","Brockport, Ithaca College, Rhode Island College, Springfield College, Ursinus College",,9.0500,9.2750,,,A,Cortland State,31199,Christelle Louis
"Sun, Jan-15-2023",Ursinus College,,8.5250,,,,H,Cortland State,32193,Ava Miranov
"Sun, Jan-22-2023",Rhode Island College,,9.0500,9.4250,,,A,Cortland State,32193,Ava Miranov
"Sat, Jan-28-2023","Ursinus College, West Chester",9.4750,8.5250,9.0000,,,A,Cortland State,32193,Ava Miranov
"Sun, Feb-05-2023","Brockport, Rhode Island College",9.4000,9.1000,9.3750,,,H,Cortland State,32193,Ava Miranov
"Sun, Feb-12-2023","Brockport, Cornell, Ithaca College",,9.1500,,,,A,Cortland State,32193,Ava Miranov
"Wed, Feb-15-2023",Ithaca College,9.5000,8.4500,8.2250,,,A,Cortland State,32193,Ava Miranov
"Sat, Feb-18-2023",Springfield College,8.7250,9.0250,8.0750,,,H,Cortland State,32193,Ava Miranov
"Sun, Feb-26-2023",Ithaca College,9.2000,9.2750,9.4000,,,H,Cortland State,32193,Ava Miranov
"Sun, Jan-15-2023",Ursinus College,9.6750,8.8250,9.4750,9.1250,37.1000,H,Cortland State,32194,Gianna Mirigliano
"Sun, Jan-22-2023",Rhode Island College,9.6000,8.9250,9.5000,9.1500,37.1750,A,Cortland State,32194,Gianna Mirigliano
"Sat, Jan-28-2023","Ursinus College, West Chester",9.7000,8.5750,9.5500,8.9000,36.7250,A,Cortland State,32194,Gianna Mirigliano
"Sun, Feb-05-2023","Brockport, Rhode Island College",9.6500,7.7000,9.5000,8.7750,35.6250,H,Cortland State,32194,Gianna Mirigliano
"Sun, Feb-12-2023","Brockport, Cornell, Ithaca College",9.4750,8.3500,9.5000,9.6250,36.9500,A,Cortland State,32194,Gianna Mirigliano
"Wed, Feb-15-2023",Ithaca College,9.5500,9.2000,9.5250,9.7250,38.0000,A,Cortland State,32194,Gianna Mirigliano
"Sat, Feb-18-2023",Springfield College,9.6250,8.1000,9.0500,9.7250,36.5000,H,Cortland State,32194,Gianna Mirigliano
"Sun, Feb-26-2023",Ithaca College,9.4500,,,,,H,Cortland State,32194,Gianna Mirigliano
"Sat, Mar-04-2023","Brockport, Cornell",9.1000,8.8500,8.7000,9.6750,36.3250,A,Cortland State,32194,Gianna Mirigliano
"Sat, Mar-11-2023","Brockport, Ithaca College, Rhode Island College, Springfield College, Ursinus College",9.6500,8.9500,9.6750,9.7000,37.9750,A,Cortland State,32194,Gianna Mirigliano
"Sat, Mar-25-2023","Brockport, Hamline, Ithaca College, Rhode Island College, Springfield College, UW-Eau Claire, UW-La Crosse, UW-Oshkosh, UW-Stout, UW-Whitewater, Ursinus College, Winona State",9.5500,8.8000,9.6000,9.5750,37.5250,A,Cortland State,32194,Gianna Mirigliano
"Sun, Jan-15-2023",Ursinus College,,,9.5000,9.1500,,H,Cortland State,31704,Gabrielle Nadler
"Sun, Jan-22-2023",Rhode Island College,,7.4000,8.8500,9.4750,,A,Cortland State,31704,Gabrielle Nadler
"Sat, Jan-28-2023","Ursinus College, West Chester",,,9.2250,9.5750,,A,Cortland State,31704,Gabrielle Nadler
"Sun, Feb-05-2023","Brockport, Rhode Island College",,,9.2750,9.5750,,H,Cortland State,31704,Gabrielle Nadler
"Sun, Feb-12-2023","Brockport, Cornell, Ithaca College",,,9.3250,9.5500,,A,Cortland State,31704,Gabrielle Nadler
"Wed, Feb-15-2023",Ithaca College,,,,9.3750,,A,Cortland State,31704,Gabrielle Nadler
"Sat, Feb-18-2023",Springfield College,,8.5750,9.0000,9.5750,,H,Cortland State,31704,Gabrielle Nadler
"Sun, Feb-26-2023",Ithaca College,,8.0000,,9.2500,,H,Cortland State,31704,Gabrielle Nadler
"Sat, Mar-04-2023","Brockport, Cornell",,,8.4250,9.7000,,A,Cortland State,31704,Gabrielle Nadler
"Sat, Mar-11-2023","Brockport, Ithaca College, Rhode Island College, Springfield College, Ursinus College",,,,9.4750,,A,Cortland State,31704,Gabrielle Nadler
"Sun, Jan-15-2023",Ursinus College,,,8.0000,9.4500,,H,Cortland State,31705,Zoe Potamianos
"Sun, Jan-22-2023",Rhode Island College,,,,9.3000,,A,Cortland State,31705,Zoe Potamianos
"Sat, Jan-28-2023","Ursinus College, West Chester",,,,9.6000,,A,Cortland State,31705,Zoe Potamianos
"Sun, Feb-05-2023","Brockport, Rhode Island College",,,,9.4250,,H,Cortland State,31705,Zoe Potamianos
"Sun, Feb-12-2023","Brockport, Cornell, Ithaca College",,,,8.6250,,A,Cortland State,31705,Zoe Potamianos
"Wed, Feb-15-2023",Ithaca College,,,,9.2500,,A,Cortland State,31705,Zoe Potamianos
"Sat, Feb-18-2023",Springfield College,,,,9.5500,,H,Cortland State,31705,Zoe Potamianos
"Sun, Feb-26-2023",Ithaca College,,,,9.6250,,H,Cortland State,31705,Zoe Potamianos
"Sat, Mar-04-2023","Brockport, Cornell",,,,9.6750,,A,Cortland State,31705,Zoe Potamianos
"Sat, Mar-11-2023","Brockport, Ithaca College, Rhode Island College, Springfield College, Ursinus College",,,,9.2000,,A,Cortland State,31705,Zoe Potamianos
"Sun, Jan-15-2023",Ursinus College,9.4500,,,,,H,Cortland State,31200,Paige White
"Sun, Jan-22-2023",Rhode Island College,9.3250,,,,,A,Cortland State,31200,Paige White
"Sat, Jan-28-2023","Ursinus College, West Chester",9.2500,,,,,A,Cortland State,31200,Paige White
"Sat, Feb-18-2023",Springfield College,9.0750,,,,,H,Cortland State,31200,Paige White
"Sun, Jan-08-2023","Penn State, Texas Woman's",,9.8250,9.9000,,,H,Denver,24944,Lynnzee Brown
"Fri, Jan-13-2023","Fisk, Michigan",,9.9000,9.7750,,,A,Denver,24944,Lynnzee Brown
"Sat, Jan-21-2023","Brown, Oregon State, Sacramento State",,9.8250,9.8250,,,A,Denver,24944,Lynnzee Brown
"Sun, Jan-29-2023",Oklahoma,9.9000,9.8750,9.9000,,,H,Denver,24944,Lynnzee Brown
"Sun, Feb-05-2023","Air Force, George Washington, Pittsburgh",9.7500,9.9250,9.9250,,,H,Denver,24944,Lynnzee Brown
"Sun, Feb-12-2023",West Virginia,9.9000,9.9500,9.8250,9.7750,39.4500,H,Denver,24944,Lynnzee Brown
"Fri, Feb-17-2023","Air Force, UC Davis",9.8750,9.9250,9.8750,9.9000,39.5750,A,Denver,24944,Lynnzee Brown
"Fri, Feb-24-2023",Iowa State,9.9750,9.8250,9.9250,9.9250,39.6500,A,Denver,24944,Lynnzee Brown
"Sun, Mar-05-2023",Towson,9.8750,9.9000,9.9500,10.0000,39.7250,H,Denver,24944,Lynnzee Brown
"Sat, Mar-11-2023","Air Force, Nebraska",9.3000,9.9000,9.8500,9.8750,38.9250,A,Denver,24944,Lynnzee Brown
"Sat, Mar-18-2023","Iowa State, Oklahoma, West Virginia",9.8500,9.8500,9.9000,9.8000,39.4000,A,Denver,24944,Lynnzee Brown
"Fri, Mar-31-2023",,9.8000,9.9500,9.9500,9.9500,39.6500,H,Denver,24944,Lynnzee Brown
"Sun, Apr-02-2023",,9.9500,9.9500,9.9500,9.9500,39.8000,H,Denver,24944,Lynnzee Brown
"Thu, Apr-13-2023","Alabama, Arizona State, Arkansas, Auburn, Boise State, California, Florida, Kentucky, LSU, Michigan, Michigan State, Missouri, Ohio State, Oklahoma, Oregon State, Penn State, Stanford, UCLA, Utah",9.9250,9.8750,9.9125,9.9500,39.6625,A,Denver,24944,Lynnzee Brown
"Sun, Jan-08-2023","Penn State, Texas Woman's",9.7500,,,,,H,Denver,31871,Mila Brusch
"Fri, Jan-13-2023","Fisk, Michigan",9.8500,,,,,A,Denver,31871,Mila Brusch
"Sat, Jan-21-2023","Brown, Oregon State, Sacramento State",9.8750,,,9.7250,,A,Denver,31871,Mila Brusch
"Sun, Jan-29-2023",Oklahoma,9.8000,,,,,H,Denver,31871,Mila Brusch
"Sun, Feb-05-2023","Air Force, George Washington, Pittsburgh",,,,9.8500,,H,Denver,31871,Mila Brusch
"Sun, Feb-12-2023",West Virginia,9.7750,,,9.7500,,H,Denver,31871,Mila Brusch
"Fri, Feb-17-2023","Air Force, UC Davis",9.8250,,,,,A,Denver,31871,Mila Brusch
"Fri, Feb-24-2023",Iowa State,9.8500,,,,,A,Denver,31871,Mila Brusch
"Sun, Mar-05-2023",Towson,9.8500,,,,,H,Denver,31871,Mila Brusch
"Sat, Mar-11-2023","Air Force, Nebraska",9.8500,,,,,A,Denver,31871,Mila Brusch
"Sat, Mar-18-2023","Iowa State, Oklahoma, West Virginia",9.8500,,,,,A,Denver,31871,Mila Brusch
"Thu, Apr-13-2023","Alabama, Arizona State, Arkansas, Auburn, Boise State, California, Florida, Kentucky, LSU, Michigan, Michigan State, Missouri, Ohio State, Oklahoma, Oregon State, Penn State, Stanford, UCLA, Utah",9.8500,,,,,A,Denver,31871,Mila Brusch
"Sun, Jan-08-2023","Penn State, Texas Woman's",9.8000,9.8500,,9.8500,,H,Denver,30873,Rosie Casali
"Fri, Jan-13-2023","Fisk, Michigan",9.9750,9.8500,,9.8500,,A,Denver,30873,Rosie Casali
"Sat, Jan-21-2023","Brown, Oregon State, Sacramento State",9.8750,9.8500,,9.1750,,A,Denver,30873,Rosie Casali
"Sun, Jan-29-2023",Oklahoma,9.8000,9.8250,,9.8500,,H,Denver,30873,Rosie Casali
"Sun, Feb-05-2023","Air Force, George Washington, Pittsburgh",9.9000,9.8750,,9.8750,,H,Denver,30873,Rosie Casali
"Sun, Feb-12-2023",West Virginia,,9.8000,,,,H,Denver,30873,Rosie Casali
"Fri, Feb-17-2023","Air Force, UC Davis",,9.9250,,9.8500,,A,Denver,30873,Rosie Casali
"Fri, Feb-24-2023",Iowa State,9.9500,9.8000,,9.7750,,A,Denver,30873,Rosie Casali
"Sun, Mar-05-2023",Towson,9.7500,9.9000,,9.9750,,H,Denver,30873,Rosie Casali
"Sat, Mar-11-2023","Air Force, Nebraska",9.9500,9.8750,,9.8250,,A,Denver,30873,Rosie Casali
"Sat, Mar-18-2023","Iowa State, Oklahoma, West Virginia",9.1750,9.7750,,8.0500,,A,Denver,30873,Rosie Casali
"Fri, Mar-31-2023",,9.1750,9.7500,,,,H,Denver,30873,Rosie Casali
"Sun, Apr-02-2023",,9.8750,9.9000,,,,H,Denver,30873,Rosie Casali
"Thu, Apr-13-2023","Alabama, Arizona State, Arkansas, Auburn, Boise State, California, Florida, Kentucky, LSU, Michigan, Michigan State, Missouri, Ohio State, Oklahoma, Oregon State, Penn State, Stanford, UCLA, Utah",9.6375,9.9000,,9.7875,,A,Denver,30873,Rosie Casali
"Sat, Mar-11-2023","Air Force, Nebraska",,,,,,A,Denver,31872,Cecilia Cooley
"Sun, Apr-02-2023",,,9.9000,,,,H,Denver,31872,Cecilia Cooley
"Thu, Apr-13-2023","Alabama, Arizona State, Arkansas, Auburn, Boise State, California, Florida, Kentucky, LSU, Michigan, Michigan State, Missouri, Ohio State, Oklahoma, Oregon State, Penn State, Stanford, UCLA, Utah",,9.7750,,,,A,Denver,31872,Cecilia Cooley
"Sun, Jan-08-2023","Penn State, Texas Woman's",9.8500,9.3750,9.9500,9.9000,39.0750,H,Denver,30874,Jessica Hutchinson
"Fri, Jan-13-2023","Fisk, Michigan",9.9250,9.3500,9.8750,9.9250,39.0750,A,Denver,30874,Jessica Hutchinson
"Sat, Jan-21-2023","Brown, Oregon State, Sacramento State",9.7750,9.9000,9.8750,9.8750,39.4250,A,Denver,30874,Jessica Hutchinson
"Sun, Jan-29-2023",Oklahoma,9.8500,9.9000,9.9250,9.9000,39.5750,H,Denver,30874,Jessica Hutchinson
"Sun, Feb-05-2023","Air Force, George Washington, Pittsburgh",9.8750,9.8500,9.8250,10.0000,39.5500,H,Denver,30874,Jessica Hutchinson
"Sun, Feb-12-2023",West Virginia,9.7750,,,,,H,Denver,30874,Jessica Hutchinson
"Fri, Feb-17-2023","Air Force, UC Davis",9.8250,9.9250,9.9250,9.9000,39.5750,A,Denver,30874,Jessica Hutchinson
"Fri, Feb-24-2023",Iowa State,9.8500,9.7500,9.9000,9.9000,39.4000,A,Denver,30874,Jessica Hutchinson
"Sun, Mar-05-2023",Towson,9.7500,9.9000,10.0000,9.9750,39.6250,H,Denver,30874,Jessica Hutchinson
"Sat, Mar-11-2023","Air Force, Nebraska",9.8500,9.9500,9.9000,9.8500,39.5500,A,Denver,30874,Jessica Hutchinson
"Sat, Mar-18-2023","Iowa State, Oklahoma, West Virginia",9.8250,9.9000,9.9500,9.9500,39.6250,A,Denver,30874,Jessica Hutchinson
"Fri, Mar-31-2023",,9.7750,9.8750,9.9750,9.9500,39.5750,H,Denver,30874,Jessica Hutchinson
"Sun, Apr-02-2023",,9.8000,9.9000,9.9500,9.9000,39.5500,H,Denver,30874,Jessica Hutchinson
"Thu, Apr-13-2023","Alabama, Arizona State, Arkansas, Auburn, Boise State, California, Florida, Kentucky, LSU, Michigan, Michigan State, Missouri, Ohio State, Oklahoma, Oregon State, Penn State, Stanford, UCLA, Utah",9.8375,9.8500,9.9250,9.9500,39.5625,A,Denver,30874,Jessica Hutchinson
"Sun, Jan-08-2023","Penn State, Texas Woman's",,,9.9250,9.8250,,H,Denver,31318,Momoko Iwai
"Fri, Jan-13-2023","Fisk, Michigan",,,9.8000,9.7500,,A,Denver,31318,Momoko Iwai
"Sun, Jan-29-2023",Oklahoma,,,8.8500,9.8250,,H,Denver,31318,Momoko Iwai
"Sun, Feb-12-2023",West Virginia,,,9.8750,9.8500,,H,Denver,31318,Momoko Iwai
"Fri, Feb-24-2023",Iowa State,,,9.8000,,,A,Denver,31318,Momoko Iwai
"Sun, Mar-05-2023",Towson,,,9.9500,,,H,Denver,31318,Momoko Iwai
"Sat, Mar-11-2023","Air Force, Nebraska",,,9.7000,9.8000,,A,Denver,31318,Momoko Iwai
"Fri, Mar-31-2023",,9.8500,,,9.9000,,H,Denver,31318,Momoko Iwai
"Sun, Apr-02-2023",,9.7750,,9.9000,9.8500,,H,Denver,31318,Momoko Iwai
"Thu, Apr-13-2023","Alabama, Arizona State, Arkansas, Auburn, Boise State, California, Florida, Kentucky, LSU, Michigan, Michigan State, Missouri, Ohio State, Oklahoma, Oregon State, Penn State, Stanford, UCLA, Utah",,,9.0000,9.8500,,A,Denver,31318,Momoko Iwai
"Sun, Jan-08-2023","Penn State, Texas Woman's",9.7750,,,9.9000,,H,Denver,30875,Bella Mabanta
"Fri, Jan-13-2023","Fisk, Michigan",9.9000,,9.7250,9.8500,,A,Denver,30875,Bella Mabanta
"Sat, Jan-21-2023","Brown, Oregon State, Sacramento State",9.8500,,9.6750,9.8250,,A,Denver,30875,Bella Mabanta
"Sun, Jan-29-2023",Oklahoma,9.8500,,9.8250,9.9000,,H,Denver,30875,Bella Mabanta
"Sun, Feb-05-2023","Air Force, George Washington, Pittsburgh",9.8500,,9.8750,9.7750,,H,Denver,30875,Bella Mabanta
"Sun, Feb-12-2023",West Virginia,9.9000,,9.8250,9.8750,,H,Denver,30875,Bella Mabanta
"Fri, Feb-17-2023","Air Force, UC Davis",9.7500,,9.8750,9.8750,,A,Denver,30875,Bella Mabanta
"Fri, Feb-24-2023",Iowa State,9.8750,,9.7250,9.7500,,A,Denver,30875,Bella Mabanta
"Sun, Mar-05-2023",Towson,9.8500,,9.8750,9.9500,,H,Denver,30875,Bella Mabanta
"Sat, Mar-11-2023","Air Force, Nebraska",9.9000,,9.8750,,,A,Denver,30875,Bella Mabanta
"Sat, Mar-18-2023","Iowa State, Oklahoma, West Virginia",9.8000,,9.8500,9.8500,,A,Denver,30875,Bella Mabanta
"Fri, Mar-31-2023",,9.8250,,9.8750,9.9000,,H,Denver,30875,Bella Mabanta
"Sun, Apr-02-2023",,9.8000,,9.9750,9.8500,,H,Denver,30875,Bella Mabanta
"Thu, Apr-13-2023","Alabama, Arizona State, Arkansas, Auburn, Boise State, California, Florida, Kentucky, LSU, Michigan, Michigan State, Missouri, Ohio State, Oklahoma, Oregon State, Penn State, Stanford, UCLA, Utah",9.7875,,8.9875,,,A,Denver,30875,Bella Mabanta
"Sun, Feb-05-2023","Air Force, George Washington, Pittsburgh",,,9.8500,,,H,Denver,31873,Ava Mabanta
"Sun, Feb-12-2023",West Virginia,,,9.1250,,,H,Denver,31873,Ava Mabanta
"Sun, Jan-08-2023","Penn State, Texas Woman's",9.7750,9.8250,9.8500,9.5750,39.0250,H,Denver,30876,Rylie Mundell
"Fri, Jan-13-2023","Fisk, Michigan",9.8750,9.9000,9.8500,9.5500,39.1750,A,Denver,30876,Rylie Mundell
"Sat, Jan-21-2023","Brown, Oregon State, Sacramento State",9.8750,9.9250,8.8750,,,A,Denver,30876,Rylie Mundell
"Sun, Jan-29-2023",Oklahoma,9.8750,9.8750,9.8500,9.8750,39.4750,H,Denver,30876,Rylie Mundell
"Sun, Feb-05-2023","Air Force, George Washington, Pittsburgh",9.9000,9.9250,9.9000,9.9000,39.6250,H,Denver,30876,Rylie Mundell
"Sun, Feb-12-2023",West Virginia,9.9500,9.8250,9.9000,9.8250,39.5000,H,Denver,30876,Rylie Mundell
"Fri, Feb-17-2023","Air Force, UC Davis",9.8500,9.9250,9.9250,9.9000,39.6000,A,Denver,30876,Rylie Mundell
"Fri, Feb-24-2023",Iowa State,9.9500,9.9000,9.8500,9.8250,39.5250,A,Denver,30876,Rylie Mundell
"Sun, Mar-05-2023",Towson,9.7250,9.9500,9.7500,,,H,Denver,30876,Rylie Mundell
"Sat, Mar-11-2023","Air Force, Nebraska",9.8500,9.9500,9.2750,9.8000,38.8750,A,Denver,30876,Rylie Mundell
"Sat, Mar-18-2023","Iowa State, Oklahoma, West Virginia",9.9500,9.8500,9.6750,,,A,Denver,30876,Rylie Mundell
"Sun, Jan-29-2023",Oklahoma,,9.9000,,,,H,Denver,31874,Kiley Rorich
"Sun, Feb-05-2023","Air Force, George Washington, Pittsburgh",,8.9250,,,,H,Denver,31874,Kiley Rorich
"Sun, Feb-12-2023",West Virginia,,9.8250,,,,H,Denver,31874,Kiley Rorich
"Fri, Feb-17-2023","Air Force, UC Davis",,9.8000,,,,A,Denver,31874,Kiley Rorich
"Fri, Feb-24-2023",Iowa State,,9.8000,,,,A,Denver,31874,Kiley Rorich
"Sun, Mar-05-2023",Towson,,9.8250,,,,H,Denver,31874,Kiley Rorich
"Sat, Mar-11-2023","Air Force, Nebraska",,9.7750,,,,A,Denver,31874,Kiley Rorich
"Sat, Mar-18-2023","Iowa State, Oklahoma, West Virginia",,9.8750,,,,A,Denver,31874,Kiley Rorich
"Fri, Mar-31-2023",,,9.7750,,,,H,Denver,31874,Kiley Rorich
"Sun, Apr-02-2023",,,9.8500,,,,H,Denver,31874,Kiley Rorich
"Thu, Apr-13-2023","Alabama, Arizona State, Arkansas, Auburn, Boise State, California, Florida, Kentucky, LSU, Michigan, Michigan State, Missouri, Ohio State, Oklahoma, Oregon State, Penn State, Stanford, UCLA, Utah",,9.9125,,,,A,Denver,31874,Kiley Rorich
"Sun, Jan-08-2023","Penn State, Texas Woman's",9.6750,9.8750,8.8250,9.8250,38.2000,H,Denver,29932,Alexandria Ruiz
"Fri, Jan-13-2023","Fisk, Michigan",9.8750,9.8000,,9.8000,,A,Denver,29932,Alexandria Ruiz
"Sat, Jan-21-2023","Brown, Oregon State, Sacramento State",9.8250,9.8250,,9.8500,,A,Denver,29932,Alexandria Ruiz
"Sun, Jan-29-2023",Oklahoma,,9.8500,,9.8750,,H,Denver,29932,Alexandria Ruiz
"Sun, Feb-05-2023","Air Force, George Washington, Pittsburgh",9.7250,9.8750,,9.7500,,H,Denver,29932,Alexandria Ruiz
"Sun, Feb-12-2023",West Virginia,9.8250,9.8750,,,,H,Denver,29932,Alexandria Ruiz
"Fri, Feb-17-2023","Air Force, UC Davis",9.7750,9.8500,,9.8500,,A,Denver,29932,Alexandria Ruiz
"Fri, Feb-24-2023",Iowa State,,9.8000,,9.8500,,A,Denver,29932,Alexandria Ruiz
"Sun, Mar-05-2023",Towson,,9.9500,,9.9000,,H,Denver,29932,Alexandria Ruiz
"Sat, Mar-11-2023","Air Force, Nebraska",,9.8750,,9.8500,,A,Denver,29932,Alexandria Ruiz
"Sat, Mar-18-2023","Iowa State, Oklahoma, West Virginia",,9.8250,,9.8500,,A,Denver,29932,Alexandria Ruiz
"Fri, Mar-31-2023",,9.8500,9.8750,9.1750,9.8750,38.7750,H,Denver,29932,Alexandria Ruiz
"Sun, Apr-02-2023",,9.8500,9.9000,,8.2250,,H,Denver,29932,Alexandria Ruiz
"Thu, Apr-13-2023","Alabama, Arizona State, Arkansas, Auburn, Boise State, California, Florida, Kentucky, LSU, Michigan, Michigan State, Missouri, Ohio State, Oklahoma, Oregon State, Penn State, Stanford, UCLA, Utah",9.8250,9.8250,,,,A,Denver,29932,Alexandria Ruiz
"Sat, Jan-21-2023","Brown, Oregon State, Sacramento State",,,9.8500,,,A,Denver,30400,Callie Schlottman
"Fri, Feb-17-2023","Air Force, UC Davis",,,9.7750,,,A,Denver,30400,Callie Schlottman
"Sat, Mar-18-2023","Iowa State, Oklahoma, West Virginia",,,9.9500,,,A,Denver,30400,Callie Schlottman
"Fri, Mar-31-2023",,,,9.8500,,,H,Denver,30400,Callie Schlottman
"Sun, Apr-02-2023",,,,9.8500,,,H,Denver,30400,Callie Schlottman
"Thu, Apr-13-2023","Alabama, Arizona State, Arkansas, Auburn, Boise State, California, Florida, Kentucky, LSU, Michigan, Michigan State, Missouri, Ohio State, Oklahoma, Oregon State, Penn State, Stanford, UCLA, Utah",,,9.8375,,,A,Denver,30400,Callie Schlottman
"Sun, Jan-08-2023","Penn State, Texas Woman's",,9.7750,9.9000,,,H,Denver,30877,Abbie Thompson
"Fri, Jan-13-2023","Fisk, Michigan",,9.8500,9.8750,,,A,Denver,30877,Abbie Thompson
"Sat, Jan-21-2023","Brown, Oregon State, Sacramento State",,9.8000,9.8500,9.7500,,A,Denver,30877,Abbie Thompson
"Sun, Jan-29-2023",Oklahoma,,,9.8500,,,H,Denver,30877,Abbie Thompson
"Sun, Feb-05-2023","Air Force, George Washington, Pittsburgh",,,9.8250,,,H,Denver,30877,Abbie Thompson
"Sun, Feb-12-2023",West Virginia,,9.8250,9.9000,9.8250,,H,Denver,30877,Abbie Thompson
"Fri, Feb-17-2023","Air Force, UC Davis",,,9.9250,,,A,Denver,30877,Abbie Thompson
"Fri, Feb-24-2023",Iowa State,,,9.8000,,,A,Denver,30877,Abbie Thompson
"Sun, Mar-05-2023",Towson,,,9.8750,9.9250,,H,Denver,30877,Abbie Thompson
"Sat, Mar-11-2023","Air Force, Nebraska",,,9.9000,,,A,Denver,30877,Abbie Thompson
"Sat, Mar-18-2023","Iowa State, Oklahoma, West Virginia",,,9.8750,9.6250,,A,Denver,30877,Abbie Thompson
"Fri, Mar-31-2023",,,9.7750,9.8500,9.9000,,H,Denver,30877,Abbie Thompson
"Sun, Apr-02-2023",,,,9.8500,9.8750,,H,Denver,30877,Abbie Thompson
"Thu, Apr-13-2023","Alabama, Arizona State, Arkansas, Auburn, Boise State, California, Florida, Kentucky, LSU, Michigan, Michigan State, Missouri, Ohio State, Oklahoma, Oregon State, Penn State, Stanford, UCLA, Utah",,,9.8750,9.8250,,A,Denver,30877,Abbie Thompson
"Fri, Jan-13-2023","Arizona State, UC Davis",,,9.6250,,,A,Eastern Michigan,31320,Cassie Bergin
"Fri, Jan-20-2023","Iowa State, UC Davis",,,9.6500,,,A,Eastern Michigan,31320,Cassie Bergin
"Sun, Jan-22-2023",Ball State,,,9.6750,,,H,Eastern Michigan,31320,Cassie Bergin
"Sun, Jan-29-2023","Iowa State, Towson, West Virginia",,,8.2000,,,A,Eastern Michigan,31320,Cassie Bergin
"Fri, Feb-10-2023",Kentucky,,,9.5750,,,A,Eastern Michigan,31320,Cassie Bergin
"Fri, Feb-17-2023",Northern Illinois,,,9.8000,,,A,Eastern Michigan,31320,Cassie Bergin
"Sun, Feb-26-2023",Kent State,,,9.7250,,,H,Eastern Michigan,31320,Cassie Bergin
"Fri, Mar-03-2023","LIU, Michigan State",,,9.7500,,,H,Eastern Michigan,31320,Cassie Bergin
"Sun, Mar-12-2023",Bowling Green,,,9.8000,,,H,Eastern Michigan,31320,Cassie Bergin
"Sat, Mar-18-2023",", Ball State, Bowling Green, Central Michigan, Kent State, Northern Illinois, Western Michigan",,,9.6750,,,A,Eastern Michigan,31320,Cassie Bergin
"Fri, Jan-13-2023","Arizona State, UC Davis",9.6000,9.8500,8.9750,9.7750,38.2000,A,Eastern Michigan,30878,Raisa Boris
"Fri, Jan-20-2023","Iowa State, UC Davis",9.7000,9.7250,9.8000,9.7500,38.9750,A,Eastern Michigan,30878,Raisa Boris
"Sun, Jan-22-2023",Ball State,9.7500,9.8750,9.8000,9.8500,39.2750,H,Eastern Michigan,30878,Raisa Boris
"Sun, Jan-29-2023","Iowa State, Towson, West Virginia",9.6500,9.8250,9.7500,9.8000,39.0250,A,Eastern Michigan,30878,Raisa Boris
"Fri, Feb-03-2023",Central Michigan,9.3500,9.8500,9.8250,9.8500,38.8750,A,Eastern Michigan,30878,Raisa Boris
"Fri, Feb-10-2023",Kentucky,9.6750,9.8500,9.8000,9.8250,39.1500,A,Eastern Michigan,30878,Raisa Boris
"Sun, Feb-12-2023",Western Michigan,9.6000,9.9000,9.7250,9.8500,39.0750,A,Eastern Michigan,30878,Raisa Boris
"Fri, Feb-17-2023",Northern Illinois,9.8250,9.8000,9.7750,9.7750,39.1750,A,Eastern Michigan,30878,Raisa Boris
"Sun, Feb-26-2023",Kent State,9.6750,9.8000,9.8250,9.9000,39.2000,H,Eastern Michigan,30878,Raisa Boris
"Sun, Mar-12-2023",Bowling Green,9.6500,9.9250,9.8750,9.9000,39.3500,H,Eastern Michigan,30878,Raisa Boris
"Sat, Mar-18-2023",", Ball State, Bowling Green, Central Michigan, Kent State, Northern Illinois, Western Michigan",9.7250,9.7250,9.7250,9.8000,38.9750,A,Eastern Michigan,30878,Raisa Boris
"Fri, Jan-13-2023","Arizona State, UC Davis",9.5500,,9.8500,9.6500,,A,Eastern Michigan,31322,Ella Chemotti
"Fri, Jan-20-2023","Iowa State, UC Davis",9.6750,,9.9250,,,A,Eastern Michigan,31322,Ella Chemotti
"Sun, Jan-22-2023",Ball State,9.5250,,9.8250,9.6000,,H,Eastern Michigan,31322,Ella Chemotti
"Sun, Jan-29-2023","Iowa State, Towson, West Virginia",9.6500,,9.9000,9.5250,,A,Eastern Michigan,31322,Ella Chemotti
"Fri, Feb-03-2023",Central Michigan,9.6000,9.6000,9.8500,9.6750,38.7250,A,Eastern Michigan,31322,Ella Chemotti
"Fri, Feb-10-2023",Kentucky,9.7000,9.5000,8.1500,9.6000,36.9500,A,Eastern Michigan,31322,Ella Chemotti
"Sun, Feb-12-2023",Western Michigan,9.7250,9.6750,9.7000,9.7500,38.8500,A,Eastern Michigan,31322,Ella Chemotti
"Fri, Feb-17-2023",Northern Illinois,9.6000,,9.9250,9.6750,,A,Eastern Michigan,31322,Ella Chemotti
"Sun, Feb-26-2023",Kent State,9.7250,,9.9000,9.7500,,H,Eastern Michigan,31322,Ella Chemotti
"Fri, Mar-03-2023","LIU, Michigan State",9.7000,9.7500,9.8000,9.8500,39.1000,H,Eastern Michigan,31322,Ella Chemotti
"Sun, Mar-12-2023",Bowling Green,9.8000,,9.9000,9.8500,,H,Eastern Michigan,31322,Ella Chemotti
"Sat, Mar-18-2023",", Ball State, Bowling Green, Central Michigan, Kent State, Northern Illinois, Western Michigan",9.6500,,9.8500,9.7250,,A,Eastern Michigan,31322,Ella Chemotti
"Fri, Mar-31-2023",,,,9.9000,,,A,Eastern Michigan,31322,Ella Chemotti
"Fri, Jan-13-2023","Arizona State, UC Davis",,8.6500,9.7000,9.7750,,A,Eastern Michigan,30329,Hadyn Crossen
"Fri, Jan-20-2023","Iowa State, UC Davis",,9.7750,9.8250,9.7750,,A,Eastern Michigan,30329,Hadyn Crossen
"Sun, Jan-22-2023",Ball State,,9.8750,9.6000,9.6500,,H,Eastern Michigan,30329,Hadyn Crossen
"Sun, Jan-29-2023","Iowa State, Towson, West Virginia",,9.6750,9.8500,9.8000,,A,Eastern Michigan,30329,Hadyn Crossen
"Fri, Feb-03-2023",Central Michigan,,9.0750,9.1500,9.6500,,A,Eastern Michigan,30329,Hadyn Crossen
"Fri, Feb-10-2023",Kentucky,,,9.5500,9.7000,,A,Eastern Michigan,30329,Hadyn Crossen
"Sun, Feb-12-2023",Western Michigan,,9.8750,9.7000,9.8000,,A,Eastern Michigan,30329,Hadyn Crossen
"Fri, Feb-17-2023",Northern Illinois,,,9.8000,9.7750,,A,Eastern Michigan,30329,Hadyn Crossen
"Sun, Feb-26-2023",Kent State,,9.8250,9.8250,9.7750,,H,Eastern Michigan,30329,Hadyn Crossen
"Fri, Mar-03-2023","LIU, Michigan State",,9.8500,9.8750,9.8750,,H,Eastern Michigan,30329,Hadyn Crossen
"Sun, Mar-12-2023",Bowling Green,,9.8250,8.9750,9.8250,,H,Eastern Michigan,30329,Hadyn Crossen
"Sat, Mar-18-2023",", Ball State, Bowling Green, Central Michigan, Kent State, Northern Illinois, Western Michigan",,9.9000,9.7500,9.8000,,A,Eastern Michigan,30329,Hadyn Crossen
"Fri, Jan-20-2023","Iowa State, UC Davis",9.7000,,,,,A,Eastern Michigan,31323,Alana Fisher
"Sun, Jan-22-2023",Ball State,9.7250,,,,,H,Eastern Michigan,31323,Alana Fisher
"Sun, Jan-29-2023","Iowa State, Towson, West Virginia",9.5250,,,,,A,Eastern Michigan,31323,Alana Fisher
"Fri, Feb-03-2023",Central Michigan,9.3750,,,,,A,Eastern Michigan,31323,Alana Fisher
"Fri, Feb-10-2023",Kentucky,9.7750,,,,,A,Eastern Michigan,31323,Alana Fisher
"Sun, Feb-12-2023",Western Michigan,9.7000,,,,,A,Eastern Michigan,31323,Alana Fisher
"Fri, Feb-17-2023",Northern Illinois,9.8250,,,,,A,Eastern Michigan,31323,Alana Fisher
"Sun, Feb-26-2023",Kent State,9.7000,,,,,H,Eastern Michigan,31323,Alana Fisher
"Fri, Mar-03-2023","LIU, Michigan State",9.7250,,,,,H,Eastern Michigan,31323,Alana Fisher
"Sun, Mar-12-2023",Bowling Green,9.8000,,,,,H,Eastern Michigan,31323,Alana Fisher
"Sat, Mar-18-2023",", Ball State, Bowling Green, Central Michigan, Kent State, Northern Illinois, Western Michigan",9.7500,,,,,A,Eastern Michigan,31323,Alana Fisher
"Fri, Jan-13-2023","Arizona State, UC Davis",9.3000,9.7000,,,,A,Eastern Michigan,30325,Hannah Hartung
"Fri, Feb-10-2023",Kentucky,,9.6500,,,,A,Eastern Michigan,30325,Hannah Hartung
"Sun, Feb-12-2023",Western Michigan,,9.8000,,,,A,Eastern Michigan,30325,Hannah Hartung
"Fri, Feb-17-2023",Northern Illinois,,9.6500,,,,A,Eastern Michigan,30325,Hannah Hartung
"Sun, Feb-26-2023",Kent State,,9.6750,,,,H,Eastern Michigan,30325,Hannah Hartung
"Fri, Mar-03-2023","LIU, Michigan State",,9.7750,,,,H,Eastern Michigan,30325,Hannah Hartung
"Sun, Mar-12-2023",Bowling Green,,9.7750,,,,H,Eastern Michigan,30325,Hannah Hartung
"Sat, Mar-18-2023",", Ball State, Bowling Green, Central Michigan, Kent State, Northern Illinois, Western Michigan",,9.8250,,,,A,Eastern Michigan,30325,Hannah Hartung
"Sun, Jan-22-2023",Ball State,,9.8000,,,,H,Eastern Michigan,30880,Jordan Jankowski
"Fri, Mar-03-2023","LIU, Michigan State",,,,9.6500,,H,Eastern Michigan,31875,Priya Karle
"Fri, Jan-13-2023","Arizona State, UC Davis",9.5750,,,,,A,Eastern Michigan,31324,Emma Lewis
"Fri, Jan-20-2023","Iowa State, UC Davis",9.5750,,,,,A,Eastern Michigan,31324,Emma Lewis
"Sun, Jan-22-2023",Ball State,9.3000,,,,,H,Eastern Michigan,31324,Emma Lewis
"Sun, Jan-29-2023","Iowa State, Towson, West Virginia",9.5000,,,,,A,Eastern Michigan,31324,Emma Lewis
"Fri, Feb-03-2023",Central Michigan,9.6500,,,,,A,Eastern Michigan,31324,Emma Lewis
"Fri, Feb-10-2023",Kentucky,9.7000,,,,,A,Eastern Michigan,31324,Emma Lewis
"Sun, Feb-12-2023",Western Michigan,9.6000,,,,,A,Eastern Michigan,31324,Emma Lewis
"Fri, Feb-17-2023",Northern Illinois,9.7250,,,,,A,Eastern Michigan,31324,Emma Lewis
"Sun, Feb-26-2023",Kent State,9.5000,,,,,H,Eastern Michigan,31324,Emma Lewis
"Fri, Mar-03-2023","LIU, Michigan State",9.7000,,,,,H,Eastern Michigan,31324,Emma Lewis
"Sun, Mar-12-2023",Bowling Green,9.6750,,,,,H,Eastern Michigan,31324,Emma Lewis
"Sat, Mar-18-2023",", Ball State, Bowling Green, Central Michigan, Kent State, Northern Illinois, Western Michigan",9.5250,,,,,A,Eastern Michigan,31324,Emma Lewis
"Fri, Jan-13-2023","Arizona State, UC Davis",,9.7750,,,,A,Eastern Michigan,31877,Kyrie Lowe
"Fri, Jan-20-2023","Iowa State, UC Davis",,9.2750,,,,A,Eastern Michigan,31877,Kyrie Lowe
"Sun, Jan-22-2023",Ball State,,9.8000,,,,H,Eastern Michigan,31877,Kyrie Lowe
"Sun, Jan-29-2023","Iowa State, Towson, West Virginia",,9.6500,,9.5000,,A,Eastern Michigan,31877,Kyrie Lowe
"Fri, Feb-03-2023",Central Michigan,,9.8000,9.3500,,,A,Eastern Michigan,31877,Kyrie Lowe
"Fri, Feb-10-2023",Kentucky,,9.0750,,9.4750,,A,Eastern Michigan,31877,Kyrie Lowe
"Sun, Feb-12-2023",Western Michigan,,9.8000,9.8000,9.6500,,A,Eastern Michigan,31877,Kyrie Lowe
"Fri, Feb-17-2023",Northern Illinois,,9.2000,9.8000,9.6500,,A,Eastern Michigan,31877,Kyrie Lowe
"Fri, Jan-13-2023","Arizona State, UC Davis",,,,9.6500,,A,Eastern Michigan,31037,Trinity Macy
"Fri, Jan-20-2023","Iowa State, UC Davis",,9.6750,,9.4000,,A,Eastern Michigan,31037,Trinity Macy
"Sun, Jan-29-2023","Iowa State, Towson, West Virginia",,9.6750,,,,A,Eastern Michigan,31037,Trinity Macy
"Fri, Feb-03-2023",Central Michigan,,,,9.6750,,A,Eastern Michigan,31037,Trinity Macy
"Fri, Feb-10-2023",Kentucky,,9.6250,9.7750,,,A,Eastern Michigan,31037,Trinity Macy
"Sun, Feb-12-2023",Western Michigan,,9.7750,9.7000,,,A,Eastern Michigan,31037,Trinity Macy
"Fri, Feb-17-2023",Northern Illinois,,9.7500,9.1250,,,A,Eastern Michigan,31037,Trinity Macy
"Sun, Feb-26-2023",Kent State,,9.8000,9.5500,9.7250,,H,Eastern Michigan,31037,Trinity Macy
"Fri, Mar-03-2023","LIU, Michigan State",,9.7500,9.7000,9.8250,,H,Eastern Michigan,31037,Trinity Macy
"Sun, Mar-12-2023",Bowling Green,,9.3250,9.6500,9.7750,,H,Eastern Michigan,31037,Trinity Macy
"Sat, Mar-18-2023",", Ball State, Bowling Green, Central Michigan, Kent State, Northern Illinois, Western Michigan",,9.8500,8.3500,9.6000,,A,Eastern Michigan,31037,Trinity Macy
"Fri, Jan-13-2023","Arizona State, UC Davis",9.3500,9.7500,,,,A,Eastern Michigan,30881,Anna Grace McCullough
"Fri, Jan-20-2023","Iowa State, UC Davis",9.3000,9.0500,,9.5500,,A,Eastern Michigan,30881,Anna Grace McCullough
"Sun, Jan-22-2023",Ball State,,9.8250,,9.4250,,H,Eastern Michigan,30881,Anna Grace McCullough
"Sun, Jan-29-2023","Iowa State, Towson, West Virginia",,9.5000,,9.7250,,A,Eastern Michigan,30881,Anna Grace McCullough
"Fri, Feb-03-2023",Central Michigan,,8.1250,,9.7250,,A,Eastern Michigan,30881,Anna Grace McCullough
"Fri, Feb-10-2023",Kentucky,,,,9.6000,,A,Eastern Michigan,30881,Anna Grace McCullough
"Sun, Feb-12-2023",Western Michigan,,,,9.8500,,A,Eastern Michigan,30881,Anna Grace McCullough
"Fri, Feb-17-2023",Northern Illinois,,9.7500,,9.1000,,A,Eastern Michigan,30881,Anna Grace McCullough
"Sun, Feb-26-2023",Kent State,,9.8250,,9.8500,,H,Eastern Michigan,30881,Anna Grace McCullough
"Fri, Mar-03-2023","LIU, Michigan State",9.5000,9.2000,,9.9000,,H,Eastern Michigan,30881,Anna Grace McCullough
"Sun, Mar-12-2023",Bowling Green,,9.8250,,9.6750,,H,Eastern Michigan,30881,Anna Grace McCullough
"Sat, Mar-18-2023",", Ball State, Bowling Green, Central Michigan, Kent State, Northern Illinois, Western Michigan",,9.2500,,9.9000,,A,Eastern Michigan,30881,Anna Grace McCullough
"Fri, Jan-13-2023","Arizona State, UC Davis",9.7250,8.7500,9.1750,9.6750,37.3250,A,Eastern Michigan,30323,Molly Parris
"Fri, Jan-20-2023","Iowa State, UC Davis",9.6500,9.6250,9.6250,9.7000,38.6000,A,Eastern Michigan,30323,Molly Parris
"Sun, Jan-22-2023",Ball State,9.6500,9.6750,9.6250,9.5750,38.5250,H,Eastern Michigan,30323,Molly Parris
"Sun, Jan-29-2023","Iowa State, Towson, West Virginia",9.7250,9.5000,9.7000,,,A,Eastern Michigan,30323,Molly Parris
"Fri, Feb-03-2023",Central Michigan,9.7250,9.7250,8.8500,,,A,Eastern Michigan,30323,Molly Parris
"Fri, Feb-10-2023",Kentucky,9.7750,9.7250,,,,A,Eastern Michigan,30323,Molly Parris
"Sun, Feb-12-2023",Western Michigan,9.7250,,,,,A,Eastern Michigan,30323,Molly Parris
"Fri, Feb-17-2023",Northern Illinois,9.8250,9.7250,,,,A,Eastern Michigan,30323,Molly Parris
"Sun, Feb-26-2023",Kent State,9.7000,9.7750,,,,H,Eastern Michigan,30323,Molly Parris
"Fri, Mar-03-2023","LIU, Michigan State",9.8000,8.8000,9.7750,,,H,Eastern Michigan,30323,Molly Parris
"Sun, Mar-12-2023",Bowling Green,9.7750,9.7500,,,,H,Eastern Michigan,30323,Molly Parris
"Sat, Mar-18-2023",", Ball State, Bowling Green, Central Michigan, Kent State, Northern Illinois, Western Michigan",9.7250,9.7250,,,,A,Eastern Michigan,30323,Molly Parris
"Sun, Jan-22-2023",Ball State,8.1500,,,,,H,Eastern Michigan,30882,Sophia Rios
"Sun, Jan-29-2023","Iowa State, Towson, West Virginia",9.6250,,,,,A,Eastern Michigan,30882,Sophia Rios
"Fri, Feb-03-2023",Central Michigan,9.3250,,,,,A,Eastern Michigan,30882,Sophia Rios
"Fri, Feb-10-2023",Kentucky,9.7000,,,,,A,Eastern Michigan,30882,Sophia Rios
"Sun, Feb-12-2023",Western Michigan,9.6500,,,,,A,Eastern Michigan,30882,Sophia Rios
"Fri, Feb-17-2023",Northern Illinois,9.5500,,,,,A,Eastern Michigan,30882,Sophia Rios
"Sun, Feb-26-2023",Kent State,9.5750,,,,,H,Eastern Michigan,30882,Sophia Rios
"Fri, Mar-03-2023","LIU, Michigan State",9.5000,,,,,H,Eastern Michigan,30882,Sophia Rios
"Sun, Mar-12-2023",Bowling Green,9.6500,,,,,H,Eastern Michigan,30882,Sophia Rios
"Sat, Mar-18-2023",", Ball State, Bowling Green, Central Michigan, Kent State, Northern Illinois, Western Michigan",9.5750,,,,,A,Eastern Michigan,30882,Sophia Rios
"Fri, Jan-13-2023","Arizona State, UC Davis",,,9.6500,9.5000,,A,Eastern Michigan,30328,Mickayla Stuckey
"Fri, Jan-20-2023","Iowa State, UC Davis",,,9.6000,9.6000,,A,Eastern Michigan,30328,Mickayla Stuckey
"Sun, Jan-22-2023",Ball State,,,9.7000,9.5500,,H,Eastern Michigan,30328,Mickayla Stuckey
"Sun, Jan-29-2023","Iowa State, Towson, West Virginia",,,9.8000,9.7000,,A,Eastern Michigan,30328,Mickayla Stuckey
"Fri, Feb-03-2023",Central Michigan,,,9.5500,9.5250,,A,Eastern Michigan,30328,Mickayla Stuckey
"Fri, Feb-10-2023",Kentucky,,,9.6500,9.5000,,A,Eastern Michigan,30328,Mickayla Stuckey
"Sun, Feb-12-2023",Western Michigan,,,9.6000,9.7500,,A,Eastern Michigan,30328,Mickayla Stuckey
"Fri, Feb-17-2023",Northern Illinois,,,,9.6250,,A,Eastern Michigan,30328,Mickayla Stuckey
"Sun, Feb-26-2023",Kent State,,,9.6250,9.8750,,H,Eastern Michigan,30328,Mickayla Stuckey
"Fri, Mar-03-2023","LIU, Michigan State",,,9.7000,9.8000,,H,Eastern Michigan,30328,Mickayla Stuckey
"Sun, Mar-12-2023",Bowling Green,,,9.7500,9.0250,,H,Eastern Michigan,30328,Mickayla Stuckey
"Sat, Mar-18-2023",", Ball State, Bowling Green, Central Michigan, Kent State, Northern Illinois, Western Michigan",,,9.7500,9.7500,,A,Eastern Michigan,30328,Mickayla Stuckey
"Fri, Jan-06-2023","Georgia, North Carolina, Oregon State, Rutgers, Southern Utah, Stanford, Washington",9.5000,9.0250,,,,A,Fisk,31878,Zanna Brewer
"Mon, Jan-16-2023","Georgia, Ohio State, Rutgers",,8.4500,,,,A,Fisk,31878,Zanna Brewer
"Sun, Jan-29-2023","Ball State, Pittsburgh, S.E. Missouri",,9.4000,,,,A,Fisk,31878,Zanna Brewer
"Fri, Feb-03-2023","Michigan, Rutgers, Southern Conn.",,9.1250,,,,A,Fisk,31878,Zanna Brewer
"Fri, Feb-10-2023","Lindenwood, S.E. Missouri",,8.9000,,,,A,Fisk,31878,Zanna Brewer
"Fri, Feb-24-2023","Bowling Green, George Washington, Ursinus College, Western Michigan",,9.3750,,,,A,Fisk,31878,Zanna Brewer
"Sun, Feb-26-2023","George Washington, Towson, William & Mary",,9.1250,,,,A,Fisk,31878,Zanna Brewer
"Sun, Mar-05-2023","Southern Conn., Temple, Ursinus College",,9.2500,,,,A,Fisk,31878,Zanna Brewer
"Fri, Jan-20-2023","Ball State, Kent State, Lindenwood, S.E. Missouri",,7.2000,,,,A,Fisk,31880,Hailey Clark
"Sun, Jan-29-2023","Ball State, Pittsburgh, S.E. Missouri",,8.0000,,,,A,Fisk,31880,Hailey Clark
"Fri, Feb-03-2023","Michigan, Rutgers, Southern Conn.",,7.5000,,,,A,Fisk,31880,Hailey Clark
"Fri, Jan-06-2023","Georgia, North Carolina, Oregon State, Rutgers, Southern Utah, Stanford, Washington",9.5250,9.0000,,9.3000,,A,Fisk,31881,Zyia Coleman
"Fri, Jan-13-2023","Denver, Michigan",9.5000,8.8250,,9.1250,,A,Fisk,31881,Zyia Coleman
"Mon, Jan-16-2023","Georgia, Ohio State, Rutgers",9.4250,9.2000,,9.7500,,A,Fisk,31881,Zyia Coleman
"Fri, Jan-20-2023","Ball State, Kent State, Lindenwood, S.E. Missouri",9.6000,9.2000,,9.8250,,A,Fisk,31881,Zyia Coleman
"Sun, Jan-29-2023","Ball State, Pittsburgh, S.E. Missouri",9.2500,9.1750,,9.6750,,A,Fisk,31881,Zyia Coleman
"Fri, Feb-03-2023","Michigan, Rutgers, Southern Conn.",9.6250,8.9000,,8.7000,,A,Fisk,31881,Zyia Coleman
"Fri, Feb-10-2023","Lindenwood, S.E. Missouri",9.6500,8.9500,,9.7750,,A,Fisk,31881,Zyia Coleman
"Fri, Feb-24-2023","Bowling Green, George Washington, Ursinus College, Western Michigan",9.4500,8.9750,,9.3250,,A,Fisk,31881,Zyia Coleman
"Sun, Feb-26-2023","George Washington, Towson, William & Mary",9.4000,9.1750,,9.4750,,A,Fisk,31881,Zyia Coleman
"Sun, Mar-05-2023","Southern Conn., Temple, Ursinus College",9.6750,8.7500,,9.7750,,A,Fisk,31881,Zyia Coleman
"Thu, Apr-06-2023","Air Force, Bridgeport, Brown, Centenary College, Cornell, Lindenwood, S.E. Missouri, Southern Conn., Texas Woman's, West Chester, Yale",9.5500,,,9.8500,,A,Fisk,31881,Zyia Coleman
"Sat, Apr-08-2023","Air Force, Bridgeport, Brown, Centenary College, Cornell, Lindenwood, S.E. Missouri, Southern Conn., Texas Woman's, West Chester, Yale",,,,9.6000,,A,Fisk,31881,Zyia Coleman
"Fri, Jan-20-2023","Ball State, Kent State, Lindenwood, S.E. Missouri",,,,8.0000,,A,Fisk,31882,Jordynn Cromartie
"Fri, Jan-06-2023","Georgia, North Carolina, Oregon State, Rutgers, Southern Utah, Stanford, Washington",9.4750,,7.9250,,,A,Fisk,31170,Breyana Daniels
"Fri, Jan-13-2023","Denver, Michigan",9.6250,,8.8250,,,A,Fisk,31170,Breyana Daniels
"Mon, Jan-16-2023","Georgia, Ohio State, Rutgers",9.4000,,7.5750,,,A,Fisk,31170,Breyana Daniels
"Sun, Jan-29-2023","Ball State, Pittsburgh, S.E. Missouri",9.4750,,9.5250,,,A,Fisk,31170,Breyana Daniels
"Fri, Feb-03-2023","Michigan, Rutgers, Southern Conn.",9.5500,,9.0500,,,A,Fisk,31170,Breyana Daniels
"Fri, Feb-10-2023","Lindenwood, S.E. Missouri",9.5500,,9.5750,,,A,Fisk,31170,Breyana Daniels
"Fri, Feb-24-2023","Bowling Green, George Washington, Ursinus College, Western Michigan",9.4750,,9.1000,,,A,Fisk,31170,Breyana Daniels
"Sun, Feb-26-2023","George Washington, Towson, William & Mary",9.5750,,8.5500,,,A,Fisk,31170,Breyana Daniels
"Sun, Mar-05-2023","Southern Conn., Temple, Ursinus College",9.5500,,7.7500,,,A,Fisk,31170,Breyana Daniels
"Fri, Feb-10-2023","Lindenwood, S.E. Missouri",,,,,,A,Fisk,31883,Leeiah Davis
"Fri, Jan-06-2023","Georgia, North Carolina, Oregon State, Rutgers, Southern Utah, Stanford, Washington",,,,9.4750,,A,Fisk,31884,Kaylei McDonald
"Fri, Jan-13-2023","Denver, Michigan",,,9.6250,9.2250,,A,Fisk,31884,Kaylei McDonald
"Mon, Jan-16-2023","Georgia, Ohio State, Rutgers",,,8.9750,9.6750,,A,Fisk,31884,Kaylei McDonald
"Fri, Jan-20-2023","Ball State, Kent State, Lindenwood, S.E. Missouri",9.3250,,9.7250,9.6000,,A,Fisk,31884,Kaylei McDonald
"Sun, Jan-29-2023","Ball State, Pittsburgh, S.E. Missouri",9.5250,,8.6750,9.3250,,A,Fisk,31884,Kaylei McDonald
"Fri, Feb-03-2023","Michigan, Rutgers, Southern Conn.",9.0750,,9.2250,9.6000,,A,Fisk,31884,Kaylei McDonald
"Fri, Feb-10-2023","Lindenwood, S.E. Missouri",8.8750,,9.0750,9.5500,,A,Fisk,31884,Kaylei McDonald
"Fri, Feb-24-2023","Bowling Green, George Washington, Ursinus College, Western Michigan",8.9250,,9.7000,9.2250,,A,Fisk,31884,Kaylei McDonald
"Sun, Feb-26-2023","George Washington, Towson, William & Mary",,,8.5500,,,A,Fisk,31884,Kaylei McDonald
"Sun, Mar-05-2023","Southern Conn., Temple, Ursinus College",,,9.5750,,,A,Fisk,31884,Kaylei McDonald
"Fri, Jan-06-2023","Georgia, North Carolina, Oregon State, Rutgers, Southern Utah, Stanford, Washington",,,9.6750,9.4750,,A,Fisk,31885,Liberty Mora
"Fri, Jan-13-2023","Denver, Michigan",,,9.6000,8.8750,,A,Fisk,31885,Liberty Mora
"Mon, Jan-16-2023","Georgia, Ohio State, Rutgers",,,9.6750,9.5500,,A,Fisk,31885,Liberty Mora
"Fri, Jan-20-2023","Ball State, Kent State, Lindenwood, S.E. Missouri",,,9.8250,,,A,Fisk,31885,Liberty Mora
"Sun, Jan-29-2023","Ball State, Pittsburgh, S.E. Missouri",9.4750,,9.7500,9.6250,,A,Fisk,31885,Liberty Mora
"Fri, Feb-03-2023","Michigan, Rutgers, Southern Conn.",9.5000,,9.8250,9.6250,,A,Fisk,31885,Liberty Mora
"Fri, Feb-10-2023","Lindenwood, S.E. Missouri",9.5500,,9.8250,9.6500,,A,Fisk,31885,Liberty Mora
"Fri, Feb-24-2023","Bowling Green, George Washington, Ursinus College, Western Michigan",9.4250,,9.1500,9.4000,,A,Fisk,31885,Liberty Mora
"Sun, Feb-26-2023","George Washington, Towson, William & Mary",9.4750,,9.7500,9.7750,,A,Fisk,31885,Liberty Mora
"Sun, Mar-05-2023","Southern Conn., Temple, Ursinus College",9.5250,9.2000,9.7000,9.7000,38.1250,A,Fisk,31885,Liberty Mora
"Thu, Apr-06-2023","Air Force, Bridgeport, Brown, Centenary College, Cornell, Lindenwood, S.E. Missouri, Southern Conn., Texas Woman's, West Chester, Yale",,,9.8000,,,A,Fisk,31885,Liberty Mora
"Sat, Apr-08-2023","Air Force, Bridgeport, Brown, Centenary College, Cornell, Lindenwood, S.E. Missouri, Southern Conn., Texas Woman's, West Chester, Yale",,,9.8380,,,A,Fisk,31885,Liberty Mora
"Fri, Jan-06-2023","Georgia, North Carolina, Oregon State, Rutgers, Southern Utah, Stanford, Washington",,,,9.6000,,A,Fisk,31678,Naimah Muhammad
"Fri, Jan-13-2023","Denver, Michigan",,,,8.8000,,A,Fisk,31678,Naimah Muhammad
"Mon, Jan-16-2023","Georgia, Ohio State, Rutgers",,,,9.6500,,A,Fisk,31678,Naimah Muhammad
"Fri, Jan-20-2023","Ball State, Kent State, Lindenwood, S.E. Missouri",,,9.3250,9.6750,,A,Fisk,31678,Naimah Muhammad
"Sun, Jan-29-2023","Ball State, Pittsburgh, S.E. Missouri",9.0000,,9.4500,9.3000,,A,Fisk,31678,Naimah Muhammad
"Fri, Feb-03-2023","Michigan, Rutgers, Southern Conn.",9.2500,,9.3000,9.7000,,A,Fisk,31678,Naimah Muhammad
"Fri, Feb-10-2023","Lindenwood, S.E. Missouri",8.8250,,,9.5250,,A,Fisk,31678,Naimah Muhammad
"Fri, Feb-24-2023","Bowling Green, George Washington, Ursinus College, Western Michigan",,,,9.6000,,A,Fisk,31678,Naimah Muhammad
"Sun, Feb-26-2023","George Washington, Towson, William & Mary",,,,9.7250,,A,Fisk,31678,Naimah Muhammad
"Sun, Mar-05-2023","Southern Conn., Temple, Ursinus College",,,,8.8000,,A,Fisk,31678,Naimah Muhammad
"Fri, Jan-06-2023","Georgia, North Carolina, Oregon State, Rutgers, Southern Utah, Stanford, Washington",9.9000,9.7000,9.1250,9.2250,37.9500,A,Fisk,31886,Morgan Price
"Fri, Jan-13-2023","Denver, Michigan",9.8500,9.6750,9.8000,9.8250,39.1500,A,Fisk,31886,Morgan Price
"Mon, Jan-16-2023","Georgia, Ohio State, Rutgers",9.8750,9.8750,9.7500,9.8750,39.3750,A,Fisk,31886,Morgan Price
"Fri, Jan-20-2023","Ball State, Kent State, Lindenwood, S.E. Missouri",9.0000,9.8250,9.7750,9.8750,38.4750,A,Fisk,31886,Morgan Price
"Sun, Jan-29-2023","Ball State, Pittsburgh, S.E. Missouri",,9.7750,,,,A,Fisk,31886,Morgan Price
"Fri, Feb-03-2023","Michigan, Rutgers, Southern Conn.",,9.9000,,,,A,Fisk,31886,Morgan Price
"Fri, Feb-10-2023","Lindenwood, S.E. Missouri",,9.8750,9.7500,,,A,Fisk,31886,Morgan Price
"Fri, Feb-24-2023","Bowling Green, George Washington, Ursinus College, Western Michigan",9.8500,9.8250,9.6750,9.6500,39.0000,A,Fisk,31886,Morgan Price
"Sun, Feb-26-2023","George Washington, Towson, William & Mary",9.9000,9.7500,9.7500,9.8000,39.2000,A,Fisk,31886,Morgan Price
"Sun, Mar-05-2023","Southern Conn., Temple, Ursinus College",9.9000,9.8000,9.7750,9.8500,39.3250,A,Fisk,31886,Morgan Price
"Thu, Apr-06-2023","Air Force, Bridgeport, Brown, Centenary College, Cornell, Lindenwood, S.E. Missouri, Southern Conn., Texas Woman's, West Chester, Yale",9.7500,9.7500,9.0000,9.9000,38.4000,A,Fisk,31886,Morgan Price
"Sat, Apr-08-2023","Air Force, Bridgeport, Brown, Centenary College, Cornell, Lindenwood, S.E. Missouri, Southern Conn., Texas Woman's, West Chester, Yale",,,,9.8500,,A,Fisk,31886,Morgan Price
"Fri, Jan-06-2023","Georgia, North Carolina, Oregon State, Rutgers, Southern Utah, Stanford, Washington",9.7250,8.4000,9.3500,,,A,Fisk,31887,Aliyah Reed-Hammon
"Fri, Jan-13-2023","Denver, Michigan",9.6500,9.2500,9.6000,,,A,Fisk,31887,Aliyah Reed-Hammon
"Mon, Jan-16-2023","Georgia, Ohio State, Rutgers",9.6500,9.4750,9.2250,,,A,Fisk,31887,Aliyah Reed-Hammon
"Fri, Jan-20-2023","Ball State, Kent State, Lindenwood, S.E. Missouri",9.5500,,9.9250,,,A,Fisk,31887,Aliyah Reed-Hammon
"Sun, Jan-29-2023","Ball State, Pittsburgh, S.E. Missouri",9.7000,9.4500,9.7750,,,A,Fisk,31887,Aliyah Reed-Hammon
"Fri, Feb-03-2023","Michigan, Rutgers, Southern Conn.",9.7500,8.9000,9.6500,,,A,Fisk,31887,Aliyah Reed-Hammon
"Fri, Feb-10-2023","Lindenwood, S.E. Missouri",9.8250,9.6500,9.6500,,,A,Fisk,31887,Aliyah Reed-Hammon
"Fri, Feb-24-2023","Bowling Green, George Washington, Ursinus College, Western Michigan",9.8000,,9.5750,,,A,Fisk,31887,Aliyah Reed-Hammon
"Sun, Feb-26-2023","George Washington, Towson, William & Mary",9.7250,,9.3000,,,A,Fisk,31887,Aliyah Reed-Hammon
"Sun, Mar-05-2023","Southern Conn., Temple, Ursinus College",9.9000,,9.7500,,,A,Fisk,31887,Aliyah Reed-Hammon
"Thu, Apr-06-2023","Air Force, Bridgeport, Brown, Centenary College, Cornell, Lindenwood, S.E. Missouri, Southern Conn., Texas Woman's, West Chester, Yale",9.7000,,,,,A,Fisk,31887,Aliyah Reed-Hammon
"Fri, Jan-06-2023","Georgia, North Carolina, Oregon State, Rutgers, Southern Utah, Stanford, Washington",9.5250,9.5000,9.2750,9.7000,38.0000,A,Fisk,31888,Kiara Richmon
"Fri, Jan-13-2023","Denver, Michigan",9.5250,9.7000,,8.8500,,A,Fisk,31888,Kiara Richmon
"Mon, Jan-16-2023","Georgia, Ohio State, Rutgers",9.3250,9.7750,,9.7250,,A,Fisk,31888,Kiara Richmon
"Fri, Jan-20-2023","Ball State, Kent State, Lindenwood, S.E. Missouri",9.6000,9.8250,,9.8000,,A,Fisk,31888,Kiara Richmon
"Sun, Jan-29-2023","Ball State, Pittsburgh, S.E. Missouri",,9.7500,9.4500,8.8000,,A,Fisk,31888,Kiara Richmon
"Fri, Feb-03-2023","Michigan, Rutgers, Southern Conn.",,9.6500,,,,A,Fisk,31888,Kiara Richmon
"Fri, Feb-10-2023","Lindenwood, S.E. Missouri",,9.0500,,,,A,Fisk,31888,Kiara Richmon
"Fri, Feb-24-2023","Bowling Green, George Washington, Ursinus College, Western Michigan",,9.8250,,,,A,Fisk,31888,Kiara Richmon
"Sun, Feb-26-2023","George Washington, Towson, William & Mary",,9.6000,,,,A,Fisk,31888,Kiara Richmon
"Sun, Mar-05-2023","Southern Conn., Temple, Ursinus College",9.5250,9.8250,,9.5500,,A,Fisk,31888,Kiara Richmon
"Thu, Apr-06-2023","Air Force, Bridgeport, Brown, Centenary College, Cornell, Lindenwood, S.E. Missouri, Southern Conn., Texas Woman's, West Chester, Yale",,9.7500,,,,A,Fisk,31888,Kiara Richmon
"Fri, Feb-03-2023","Michigan, Rutgers, Southern Conn.",,,,8.9000,,A,Fisk,31889,HyCei White
"Fri, Feb-10-2023","Lindenwood, S.E. Missouri",,,,8.7000,,A,Fisk,31889,HyCei White
"Fri, Feb-24-2023","Bowling Green, George Washington, Ursinus College, Western Michigan",,,,9.4250,,A,Fisk,31889,HyCei White
"Sun, Feb-26-2023","George Washington, Towson, William & Mary",,,,9.3500,,A,Fisk,31889,HyCei White
"Sun, Mar-05-2023","Southern Conn., Temple, Ursinus College",,,,9.7000,,A,Fisk,31889,HyCei White
"Fri, Jan-06-2023","Georgia, North Carolina, Oregon State, Rutgers, Southern Utah, Stanford, Washington",,8.5500,9.2250,,,A,Fisk,31577,Alyssa Wiggins
"Fri, Jan-13-2023","Denver, Michigan",,5.4000,9.2750,,,A,Fisk,31577,Alyssa Wiggins
"Mon, Jan-16-2023","Georgia, Ohio State, Rutgers",,9.1250,8.6750,,,A,Fisk,31577,Alyssa Wiggins
"Fri, Jan-20-2023","Ball State, Kent State, Lindenwood, S.E. Missouri",,9.4000,9.4750,,,A,Fisk,31577,Alyssa Wiggins
"Fri, Feb-03-2023","Michigan, Rutgers, Southern Conn.",,,9.5000,,,A,Fisk,31577,Alyssa Wiggins
"Fri, Feb-10-2023","Lindenwood, S.E. Missouri",,8.8250,9.3000,,,A,Fisk,31577,Alyssa Wiggins
"Fri, Feb-24-2023","Bowling Green, George Washington, Ursinus College, Western Michigan",,9.2000,9.6250,,,A,Fisk,31577,Alyssa Wiggins
"Sun, Feb-26-2023","George Washington, Towson, William & Mary",,9.2750,9.4500,,,A,Fisk,31577,Alyssa Wiggins
"Sun, Mar-05-2023","Southern Conn., Temple, Ursinus College",,8.9250,9.4750,,,A,Fisk,31577,Alyssa Wiggins
"Fri, Jan-06-2023","Ball State, Lindenwood, West Virginia",9.9000,,,9.9250,,H,Florida,29960,Rachel Baumann
"Fri, Jan-20-2023",Alabama,,,,9.8250,,A,Florida,29960,Rachel Baumann
"Fri, Jan-27-2023",Georgia,,,,9.8750,,H,Florida,29960,Rachel Baumann
"Fri, Feb-03-2023",Arkansas,,,,9.8750,,A,Florida,29960,Rachel Baumann
"Fri, Feb-10-2023",Missouri,,,,9.9000,,H,Florida,29960,Rachel Baumann
"Fri, Feb-17-2023",LSU,,,,9.9250,,A,Florida,29960,Rachel Baumann
"Fri, Feb-24-2023",Kentucky,,,,9.9000,,H,Florida,29960,Rachel Baumann
"Fri, Mar-03-2023",Oklahoma,,,,9.7250,,A,Florida,29960,Rachel Baumann
"Sun, Mar-12-2023","North Carolina State, Texas Woman's, Washington",,,,9.8500,,A,Florida,29960,Rachel Baumann
"Sat, Mar-18-2023","Alabama, Arkansas, Auburn, Georgia, Kentucky, LSU, Missouri",,,,9.9250,,A,Florida,29960,Rachel Baumann
"Fri, Mar-31-2023",,,,,9.7000,,A,Florida,29960,Rachel Baumann
"Sun, Apr-02-2023",,,,,9.6500,,A,Florida,29960,Rachel Baumann
"Thu, Apr-13-2023","Alabama, Arizona State, Arkansas, Auburn, Boise State, California, Denver, Kentucky, LSU, Michigan, Michigan State, Missouri, Ohio State, Oklahoma, Oregon State, Penn State, Stanford, UCLA, Utah",,,,9.8375,,A,Florida,29960,Rachel Baumann
"Sat, Apr-15-2023","Alabama, California, Denver, Kentucky, LSU, Oklahoma, UCLA, Utah",,,,9.9000,,A,Florida,29960,Rachel Baumann
"Fri, Jan-06-2023","Ball State, Lindenwood, West Virginia",,9.9000,,7.3500,,H,Florida,31325,Sloane Blakely
"Fri, Jan-13-2023",Auburn,,9.7750,9.8750,,,H,Florida,31325,Sloane Blakely
"Fri, Jan-20-2023",Alabama,,9.7750,9.8000,,,A,Florida,31325,Sloane Blakely
"Fri, Jan-27-2023",Georgia,9.4500,9.9250,9.9000,9.5500,38.8250,H,Florida,31325,Sloane Blakely
"Fri, Feb-03-2023",Arkansas,9.8000,9.8250,9.8750,,,A,Florida,31325,Sloane Blakely
"Fri, Feb-10-2023",Missouri,9.8750,9.8250,9.8500,9.9750,39.5250,H,Florida,31325,Sloane Blakely
"Fri, Feb-17-2023",LSU,,9.7500,,,,A,Florida,31325,Sloane Blakely
"Fri, Feb-24-2023",Kentucky,9.9000,9.9250,9.8750,9.7250,39.4250,H,Florida,31325,Sloane Blakely
"Fri, Mar-03-2023",Oklahoma,9.8500,9.9250,9.9500,,,A,Florida,31325,Sloane Blakely
"Sun, Mar-12-2023","North Carolina State, Texas Woman's, Washington",9.9750,9.8250,9.9250,,,A,Florida,31325,Sloane Blakely
"Sat, Mar-18-2023","Alabama, Arkansas, Auburn, Georgia, Kentucky, LSU, Missouri",9.9500,9.9000,9.8000,,,A,Florida,31325,Sloane Blakely
"Fri, Mar-31-2023",,9.8250,9.9000,9.8750,,,A,Florida,31325,Sloane Blakely
"Sun, Apr-02-2023",,9.3250,9.8500,9.8500,9.7500,38.7750,A,Florida,31325,Sloane Blakely
"Thu, Apr-13-2023","Alabama, Arizona State, Arkansas, Auburn, Boise State, California, Denver, Kentucky, LSU, Michigan, Michigan State, Missouri, Ohio State, Oklahoma, Oregon State, Penn State, Stanford, UCLA, Utah",9.8000,9.2375,9.9375,9.8500,38.8250,A,Florida,31325,Sloane Blakely
"Sat, Apr-15-2023","Alabama, California, Denver, Kentucky, LSU, Oklahoma, UCLA, Utah",9.8750,9.9250,9.9000,9.8625,39.5625,A,Florida,31325,Sloane Blakely
"Fri, Jan-06-2023","Ball State, Lindenwood, West Virginia",,,,9.8500,,H,Florida,31890,Lori Brubach
"Fri, Jan-13-2023",Auburn,,,,9.8250,,H,Florida,31890,Lori Brubach
"Fri, Jan-27-2023",Georgia,,,,9.8250,,H,Florida,31890,Lori Brubach
"Fri, Feb-03-2023",Arkansas,,,,9.8000,,A,Florida,31890,Lori Brubach
"Fri, Mar-03-2023",Oklahoma,,,,9.8500,,A,Florida,31890,Lori Brubach
"Sun, Mar-12-2023","North Carolina State, Texas Woman's, Washington",,,,9.8000,,A,Florida,31890,Lori Brubach
"Fri, Mar-03-2023",Oklahoma,,,,9.7500,,A,Florida,29941,Leah Clapper
"Fri, Jan-13-2023",Auburn,9.7500,,,,,H,Florida,30883,Chloi Clark
"Fri, Jan-20-2023",Alabama,9.7750,,,,,A,Florida,30883,Chloi Clark
"Fri, Feb-10-2023",Missouri,9.8500,,,,,H,Florida,30883,Chloi Clark
"Fri, Feb-17-2023",LSU,9.8500,,,,,A,Florida,30883,Chloi Clark
"Fri, Feb-24-2023",Kentucky,9.8250,,,,,H,Florida,30883,Chloi Clark
"Sat, Mar-18-2023","Alabama, Arkansas, Auburn, Georgia, Kentucky, LSU, Missouri",9.8250,,,,,A,Florida,30883,Chloi Clark
"Fri, Mar-31-2023",,9.7500,,,,,A,Florida,30883,Chloi Clark
"Sun, Apr-02-2023",,9.8250,,,,,A,Florida,30883,Chloi Clark
"Fri, Jan-06-2023","Ball State, Lindenwood, West Virginia",9.7750,9.9250,9.9000,9.8750,39.4750,H,Florida,31891,Kayla Dicello
"Fri, Jan-13-2023",Auburn,9.9000,9.9250,9.9250,,,H,Florida,31891,Kayla Dicello
"Fri, Jan-20-2023",Alabama,9.8500,9.9250,9.9250,9.8000,39.5000,A,Florida,31891,Kayla Dicello
"Fri, Jan-27-2023",Georgia,9.8750,9.9000,9.9000,,,H,Florida,31891,Kayla Dicello
"Fri, Feb-03-2023",Arkansas,9.8750,9.9250,9.9500,9.7250,39.4750,A,Florida,31891,Kayla Dicello
"Fri, Feb-10-2023",Missouri,9.9000,10.0000,9.9750,9.8750,39.7500,H,Florida,31891,Kayla Dicello
"Fri, Feb-17-2023",LSU,9.8750,9.9000,9.9750,9.9500,39.7000,A,Florida,31891,Kayla Dicello
"Fri, Feb-24-2023",Kentucky,9.8000,9.9750,9.9250,9.9000,39.6000,H,Florida,31891,Kayla Dicello
"Fri, Mar-03-2023",Oklahoma,9.9500,9.8500,9.8500,,,A,Florida,31891,Kayla Dicello
"Sun, Mar-12-2023","North Carolina State, Texas Woman's, Washington",9.8750,9.9250,9.9000,9.9250,39.6250,A,Florida,31891,Kayla Dicello
"Sat, Mar-18-2023","Alabama, Arkansas, Auburn, Georgia, Kentucky, LSU, Missouri",9.8000,9.9000,9.9500,9.9500,39.6000,A,Florida,31891,Kayla Dicello
"Fri, Mar-31-2023",,9.9500,10.0000,9.9500,9.9000,39.8000,A,Florida,31891,Kayla Dicello
"Sun, Apr-02-2023",,9.8750,9.9500,9.9500,9.9000,39.6750,A,Florida,31891,Kayla Dicello
"Thu, Apr-13-2023","Alabama, Arizona State, Arkansas, Auburn, Boise State, California, Denver, Kentucky, LSU, Michigan, Michigan State, Missouri, Ohio State, Oklahoma, Oregon State, Penn State, Stanford, UCLA, Utah",9.8125,9.8750,9.9250,9.8875,39.5000,A,Florida,31891,Kayla Dicello
"Sat, Apr-15-2023","Alabama, California, Denver, Kentucky, LSU, Oklahoma, UCLA, Utah",9.9000,9.9750,9.9000,9.9000,39.6750,A,Florida,31891,Kayla Dicello
"Fri, Jan-06-2023","Ball State, Lindenwood, West Virginia",9.8500,,,,,H,Florida,31326,Bri Edwards
"Fri, Jan-13-2023",Auburn,9.7750,,,,,H,Florida,31326,Bri Edwards
"Fri, Jan-20-2023",Alabama,9.8250,,,,,A,Florida,31326,Bri Edwards
"Fri, Jan-27-2023",Georgia,9.8250,,,,,H,Florida,31326,Bri Edwards
"Fri, Feb-03-2023",Arkansas,9.8250,,,,,A,Florida,31326,Bri Edwards
"Fri, Feb-17-2023",LSU,9.8250,,,,,A,Florida,31326,Bri Edwards
"Sun, Mar-12-2023","North Carolina State, Texas Woman's, Washington",9.8000,,,,,A,Florida,31326,Bri Edwards
"Fri, Mar-31-2023",,9.8500,,,,,A,Florida,31326,Bri Edwards
"Sun, Apr-02-2023",,9.7500,,,,,A,Florida,31326,Bri Edwards
"Fri, Jan-06-2023","Ball State, Lindenwood, West Virginia",,8.7500,9.7750,,,H,Florida,31892,Morgan Hurd
"Fri, Jan-13-2023",Auburn,,,9.7250,9.8250,,H,Florida,31892,Morgan Hurd
"Fri, Jan-20-2023",Alabama,,,,9.6750,,A,Florida,31892,Morgan Hurd
"Fri, Mar-03-2023",Oklahoma,,,,9.7000,,A,Florida,31892,Morgan Hurd
"Fri, Jan-06-2023","Ball State, Lindenwood, West Virginia",,,9.9000,,,H,Florida,30885,Ellie Lazzari
"Fri, Jan-13-2023",Auburn,,,9.8500,,,H,Florida,30885,Ellie Lazzari
"Fri, Jan-20-2023",Alabama,,,9.8500,,,A,Florida,30885,Ellie Lazzari
"Fri, Jan-27-2023",Georgia,,,9.8750,,,H,Florida,30885,Ellie Lazzari
"Fri, Feb-03-2023",Arkansas,,,9.9000,,,A,Florida,30885,Ellie Lazzari
"Fri, Feb-10-2023",Missouri,,,9.7750,,,H,Florida,30885,Ellie Lazzari
"Fri, Feb-17-2023",LSU,,,9.9000,,,A,Florida,30885,Ellie Lazzari
"Fri, Feb-24-2023",Kentucky,,,9.8750,,,H,Florida,30885,Ellie Lazzari
"Fri, Mar-03-2023",Oklahoma,,,9.9250,,,A,Florida,30885,Ellie Lazzari
"Sun, Mar-12-2023","North Carolina State, Texas Woman's, Washington",,,9.9250,,,A,Florida,30885,Ellie Lazzari
"Sat, Mar-18-2023","Alabama, Arkansas, Auburn, Georgia, Kentucky, LSU, Missouri",,,9.9250,,,A,Florida,30885,Ellie Lazzari
"Fri, Mar-31-2023",,,,9.9000,,,A,Florida,30885,Ellie Lazzari
"Sun, Apr-02-2023",,,,9.8750,,,A,Florida,30885,Ellie Lazzari
"Thu, Apr-13-2023","Alabama, Arizona State, Arkansas, Auburn, Boise State, California, Denver, Kentucky, LSU, Michigan, Michigan State, Missouri, Ohio State, Oklahoma, Oregon State, Penn State, Stanford, UCLA, Utah",,,9.8125,,,A,Florida,30885,Ellie Lazzari
"Sat, Apr-15-2023","Alabama, California, Denver, Kentucky, LSU, Oklahoma, UCLA, Utah",,,9.0125,,,A,Florida,30885,Ellie Lazzari
"Fri, Feb-03-2023",Arkansas,,9.6500,,,,A,Florida,31327,Riley McCusker
"Fri, Feb-24-2023",Kentucky,,9.9500,,,,H,Florida,31327,Riley McCusker
"Fri, Mar-03-2023",Oklahoma,,9.8500,9.2750,,,A,Florida,31327,Riley McCusker
"Sun, Mar-12-2023","North Carolina State, Texas Woman's, Washington",,9.9250,9.9500,,,A,Florida,31327,Riley McCusker
"Sat, Mar-18-2023","Alabama, Arkansas, Auburn, Georgia, Kentucky, LSU, Missouri",,9.9000,9.9000,,,A,Florida,31327,Riley McCusker
"Fri, Mar-31-2023",,,9.9000,9.9500,,,A,Florida,31327,Riley McCusker
"Sun, Apr-02-2023",,,9.9250,9.9000,,,A,Florida,31327,Riley McCusker
"Thu, Apr-13-2023","Alabama, Arizona State, Arkansas, Auburn, Boise State, California, Denver, Kentucky, LSU, Michigan, Michigan State, Missouri, Ohio State, Oklahoma, Oregon State, Penn State, Stanford, UCLA, Utah",,9.9000,9.6125,,,A,Florida,31327,Riley McCusker
"Sat, Apr-15-2023","Alabama, California, Denver, Kentucky, LSU, Oklahoma, UCLA, Utah",,9.9250,9.9375,,,A,Florida,31327,Riley McCusker
"Fri, Jan-06-2023","Ball State, Lindenwood, West Virginia",,9.9000,,9.9000,,H,Florida,30893,Victoria Nguyen
"Fri, Jan-13-2023",Auburn,,9.8000,,9.9000,,H,Florida,30893,Victoria Nguyen
"Fri, Jan-20-2023",Alabama,,9.9000,9.8250,9.8500,,A,Florida,30893,Victoria Nguyen
"Fri, Jan-27-2023",Georgia,,9.8000,9.8500,9.9250,,H,Florida,30893,Victoria Nguyen
"Fri, Feb-03-2023",Arkansas,,9.9000,,9.6250,,A,Florida,30893,Victoria Nguyen
"Fri, Feb-10-2023",Missouri,,9.9250,9.8750,,,H,Florida,30893,Victoria Nguyen
"Fri, Feb-17-2023",LSU,,9.5750,9.8500,9.9250,,A,Florida,30893,Victoria Nguyen
"Fri, Feb-24-2023",Kentucky,,9.8750,,9.9000,,H,Florida,30893,Victoria Nguyen
"Fri, Mar-03-2023",Oklahoma,,9.8750,,,,A,Florida,30893,Victoria Nguyen
"Sat, Mar-18-2023","Alabama, Arkansas, Auburn, Georgia, Kentucky, LSU, Missouri",,9.9500,,9.9000,,A,Florida,30893,Victoria Nguyen
"Fri, Mar-31-2023",,,9.8500,,9.9250,,A,Florida,30893,Victoria Nguyen
"Sun, Apr-02-2023",,,9.8750,,9.8500,,A,Florida,30893,Victoria Nguyen
"Thu, Apr-13-2023","Alabama, Arizona State, Arkansas, Auburn, Boise State, California, Denver, Kentucky, LSU, Michigan, Michigan State, Missouri, Ohio State, Oklahoma, Oregon State, Penn State, Stanford, UCLA, Utah",9.8625,9.8250,,9.9000,,A,Florida,30893,Victoria Nguyen
"Sat, Apr-15-2023","Alabama, California, Denver, Kentucky, LSU, Oklahoma, UCLA, Utah",9.8875,9.9000,9.8750,9.8875,39.5500,A,Florida,30893,Victoria Nguyen
"Fri, Jan-06-2023","Ball State, Lindenwood, West Virginia",9.7500,,9.7500,9.8500,,H,Florida,30604,Payton Richards
"Fri, Jan-13-2023",Auburn,9.7250,9.8250,,9.9250,,H,Florida,30604,Payton Richards
"Fri, Jan-20-2023",Alabama,9.8750,9.7250,,,,A,Florida,30604,Payton Richards
"Fri, Jan-27-2023",Georgia,9.8500,9.7750,9.8750,,,H,Florida,30604,Payton Richards
"Fri, Feb-03-2023",Arkansas,9.9250,,9.8750,,,A,Florida,30604,Payton Richards
"Fri, Feb-10-2023",Missouri,9.8250,9.8500,,9.9000,,H,Florida,30604,Payton Richards
"Fri, Feb-17-2023",LSU,9.8750,9.8500,9.7500,9.6750,39.1500,A,Florida,30604,Payton Richards
"Fri, Feb-24-2023",Kentucky,9.7500,,9.7750,9.9250,,H,Florida,30604,Payton Richards
"Fri, Mar-03-2023",Oklahoma,9.9000,,,9.9000,,A,Florida,30604,Payton Richards
"Sun, Mar-12-2023","North Carolina State, Texas Woman's, Washington",9.8750,9.8000,,9.9000,,A,Florida,30604,Payton Richards
"Sat, Mar-18-2023","Alabama, Arkansas, Auburn, Georgia, Kentucky, LSU, Missouri",9.8250,,,9.9000,,A,Florida,30604,Payton Richards
"Fri, Mar-31-2023",,9.9000,9.8750,,9.9000,,A,Florida,30604,Payton Richards
"Sun, Apr-02-2023",,9.9500,9.8250,9.9000,9.9000,39.5750,A,Florida,30604,Payton Richards
"Thu, Apr-13-2023","Alabama, Arizona State, Arkansas, Auburn, Boise State, California, Denver, Kentucky, LSU, Michigan, Michigan State, Missouri, Ohio State, Oklahoma, Oregon State, Penn State, Stanford, UCLA, Utah",9.8625,,9.2750,9.9250,,A,Florida,30604,Payton Richards
"Sat, Apr-15-2023","Alabama, California, Denver, Kentucky, LSU, Oklahoma, UCLA, Utah",9.8375,,,9.8750,,A,Florida,30604,Payton Richards
"Fri, Jan-06-2023","Ball State, Lindenwood, West Virginia",9.9250,9.9500,10.0000,,,H,Florida,29946,Trinity Thomas
"Fri, Jan-13-2023",Auburn,9.9250,9.9750,9.8250,10.0000,39.7250,H,Florida,29946,Trinity Thomas
"Fri, Jan-20-2023",Alabama,9.9000,9.9250,9.8750,9.9500,39.6500,A,Florida,29946,Trinity Thomas
"Fri, Jan-27-2023",Georgia,10.0000,9.9750,,9.9250,,H,Florida,29946,Trinity Thomas
"Fri, Feb-03-2023",Arkansas,9.9000,9.9750,9.8750,9.9500,39.7000,A,Florida,29946,Trinity Thomas
"Fri, Feb-10-2023",Missouri,9.9000,9.9500,10.0000,9.9750,39.8250,H,Florida,29946,Trinity Thomas
"Fri, Feb-17-2023",LSU,9.9250,9.9750,10.0000,9.9500,39.8500,A,Florida,29946,Trinity Thomas
"Fri, Feb-24-2023",Kentucky,9.8500,9.9750,9.9000,9.9750,39.7000,H,Florida,29946,Trinity Thomas
"Fri, Mar-03-2023",Oklahoma,9.8750,9.9750,9.8750,,,A,Florida,29946,Trinity Thomas
"Sun, Mar-12-2023","North Carolina State, Texas Woman's, Washington",9.9000,9.8500,9.9000,9.9750,39.6250,A,Florida,29946,Trinity Thomas
"Sat, Mar-18-2023","Alabama, Arkansas, Auburn, Georgia, Kentucky, LSU, Missouri",9.8750,10.0000,9.9250,10.0000,39.8000,A,Florida,29946,Trinity Thomas
"Fri, Mar-31-2023",,,,9.9000,4.9500,,A,Florida,29946,Trinity Thomas
"Thu, Apr-13-2023","Alabama, Arizona State, Arkansas, Auburn, Boise State, California, Denver, Kentucky, LSU, Michigan, Michigan State, Missouri, Ohio State, Oklahoma, Oregon State, Penn State, Stanford, UCLA, Utah",9.9000,9.9500,,,,A,Florida,29946,Trinity Thomas
"Sat, Apr-15-2023","Alabama, California, Denver, Kentucky, LSU, Oklahoma, UCLA, Utah",10.0000,9.9125,,,,A,Florida,29946,Trinity Thomas
"Fri, Jan-06-2023","Ball State, Lindenwood, West Virginia",9.8500,9.9500,9.8500,,,H,Florida,31328,Leanne Wong
"Fri, Jan-13-2023",Auburn,9.8500,10.0000,10.0000,9.9750,39.8250,H,Florida,31328,Leanne Wong
"Fri, Jan-20-2023",Alabama,9.8000,9.9000,9.8750,9.8750,39.4500,A,Florida,31328,Leanne Wong
"Fri, Jan-27-2023",Georgia,9.8750,9.9750,9.9250,9.8750,39.6500,H,Florida,31328,Leanne Wong
"Fri, Feb-03-2023",Arkansas,9.8750,10.0000,10.0000,9.9000,39.7750,A,Florida,31328,Leanne Wong
"Fri, Feb-10-2023",Missouri,9.7250,9.9500,9.9000,9.9750,39.5500,H,Florida,31328,Leanne Wong
"Fri, Feb-17-2023",LSU,9.8000,9.9500,9.9000,9.8250,39.4750,A,Florida,31328,Leanne Wong
"Fri, Feb-24-2023",Kentucky,9.9250,9.9750,9.8750,,,H,Florida,31328,Leanne Wong
"Fri, Mar-03-2023",Oklahoma,9.9500,9.9000,9.8750,9.9500,39.6750,A,Florida,31328,Leanne Wong
"Sun, Mar-12-2023","North Carolina State, Texas Woman's, Washington",9.8750,9.9500,9.8750,9.9500,39.6500,A,Florida,31328,Leanne Wong
"Sat, Mar-18-2023","Alabama, Arkansas, Auburn, Georgia, Kentucky, LSU, Missouri",9.9000,9.9500,9.9750,9.8000,39.6250,A,Florida,31328,Leanne Wong
"Fri, Mar-31-2023",,9.8500,9.8000,9.8500,9.9750,39.4750,A,Florida,31328,Leanne Wong
"Sun, Apr-02-2023",,9.9000,9.9750,9.9750,9.9250,39.7750,A,Florida,31328,Leanne Wong
"Thu, Apr-13-2023","Alabama, Arizona State, Arkansas, Auburn, Boise State, California, Denver, Kentucky, LSU, Michigan, Michigan State, Missouri, Ohio State, Oklahoma, Oregon State, Penn State, Stanford, UCLA, Utah",9.8625,9.9375,9.8000,9.9625,39.5625,A,Florida,31328,Leanne Wong
"Sat, Apr-15-2023","Alabama, California, Denver, Kentucky, LSU, Oklahoma, UCLA, Utah",9.9125,9.9750,9.9125,9.7250,39.5250,A,Florida,31328,Leanne Wong
"Wed, Feb-01-2023",Towson,,,,9.6000,,A,George Washington,31893,Kasey Burke
"Sun, Jan-15-2023","Cornell, Nebraska, William & Mary",9.9000,9.7750,9.2000,9.9000,38.7750,H,George Washington,29951,Deja Chambliss
"Sat, Jan-21-2023","North Carolina State, Pittsburgh",9.8500,9.8750,9.8000,9.1500,38.6750,A,George Washington,29951,Deja Chambliss
"Sat, Jan-28-2023",North Carolina,9.8750,9.7000,9.2750,9.8750,38.7250,A,George Washington,29951,Deja Chambliss
"Wed, Feb-01-2023",Towson,9.8750,9.7500,9.8000,9.9000,39.3250,A,George Washington,29951,Deja Chambliss
"Sun, Feb-05-2023","Air Force, Denver, Pittsburgh",9.9000,9.7500,9.8250,9.8000,39.2750,A,George Washington,29951,Deja Chambliss
"Sun, Feb-12-2023","LIU, New Hampshire, North Carolina",9.9250,9.8000,9.8250,9.8750,39.4250,A,George Washington,29951,Deja Chambliss
"Fri, Feb-17-2023","North Carolina, Temple, Yale",9.8750,9.8250,9.8000,9.7000,39.2000,H,George Washington,29951,Deja Chambliss
"Sun, Feb-19-2023","North Carolina State, Pennsylvania, Temple",9.8750,9.4750,9.8000,9.9250,39.0750,A,George Washington,29951,Deja Chambliss
"Fri, Feb-24-2023","Bowling Green, Fisk, Ursinus College, Western Michigan",9.8500,9.8250,9.8500,9.8250,39.3500,H,George Washington,29951,Deja Chambliss
"Sun, Feb-26-2023","Fisk, Towson, William & Mary",9.9000,9.6500,9.9000,9.9000,39.3500,A,George Washington,29951,Deja Chambliss
"Fri, Mar-03-2023","California, LSU, Washington",9.8750,9.9250,9.9250,9.7750,39.5000,A,George Washington,29951,Deja Chambliss
"Fri, Mar-10-2023","Maryland, Towson, William & Mary",9.8250,9.7250,9.2750,9.9250,38.7500,H,George Washington,29951,Deja Chambliss
"Sun, Mar-12-2023","Maryland, Temple, Towson, Yale",9.8750,8.8750,9.8500,9.9000,38.5000,A,George Washington,29951,Deja Chambliss
"Sat, Mar-18-2023","LIU, New Hampshire, North Carolina, North Carolina State, Pittsburgh, Temple, Towson",9.9000,9.5250,9.8500,9.9000,39.1750,A,George Washington,29951,Deja Chambliss
"Fri, Mar-31-2023",,9.8500,9.6750,9.8500,9.8750,39.2500,A,George Washington,29951,Deja Chambliss
"Sun, Jan-15-2023","Cornell, Nebraska, William & Mary",,9.8500,,,,H,George Washington,30097,Libby Garfoot
"Sat, Jan-21-2023","North Carolina State, Pittsburgh",,9.8750,,,,A,George Washington,30097,Libby Garfoot
"Sat, Jan-28-2023",North Carolina,,9.8500,,,,A,George Washington,30097,Libby Garfoot
"Wed, Feb-01-2023",Towson,,9.8750,,,,A,George Washington,30097,Libby Garfoot
"Sun, Feb-05-2023","Air Force, Denver, Pittsburgh",,9.7000,,,,A,George Washington,30097,Libby Garfoot
"Sun, Feb-12-2023","LIU, New Hampshire, North Carolina",,9.6750,,,,A,George Washington,30097,Libby Garfoot
"Fri, Feb-17-2023","North Carolina, Temple, Yale",,9.8750,,,,H,George Washington,30097,Libby Garfoot
"Sun, Feb-19-2023","North Carolina State, Pennsylvania, Temple",,9.9000,,,,A,George Washington,30097,Libby Garfoot
"Fri, Feb-24-2023","Bowling Green, Fisk, Ursinus College, Western Michigan",,9.8500,,,,H,George Washington,30097,Libby Garfoot
"Sun, Feb-26-2023","Fisk, Towson, William & Mary",,9.8250,,,,A,George Washington,30097,Libby Garfoot
"Fri, Mar-03-2023","California, LSU, Washington",9.7750,9.9250,,,,A,George Washington,30097,Libby Garfoot
"Fri, Mar-10-2023","Maryland, Towson, William & Mary",,9.8250,,,,H,George Washington,30097,Libby Garfoot
"Sun, Mar-12-2023","Maryland, Temple, Towson, Yale",,9.0750,,,,A,George Washington,30097,Libby Garfoot
"Sat, Mar-18-2023","LIU, New Hampshire, North Carolina, North Carolina State, Pittsburgh, Temple, Towson",,9.8250,,,,A,George Washington,30097,Libby Garfoot
"Sat, Mar-18-2023","LIU, New Hampshire, North Carolina, North Carolina State, Pittsburgh, Temple, Towson",,9.6500,,,,A,George Washington,30402,Nora Houseman
"Sun, Jan-15-2023","Cornell, Nebraska, William & Mary",9.8000,9.7750,9.6750,,,H,George Washington,31329,Rachel Katz
"Sat, Jan-21-2023","North Carolina State, Pittsburgh",9.8000,9.8000,9.7250,,,A,George Washington,31329,Rachel Katz
"Sat, Jan-28-2023",North Carolina,9.8250,9.7500,9.7750,,,A,George Washington,31329,Rachel Katz
"Wed, Feb-01-2023",Towson,9.8250,9.1250,9.8000,,,A,George Washington,31329,Rachel Katz
"Sun, Feb-05-2023","Air Force, Denver, Pittsburgh",9.8250,9.7750,9.6500,,,A,George Washington,31329,Rachel Katz
"Sun, Feb-12-2023","LIU, New Hampshire, North Carolina",9.8000,9.6750,8.5500,,,A,George Washington,31329,Rachel Katz
"Fri, Feb-17-2023","North Carolina, Temple, Yale",9.8000,9.8500,,,,H,George Washington,31329,Rachel Katz
"Sun, Feb-19-2023","North Carolina State, Pennsylvania, Temple",9.6750,9.7750,9.6000,,,A,George Washington,31329,Rachel Katz
"Fri, Feb-24-2023","Bowling Green, Fisk, Ursinus College, Western Michigan",9.9000,9.8000,9.7750,,,H,George Washington,31329,Rachel Katz
"Sun, Feb-26-2023","Fisk, Towson, William & Mary",9.8500,9.8250,9.7500,,,A,George Washington,31329,Rachel Katz
"Fri, Mar-03-2023","California, LSU, Washington",9.6000,9.8250,9.1000,,,A,George Washington,31329,Rachel Katz
"Fri, Mar-10-2023","Maryland, Towson, William & Mary",9.7750,9.6750,9.7750,,,H,George Washington,31329,Rachel Katz
"Sun, Mar-12-2023","Maryland, Temple, Towson, Yale",9.7250,9.8250,9.8250,,,A,George Washington,31329,Rachel Katz
"Sat, Mar-18-2023","LIU, New Hampshire, North Carolina, North Carolina State, Pittsburgh, Temple, Towson",9.7500,9.2250,9.0500,,,A,George Washington,31329,Rachel Katz
"Fri, Feb-17-2023","North Carolina, Temple, Yale",,,,9.7250,,H,George Washington,31895,Kylie Kazmierski
"Sun, Feb-19-2023","North Carolina State, Pennsylvania, Temple",,,,9.1750,,A,George Washington,31895,Kylie Kazmierski
"Wed, Feb-01-2023",Towson,9.8000,,,,,A,George Washington,31330,Gabby Lopez
"Sun, Feb-05-2023","Air Force, Denver, Pittsburgh",9.6750,,,,,A,George Washington,31330,Gabby Lopez
"Sun, Jan-15-2023","Cornell, Nebraska, William & Mary",,,,9.1000,,H,George Washington,30887,Payton Lynch
"Sat, Jan-21-2023","North Carolina State, Pittsburgh",,,,9.6500,,A,George Washington,30887,Payton Lynch
"Sat, Jan-28-2023",North Carolina,,,,9.4750,,A,George Washington,30887,Payton Lynch
"Sun, Feb-05-2023","Air Force, Denver, Pittsburgh",,,,9.4750,,A,George Washington,30887,Payton Lynch
"Sun, Feb-12-2023","LIU, New Hampshire, North Carolina",,,,9.8250,,A,George Washington,30887,Payton Lynch
"Fri, Feb-17-2023","North Carolina, Temple, Yale",,,,9.8000,,H,George Washington,30887,Payton Lynch
"Sun, Feb-19-2023","North Carolina State, Pennsylvania, Temple",,,,9.8000,,A,George Washington,30887,Payton Lynch
"Fri, Feb-24-2023","Bowling Green, Fisk, Ursinus College, Western Michigan",,,,9.7500,,H,George Washington,30887,Payton Lynch
"Sun, Feb-26-2023","Fisk, Towson, William & Mary",,,,9.7250,,A,George Washington,30887,Payton Lynch
"Fri, Mar-03-2023","California, LSU, Washington",,,,9.7000,,A,George Washington,30887,Payton Lynch
"Fri, Mar-10-2023","Maryland, Towson, William & Mary",,,,9.8250,,H,George Washington,30887,Payton Lynch
"Sun, Mar-12-2023","Maryland, Temple, Towson, Yale",,,,9.7500,,A,George Washington,30887,Payton Lynch
"Sat, Mar-18-2023","LIU, New Hampshire, North Carolina, North Carolina State, Pittsburgh, Temple, Towson",,,,9.7000,,A,George Washington,30887,Payton Lynch
"Sat, Jan-28-2023",North Carolina,,9.7250,,,,A,George Washington,31897,Madi McMullen
"Wed, Feb-01-2023",Towson,,9.5000,,,,A,George Washington,31897,Madi McMullen
"Sun, Feb-05-2023","Air Force, Denver, Pittsburgh",,8.9000,,,,A,George Washington,31897,Madi McMullen
"Sun, Feb-12-2023","LIU, New Hampshire, North Carolina",,9.3500,,,,A,George Washington,31897,Madi McMullen
"Fri, Feb-17-2023","North Carolina, Temple, Yale",,9.7750,,,,H,George Washington,31897,Madi McMullen
"Sun, Feb-19-2023","North Carolina State, Pennsylvania, Temple",,9.7500,,,,A,George Washington,31897,Madi McMullen
"Fri, Feb-24-2023","Bowling Green, Fisk, Ursinus College, Western Michigan",,8.9250,,,,H,George Washington,31897,Madi McMullen
"Sun, Feb-26-2023","Fisk, Towson, William & Mary",,8.9250,,,,A,George Washington,31897,Madi McMullen
"Fri, Mar-03-2023","California, LSU, Washington",,8.4750,,,,A,George Washington,31897,Madi McMullen
"Sun, Jan-15-2023","Cornell, Nebraska, William & Mary",,9.4250,,,,H,George Washington,30404,Hannah Munnelly
"Sat, Jan-21-2023","North Carolina State, Pittsburgh",,8.7750,,,,A,George Washington,30404,Hannah Munnelly
"Sat, Jan-28-2023",North Carolina,9.5750,9.6500,,,,A,George Washington,30404,Hannah Munnelly
"Sun, Feb-05-2023","Air Force, Denver, Pittsburgh",,9.7500,,,,A,George Washington,30404,Hannah Munnelly
"Sun, Feb-12-2023","LIU, New Hampshire, North Carolina",9.8250,9.5250,,,,A,George Washington,30404,Hannah Munnelly
"Fri, Feb-17-2023","North Carolina, Temple, Yale",9.7500,9.7750,,,,H,George Washington,30404,Hannah Munnelly
"Sun, Feb-19-2023","North Carolina State, Pennsylvania, Temple",9.7750,9.7000,,,,A,George Washington,30404,Hannah Munnelly
"Fri, Feb-24-2023","Bowling Green, Fisk, Ursinus College, Western Michigan",9.8000,9.8500,,,,H,George Washington,30404,Hannah Munnelly
"Sun, Feb-26-2023","Fisk, Towson, William & Mary",9.7750,9.7000,,,,A,George Washington,30404,Hannah Munnelly
"Fri, Mar-03-2023","California, LSU, Washington",,9.8000,,,,A,George Washington,30404,Hannah Munnelly
"Fri, Mar-10-2023","Maryland, Towson, William & Mary",9.7000,9.8000,,,,H,George Washington,30404,Hannah Munnelly
"Sun, Mar-12-2023","Maryland, Temple, Towson, Yale",9.8250,9.8000,,,,A,George Washington,30404,Hannah Munnelly
"Sat, Mar-18-2023","LIU, New Hampshire, North Carolina, North Carolina State, Pittsburgh, Temple, Towson",9.7000,9.7250,,,,A,George Washington,30404,Hannah Munnelly
"Sun, Jan-15-2023","Cornell, Nebraska, William & Mary",,,9.8250,9.8500,,H,George Washington,31899,Deana Sheremeta
"Sat, Jan-21-2023","North Carolina State, Pittsburgh",,,9.7750,9.8250,,A,George Washington,31899,Deana Sheremeta
"Sat, Jan-28-2023",North Carolina,,,9.7750,9.8500,,A,George Washington,31899,Deana Sheremeta
"Wed, Feb-01-2023",Towson,,,9.7000,9.6500,,A,George Washington,31899,Deana Sheremeta
"Sun, Feb-05-2023","Air Force, Denver, Pittsburgh",,,9.2000,9.6500,,A,George Washington,31899,Deana Sheremeta
"Sun, Feb-12-2023","LIU, New Hampshire, North Carolina",,,9.4750,9.8250,,A,George Washington,31899,Deana Sheremeta
"Fri, Feb-17-2023","North Carolina, Temple, Yale",,,9.3250,9.9000,,H,George Washington,31899,Deana Sheremeta
"Sun, Feb-19-2023","North Carolina State, Pennsylvania, Temple",,,,9.7750,,A,George Washington,31899,Deana Sheremeta
"Fri, Feb-24-2023","Bowling Green, Fisk, Ursinus College, Western Michigan",,,,9.8250,,H,George Washington,31899,Deana Sheremeta
"Sun, Feb-26-2023","Fisk, Towson, William & Mary",,,,9.8500,,A,George Washington,31899,Deana Sheremeta
"Fri, Mar-03-2023","California, LSU, Washington",,,,9.7750,,A,George Washington,31899,Deana Sheremeta
"Fri, Mar-10-2023","Maryland, Towson, William & Mary",,,,9.8500,,H,George Washington,31899,Deana Sheremeta
"Sun, Mar-12-2023","Maryland, Temple, Towson, Yale",,,,9.8250,,A,George Washington,31899,Deana Sheremeta
"Sat, Mar-18-2023","LIU, New Hampshire, North Carolina, North Carolina State, Pittsburgh, Temple, Towson",,,,9.8000,,A,George Washington,31899,Deana Sheremeta
"Sun, Jan-15-2023","Cornell, Nebraska, William & Mary",9.7500,9.7000,9.5500,9.5750,38.5750,H,George Washington,30889,Anneliese Silverman
"Sat, Jan-21-2023","North Carolina State, Pittsburgh",9.6750,9.7250,9.0250,9.7500,38.1750,A,George Washington,30889,Anneliese Silverman
"Sat, Jan-28-2023",North Carolina,,9.6000,9.8250,9.7750,,A,George Washington,30889,Anneliese Silverman
"Wed, Feb-01-2023",Towson,,9.7000,9.8000,9.8000,,A,George Washington,30889,Anneliese Silverman
"Sun, Feb-05-2023","Air Force, Denver, Pittsburgh",,9.7500,9.6250,9.7000,,A,George Washington,30889,Anneliese Silverman
"Sun, Feb-12-2023","LIU, New Hampshire, North Carolina",,9.6750,9.6500,9.5750,,A,George Washington,30889,Anneliese Silverman
"Fri, Feb-17-2023","North Carolina, Temple, Yale",,9.8500,9.6750,,,H,George Washington,30889,Anneliese Silverman
"Sun, Feb-19-2023","North Carolina State, Pennsylvania, Temple",,9.8500,9.8250,,,A,George Washington,30889,Anneliese Silverman
"Fri, Feb-24-2023","Bowling Green, Fisk, Ursinus College, Western Michigan",,9.7750,9.8750,9.7500,,H,George Washington,30889,Anneliese Silverman
"Sun, Feb-26-2023","Fisk, Towson, William & Mary",,9.8000,9.8750,9.7250,,A,George Washington,30889,Anneliese Silverman
"Fri, Mar-03-2023","California, LSU, Washington",,9.7250,9.3000,9.7500,,A,George Washington,30889,Anneliese Silverman
"Fri, Mar-10-2023","Maryland, Towson, William & Mary",,9.7250,9.8000,9.6000,,H,George Washington,30889,Anneliese Silverman
"Sun, Mar-12-2023","Maryland, Temple, Towson, Yale",,9.7750,9.7500,9.8000,,A,George Washington,30889,Anneliese Silverman
"Sat, Mar-18-2023","LIU, New Hampshire, North Carolina, North Carolina State, Pittsburgh, Temple, Towson",,9.2750,9.7750,9.7000,,A,George Washington,30889,Anneliese Silverman
"Sun, Jan-15-2023","Cornell, Nebraska, William & Mary",9.8250,,,9.9250,,H,George Washington,30890,Kendall Whitman
"Sat, Jan-21-2023","North Carolina State, Pittsburgh",9.8250,,,9.6500,,A,George Washington,30890,Kendall Whitman
"Sat, Jan-28-2023",North Carolina,9.8000,,,9.6000,,A,George Washington,30890,Kendall Whitman
"Wed, Feb-01-2023",Towson,9.8000,,,9.8750,,A,George Washington,30890,Kendall Whitman
"Sun, Feb-05-2023","Air Force, Denver, Pittsburgh",9.7750,,9.7750,9.8750,,A,George Washington,30890,Kendall Whitman
"Sun, Feb-12-2023","LIU, New Hampshire, North Carolina",9.8500,,9.8500,9.9000,,A,George Washington,30890,Kendall Whitman
"Fri, Feb-17-2023","North Carolina, Temple, Yale",9.7250,,9.7000,9.9000,,H,George Washington,30890,Kendall Whitman
"Sun, Feb-19-2023","North Carolina State, Pennsylvania, Temple",9.8500,,9.8250,9.9000,,A,George Washington,30890,Kendall Whitman
"Fri, Feb-24-2023","Bowling Green, Fisk, Ursinus College, Western Michigan",9.8500,,9.8250,9.9250,,H,George Washington,30890,Kendall Whitman
"Sun, Feb-26-2023","Fisk, Towson, William & Mary",9.8500,,9.8250,9.9000,,A,George Washington,30890,Kendall Whitman
"Fri, Mar-03-2023","California, LSU, Washington",9.8000,,9.7750,9.9000,,A,George Washington,30890,Kendall Whitman
"Fri, Mar-10-2023","Maryland, Towson, William & Mary",9.7750,,9.8750,9.9250,,H,George Washington,30890,Kendall Whitman
"Sun, Mar-12-2023","Maryland, Temple, Towson, Yale",9.8250,,9.7250,9.9500,,A,George Washington,30890,Kendall Whitman
"Sat, Mar-18-2023","LIU, New Hampshire, North Carolina, North Carolina State, Pittsburgh, Temple, Towson",9.7750,,9.7750,9.3500,,A,George Washington,30890,Kendall Whitman
"Fri, Mar-31-2023",,,,,9.9250,,A,George Washington,30890,Kendall Whitman
"Sun, Jan-15-2023","Cornell, Nebraska, William & Mary",9.7000,9.7000,9.6250,9.8000,38.8250,H,George Washington,31332,Marlee York
"Sat, Jan-21-2023","North Carolina State, Pittsburgh",9.7750,9.6000,9.7250,9.6750,38.7750,A,George Washington,31332,Marlee York
"Sat, Jan-28-2023",North Carolina,9.7250,,9.7500,9.7000,,A,George Washington,31332,Marlee York
"Wed, Feb-01-2023",Towson,9.7750,9.5750,9.5750,9.8500,38.7750,A,George Washington,31332,Marlee York
"Sun, Feb-05-2023","Air Force, Denver, Pittsburgh",9.8000,,,9.6750,,A,George Washington,31332,Marlee York
"Sun, Feb-12-2023","LIU, New Hampshire, North Carolina",9.7250,,,9.7500,,A,George Washington,31332,Marlee York
"Fri, Feb-17-2023","North Carolina, Temple, Yale",9.8500,,9.6500,9.7750,,H,George Washington,31332,Marlee York
"Sun, Feb-19-2023","North Carolina State, Pennsylvania, Temple",9.7750,,9.7750,9.7000,,A,George Washington,31332,Marlee York
"Fri, Feb-24-2023","Bowling Green, Fisk, Ursinus College, Western Michigan",9.7000,,9.7750,9.8500,,H,George Washington,31332,Marlee York
"Sun, Feb-26-2023","Fisk, Towson, William & Mary",9.8500,,9.8000,9.7250,,A,George Washington,31332,Marlee York
"Fri, Mar-03-2023","California, LSU, Washington",9.8250,,9.8000,9.7000,,A,George Washington,31332,Marlee York
"Fri, Mar-10-2023","Maryland, Towson, William & Mary",9.7250,9.6500,9.8000,9.7750,38.9500,H,George Washington,31332,Marlee York
"Sun, Mar-12-2023","Maryland, Temple, Towson, Yale",9.8250,9.5000,9.6750,9.8250,38.8250,A,George Washington,31332,Marlee York
"Sat, Mar-18-2023","LIU, New Hampshire, North Carolina, North Carolina State, Pittsburgh, Temple, Towson",9.6250,,9.5500,9.7500,,A,George Washington,31332,Marlee York
"Sun, Jan-15-2023","Cornell, Nebraska, William & Mary",9.7750,,9.7250,,,H,George Washington,31333,Sarah Zois
"Sat, Jan-21-2023","North Carolina State, Pittsburgh",9.8000,,9.7500,,,A,George Washington,31333,Sarah Zois
"Sat, Jan-28-2023",North Carolina,9.7500,,9.7750,,,A,George Washington,31333,Sarah Zois
"Wed, Feb-01-2023",Towson,9.8000,,9.8750,,,A,George Washington,31333,Sarah Zois
"Sun, Feb-05-2023","Air Force, Denver, Pittsburgh",9.7750,,9.8000,,,A,George Washington,31333,Sarah Zois
"Sun, Feb-12-2023","LIU, New Hampshire, North Carolina",9.8000,,9.8500,,,A,George Washington,31333,Sarah Zois
"Fri, Feb-17-2023","North Carolina, Temple, Yale",9.8250,,9.6750,,,H,George Washington,31333,Sarah Zois
"Sun, Feb-19-2023","North Carolina State, Pennsylvania, Temple",9.6750,,9.8250,,,A,George Washington,31333,Sarah Zois
"Fri, Feb-24-2023","Bowling Green, Fisk, Ursinus College, Western Michigan",9.7000,,9.8500,,,H,George Washington,31333,Sarah Zois
"Sun, Feb-26-2023","Fisk, Towson, William & Mary",9.8500,,9.8000,,,A,George Washington,31333,Sarah Zois
"Fri, Mar-03-2023","California, LSU, Washington",9.8250,,9.1250,,,A,George Washington,31333,Sarah Zois
"Fri, Mar-10-2023","Maryland, Towson, William & Mary",9.7000,,9.8500,,,H,George Washington,31333,Sarah Zois
"Sun, Mar-12-2023","Maryland, Temple, Towson, Yale",9.8750,,9.8000,,,A,George Washington,31333,Sarah Zois
"Sat, Mar-18-2023","LIU, New Hampshire, North Carolina, North Carolina State, Pittsburgh, Temple, Towson",9.9000,,9.7000,,,A,George Washington,31333,Sarah Zois
"Fri, Jan-06-2023","Fisk, North Carolina, Oregon State, Rutgers, Southern Utah, Stanford, Washington",,9.9000,9.8250,,,A,Georgia,30136,Josie Angeny
"Fri, Jan-13-2023",Missouri,,9.8500,9.2000,,,A,Georgia,30136,Josie Angeny
"Mon, Jan-16-2023","Fisk, Ohio State, Rutgers",,9.4750,,,,H,Georgia,30136,Josie Angeny
"Fri, Jan-20-2023",Kentucky,,9.8750,,,,H,Georgia,30136,Josie Angeny
"Fri, Jan-27-2023",Florida,,9.8250,,,,A,Georgia,30136,Josie Angeny
"Fri, Feb-03-2023",LSU,,9.8000,9.9000,,,A,Georgia,30136,Josie Angeny
"Sat, Feb-11-2023","Alabama, Arkansas, Illinois, Illinois State, Oklahoma, Stanford, Utah",9.7500,9.3000,9.4000,,,A,Georgia,30136,Josie Angeny
"Fri, Feb-17-2023",Alabama,9.8250,9.8500,9.9250,,,H,Georgia,30136,Josie Angeny
"Fri, Feb-24-2023",Auburn,9.8500,9.8250,9.8500,,,A,Georgia,30136,Josie Angeny
"Sun, Mar-05-2023",Arkansas,9.7250,9.3750,9.8500,,,A,Georgia,30136,Josie Angeny
"Fri, Mar-10-2023",Michigan,9.8500,9.8000,9.8250,,,A,Georgia,30136,Josie Angeny
"Sat, Mar-18-2023","Alabama, Arkansas, Auburn, Florida, Kentucky, LSU, Missouri",9.7500,9.8500,9.8000,,,A,Georgia,30136,Josie Angeny
"Fri, Mar-31-2023",,9.8500,9.8250,9.8500,,,A,Georgia,30136,Josie Angeny
"Fri, Jan-06-2023","Fisk, North Carolina, Oregon State, Rutgers, Southern Utah, Stanford, Washington",9.6500,9.7000,,9.9250,,A,Georgia,30406,Amanda Cashman
"Fri, Jan-13-2023",Missouri,9.8000,9.7500,,9.9250,,A,Georgia,30406,Amanda Cashman
"Mon, Jan-16-2023","Fisk, Ohio State, Rutgers",9.7250,9.7000,,9.8250,,H,Georgia,30406,Amanda Cashman
"Fri, Jan-20-2023",Kentucky,9.8750,9.7500,,9.8750,,H,Georgia,30406,Amanda Cashman
"Fri, Jan-27-2023",Florida,9.8250,9.7750,,9.9000,,A,Georgia,30406,Amanda Cashman
"Fri, Feb-03-2023",LSU,9.8000,9.7500,,9.8750,,A,Georgia,30406,Amanda Cashman
"Sat, Feb-11-2023","Alabama, Arkansas, Illinois, Illinois State, Oklahoma, Stanford, Utah",9.7750,9.8000,,9.9000,,A,Georgia,30406,Amanda Cashman
"Fri, Feb-17-2023",Alabama,9.8250,9.7250,,9.9000,,H,Georgia,30406,Amanda Cashman
"Fri, Feb-24-2023",Auburn,9.8250,9.7500,,9.8250,,A,Georgia,30406,Amanda Cashman
"Sun, Mar-05-2023",Arkansas,9.7750,9.8000,,9.8750,,A,Georgia,30406,Amanda Cashman
"Fri, Mar-10-2023",Michigan,9.9000,9.7500,,9.9000,,A,Georgia,30406,Amanda Cashman
"Sat, Mar-18-2023","Alabama, Arkansas, Auburn, Florida, Kentucky, LSU, Missouri",9.8500,9.8000,,9.8500,,A,Georgia,30406,Amanda Cashman
"Fri, Mar-31-2023",,9.8000,9.7750,,9.8000,,A,Georgia,30406,Amanda Cashman
"Fri, Jan-06-2023","Fisk, North Carolina, Oregon State, Rutgers, Southern Utah, Stanford, Washington",9.7750,9.8750,9.6500,9.6250,38.9250,A,Georgia,30408,Haley De Jong
"Fri, Jan-13-2023",Missouri,9.6500,9.9250,9.8500,9.8750,39.3000,A,Georgia,30408,Haley De Jong
"Mon, Jan-16-2023","Fisk, Ohio State, Rutgers",9.7000,9.9250,9.8000,9.8500,39.2750,H,Georgia,30408,Haley De Jong
"Fri, Jan-20-2023",Kentucky,9.7750,9.8500,9.8000,9.9250,39.3500,H,Georgia,30408,Haley De Jong
"Fri, Jan-27-2023",Florida,9.8250,9.9000,9.9000,9.6250,39.2500,A,Georgia,30408,Haley De Jong
"Fri, Feb-03-2023",LSU,9.8500,9.9000,9.8500,9.8500,39.4500,A,Georgia,30408,Haley De Jong
"Sat, Feb-11-2023","Alabama, Arkansas, Illinois, Illinois State, Oklahoma, Stanford, Utah",,9.9000,9.9250,9.9500,,A,Georgia,30408,Haley De Jong
"Fri, Feb-17-2023",Alabama,9.8000,9.8000,9.9250,9.7000,39.2250,H,Georgia,30408,Haley De Jong
"Fri, Feb-24-2023",Auburn,9.9000,9.8500,9.8500,9.7500,39.3500,A,Georgia,30408,Haley De Jong
"Sun, Mar-05-2023",Arkansas,9.7750,9.8500,9.8250,9.8500,39.3000,A,Georgia,30408,Haley De Jong
"Fri, Mar-10-2023",Michigan,9.8250,9.8500,9.8500,9.8750,39.4000,A,Georgia,30408,Haley De Jong
"Sat, Mar-18-2023","Alabama, Arkansas, Auburn, Florida, Kentucky, LSU, Missouri",9.8000,9.9000,9.8000,9.9000,39.4000,A,Georgia,30408,Haley De Jong
"Fri, Mar-31-2023",,9.5500,9.8500,9.8750,9.9000,39.1750,A,Georgia,30408,Haley De Jong
"Fri, Jan-06-2023","Fisk, North Carolina, Oregon State, Rutgers, Southern Utah, Stanford, Washington",,,9.8500,,,A,Georgia,30484,Vanessa Deniz
"Fri, Jan-13-2023",Missouri,,,9.9000,,,A,Georgia,30484,Vanessa Deniz
"Mon, Jan-16-2023","Fisk, Ohio State, Rutgers",,,9.8000,,,H,Georgia,30484,Vanessa Deniz
"Fri, Jan-20-2023",Kentucky,,,9.8500,,,H,Georgia,30484,Vanessa Deniz
"Fri, Jan-27-2023",Florida,,,9.9000,,,A,Georgia,30484,Vanessa Deniz
"Fri, Feb-03-2023",LSU,,,9.7250,,,A,Georgia,30484,Vanessa Deniz
"Sat, Feb-11-2023","Alabama, Arkansas, Illinois, Illinois State, Oklahoma, Stanford, Utah",,,9.8500,,,A,Georgia,30484,Vanessa Deniz
"Fri, Feb-17-2023",Alabama,,,9.9250,,,H,Georgia,30484,Vanessa Deniz
"Fri, Feb-24-2023",Auburn,,,9.9000,,,A,Georgia,30484,Vanessa Deniz
"Sun, Mar-05-2023",Arkansas,,,9.8500,,,A,Georgia,30484,Vanessa Deniz
"Fri, Mar-10-2023",Michigan,,,9.9250,,,A,Georgia,30484,Vanessa Deniz
"Sat, Mar-18-2023","Alabama, Arkansas, Auburn, Florida, Kentucky, LSU, Missouri",,,9.9000,,,A,Georgia,30484,Vanessa Deniz
"Fri, Mar-31-2023",,,,9.6500,,,A,Georgia,30484,Vanessa Deniz
"Fri, Jan-06-2023","Fisk, North Carolina, Oregon State, Rutgers, Southern Utah, Stanford, Washington",9.8500,,,9.5250,,A,Georgia,29883,Sandra Elsadek
"Fri, Jan-13-2023",Missouri,9.7750,,,9.6500,,A,Georgia,29883,Sandra Elsadek
"Mon, Jan-16-2023","Fisk, Ohio State, Rutgers",9.5250,,,9.7750,,H,Georgia,29883,Sandra Elsadek
"Fri, Jan-20-2023",Kentucky,9.8000,,,,,H,Georgia,29883,Sandra Elsadek
"Fri, Jan-27-2023",Florida,9.7250,,,,,A,Georgia,29883,Sandra Elsadek
"Fri, Feb-03-2023",LSU,,,,9.8000,,A,Georgia,29883,Sandra Elsadek
"Sat, Feb-11-2023","Alabama, Arkansas, Illinois, Illinois State, Oklahoma, Stanford, Utah",9.7250,,,9.6750,,A,Georgia,29883,Sandra Elsadek
"Fri, Feb-17-2023",Alabama,,,,9.9250,,H,Georgia,29883,Sandra Elsadek
"Fri, Feb-24-2023",Auburn,,,,8.9000,,A,Georgia,29883,Sandra Elsadek
"Sun, Mar-05-2023",Arkansas,,,,9.7250,,A,Georgia,29883,Sandra Elsadek
"Sat, Mar-18-2023","Alabama, Arkansas, Auburn, Florida, Kentucky, LSU, Missouri",,,,9.4750,,A,Georgia,29883,Sandra Elsadek
"Fri, Mar-31-2023",,,,,9.7750,,A,Georgia,29883,Sandra Elsadek
"Fri, Jan-06-2023","Fisk, North Carolina, Oregon State, Rutgers, Southern Utah, Stanford, Washington",,9.8250,,,,A,Georgia,30892,Katie Finnegan
"Fri, Jan-13-2023",Missouri,,9.9000,,,,A,Georgia,30892,Katie Finnegan
"Mon, Jan-16-2023","Fisk, Ohio State, Rutgers",,9.8000,,,,H,Georgia,30892,Katie Finnegan
"Fri, Jan-20-2023",Kentucky,9.7750,9.9000,,,,H,Georgia,30892,Katie Finnegan
"Fri, Jan-27-2023",Florida,9.8250,9.9000,,,,A,Georgia,30892,Katie Finnegan
"Fri, Feb-03-2023",LSU,9.8000,9.8750,,,,A,Georgia,30892,Katie Finnegan
"Sat, Feb-11-2023","Alabama, Arkansas, Illinois, Illinois State, Oklahoma, Stanford, Utah",9.8250,9.8250,,,,A,Georgia,30892,Katie Finnegan
"Fri, Feb-17-2023",Alabama,9.8500,9.9000,,,,H,Georgia,30892,Katie Finnegan
"Fri, Feb-24-2023",Auburn,9.8250,9.8250,,,,A,Georgia,30892,Katie Finnegan
"Sun, Mar-05-2023",Arkansas,9.7500,9.9500,,,,A,Georgia,30892,Katie Finnegan
"Fri, Mar-10-2023",Michigan,9.8500,9.8000,,,,A,Georgia,30892,Katie Finnegan
"Sat, Mar-18-2023","Alabama, Arkansas, Auburn, Florida, Kentucky, LSU, Missouri",9.7750,9.8750,,,,A,Georgia,30892,Katie Finnegan
"Fri, Mar-31-2023",,9.7750,9.8750,,,,A,Georgia,30892,Katie Finnegan
"Mon, Jan-16-2023","Fisk, Ohio State, Rutgers",,,9.7000,,,H,Georgia,31901,Sidney Fitzgerald
"Sun, Mar-05-2023",Arkansas,,,9.8000,,,A,Georgia,31901,Sidney Fitzgerald
"Fri, Mar-10-2023",Michigan,,,9.7000,,,A,Georgia,31901,Sidney Fitzgerald
"Fri, Feb-17-2023",Alabama,,,,9.8250,,H,Georgia,31335,Maeve Hahn
"Fri, Feb-24-2023",Auburn,,,,9.7500,,A,Georgia,31335,Maeve Hahn
"Fri, Mar-10-2023",Michigan,,,,9.7250,,A,Georgia,31335,Maeve Hahn
"Fri, Jan-06-2023","Fisk, North Carolina, Oregon State, Rutgers, Southern Utah, Stanford, Washington",8.7000,,9.7500,9.8750,,A,Georgia,30407,Soraya Hawthorne
"Fri, Jan-13-2023",Missouri,9.5500,,9.8000,9.7750,,A,Georgia,30407,Soraya Hawthorne
"Mon, Jan-16-2023","Fisk, Ohio State, Rutgers",9.8750,,9.7750,9.9500,,H,Georgia,30407,Soraya Hawthorne
"Fri, Jan-20-2023",Kentucky,9.8750,,9.9000,9.9250,,H,Georgia,30407,Soraya Hawthorne
"Fri, Jan-27-2023",Florida,9.8500,,9.8250,9.8250,,A,Georgia,30407,Soraya Hawthorne
"Fri, Feb-03-2023",LSU,9.8500,,,9.9500,,A,Georgia,30407,Soraya Hawthorne
"Sat, Feb-11-2023","Alabama, Arkansas, Illinois, Illinois State, Oklahoma, Stanford, Utah",9.7000,,9.2000,9.9500,,A,Georgia,30407,Soraya Hawthorne
"Fri, Feb-17-2023",Alabama,9.7500,,,9.9500,,H,Georgia,30407,Soraya Hawthorne
"Fri, Feb-24-2023",Auburn,9.8750,,,9.8250,,A,Georgia,30407,Soraya Hawthorne
"Sun, Mar-05-2023",Arkansas,9.4750,,9.8250,9.9500,,A,Georgia,30407,Soraya Hawthorne
"Fri, Mar-10-2023",Michigan,9.8500,,9.7750,9.9250,,A,Georgia,30407,Soraya Hawthorne
"Sat, Mar-18-2023","Alabama, Arkansas, Auburn, Florida, Kentucky, LSU, Missouri",9.8250,,9.7500,9.9000,,A,Georgia,30407,Soraya Hawthorne
"Fri, Mar-31-2023",,9.8750,,,9.6500,,A,Georgia,30407,Soraya Hawthorne
"Fri, Jan-06-2023","Fisk, North Carolina, Oregon State, Rutgers, Southern Utah, Stanford, Washington",9.8000,9.6250,9.7000,9.8500,38.9750,A,Georgia,31902,Naya Howard
"Fri, Jan-13-2023",Missouri,9.8500,9.8750,9.7250,9.6750,39.1250,A,Georgia,31902,Naya Howard
"Mon, Jan-16-2023","Fisk, Ohio State, Rutgers",9.8000,9.7500,9.9000,9.8750,39.3250,H,Georgia,31902,Naya Howard
"Fri, Jan-20-2023",Kentucky,9.9000,9.8250,9.8750,9.8750,39.4750,H,Georgia,31902,Naya Howard
"Fri, Jan-27-2023",Florida,9.8750,9.9000,9.7500,9.8250,39.3500,A,Georgia,31902,Naya Howard
"Fri, Feb-03-2023",LSU,9.7750,9.8000,9.8500,9.8750,39.3000,A,Georgia,31902,Naya Howard
"Sat, Feb-11-2023","Alabama, Arkansas, Illinois, Illinois State, Oklahoma, Stanford, Utah",9.8500,9.9000,9.6750,9.6000,39.0250,A,Georgia,31902,Naya Howard
"Fri, Feb-17-2023",Alabama,9.8500,9.9000,9.8250,9.9000,39.4750,H,Georgia,31902,Naya Howard
"Fri, Feb-24-2023",Auburn,9.9250,9.7500,9.8750,,,A,Georgia,31902,Naya Howard
"Sun, Mar-05-2023",Arkansas,9.8250,9.9250,9.8250,9.8500,39.4250,A,Georgia,31902,Naya Howard
"Fri, Mar-10-2023",Michigan,9.8500,9.8500,9.7250,9.8000,39.2250,A,Georgia,31902,Naya Howard
"Sat, Mar-18-2023","Alabama, Arkansas, Auburn, Florida, Kentucky, LSU, Missouri",9.8500,9.2250,9.8500,9.8000,38.7250,A,Georgia,31902,Naya Howard
"Fri, Mar-31-2023",,9.8500,9.8750,9.8750,9.8750,39.4750,A,Georgia,31902,Naya Howard
"Fri, Jan-06-2023","Fisk, North Carolina, Oregon State, Rutgers, Southern Utah, Stanford, Washington",9.7750,,,,,A,Georgia,31903,Nicole King
"Fri, Jan-13-2023",Missouri,9.6500,,,,,A,Georgia,31903,Nicole King
"Mon, Jan-16-2023","Fisk, Ohio State, Rutgers",9.5750,,,,,H,Georgia,31903,Nicole King
"Fri, Jan-20-2023",Kentucky,,,,9.8250,,H,Georgia,31903,Nicole King
"Fri, Jan-27-2023",Florida,,,,9.8250,,A,Georgia,31903,Nicole King
"Fri, Feb-03-2023",LSU,9.7000,,,,,A,Georgia,31903,Nicole King
"Fri, Jan-20-2023",Kentucky,,,9.8250,,,H,Georgia,31904,Jacquie Moran
"Fri, Jan-27-2023",Florida,,,9.7000,,,A,Georgia,31904,Jacquie Moran
"Fri, Feb-03-2023",LSU,,,9.9250,,,A,Georgia,31904,Jacquie Moran
"Sat, Feb-11-2023","Alabama, Arkansas, Illinois, Illinois State, Oklahoma, Stanford, Utah",,,9.8500,,,A,Georgia,31904,Jacquie Moran
"Fri, Feb-17-2023",Alabama,,,9.5000,,,H,Georgia,31904,Jacquie Moran
"Fri, Feb-24-2023",Auburn,,,9.2500,,,A,Georgia,31904,Jacquie Moran
"Fri, Mar-31-2023",,,,9.8250,,,A,Georgia,31904,Jacquie Moran
"Fri, Jan-06-2023","Fisk, North Carolina, Oregon State, Rutgers, Southern Utah, Stanford, Washington",,9.8750,9.8250,,,A,Georgia,31906,Ja' Free Scott
"Fri, Jan-13-2023",Missouri,,9.9250,9.8750,,,A,Georgia,31906,Ja' Free Scott
"Mon, Jan-16-2023","Fisk, Ohio State, Rutgers",,9.8500,9.8000,,,H,Georgia,31906,Ja' Free Scott
"Fri, Jan-20-2023",Kentucky,,9.8750,9.7250,,,H,Georgia,31906,Ja' Free Scott
"Fri, Jan-27-2023",Florida,,9.8250,9.1000,,,A,Georgia,31906,Ja' Free Scott
"Fri, Feb-03-2023",LSU,,9.8500,9.2750,,,A,Georgia,31906,Ja' Free Scott
"Sat, Feb-11-2023","Alabama, Arkansas, Illinois, Illinois State, Oklahoma, Stanford, Utah",,9.9000,,,,A,Georgia,31906,Ja' Free Scott
"Fri, Feb-17-2023",Alabama,,9.8250,9.8000,,,H,Georgia,31906,Ja' Free Scott
"Fri, Feb-24-2023",Auburn,,9.7750,9.0750,,,A,Georgia,31906,Ja' Free Scott
"Sun, Mar-05-2023",Arkansas,,9.9500,,,,A,Georgia,31906,Ja' Free Scott
"Fri, Mar-10-2023",Michigan,,9.8500,,,,A,Georgia,31906,Ja' Free Scott
"Sat, Mar-18-2023","Alabama, Arkansas, Auburn, Florida, Kentucky, LSU, Missouri",,9.8250,9.8750,,,A,Georgia,31906,Ja' Free Scott
"Fri, Mar-31-2023",,,9.8750,9.8750,,,A,Georgia,31906,Ja' Free Scott
"Fri, Jan-06-2023","Fisk, North Carolina, Oregon State, Rutgers, Southern Utah, Stanford, Washington",,,,9.7000,,A,Georgia,31907,Eryn Williams
"Fri, Jan-13-2023",Missouri,,,,9.8250,,A,Georgia,31907,Eryn Williams
"Mon, Jan-16-2023","Fisk, Ohio State, Rutgers",,,,9.8500,,H,Georgia,31907,Eryn Williams
"Fri, Jan-20-2023",Kentucky,,,,9.5750,,H,Georgia,31907,Eryn Williams
"Fri, Jan-27-2023",Florida,,,,9.8500,,A,Georgia,31907,Eryn Williams
"Fri, Feb-03-2023",LSU,,,,9.8250,,A,Georgia,31907,Eryn Williams
"Sat, Feb-11-2023","Alabama, Arkansas, Illinois, Illinois State, Oklahoma, Stanford, Utah",,,,9.6750,,A,Georgia,31907,Eryn Williams
"Fri, Feb-24-2023",Auburn,,,,9.8000,,A,Georgia,31907,Eryn Williams
"Sun, Mar-05-2023",Arkansas,,,,9.8500,,A,Georgia,31907,Eryn Williams
"Fri, Mar-10-2023",Michigan,,,,9.8500,,A,Georgia,31907,Eryn Williams
"Sat, Mar-18-2023","Alabama, Arkansas, Auburn, Florida, Kentucky, LSU, Missouri",,,,9.5750,,A,Georgia,31907,Eryn Williams
"Fri, Mar-31-2023",,,,,9.9000,,A,Georgia,31907,Eryn Williams
"Sun, Jan-08-2023","Arizona, Kentucky, Ohio State",,9.0500,8.4500,,,A,Greenville,32147,Madison Carter
"Sat, Jan-14-2023","Centenary College, S.E. Missouri",,9.1250,8.8000,,,A,Greenville,32147,Madison Carter
"Sat, Jan-21-2023",Illinois State,,8.1000,9.0250,,,H,Greenville,32147,Madison Carter
"Sat, Jan-28-2023",Simpson,,8.7500,9.4000,,,H,Greenville,32147,Madison Carter
"Sun, Feb-05-2023","Centenary College, Lindenwood",,8.8000,9.4250,,,A,Greenville,32147,Madison Carter
"Sat, Feb-11-2023",Simpson,,9.0500,,,,A,Greenville,32147,Madison Carter
"Sat, Feb-25-2023",S.E. Missouri,,8.2500,8.6500,,,H,Greenville,32147,Madison Carter
"Sun, Jan-08-2023","Arizona, Kentucky, Ohio State",,8.8750,,,,A,Greenville,32148,Madison Ford
"Sat, Jan-21-2023",Illinois State,,,9.2250,,,H,Greenville,32148,Madison Ford
"Sat, Jan-28-2023",Simpson,,9.1250,,,,H,Greenville,32148,Madison Ford
"Sun, Feb-05-2023","Centenary College, Lindenwood",,9.1000,8.0750,,,A,Greenville,32148,Madison Ford
"Sat, Feb-11-2023",Simpson,,8.9750,,,,A,Greenville,32148,Madison Ford
"Sun, Jan-08-2023","Arizona, Kentucky, Ohio State",9.5500,9.0250,9.1250,9.5500,37.2500,A,Greenville,32262,Molly Froman
"Sat, Jan-14-2023","Centenary College, S.E. Missouri",9.0250,8.6000,7.9000,9.4000,34.9250,A,Greenville,32262,Molly Froman
"Sat, Feb-11-2023",Simpson,,,9.6000,,,A,Greenville,32262,Molly Froman
"Sat, Feb-25-2023",S.E. Missouri,,9.2000,8.6500,,,H,Greenville,32262,Molly Froman
"Sun, Jan-08-2023","Arizona, Kentucky, Ohio State",9.5500,,9.0500,8.1500,,A,Greenville,32149,Ellery Gilmer
"Sat, Jan-14-2023","Centenary College, S.E. Missouri",9.4750,,8.5500,8.8250,,A,Greenville,32149,Ellery Gilmer
"Sat, Jan-21-2023",Illinois State,9.4250,,8.7250,9.3500,,H,Greenville,32149,Ellery Gilmer
"Sat, Jan-28-2023",Simpson,9.6250,,9.0000,8.9750,,H,Greenville,32149,Ellery Gilmer
"Sun, Feb-05-2023","Centenary College, Lindenwood",9.4000,,9.5250,9.5000,,A,Greenville,32149,Ellery Gilmer
"Sat, Feb-11-2023",Simpson,9.5000,,,9.4750,,A,Greenville,32149,Ellery Gilmer
"Sat, Feb-25-2023",S.E. Missouri,9.5000,,,,,H,Greenville,32149,Ellery Gilmer
"Sun, Jan-08-2023","Arizona, Kentucky, Ohio State",9.3500,8.1000,9.3250,,,A,Greenville,32150,Sidnei Heubach
"Sat, Jan-14-2023","Centenary College, S.E. Missouri",9.1500,9.2250,7.9000,,,A,Greenville,32150,Sidnei Heubach
"Sat, Jan-21-2023",Illinois State,,9.4250,8.7250,,,H,Greenville,32150,Sidnei Heubach
"Sat, Jan-28-2023",Simpson,9.3250,9.3500,9.3250,,,H,Greenville,32150,Sidnei Heubach
"Sun, Feb-05-2023","Centenary College, Lindenwood",,8.7500,8.1500,,,A,Greenville,32150,Sidnei Heubach
"Sat, Feb-11-2023",Simpson,,9.3000,9.2500,,,A,Greenville,32150,Sidnei Heubach
"Sat, Feb-25-2023",S.E. Missouri,,9.1500,9.4500,,,H,Greenville,32150,Sidnei Heubach
"Sun, Jan-08-2023","Arizona, Kentucky, Ohio State",,,,9.0500,,A,Greenville,32151,Faye Jones
"Sat, Jan-14-2023","Centenary College, S.E. Missouri",,,,9.2250,,A,Greenville,32151,Faye Jones
"Sat, Jan-21-2023",Illinois State,,,,8.3250,,H,Greenville,32151,Faye Jones
"Sat, Jan-28-2023",Simpson,,,,9.3500,,H,Greenville,32151,Faye Jones
"Sun, Feb-05-2023","Centenary College, Lindenwood",8.7000,,,8.7500,,A,Greenville,32151,Faye Jones
"Sat, Feb-11-2023",Simpson,9.4000,,,9.1000,,A,Greenville,32151,Faye Jones
"Sat, Feb-25-2023",S.E. Missouri,9.3250,,,9.1750,,H,Greenville,32151,Faye Jones
"Sun, Jan-08-2023","Arizona, Kentucky, Ohio State",,,9.0500,9.5500,,A,Greenville,32152,Audra Kaiser
"Sat, Jan-14-2023","Centenary College, S.E. Missouri",,,8.2750,9.0000,,A,Greenville,32152,Audra Kaiser
"Sat, Jan-28-2023",Simpson,9.4000,,8.6000,9.3250,,H,Greenville,32152,Audra Kaiser
"Sun, Feb-05-2023","Centenary College, Lindenwood",9.3250,,8.5750,9.2750,,A,Greenville,32152,Audra Kaiser
"Sat, Feb-11-2023",Simpson,9.0750,,9.0500,9.1750,,A,Greenville,32152,Audra Kaiser
"Sat, Feb-25-2023",S.E. Missouri,9.4750,,9.1750,9.3750,,H,Greenville,32152,Audra Kaiser
"Sat, Jan-21-2023",Illinois State,8.6250,,,8.3750,,H,Greenville,32153,Emily McClung
"Sat, Jan-28-2023",Simpson,,,,8.2000,,H,Greenville,32153,Emily McClung
"Sun, Feb-05-2023","Centenary College, Lindenwood",,,,8.6000,,A,Greenville,32153,Emily McClung
"Sat, Feb-11-2023",Simpson,,,,8.5500,,A,Greenville,32153,Emily McClung
"Sat, Feb-25-2023",S.E. Missouri,,,,8.8250,,H,Greenville,32153,Emily McClung
"Sun, Jan-08-2023","Arizona, Kentucky, Ohio State",9.5250,,,9.5000,,A,Greenville,32154,Rachel Miller
"Sat, Jan-14-2023","Centenary College, S.E. Missouri",9.3500,9.0250,,8.6750,,A,Greenville,32154,Rachel Miller
"Sat, Jan-21-2023",Illinois State,9.4500,8.8500,,8.0000,,H,Greenville,32154,Rachel Miller
"Sat, Jan-28-2023",Simpson,9.5000,9.1500,,9.7250,,H,Greenville,32154,Rachel Miller
"Sun, Feb-05-2023","Centenary College, Lindenwood",9.5000,9.2250,,9.5000,,A,Greenville,32154,Rachel Miller
"Sat, Feb-11-2023",Simpson,9.3500,8.9750,8.7750,9.5500,36.6500,A,Greenville,32154,Rachel Miller
"Sat, Feb-25-2023",S.E. Missouri,9.4500,8.9250,,9.4000,,H,Greenville,32154,Rachel Miller
"Sun, Jan-08-2023","Arizona, Kentucky, Ohio State",9.6750,6.4500,9.4750,8.5750,34.1750,A,Greenville,32155,Amara Nelson
"Sat, Jan-14-2023","Centenary College, S.E. Missouri",9.6500,9.0000,8.9000,8.7750,36.3250,A,Greenville,32155,Amara Nelson
"Sat, Jan-21-2023",Illinois State,9.7000,9.0000,8.9750,8.9500,36.6250,H,Greenville,32155,Amara Nelson
"Sat, Jan-28-2023",Simpson,9.4000,9.1500,9.6500,9.8250,38.0250,H,Greenville,32155,Amara Nelson
"Sun, Feb-05-2023","Centenary College, Lindenwood",9.6250,9.2750,9.1500,9.7500,37.8000,A,Greenville,32155,Amara Nelson
"Sat, Feb-11-2023",Simpson,8.8750,7.9000,9.6000,8.9750,35.3500,A,Greenville,32155,Amara Nelson
"Sat, Feb-25-2023",S.E. Missouri,9.6000,7.3500,9.5000,9.7750,36.2250,H,Greenville,32155,Amara Nelson
"Sun, Jan-08-2023","Arizona, Kentucky, Ohio State",9.3750,,,,,A,Greenville,32156,Reagan Rodriguez
"Sat, Jan-14-2023","Centenary College, S.E. Missouri",9.2500,,,,,A,Greenville,32156,Reagan Rodriguez
"Sat, Jan-21-2023",Illinois State,9.4000,8.0000,,,,H,Greenville,32156,Reagan Rodriguez
"Sat, Jan-28-2023",Simpson,9.5000,,,,,H,Greenville,32156,Reagan Rodriguez
"Sun, Feb-05-2023","Centenary College, Lindenwood",9.3500,,,,,A,Greenville,32156,Reagan Rodriguez
"Sat, Feb-11-2023",Simpson,9.3000,7.6750,,,,A,Greenville,32156,Reagan Rodriguez
"Sat, Feb-25-2023",S.E. Missouri,9.0000,,,,,H,Greenville,32156,Reagan Rodriguez
"Sun, Jan-08-2023","Arizona, Kentucky, Ohio State",,6.2000,,,,A,Greenville,32157,Alessia Russo
"Sat, Jan-14-2023","Centenary College, S.E. Missouri",,8.3000,,,,A,Greenville,32157,Alessia Russo
"Sat, Jan-21-2023",Illinois State,,8.5000,,,,H,Greenville,32157,Alessia Russo
"Sat, Jan-28-2023",Simpson,,8.8750,9.0250,,,H,Greenville,32157,Alessia Russo
"Sun, Feb-05-2023","Centenary College, Lindenwood",,7.9500,,,,A,Greenville,32157,Alessia Russo
"Sat, Feb-11-2023",Simpson,,,,,,A,Greenville,32157,Alessia Russo
"Sat, Feb-25-2023",S.E. Missouri,,8.0500,9.5250,,,H,Greenville,32157,Alessia Russo
"Sat, Jan-21-2023",Illinois State,,,9.0500,,,H,Greenville,32158,Aaliyah Saucedo
"Sat, Feb-11-2023",Simpson,,,9.4250,,,A,Greenville,32158,Aaliyah Saucedo
"Fri, Jan-06-2023","Hamline, Minnesota, Winona State",,,8.4250,,,A,Gustavus Adolphus,31714,Lindsay Bangs
"Sat, Jan-14-2023",UW-Whitewater,9.1000,,8.2750,,,H,Gustavus Adolphus,31714,Lindsay Bangs
"Sat, Jan-21-2023",UW-Oshkosh,9.4750,,8.5250,,,A,Gustavus Adolphus,31714,Lindsay Bangs
"Fri, Jan-27-2023",UW-Eau Claire,9.3750,,,,,A,Gustavus Adolphus,31714,Lindsay Bangs
"Fri, Feb-10-2023",Winona State,9.2750,,9.2500,,,A,Gustavus Adolphus,31714,Lindsay Bangs
"Fri, Feb-24-2023",UW-La Crosse,9.2750,,9.1000,,,H,Gustavus Adolphus,31714,Lindsay Bangs
"Fri, Mar-03-2023",Hamline,9.3250,,8.1250,,,H,Gustavus Adolphus,31714,Lindsay Bangs
"Sat, Mar-11-2023","Hamline, UW-Eau Claire, UW-La Crosse, UW-Oshkosh, UW-Stout, UW-Whitewater, Winona State",9.5250,,9.4750,,,A,Gustavus Adolphus,31714,Lindsay Bangs
"Fri, Feb-10-2023",Winona State,,,,8.5250,,A,Gustavus Adolphus,31706,Ella Binfet
"Fri, Feb-17-2023",UW-Stout,,,,9.5000,,H,Gustavus Adolphus,31706,Ella Binfet
"Fri, Feb-24-2023",UW-La Crosse,,,,9.2500,,H,Gustavus Adolphus,31706,Ella Binfet
"Fri, Mar-03-2023",Hamline,,,,9.3750,,H,Gustavus Adolphus,31706,Ella Binfet
"Sat, Mar-11-2023","Hamline, UW-Eau Claire, UW-La Crosse, UW-Oshkosh, UW-Stout, UW-Whitewater, Winona State",,,,9.4750,,A,Gustavus Adolphus,31706,Ella Binfet
"Fri, Jan-06-2023","Hamline, Minnesota, Winona State",,,8.8000,,,A,Gustavus Adolphus,31208,Izzy Breitkreutz
"Sat, Jan-14-2023",UW-Whitewater,,,8.6000,,,H,Gustavus Adolphus,31208,Izzy Breitkreutz
"Fri, Jan-27-2023",UW-Eau Claire,,,9.2750,,,A,Gustavus Adolphus,31208,Izzy Breitkreutz
"Fri, Feb-10-2023",Winona State,,,9.3250,,,A,Gustavus Adolphus,31208,Izzy Breitkreutz
"Fri, Feb-17-2023",UW-Stout,,,9.5750,,,H,Gustavus Adolphus,31208,Izzy Breitkreutz
"Fri, Feb-24-2023",UW-La Crosse,,,9.5000,,,H,Gustavus Adolphus,31208,Izzy Breitkreutz
"Fri, Mar-03-2023",Hamline,,,8.9000,,,H,Gustavus Adolphus,31208,Izzy Breitkreutz
"Sat, Mar-11-2023","Hamline, UW-Eau Claire, UW-La Crosse, UW-Oshkosh, UW-Stout, UW-Whitewater, Winona State",,,9.7000,,,A,Gustavus Adolphus,31208,Izzy Breitkreutz
"Fri, Feb-17-2023",UW-Stout,,,9.4000,,,H,Gustavus Adolphus,31209,Katy Cash
"Fri, Feb-24-2023",UW-La Crosse,,,8.2000,,,H,Gustavus Adolphus,31209,Katy Cash
"Fri, Mar-03-2023",Hamline,,,9.1750,,,H,Gustavus Adolphus,31209,Katy Cash
"Sat, Jan-14-2023",UW-Whitewater,,9.2000,9.3000,,,H,Gustavus Adolphus,30648,Annie Corbett
"Sat, Jan-21-2023",UW-Oshkosh,,9.0250,8.9000,,,A,Gustavus Adolphus,30648,Annie Corbett
"Fri, Jan-27-2023",UW-Eau Claire,,9.1500,8.4250,,,A,Gustavus Adolphus,30648,Annie Corbett
"Fri, Feb-10-2023",Winona State,,,9.0750,,,A,Gustavus Adolphus,30648,Annie Corbett
"Fri, Feb-17-2023",UW-Stout,,9.3250,9.4750,,,H,Gustavus Adolphus,30648,Annie Corbett
"Fri, Feb-24-2023",UW-La Crosse,,9.2250,,,,H,Gustavus Adolphus,30648,Annie Corbett
"Fri, Mar-03-2023",Hamline,,9.4250,9.0000,,,H,Gustavus Adolphus,30648,Annie Corbett
"Sat, Mar-11-2023","Hamline, UW-Eau Claire, UW-La Crosse, UW-Oshkosh, UW-Stout, UW-Whitewater, Winona State",,9.1500,9.6500,,,A,Gustavus Adolphus,30648,Annie Corbett
"Fri, Jan-06-2023","Hamline, Minnesota, Winona State",,,8.4000,,,A,Gustavus Adolphus,31707,Addison Dack
"Sat, Jan-21-2023",UW-Oshkosh,,,7.7000,,,A,Gustavus Adolphus,31707,Addison Dack
"Fri, Jan-27-2023",UW-Eau Claire,,,8.9750,,,A,Gustavus Adolphus,31707,Addison Dack
"Fri, Feb-24-2023",UW-La Crosse,,,8.6250,,,H,Gustavus Adolphus,31707,Addison Dack
"Fri, Mar-03-2023",Hamline,,,8.5750,,,H,Gustavus Adolphus,31707,Addison Dack
"Sat, Mar-11-2023","Hamline, UW-Eau Claire, UW-La Crosse, UW-Oshkosh, UW-Stout, UW-Whitewater, Winona State",,,8.6750,,,A,Gustavus Adolphus,31707,Addison Dack
"Fri, Jan-06-2023","Hamline, Minnesota, Winona State",9.1500,,9.3000,9.3750,,A,Gustavus Adolphus,30649,Emma Esteb
"Sat, Jan-14-2023",UW-Whitewater,9.3250,,9.6000,9.0750,,H,Gustavus Adolphus,30649,Emma Esteb
"Sat, Jan-21-2023",UW-Oshkosh,9.3500,,8.9000,9.2750,,A,Gustavus Adolphus,30649,Emma Esteb
"Fri, Jan-27-2023",UW-Eau Claire,9.2000,,8.9500,9.1750,,A,Gustavus Adolphus,30649,Emma Esteb
"Fri, Feb-10-2023",Winona State,9.3500,,9.3750,9.4000,,A,Gustavus Adolphus,30649,Emma Esteb
"Fri, Jan-06-2023","Hamline, Minnesota, Winona State",,,9.0000,,,A,Gustavus Adolphus,30650,Ashley Goeltl
"Sat, Jan-14-2023",UW-Whitewater,,,9.1250,,,H,Gustavus Adolphus,30650,Ashley Goeltl
"Sat, Jan-21-2023",UW-Oshkosh,,,9.3250,,,A,Gustavus Adolphus,30650,Ashley Goeltl
"Fri, Jan-27-2023",UW-Eau Claire,,,8.9750,,,A,Gustavus Adolphus,30650,Ashley Goeltl
"Fri, Feb-10-2023",Winona State,,,9.2250,,,A,Gustavus Adolphus,30650,Ashley Goeltl
"Fri, Feb-17-2023",UW-Stout,,9.0000,9.3000,,,H,Gustavus Adolphus,30650,Ashley Goeltl
"Sat, Mar-11-2023","Hamline, UW-Eau Claire, UW-La Crosse, UW-Oshkosh, UW-Stout, UW-Whitewater, Winona State",,7.7000,9.2250,,,A,Gustavus Adolphus,30650,Ashley Goeltl
"Fri, Jan-06-2023","Hamline, Minnesota, Winona State",,,,8.6750,,A,Gustavus Adolphus,31214,Caylee Greeder
"Sat, Jan-14-2023",UW-Whitewater,,,,9.3250,,H,Gustavus Adolphus,31214,Caylee Greeder
"Sat, Jan-21-2023",UW-Oshkosh,,,,9.4000,,A,Gustavus Adolphus,31214,Caylee Greeder
"Fri, Jan-27-2023",UW-Eau Claire,,,,8.7000,,A,Gustavus Adolphus,31214,Caylee Greeder
"Fri, Feb-10-2023",Winona State,,,,9.2500,,A,Gustavus Adolphus,31214,Caylee Greeder
"Fri, Feb-17-2023",UW-Stout,,,,8.4500,,H,Gustavus Adolphus,31214,Caylee Greeder
"Fri, Feb-24-2023",UW-La Crosse,,,,9.2500,,H,Gustavus Adolphus,31214,Caylee Greeder
"Fri, Mar-03-2023",Hamline,,,,8.5000,,H,Gustavus Adolphus,31214,Caylee Greeder
"Sat, Mar-11-2023","Hamline, UW-Eau Claire, UW-La Crosse, UW-Oshkosh, UW-Stout, UW-Whitewater, Winona State",,,,9.4000,,A,Gustavus Adolphus,31214,Caylee Greeder
"Fri, Jan-06-2023","Hamline, Minnesota, Winona State",,,,9.3500,,A,Gustavus Adolphus,30651,Jenna Griffith
"Fri, Jan-27-2023",UW-Eau Claire,,,,9.2000,,A,Gustavus Adolphus,30651,Jenna Griffith
"Fri, Jan-06-2023","Hamline, Minnesota, Winona State",,7.9000,,9.0750,,A,Gustavus Adolphus,31709,Lili Guy
"Sat, Jan-14-2023",UW-Whitewater,,,,9.1250,,H,Gustavus Adolphus,31709,Lili Guy
"Sat, Jan-21-2023",UW-Oshkosh,,7.3500,,9.2500,,A,Gustavus Adolphus,31709,Lili Guy
"Fri, Jan-27-2023",UW-Eau Claire,,8.5250,,9.2000,,A,Gustavus Adolphus,31709,Lili Guy
"Fri, Feb-10-2023",Winona State,,7.4500,,9.3000,,A,Gustavus Adolphus,31709,Lili Guy
"Fri, Feb-17-2023",UW-Stout,,,,9.4250,,H,Gustavus Adolphus,31709,Lili Guy
"Fri, Feb-24-2023",UW-La Crosse,,,,9.4750,,H,Gustavus Adolphus,31709,Lili Guy
"Fri, Mar-03-2023",Hamline,,,,9.6750,,H,Gustavus Adolphus,31709,Lili Guy
"Sat, Mar-11-2023","Hamline, UW-Eau Claire, UW-La Crosse, UW-Oshkosh, UW-Stout, UW-Whitewater, Winona State",,,,9.4000,,A,Gustavus Adolphus,31709,Lili Guy
"Fri, Jan-06-2023","Hamline, Minnesota, Winona State",9.4500,,,,,A,Gustavus Adolphus,31710,Lily Horsch
"Sat, Jan-14-2023",UW-Whitewater,9.2000,,,,,H,Gustavus Adolphus,31710,Lily Horsch
"Sat, Jan-21-2023",UW-Oshkosh,9.4500,,,,,A,Gustavus Adolphus,31710,Lily Horsch
"Fri, Jan-27-2023",UW-Eau Claire,9.2750,,,,,A,Gustavus Adolphus,31710,Lily Horsch
"Fri, Feb-10-2023",Winona State,9.2750,,,,,A,Gustavus Adolphus,31710,Lily Horsch
"Fri, Feb-17-2023",UW-Stout,9.4000,,,,,H,Gustavus Adolphus,31710,Lily Horsch
"Fri, Feb-24-2023",UW-La Crosse,9.2500,,,,,H,Gustavus Adolphus,31710,Lily Horsch
"Fri, Mar-03-2023",Hamline,9.3000,,,,,H,Gustavus Adolphus,31710,Lily Horsch
"Sat, Mar-11-2023","Hamline, UW-Eau Claire, UW-La Crosse, UW-Oshkosh, UW-Stout, UW-Whitewater, Winona State",9.4750,,,,,A,Gustavus Adolphus,31710,Lily Horsch
"Fri, Jan-27-2023",UW-Eau Claire,9.1500,,,,,A,Gustavus Adolphus,31210,Kimika Ishikawa-Temple
"Fri, Feb-10-2023",Winona State,9.2250,,,,,A,Gustavus Adolphus,31210,Kimika Ishikawa-Temple
"Fri, Feb-17-2023",UW-Stout,9.3500,,,,,H,Gustavus Adolphus,31210,Kimika Ishikawa-Temple
"Sat, Mar-11-2023","Hamline, UW-Eau Claire, UW-La Crosse, UW-Oshkosh, UW-Stout, UW-Whitewater, Winona State",9.4250,,,,,A,Gustavus Adolphus,31210,Kimika Ishikawa-Temple
"Fri, Jan-06-2023","Hamline, Minnesota, Winona State",,,9.3500,9.5500,,A,Gustavus Adolphus,31711,Olivia Jahnke
"Sat, Jan-14-2023",UW-Whitewater,,,8.0250,9.4000,,H,Gustavus Adolphus,31711,Olivia Jahnke
"Sat, Jan-21-2023",UW-Oshkosh,,,9.4500,9.3250,,A,Gustavus Adolphus,31711,Olivia Jahnke
"Fri, Jan-27-2023",UW-Eau Claire,,,9.5000,9.4250,,A,Gustavus Adolphus,31711,Olivia Jahnke
"Fri, Feb-10-2023",Winona State,,,8.7000,9.5750,,A,Gustavus Adolphus,31711,Olivia Jahnke
"Fri, Feb-17-2023",UW-Stout,,,9.3250,9.5000,,H,Gustavus Adolphus,31711,Olivia Jahnke
"Fri, Feb-24-2023",UW-La Crosse,,,9.4000,9.6500,,H,Gustavus Adolphus,31711,Olivia Jahnke
"Fri, Mar-03-2023",Hamline,,,9.2750,9.7500,,H,Gustavus Adolphus,31711,Olivia Jahnke
"Sat, Mar-11-2023","Hamline, UW-Eau Claire, UW-La Crosse, UW-Oshkosh, UW-Stout, UW-Whitewater, Winona State",,,9.6250,9.6500,,A,Gustavus Adolphus,31711,Olivia Jahnke
"Fri, Jan-06-2023","Hamline, Minnesota, Winona State",9.4750,9.0000,,,,A,Gustavus Adolphus,32255,Maddox Lee
"Sat, Jan-14-2023",UW-Whitewater,9.1500,9.1500,,,,H,Gustavus Adolphus,32255,Maddox Lee
"Sat, Jan-21-2023",UW-Oshkosh,9.2000,8.9250,,,,A,Gustavus Adolphus,32255,Maddox Lee
"Fri, Jan-27-2023",UW-Eau Claire,9.3000,9.2500,,,,A,Gustavus Adolphus,32255,Maddox Lee
"Fri, Feb-10-2023",Winona State,9.2750,9.2500,,,,A,Gustavus Adolphus,32255,Maddox Lee
"Fri, Feb-17-2023",UW-Stout,9.2250,9.4750,7.7250,,,H,Gustavus Adolphus,32255,Maddox Lee
"Fri, Feb-24-2023",UW-La Crosse,,9.4000,,,,H,Gustavus Adolphus,32255,Maddox Lee
"Fri, Mar-03-2023",Hamline,,9.3750,,,,H,Gustavus Adolphus,32255,Maddox Lee
"Sat, Mar-11-2023","Hamline, UW-Eau Claire, UW-La Crosse, UW-Oshkosh, UW-Stout, UW-Whitewater, Winona State",,9.2250,,,,A,Gustavus Adolphus,32255,Maddox Lee
"Fri, Jan-06-2023","Hamline, Minnesota, Winona State",9.5000,8.4000,,,,A,Gustavus Adolphus,31712,Marley Michaud
"Sat, Jan-14-2023",UW-Whitewater,9.2500,8.7000,,9.0500,,H,Gustavus Adolphus,31712,Marley Michaud
"Sat, Jan-21-2023",UW-Oshkosh,9.5500,8.3000,,7.0000,,A,Gustavus Adolphus,31712,Marley Michaud
"Fri, Feb-10-2023",Winona State,,8.9500,,,,A,Gustavus Adolphus,31712,Marley Michaud
"Fri, Feb-17-2023",UW-Stout,9.4500,8.8500,,9.5500,,H,Gustavus Adolphus,31712,Marley Michaud
"Fri, Feb-24-2023",UW-La Crosse,9.1500,8.9500,9.0000,9.0500,36.1500,H,Gustavus Adolphus,31712,Marley Michaud
"Fri, Mar-03-2023",Hamline,9.4750,9.0750,,9.5250,,H,Gustavus Adolphus,31712,Marley Michaud
"Sat, Mar-11-2023","Hamline, UW-Eau Claire, UW-La Crosse, UW-Oshkosh, UW-Stout, UW-Whitewater, Winona State",9.4750,8.1250,,9.4500,,A,Gustavus Adolphus,31712,Marley Michaud
"Fri, Feb-17-2023",UW-Stout,9.2750,,,,,H,Gustavus Adolphus,32256,Ella Nash
"Fri, Feb-24-2023",UW-La Crosse,9.0750,,,,,H,Gustavus Adolphus,32256,Ella Nash
"Fri, Mar-03-2023",Hamline,9.2750,,,,,H,Gustavus Adolphus,32256,Ella Nash
"Sat, Mar-11-2023","Hamline, UW-Eau Claire, UW-La Crosse, UW-Oshkosh, UW-Stout, UW-Whitewater, Winona State",8.7250,,,,,A,Gustavus Adolphus,32256,Ella Nash
"Fri, Jan-06-2023","Hamline, Minnesota, Winona State",,8.7000,,,,A,Gustavus Adolphus,31211,Sophie Schmitz
"Sat, Jan-14-2023",UW-Whitewater,,8.4750,,,,H,Gustavus Adolphus,31211,Sophie Schmitz
"Fri, Jan-27-2023",UW-Eau Claire,,9.1500,,,,A,Gustavus Adolphus,31211,Sophie Schmitz
"Fri, Feb-10-2023",Winona State,,9.2750,,,,A,Gustavus Adolphus,31211,Sophie Schmitz
"Fri, Feb-17-2023",UW-Stout,,9.2750,,,,H,Gustavus Adolphus,31211,Sophie Schmitz
"Fri, Feb-24-2023",UW-La Crosse,,9.2500,,,,H,Gustavus Adolphus,31211,Sophie Schmitz
"Fri, Mar-03-2023",Hamline,,9.3000,,,,H,Gustavus Adolphus,31211,Sophie Schmitz
"Sat, Mar-11-2023","Hamline, UW-Eau Claire, UW-La Crosse, UW-Oshkosh, UW-Stout, UW-Whitewater, Winona State",,8.9750,,,,A,Gustavus Adolphus,31211,Sophie Schmitz
"Fri, Jan-06-2023","Hamline, Minnesota, Winona State",,8.3500,,,,A,Gustavus Adolphus,31212,Kendra Smaby
"Sat, Jan-14-2023",UW-Whitewater,,9.0250,,,,H,Gustavus Adolphus,31212,Kendra Smaby
"Sat, Jan-21-2023",UW-Oshkosh,,9.1500,,,,A,Gustavus Adolphus,31212,Kendra Smaby
"Fri, Jan-27-2023",UW-Eau Claire,,8.5000,,,,A,Gustavus Adolphus,31212,Kendra Smaby
"Fri, Feb-10-2023",Winona State,,8.6500,,,,A,Gustavus Adolphus,31212,Kendra Smaby
"Fri, Feb-17-2023",UW-Stout,,9.4500,,,,H,Gustavus Adolphus,31212,Kendra Smaby
"Fri, Feb-24-2023",UW-La Crosse,,9.1250,,,,H,Gustavus Adolphus,31212,Kendra Smaby
"Fri, Mar-03-2023",Hamline,,8.5750,,,,H,Gustavus Adolphus,31212,Kendra Smaby
"Sat, Mar-11-2023","Hamline, UW-Eau Claire, UW-La Crosse, UW-Oshkosh, UW-Stout, UW-Whitewater, Winona State",,8.8750,,,,A,Gustavus Adolphus,31212,Kendra Smaby
"Fri, Jan-06-2023","Hamline, Minnesota, Winona State",8.8750,,,,,A,Gustavus Adolphus,31713,Alaina Syverson
"Fri, Feb-24-2023",UW-La Crosse,9.0500,,,,,H,Gustavus Adolphus,31713,Alaina Syverson
"Fri, Mar-03-2023",Hamline,9.1250,,,,,H,Gustavus Adolphus,31713,Alaina Syverson
"Fri, Jan-06-2023","Hamline, Minnesota, Winona State",9.5250,8.6250,,8.5250,,A,Gustavus Adolphus,31213,Abby Willis
"Sat, Jan-14-2023",UW-Whitewater,9.1500,8.3500,,8.9000,,H,Gustavus Adolphus,31213,Abby Willis
"Sat, Jan-21-2023",UW-Oshkosh,9.4500,8.0250,,9.2500,,A,Gustavus Adolphus,31213,Abby Willis
"Fri, Jan-27-2023",UW-Eau Claire,9.5000,8.9500,,9.4000,,A,Gustavus Adolphus,31213,Abby Willis
"Fri, Feb-10-2023",Winona State,9.3000,9.1500,,9.2750,,A,Gustavus Adolphus,31213,Abby Willis
"Fri, Feb-17-2023",UW-Stout,9.4250,,,9.4000,,H,Gustavus Adolphus,31213,Abby Willis
"Fri, Feb-24-2023",UW-La Crosse,9.3750,8.9750,,9.4250,,H,Gustavus Adolphus,31213,Abby Willis
"Fri, Mar-03-2023",Hamline,9.4000,9.0250,,9.5750,,H,Gustavus Adolphus,31213,Abby Willis
"Sat, Mar-11-2023","Hamline, UW-Eau Claire, UW-La Crosse, UW-Oshkosh, UW-Stout, UW-Whitewater, Winona State",9.5000,,,9.5250,,A,Gustavus Adolphus,31213,Abby Willis
"Fri, Jan-06-2023","Gustavus Adolphus, Minnesota, Winona State",,,8.7750,,,A,Hamline,31167,Emily Anderson
"Sun, Jan-08-2023","Simpson, Winona State",,,9.3250,,,H,Hamline,31167,Emily Anderson
"Sun, Jan-22-2023","Simpson, UW-La Crosse",,,9.3750,,,A,Hamline,31167,Emily Anderson
"Sat, Jan-28-2023",Centenary College,,,9.3750,,,A,Hamline,31167,Emily Anderson
"Fri, Feb-03-2023","UW-Stout, Winona State",9.3750,,9.2000,8.4000,,A,Hamline,31167,Emily Anderson
"Fri, Feb-10-2023",UW-Oshkosh,9.0750,,9.1000,,,H,Hamline,31167,Emily Anderson
"Fri, Feb-17-2023",UW-Eau Claire,9.1500,,8.6000,,,H,Hamline,31167,Emily Anderson
"Sat, Feb-25-2023",UW-Whitewater,9.3250,,8.2750,,,A,Hamline,31167,Emily Anderson
"Fri, Mar-03-2023",Gustavus Adolphus,9.3250,,8.7250,,,A,Hamline,31167,Emily Anderson
"Sat, Mar-11-2023","Gustavus Adolphus, UW-Eau Claire, UW-La Crosse, UW-Oshkosh, UW-Stout, UW-Whitewater, Winona State",9.3000,,9.5750,,,A,Hamline,31167,Emily Anderson
"Fri, Feb-10-2023",UW-Oshkosh,,,,9.4750,,H,Hamline,32196,Shea Campbell
"Fri, Feb-17-2023",UW-Eau Claire,,,,9.3250,,H,Hamline,32196,Shea Campbell
"Sat, Feb-25-2023",UW-Whitewater,,,,8.6000,,A,Hamline,32196,Shea Campbell
"Fri, Mar-03-2023",Gustavus Adolphus,,,,9.4000,,A,Hamline,32196,Shea Campbell
"Sat, Mar-11-2023","Gustavus Adolphus, UW-Eau Claire, UW-La Crosse, UW-Oshkosh, UW-Stout, UW-Whitewater, Winona State",,,,9.4500,,A,Hamline,32196,Shea Campbell
"Fri, Jan-06-2023","Gustavus Adolphus, Minnesota, Winona State",8.7250,8.2250,9.2000,,,A,Hamline,31337,Julia Cheely
"Sun, Jan-08-2023","Simpson, Winona State",8.8750,8.5500,8.9750,,,H,Hamline,31337,Julia Cheely
"Sun, Jan-22-2023","Simpson, UW-La Crosse",9.2250,8.4750,9.0250,,,A,Hamline,31337,Julia Cheely
"Sat, Jan-28-2023",Centenary College,,8.4500,,,,A,Hamline,31337,Julia Cheely
"Fri, Feb-03-2023","UW-Stout, Winona State",,9.4000,,,,A,Hamline,31337,Julia Cheely
"Fri, Feb-10-2023",UW-Oshkosh,,8.7250,,,,H,Hamline,31337,Julia Cheely
"Fri, Feb-17-2023",UW-Eau Claire,,8.5750,,,,H,Hamline,31337,Julia Cheely
"Sat, Feb-25-2023",UW-Whitewater,,8.1750,,,,A,Hamline,31337,Julia Cheely
"Fri, Mar-03-2023",Gustavus Adolphus,,8.6250,,,,A,Hamline,31337,Julia Cheely
"Sat, Mar-11-2023","Gustavus Adolphus, UW-Eau Claire, UW-La Crosse, UW-Oshkosh, UW-Stout, UW-Whitewater, Winona State",,8.3750,,,,A,Hamline,31337,Julia Cheely
"Fri, Jan-06-2023","Gustavus Adolphus, Minnesota, Winona State",9.0750,,,9.4000,,A,Hamline,30721,Bailee Davis
"Sun, Jan-08-2023","Simpson, Winona State",9.3500,,,8.7500,,H,Hamline,30721,Bailee Davis
"Sun, Jan-22-2023","Simpson, UW-La Crosse",,,,8.6750,,A,Hamline,30721,Bailee Davis
"Sat, Jan-28-2023",Centenary College,9.4250,,9.6250,9.6000,,A,Hamline,30721,Bailee Davis
"Fri, Feb-03-2023","UW-Stout, Winona State",9.3000,,8.1500,9.5750,,A,Hamline,30721,Bailee Davis
"Fri, Feb-10-2023",UW-Oshkosh,9.4750,,8.9500,9.4500,,H,Hamline,30721,Bailee Davis
"Fri, Feb-17-2023",UW-Eau Claire,8.7000,,,9.6500,,H,Hamline,30721,Bailee Davis
"Sat, Feb-25-2023",UW-Whitewater,9.5500,,9.0750,9.3750,,A,Hamline,30721,Bailee Davis
"Fri, Mar-03-2023",Gustavus Adolphus,9.4250,,,8.7000,,A,Hamline,30721,Bailee Davis
"Sat, Mar-11-2023","Gustavus Adolphus, UW-Eau Claire, UW-La Crosse, UW-Oshkosh, UW-Stout, UW-Whitewater, Winona State",8.9250,,8.6000,9.4750,,A,Hamline,30721,Bailee Davis
"Fri, Jan-06-2023","Gustavus Adolphus, Minnesota, Winona State",,,8.3500,,,A,Hamline,30722,Julia Hintermeister
"Sun, Jan-08-2023","Simpson, Winona State",,,9.0000,,,H,Hamline,30722,Julia Hintermeister
"Sun, Jan-22-2023","Simpson, UW-La Crosse",,,8.4250,,,A,Hamline,30722,Julia Hintermeister
"Sat, Jan-28-2023",Centenary College,,,9.2250,,,A,Hamline,30722,Julia Hintermeister
"Fri, Feb-03-2023","UW-Stout, Winona State",,,9.3250,,,A,Hamline,30722,Julia Hintermeister
"Fri, Feb-10-2023",UW-Oshkosh,,,9.2500,,,H,Hamline,30722,Julia Hintermeister
"Fri, Feb-17-2023",UW-Eau Claire,,,8.6750,,,H,Hamline,30722,Julia Hintermeister
"Sat, Feb-25-2023",UW-Whitewater,,,8.6750,,,A,Hamline,30722,Julia Hintermeister
"Fri, Mar-03-2023",Gustavus Adolphus,,,8.4500,,,A,Hamline,30722,Julia Hintermeister
"Sat, Mar-11-2023","Gustavus Adolphus, UW-Eau Claire, UW-La Crosse, UW-Oshkosh, UW-Stout, UW-Whitewater, Winona State",,,9.5250,,,A,Hamline,30722,Julia Hintermeister
"Fri, Jan-06-2023","Gustavus Adolphus, Minnesota, Winona State",9.3500,8.9000,,9.6750,,A,Hamline,30723,Danielle Jaworski
"Sun, Jan-08-2023","Simpson, Winona State",9.2000,8.9500,,9.5500,,H,Hamline,30723,Danielle Jaworski
"Sun, Jan-22-2023","Simpson, UW-La Crosse",9.1250,8.8000,,9.4000,,A,Hamline,30723,Danielle Jaworski
"Sat, Jan-28-2023",Centenary College,9.3750,9.2000,,9.7000,,A,Hamline,30723,Danielle Jaworski
"Fri, Feb-03-2023","UW-Stout, Winona State",9.3250,9.1000,,9.6500,,A,Hamline,30723,Danielle Jaworski
"Fri, Feb-10-2023",UW-Oshkosh,9.3250,8.6500,,9.5250,,H,Hamline,30723,Danielle Jaworski
"Fri, Feb-17-2023",UW-Eau Claire,9.3250,9.1000,,9.7250,,H,Hamline,30723,Danielle Jaworski
"Sat, Feb-25-2023",UW-Whitewater,9.3750,9.3500,8.1500,9.1750,36.0500,A,Hamline,30723,Danielle Jaworski
"Fri, Mar-03-2023",Gustavus Adolphus,9.3250,8.7250,8.3500,9.7000,36.1000,A,Hamline,30723,Danielle Jaworski
"Sat, Mar-11-2023","Gustavus Adolphus, UW-Eau Claire, UW-La Crosse, UW-Oshkosh, UW-Stout, UW-Whitewater, Winona State",9.3750,9.1500,,9.6250,,A,Hamline,30723,Danielle Jaworski
"Sat, Mar-25-2023","Brockport, Cortland State, Ithaca College, Rhode Island College, Springfield College, UW-Eau Claire, UW-La Crosse, UW-Oshkosh, UW-Stout, UW-Whitewater, Ursinus College, Winona State",9.7750,,,,,A,Hamline,30723,Danielle Jaworski
"Fri, Jan-06-2023","Gustavus Adolphus, Minnesota, Winona State",,8.1000,8.7000,,,A,Hamline,30724,Madison Lieurance
"Sun, Jan-08-2023","Simpson, Winona State",,8.7500,9.0250,,,H,Hamline,30724,Madison Lieurance
"Sun, Jan-22-2023","Simpson, UW-La Crosse",,8.6250,8.7750,,,A,Hamline,30724,Madison Lieurance
"Sat, Jan-28-2023",Centenary College,,8.6000,8.8000,,,A,Hamline,30724,Madison Lieurance
"Fri, Feb-03-2023","UW-Stout, Winona State",,9.0000,9.3500,,,A,Hamline,30724,Madison Lieurance
"Fri, Feb-10-2023",UW-Oshkosh,,8.9750,8.7000,,,H,Hamline,30724,Madison Lieurance
"Fri, Feb-17-2023",UW-Eau Claire,,8.8750,9.0250,,,H,Hamline,30724,Madison Lieurance
"Sat, Feb-25-2023",UW-Whitewater,,8.9500,9.5250,,,A,Hamline,30724,Madison Lieurance
"Fri, Mar-03-2023",Gustavus Adolphus,,8.7000,9.4250,,,A,Hamline,30724,Madison Lieurance
"Sat, Mar-11-2023","Gustavus Adolphus, UW-Eau Claire, UW-La Crosse, UW-Oshkosh, UW-Stout, UW-Whitewater, Winona State",,8.4500,9.0000,,,A,Hamline,30724,Madison Lieurance
"Fri, Jan-06-2023","Gustavus Adolphus, Minnesota, Winona State",,9.1250,,,,A,Hamline,31792,Lily Ramsdell
"Sun, Jan-08-2023","Simpson, Winona State",,9.3000,,,,H,Hamline,31792,Lily Ramsdell
"Sun, Jan-22-2023","Simpson, UW-La Crosse",9.1250,8.9750,7.6000,,,A,Hamline,31792,Lily Ramsdell
"Sat, Jan-28-2023",Centenary College,9.1250,9.4000,9.0750,,,A,Hamline,31792,Lily Ramsdell
"Fri, Feb-03-2023","UW-Stout, Winona State",9.0000,9.1750,7.6500,,,A,Hamline,31792,Lily Ramsdell
"Fri, Feb-10-2023",UW-Oshkosh,9.1750,8.8250,,,,H,Hamline,31792,Lily Ramsdell
"Fri, Feb-17-2023",UW-Eau Claire,9.0250,9.1750,7.4750,,,H,Hamline,31792,Lily Ramsdell
"Sat, Feb-25-2023",UW-Whitewater,9.2500,9.5500,,,,A,Hamline,31792,Lily Ramsdell
"Fri, Mar-03-2023",Gustavus Adolphus,9.1750,8.8000,9.4750,,,A,Hamline,31792,Lily Ramsdell
"Sat, Mar-11-2023","Gustavus Adolphus, UW-Eau Claire, UW-La Crosse, UW-Oshkosh, UW-Stout, UW-Whitewater, Winona State",9.2500,9.1500,8.8000,,,A,Hamline,31792,Lily Ramsdell
"Fri, Jan-06-2023","Gustavus Adolphus, Minnesota, Winona State",9.4750,,9.2500,9.2500,,A,Hamline,32199,Laurel Raymond
"Sun, Jan-08-2023","Simpson, Winona State",9.2500,,9.3750,9.2000,,H,Hamline,32199,Laurel Raymond
"Sun, Jan-22-2023","Simpson, UW-La Crosse",9.0500,,8.7250,7.6250,,A,Hamline,32199,Laurel Raymond
"Sat, Jan-28-2023",Centenary College,9.2500,,8.3000,8.9500,,A,Hamline,32199,Laurel Raymond
"Fri, Feb-03-2023","UW-Stout, Winona State",9.2750,,9.0250,8.6250,,A,Hamline,32199,Laurel Raymond
"Fri, Feb-10-2023",UW-Oshkosh,9.2000,,7.6750,,,H,Hamline,32199,Laurel Raymond
"Fri, Feb-17-2023",UW-Eau Claire,9.2000,,9.3000,,,H,Hamline,32199,Laurel Raymond
"Sat, Feb-25-2023",UW-Whitewater,9.1250,,9.2750,,,A,Hamline,32199,Laurel Raymond
"Fri, Mar-03-2023",Gustavus Adolphus,9.2250,,9.4750,,,A,Hamline,32199,Laurel Raymond
"Sat, Mar-11-2023","Gustavus Adolphus, UW-Eau Claire, UW-La Crosse, UW-Oshkosh, UW-Stout, UW-Whitewater, Winona State",9.2750,,9.3000,9.0000,,A,Hamline,32199,Laurel Raymond
"Fri, Jan-06-2023","Gustavus Adolphus, Minnesota, Winona State",,8.0000,,,,A,Hamline,30726,Elizabeth Schauer
"Sun, Jan-08-2023","Simpson, Winona State",,7.5000,,,,H,Hamline,30726,Elizabeth Schauer
"Sun, Jan-22-2023","Simpson, UW-La Crosse",,5.8000,,,,A,Hamline,30726,Elizabeth Schauer
"Sat, Jan-28-2023",Centenary College,,9.0750,,,,A,Hamline,30726,Elizabeth Schauer
"Fri, Feb-03-2023","UW-Stout, Winona State",,7.8250,,,,A,Hamline,30726,Elizabeth Schauer
"Fri, Feb-10-2023",UW-Oshkosh,,8.8000,,,,H,Hamline,30726,Elizabeth Schauer
"Fri, Feb-17-2023",UW-Eau Claire,,8.2750,,,,H,Hamline,30726,Elizabeth Schauer
"Sat, Feb-25-2023",UW-Whitewater,,8.3250,,,,A,Hamline,30726,Elizabeth Schauer
"Fri, Mar-03-2023",Gustavus Adolphus,,8.9750,,,,A,Hamline,30726,Elizabeth Schauer
"Sat, Mar-11-2023","Gustavus Adolphus, UW-Eau Claire, UW-La Crosse, UW-Oshkosh, UW-Stout, UW-Whitewater, Winona State",,8.5000,,,,A,Hamline,30726,Elizabeth Schauer
"Fri, Jan-06-2023","Gustavus Adolphus, Minnesota, Winona State",9.0250,,,9.0500,,A,Hamline,32202,Sydney Stoenner
"Sun, Jan-08-2023","Simpson, Winona State",9.0500,,,8.8750,,H,Hamline,32202,Sydney Stoenner
"Sun, Jan-22-2023","Simpson, UW-La Crosse",9.2500,,,,,A,Hamline,32202,Sydney Stoenner
"Sat, Jan-28-2023",Centenary College,8.3500,,,,,A,Hamline,32202,Sydney Stoenner
"Fri, Feb-17-2023",UW-Eau Claire,,,,9.0750,,H,Hamline,32202,Sydney Stoenner
"Fri, Jan-06-2023","Gustavus Adolphus, Minnesota, Winona State",,8.1000,8.6000,9.0000,,A,Hamline,31340,Brianna Weikel
"Sun, Jan-08-2023","Simpson, Winona State",,8.0500,8.1750,9.2750,,H,Hamline,31340,Brianna Weikel
"Sun, Jan-22-2023","Simpson, UW-La Crosse",,7.6000,,8.9500,,A,Hamline,31340,Brianna Weikel
"Sat, Jan-28-2023",Centenary College,,9.1000,,9.3500,,A,Hamline,31340,Brianna Weikel
"Fri, Feb-03-2023","UW-Stout, Winona State",,9.2750,,9.2750,,A,Hamline,31340,Brianna Weikel
"Fri, Feb-10-2023",UW-Oshkosh,,8.9750,8.5500,9.3500,,H,Hamline,31340,Brianna Weikel
"Fri, Feb-17-2023",UW-Eau Claire,,9.3000,8.4750,9.4750,,H,Hamline,31340,Brianna Weikel
"Sat, Feb-25-2023",UW-Whitewater,,8.4500,,9.4250,,A,Hamline,31340,Brianna Weikel
"Fri, Mar-03-2023",Gustavus Adolphus,,9.2500,,9.5250,,A,Hamline,31340,Brianna Weikel
"Sat, Mar-11-2023","Gustavus Adolphus, UW-Eau Claire, UW-La Crosse, UW-Oshkosh, UW-Stout, UW-Whitewater, Winona State",,9.1750,,9.4000,,A,Hamline,31340,Brianna Weikel
"Fri, Jan-06-2023","Gustavus Adolphus, Minnesota, Winona State",9.1000,,,,,A,Hamline,31790,Meighan White
"Sun, Jan-08-2023","Simpson, Winona State",9.1750,,,,,H,Hamline,31790,Meighan White
"Sun, Jan-22-2023","Simpson, UW-La Crosse",8.4500,,,7.8500,,A,Hamline,31790,Meighan White
"Sat, Jan-28-2023",Centenary College,9.2000,,,9.3500,,A,Hamline,31790,Meighan White
"Fri, Feb-03-2023","UW-Stout, Winona State",8.3250,,,9.3250,,A,Hamline,31790,Meighan White
"Fri, Feb-10-2023",UW-Oshkosh,9.0750,,,8.9500,,H,Hamline,31790,Meighan White
"Fri, Feb-17-2023",UW-Eau Claire,9.2500,,,9.2500,,H,Hamline,31790,Meighan White
"Sat, Feb-25-2023",UW-Whitewater,9.3750,,,9.3250,,A,Hamline,31790,Meighan White
"Fri, Mar-03-2023",Gustavus Adolphus,9.1750,,,9.5000,,A,Hamline,31790,Meighan White
"Sat, Mar-11-2023","Gustavus Adolphus, UW-Eau Claire, UW-La Crosse, UW-Oshkosh, UW-Stout, UW-Whitewater, Winona State",9.2500,,,8.9750,,A,Hamline,31790,Meighan White
"Fri, Jan-06-2023","Gustavus Adolphus, Minnesota, Winona State",,,,9.3000,,A,Hamline,32205,Catelyn Zack
"Sun, Jan-08-2023","Simpson, Winona State",,,,9.2500,,H,Hamline,32205,Catelyn Zack
"Sun, Jan-22-2023","Simpson, UW-La Crosse",,,,8.5000,,A,Hamline,32205,Catelyn Zack
"Sat, Jan-28-2023",Centenary College,,,,9.2500,,A,Hamline,32205,Catelyn Zack
"Fri, Feb-10-2023",UW-Oshkosh,,,,8.3750,,H,Hamline,32205,Catelyn Zack
"Sat, Feb-25-2023",UW-Whitewater,,,,9.0000,,A,Hamline,32205,Catelyn Zack
"Fri, Mar-03-2023",Gustavus Adolphus,,,,8.6500,,A,Hamline,32205,Catelyn Zack
"Sun, Jan-08-2023",Missouri,,9.8500,9.4000,,,H,Illinois,30322,Rachel Borden
"Sat, Jan-14-2023","Arizona, Bowling Green, Texas Woman's",,9.7750,,,,A,Illinois,30322,Rachel Borden
"Sat, Jan-21-2023",Rutgers,,9.7750,,,,A,Illinois,30322,Rachel Borden
"Sat, Jan-28-2023",Nebraska,,9.8000,,,,H,Illinois,30322,Rachel Borden
"Sat, Feb-04-2023",Minnesota,,9.7750,,,,A,Illinois,30322,Rachel Borden
"Sat, Feb-11-2023","Alabama, Arkansas, Georgia, Illinois State, Oklahoma, Stanford, Utah",,9.8500,,,,A,Illinois,30322,Rachel Borden
"Mon, Feb-13-2023",Ohio State,,9.8000,,,,H,Illinois,30322,Rachel Borden
"Fri, Feb-24-2023","Iowa, Maryland, Michigan, Nebraska, Penn State",,9.8250,,,,A,Illinois,30322,Rachel Borden
"Mon, Feb-27-2023",Michigan State,,9.8500,,,,H,Illinois,30322,Rachel Borden
"Sun, Mar-05-2023","Kent State, Ohio State",,9.8000,,,,A,Illinois,30322,Rachel Borden
"Sat, Mar-11-2023","Illinois State, Kentucky, Northern Illinois",,9.8000,,,,H,Illinois,30322,Rachel Borden
"Sat, Mar-18-2023","Iowa, Maryland, Michigan, Michigan State, Minnesota, Nebraska, Ohio State, Penn State, Rutgers",,9.8500,,,,A,Illinois,30322,Rachel Borden
"Thu, Mar-30-2023",,,9.8250,,,,A,Illinois,30322,Rachel Borden
"Sat, Jan-14-2023","Arizona, Bowling Green, Texas Woman's",,,9.0000,,,A,Illinois,31914,Alea Byrne
"Sat, Jan-21-2023",Rutgers,9.8000,,,,,A,Illinois,31914,Alea Byrne
"Sat, Feb-04-2023",Minnesota,9.7500,,,9.7250,,A,Illinois,31914,Alea Byrne
"Sat, Mar-11-2023","Illinois State, Kentucky, Northern Illinois",,,,,,H,Illinois,31914,Alea Byrne
"Sat, Jan-21-2023",Rutgers,,9.0750,,,,A,Illinois,30902,Kaitlyn Ewald
"Sat, Feb-11-2023","Alabama, Arkansas, Georgia, Illinois State, Oklahoma, Stanford, Utah",,9.8250,,,,A,Illinois,30902,Kaitlyn Ewald
"Mon, Feb-13-2023",Ohio State,,9.8000,,9.8750,,H,Illinois,30902,Kaitlyn Ewald
"Fri, Feb-24-2023","Iowa, Maryland, Michigan, Nebraska, Penn State",,9.8750,,9.7750,,A,Illinois,30902,Kaitlyn Ewald
"Mon, Feb-27-2023",Michigan State,,9.8500,,,,H,Illinois,30902,Kaitlyn Ewald
"Sun, Mar-05-2023","Kent State, Ohio State",,9.8000,,9.8500,,A,Illinois,30902,Kaitlyn Ewald
"Sat, Mar-11-2023","Illinois State, Kentucky, Northern Illinois",,9.8750,,,,H,Illinois,30902,Kaitlyn Ewald
"Sat, Mar-18-2023","Iowa, Maryland, Michigan, Michigan State, Minnesota, Nebraska, Ohio State, Penn State, Rutgers",,9.8500,,,,A,Illinois,30902,Kaitlyn Ewald
"Thu, Mar-30-2023",,9.6750,9.9000,,9.8000,,A,Illinois,30902,Kaitlyn Ewald
"Sat, Jan-21-2023",Rutgers,9.8250,,,,,A,Illinois,31342,Kadyn Fitzgibbon
"Sat, Jan-28-2023",Nebraska,9.7250,,,,,H,Illinois,31342,Kadyn Fitzgibbon
"Sat, Feb-11-2023","Alabama, Arkansas, Georgia, Illinois State, Oklahoma, Stanford, Utah",9.7250,,,,,A,Illinois,31342,Kadyn Fitzgibbon
"Mon, Feb-13-2023",Ohio State,9.7250,,,,,H,Illinois,31342,Kadyn Fitzgibbon
"Fri, Feb-24-2023","Iowa, Maryland, Michigan, Nebraska, Penn State",9.8250,,,9.8750,,A,Illinois,31342,Kadyn Fitzgibbon
"Mon, Feb-27-2023",Michigan State,9.5750,,,9.8500,,H,Illinois,31342,Kadyn Fitzgibbon
"Sun, Mar-05-2023","Kent State, Ohio State",9.7500,,,9.8750,,A,Illinois,31342,Kadyn Fitzgibbon
"Sat, Mar-11-2023","Illinois State, Kentucky, Northern Illinois",9.5250,,,9.9250,,H,Illinois,31342,Kadyn Fitzgibbon
"Sat, Mar-18-2023","Iowa, Maryland, Michigan, Michigan State, Minnesota, Nebraska, Ohio State, Penn State, Rutgers",,,,9.8750,,A,Illinois,31342,Kadyn Fitzgibbon
"Thu, Mar-30-2023",,,,,9.8500,,A,Illinois,31342,Kadyn Fitzgibbon
"Sun, Jan-08-2023",Missouri,9.7750,9.8000,9.7000,,,H,Illinois,31343,Makayla Green
"Sat, Feb-11-2023","Alabama, Arkansas, Georgia, Illinois State, Oklahoma, Stanford, Utah",9.6500,9.7500,,,,A,Illinois,31343,Makayla Green
"Mon, Feb-13-2023",Ohio State,,,,,,H,Illinois,31343,Makayla Green
"Fri, Feb-24-2023","Iowa, Maryland, Michigan, Nebraska, Penn State",9.7500,,,,,A,Illinois,31343,Makayla Green
"Mon, Feb-27-2023",Michigan State,9.7750,,,,,H,Illinois,31343,Makayla Green
"Sun, Mar-05-2023","Kent State, Ohio State",9.7500,9.7750,,,,A,Illinois,31343,Makayla Green
"Sat, Mar-11-2023","Illinois State, Kentucky, Northern Illinois",9.8000,,,,,H,Illinois,31343,Makayla Green
"Sat, Mar-18-2023","Iowa, Maryland, Michigan, Michigan State, Minnesota, Nebraska, Ohio State, Penn State, Rutgers",9.7250,,,,,A,Illinois,31343,Makayla Green
"Thu, Mar-30-2023",,9.7250,,,,,A,Illinois,31343,Makayla Green
"Sun, Jan-08-2023",Missouri,,,,9.8750,,H,Illinois,31915,Tali Joelson
"Sat, Jan-14-2023","Arizona, Bowling Green, Texas Woman's",,,,9.8000,,A,Illinois,31915,Tali Joelson
"Sat, Jan-21-2023",Rutgers,,,,9.8000,,A,Illinois,31915,Tali Joelson
"Sat, Jan-28-2023",Nebraska,,,,9.8750,,H,Illinois,31915,Tali Joelson
"Sat, Feb-04-2023",Minnesota,,,,9.7750,,A,Illinois,31915,Tali Joelson
"Sat, Feb-11-2023","Alabama, Arkansas, Georgia, Illinois State, Oklahoma, Stanford, Utah",,,,9.5500,,A,Illinois,31915,Tali Joelson
"Mon, Feb-27-2023",Michigan State,,,,9.7750,,H,Illinois,31915,Tali Joelson
"Sun, Jan-08-2023",Missouri,,,,9.8000,,H,Illinois,30903,Amelia Knight
"Sat, Jan-14-2023","Arizona, Bowling Green, Texas Woman's",,,,9.7000,,A,Illinois,30903,Amelia Knight
"Sat, Jan-21-2023",Rutgers,,,9.7750,9.9000,,A,Illinois,30903,Amelia Knight
"Sat, Jan-28-2023",Nebraska,,,9.8000,9.7750,,H,Illinois,30903,Amelia Knight
"Sat, Feb-04-2023",Minnesota,,,9.8500,,,A,Illinois,30903,Amelia Knight
"Sat, Feb-11-2023","Alabama, Arkansas, Georgia, Illinois State, Oklahoma, Stanford, Utah",,,9.7750,,,A,Illinois,30903,Amelia Knight
"Mon, Feb-13-2023",Ohio State,,,9.1000,,,H,Illinois,30903,Amelia Knight
"Fri, Feb-24-2023","Iowa, Maryland, Michigan, Nebraska, Penn State",,,9.8750,,,A,Illinois,30903,Amelia Knight
"Mon, Feb-27-2023",Michigan State,,,9.9250,,,H,Illinois,30903,Amelia Knight
"Sun, Mar-05-2023","Kent State, Ohio State",,,9.7750,,,A,Illinois,30903,Amelia Knight
"Sat, Mar-11-2023","Illinois State, Kentucky, Northern Illinois",,9.8750,9.7250,,,H,Illinois,30903,Amelia Knight
"Sat, Mar-18-2023","Iowa, Maryland, Michigan, Michigan State, Minnesota, Nebraska, Ohio State, Penn State, Rutgers",,9.7750,9.8500,,,A,Illinois,30903,Amelia Knight
"Thu, Mar-30-2023",,,9.2750,9.1250,,,A,Illinois,30903,Amelia Knight
"Sun, Jan-08-2023",Missouri,,9.8500,9.8000,,,H,Illinois,29969,Mallory Mizuki
"Sat, Jan-14-2023","Arizona, Bowling Green, Texas Woman's",,8.6000,9.7750,,,A,Illinois,29969,Mallory Mizuki
"Sat, Jan-21-2023",Rutgers,,9.9000,9.8000,,,A,Illinois,29969,Mallory Mizuki
"Sat, Jan-28-2023",Nebraska,,9.8500,9.8000,,,H,Illinois,29969,Mallory Mizuki
"Sat, Feb-04-2023",Minnesota,,9.7000,9.7750,,,A,Illinois,29969,Mallory Mizuki
"Sat, Feb-11-2023","Alabama, Arkansas, Georgia, Illinois State, Oklahoma, Stanford, Utah",,9.7500,9.8500,,,A,Illinois,29969,Mallory Mizuki
"Mon, Feb-13-2023",Ohio State,,9.8750,9.8000,,,H,Illinois,29969,Mallory Mizuki
"Fri, Feb-24-2023","Iowa, Maryland, Michigan, Nebraska, Penn State",,9.8000,9.8500,,,A,Illinois,29969,Mallory Mizuki
"Mon, Feb-27-2023",Michigan State,,9.3000,9.9500,,,H,Illinois,29969,Mallory Mizuki
"Sun, Mar-05-2023","Kent State, Ohio State",,9.9000,9.6750,,,A,Illinois,29969,Mallory Mizuki
"Sat, Mar-11-2023","Illinois State, Kentucky, Northern Illinois",,9.8250,9.8750,,,H,Illinois,29969,Mallory Mizuki
"Sat, Mar-18-2023","Iowa, Maryland, Michigan, Michigan State, Minnesota, Nebraska, Ohio State, Penn State, Rutgers",,9.7500,9.9000,,,A,Illinois,29969,Mallory Mizuki
"Thu, Mar-30-2023",,9.8000,9.8500,9.8500,,,A,Illinois,29969,Mallory Mizuki
"Sun, Jan-08-2023",Missouri,9.7750,,9.2250,9.8500,,H,Illinois,30905,Abby Mueller
"Sat, Jan-14-2023","Arizona, Bowling Green, Texas Woman's",9.8000,9.7500,9.8000,9.8000,39.1500,A,Illinois,30905,Abby Mueller
"Sat, Jan-21-2023",Rutgers,9.8500,,9.8500,9.9000,,A,Illinois,30905,Abby Mueller
"Sat, Jan-28-2023",Nebraska,9.8250,9.7000,9.8500,9.9000,39.2750,H,Illinois,30905,Abby Mueller
"Sat, Feb-04-2023",Minnesota,9.7750,9.5000,9.7250,9.6000,38.6000,A,Illinois,30905,Abby Mueller
"Sat, Feb-11-2023","Alabama, Arkansas, Georgia, Illinois State, Oklahoma, Stanford, Utah",9.8000,,9.6000,9.7750,,A,Illinois,30905,Abby Mueller
"Mon, Feb-13-2023",Ohio State,9.8000,9.7750,9.7750,9.8500,39.2000,H,Illinois,30905,Abby Mueller
"Fri, Feb-24-2023","Iowa, Maryland, Michigan, Nebraska, Penn State",9.8500,9.6500,9.8500,9.8500,39.2000,A,Illinois,30905,Abby Mueller
"Mon, Feb-27-2023",Michigan State,9.7250,9.8250,9.8250,,,H,Illinois,30905,Abby Mueller
"Sun, Mar-05-2023","Kent State, Ohio State",9.7500,,9.8750,9.8500,,A,Illinois,30905,Abby Mueller
"Sat, Mar-11-2023","Illinois State, Kentucky, Northern Illinois",9.7500,,9.8500,9.7250,,H,Illinois,30905,Abby Mueller
"Sat, Mar-18-2023","Iowa, Maryland, Michigan, Michigan State, Minnesota, Nebraska, Ohio State, Penn State, Rutgers",9.7500,,9.8000,9.8500,,A,Illinois,30905,Abby Mueller
"Thu, Mar-30-2023",,9.6500,,9.7000,,,A,Illinois,30905,Abby Mueller
"Sat, Jan-14-2023","Arizona, Bowling Green, Texas Woman's",9.8000,,9.7750,,,A,Illinois,31345,Ruthuja Nataraj
"Sat, Jan-21-2023",Rutgers,9.8250,,9.8750,,,A,Illinois,31345,Ruthuja Nataraj
"Sat, Jan-28-2023",Nebraska,9.8250,,9.2250,,,H,Illinois,31345,Ruthuja Nataraj
"Sat, Feb-04-2023",Minnesota,9.7000,,9.8500,,,A,Illinois,31345,Ruthuja Nataraj
"Sat, Feb-11-2023","Alabama, Arkansas, Georgia, Illinois State, Oklahoma, Stanford, Utah",9.7000,,9.8250,9.8250,,A,Illinois,31345,Ruthuja Nataraj
"Mon, Feb-13-2023",Ohio State,9.8750,,9.8000,9.9250,,H,Illinois,31345,Ruthuja Nataraj
"Fri, Feb-24-2023","Iowa, Maryland, Michigan, Nebraska, Penn State",9.2000,,9.8750,9.8500,,A,Illinois,31345,Ruthuja Nataraj
"Mon, Feb-27-2023",Michigan State,9.8000,,9.9250,9.7500,,H,Illinois,31345,Ruthuja Nataraj
"Sun, Mar-05-2023","Kent State, Ohio State",9.7750,,9.8000,,,A,Illinois,31345,Ruthuja Nataraj
"Sat, Mar-11-2023","Illinois State, Kentucky, Northern Illinois",9.8000,,9.7000,9.9000,,H,Illinois,31345,Ruthuja Nataraj
"Sat, Mar-18-2023","Iowa, Maryland, Michigan, Michigan State, Minnesota, Nebraska, Ohio State, Penn State, Rutgers",9.8250,,9.8750,9.7500,,A,Illinois,31345,Ruthuja Nataraj
"Thu, Mar-30-2023",,,,9.8500,9.1500,,A,Illinois,31345,Ruthuja Nataraj
"Sun, Jan-08-2023",Missouri,,9.8000,,,,H,Illinois,30412,Olivia O'Donnell
"Sat, Jan-14-2023","Arizona, Bowling Green, Texas Woman's",,9.7500,,,,A,Illinois,30412,Olivia O'Donnell
"Sat, Jan-21-2023",Rutgers,,9.8750,,,,A,Illinois,30412,Olivia O'Donnell
"Sat, Jan-28-2023",Nebraska,,9.8250,,,,H,Illinois,30412,Olivia O'Donnell
"Sat, Feb-04-2023",Minnesota,,9.8000,,,,A,Illinois,30412,Olivia O'Donnell
"Sat, Feb-11-2023","Alabama, Arkansas, Georgia, Illinois State, Oklahoma, Stanford, Utah",,9.8000,,,,A,Illinois,30412,Olivia O'Donnell
"Mon, Feb-13-2023",Ohio State,,9.8250,,,,H,Illinois,30412,Olivia O'Donnell
"Fri, Feb-24-2023","Iowa, Maryland, Michigan, Nebraska, Penn State",,9.8250,,,,A,Illinois,30412,Olivia O'Donnell
"Mon, Feb-27-2023",Michigan State,,8.6000,,,,H,Illinois,30412,Olivia O'Donnell
"Sun, Mar-05-2023","Kent State, Ohio State",,9.9000,,,,A,Illinois,30412,Olivia O'Donnell
"Sat, Mar-11-2023","Illinois State, Kentucky, Northern Illinois",,9.0000,,,,H,Illinois,30412,Olivia O'Donnell
"Sat, Mar-18-2023","Iowa, Maryland, Michigan, Michigan State, Minnesota, Nebraska, Ohio State, Penn State, Rutgers",,9.9000,,,,A,Illinois,30412,Olivia O'Donnell
"Thu, Mar-30-2023",,,9.2250,,,,A,Illinois,30412,Olivia O'Donnell
"Sun, Jan-08-2023",Missouri,9.7500,,,,,H,Illinois,30414,Arayah Simons
"Sun, Jan-08-2023",Missouri,9.7750,9.9500,9.9500,9.8000,39.4750,H,Illinois,30415,Mia Takekawa
"Sat, Jan-14-2023","Arizona, Bowling Green, Texas Woman's",9.7750,9.8250,9.8500,9.8000,39.2500,A,Illinois,30415,Mia Takekawa
"Sat, Jan-21-2023",Rutgers,,9.4000,9.9250,9.8500,,A,Illinois,30415,Mia Takekawa
"Sat, Jan-28-2023",Nebraska,9.7750,9.9500,9.9250,9.8750,39.5250,H,Illinois,30415,Mia Takekawa
"Sat, Feb-04-2023",Minnesota,9.7750,9.8000,9.9250,9.8000,39.3000,A,Illinois,30415,Mia Takekawa
"Sat, Feb-11-2023","Alabama, Arkansas, Georgia, Illinois State, Oklahoma, Stanford, Utah",,9.9000,9.8500,9.8500,,A,Illinois,30415,Mia Takekawa
"Mon, Feb-13-2023",Ohio State,9.6750,9.8750,9.7250,9.2000,38.4750,H,Illinois,30415,Mia Takekawa
"Fri, Feb-24-2023","Iowa, Maryland, Michigan, Nebraska, Penn State",,9.8000,9.9000,9.8500,,A,Illinois,30415,Mia Takekawa
"Mon, Feb-27-2023",Michigan State,,9.8500,9.9750,9.8250,,H,Illinois,30415,Mia Takekawa
"Sun, Mar-05-2023","Kent State, Ohio State",,9.8250,9.9750,9.8500,,A,Illinois,30415,Mia Takekawa
"Sat, Mar-11-2023","Illinois State, Kentucky, Northern Illinois",,9.6750,9.9250,9.8750,,H,Illinois,30415,Mia Takekawa
"Sat, Mar-18-2023","Iowa, Maryland, Michigan, Michigan State, Minnesota, Nebraska, Ohio State, Penn State, Rutgers",,9.9500,9.9500,9.8500,,A,Illinois,30415,Mia Takekawa
"Thu, Mar-30-2023",,,9.8500,9.9000,9.8500,,A,Illinois,30415,Mia Takekawa
"Sun, Jan-08-2023",Missouri,9.9000,,9.8000,9.9000,,H,Illinois,30416,Mia Townes
"Sat, Jan-14-2023","Arizona, Bowling Green, Texas Woman's",9.5750,,9.8250,9.8250,,A,Illinois,30416,Mia Townes
"Sat, Jan-21-2023",Rutgers,9.9000,,9.0500,9.9250,,A,Illinois,30416,Mia Townes
"Sat, Jan-28-2023",Nebraska,9.9000,,9.7500,3.5000,,H,Illinois,30416,Mia Townes
"Sat, Feb-04-2023",Minnesota,9.7250,,9.5750,9.8750,,A,Illinois,30416,Mia Townes
"Sat, Feb-11-2023","Alabama, Arkansas, Georgia, Illinois State, Oklahoma, Stanford, Utah",9.8000,,9.8250,9.9250,,A,Illinois,30416,Mia Townes
"Mon, Feb-13-2023",Ohio State,9.9000,,9.9250,9.9500,,H,Illinois,30416,Mia Townes
"Fri, Feb-24-2023","Iowa, Maryland, Michigan, Nebraska, Penn State",9.7750,,9.7250,9.8500,,A,Illinois,30416,Mia Townes
"Mon, Feb-27-2023",Michigan State,9.8500,,9.9000,9.8000,,H,Illinois,30416,Mia Townes
"Sun, Mar-05-2023","Kent State, Ohio State",9.9000,,9.8500,9.9250,,A,Illinois,30416,Mia Townes
"Sat, Mar-11-2023","Illinois State, Kentucky, Northern Illinois",9.8500,,9.8500,9.9250,,H,Illinois,30416,Mia Townes
"Sat, Mar-18-2023","Iowa, Maryland, Michigan, Michigan State, Minnesota, Nebraska, Ohio State, Penn State, Rutgers",9.8000,,9.8250,9.8500,,A,Illinois,30416,Mia Townes
"Thu, Mar-30-2023",,9.2000,,9.8500,9.9000,,A,Illinois,30416,Mia Townes
"Sun, Jan-08-2023",Missouri,,,,9.8750,,H,Illinois,30417,Julia Waight
"Sat, Jan-14-2023","Arizona, Bowling Green, Texas Woman's",9.8000,,,9.6000,,A,Illinois,30417,Julia Waight
"Sat, Jan-21-2023",Rutgers,,,,9.8750,,A,Illinois,30417,Julia Waight
"Sat, Jan-28-2023",Nebraska,,,,9.8500,,H,Illinois,30417,Julia Waight
"Sat, Feb-04-2023",Minnesota,,,,9.7750,,A,Illinois,30417,Julia Waight
"Sat, Feb-11-2023","Alabama, Arkansas, Georgia, Illinois State, Oklahoma, Stanford, Utah",,,,9.8000,,A,Illinois,30417,Julia Waight
"Mon, Feb-13-2023",Ohio State,9.7250,,,9.7750,,H,Illinois,30417,Julia Waight
"Fri, Feb-24-2023","Iowa, Maryland, Michigan, Nebraska, Penn State",9.8750,,,,,A,Illinois,30417,Julia Waight
"Mon, Feb-27-2023",Michigan State,9.8250,,,9.8500,,H,Illinois,30417,Julia Waight
"Sun, Mar-05-2023","Kent State, Ohio State",9.8250,,,9.8750,,A,Illinois,30417,Julia Waight
"Sat, Mar-11-2023","Illinois State, Kentucky, Northern Illinois",9.8000,,,9.9000,,H,Illinois,30417,Julia Waight
"Sat, Mar-18-2023","Iowa, Maryland, Michigan, Michigan State, Minnesota, Nebraska, Ohio State, Penn State, Rutgers",9.7750,,,9.7500,,A,Illinois,30417,Julia Waight
"Thu, Mar-30-2023",,9.8000,,,9.7750,,A,Illinois,30417,Julia Waight
"Sun, Jan-08-2023",Missouri,9.8250,9.8250,,,,H,Illinois,31916,Arielle Ward
"Sat, Jan-14-2023","Arizona, Bowling Green, Texas Woman's",9.8250,9.6750,,,,A,Illinois,31916,Arielle Ward
"Sat, Jan-21-2023",Rutgers,9.8000,9.7500,,,,A,Illinois,31916,Arielle Ward
"Sat, Jan-28-2023",Nebraska,9.8000,9.7500,,,,H,Illinois,31916,Arielle Ward
"Sat, Feb-04-2023",Minnesota,9.8250,9.7750,,,,A,Illinois,31916,Arielle Ward
"Sat, Feb-11-2023","Alabama, Arkansas, Georgia, Illinois State, Oklahoma, Stanford, Utah",9.8500,,,,,A,Illinois,31916,Arielle Ward
"Sat, Mar-18-2023","Iowa, Maryland, Michigan, Michigan State, Minnesota, Nebraska, Ohio State, Penn State, Rutgers",9.7500,,,,,A,Illinois,31916,Arielle Ward
"Sun, Jan-08-2023","UW-Oshkosh, Western Michigan",9.6250,9.6000,9.6500,9.7000,38.5750,A,Illinois State,31909,Nirel Bart-Williams
"Fri, Jan-13-2023",Lindenwood,9.8250,9.1000,9.7250,9.8500,38.5000,H,Illinois State,31909,Nirel Bart-Williams
"Sun, Jan-15-2023",Western Michigan,9.8250,9.1500,9.7750,9.8250,38.5750,H,Illinois State,31909,Nirel Bart-Williams
"Sat, Jan-21-2023",Greenville,9.8250,9.6750,9.7250,9.7750,39.0000,A,Illinois State,31909,Nirel Bart-Williams
"Fri, Jan-27-2023",Northern Illinois,9.0750,9.8000,9.7750,9.8000,38.4500,H,Illinois State,31909,Nirel Bart-Williams
"Sun, Jan-29-2023","Northern Illinois, Winona State",9.6250,9.1750,9.5750,9.9250,38.3000,A,Illinois State,31909,Nirel Bart-Williams
"Fri, Feb-03-2023","Bowling Green, Centenary College",9.8250,9.7500,9.7750,9.7500,39.1000,H,Illinois State,31909,Nirel Bart-Williams
"Sat, Feb-11-2023","Alabama, Arkansas, Georgia, Illinois, Oklahoma, Stanford, Utah",9.2500,9.7750,9.8500,9.9000,38.7750,A,Illinois State,31909,Nirel Bart-Williams
"Fri, Feb-17-2023",S.E. Missouri,9.8500,9.1750,9.8500,9.8500,38.7250,H,Illinois State,31909,Nirel Bart-Williams
"Sun, Feb-26-2023","New Hampshire, Pittsburgh, Southern Conn.",9.9000,9.7750,9.8000,9.8500,39.3250,A,Illinois State,31909,Nirel Bart-Williams
"Fri, Mar-03-2023",S.E. Missouri,9.7750,9.7750,9.6500,9.8750,39.0750,A,Illinois State,31909,Nirel Bart-Williams
"Sat, Mar-11-2023","Illinois, Kentucky, Northern Illinois",9.7500,9.1500,9.7250,9.9000,38.5250,A,Illinois State,31909,Nirel Bart-Williams
"Fri, Mar-17-2023","Centenary College, Lindenwood, S.E. Missouri, Texas Woman's",9.8500,9.7250,8.8500,9.8500,38.2750,A,Illinois State,31909,Nirel Bart-Williams
"Sun, Jan-08-2023","UW-Oshkosh, Western Michigan",,,9.5000,,,A,Illinois State,31908,Leah Davis
"Fri, Jan-13-2023",Lindenwood,,,9.6750,,,H,Illinois State,31908,Leah Davis
"Sun, Jan-15-2023",Western Michigan,,,9.0000,,,H,Illinois State,31908,Leah Davis
"Sat, Jan-21-2023",Greenville,,,9.7250,,,A,Illinois State,31908,Leah Davis
"Fri, Jan-27-2023",Northern Illinois,,,9.5000,,,H,Illinois State,31908,Leah Davis
"Sun, Jan-29-2023","Northern Illinois, Winona State",,,9.7500,,,A,Illinois State,31908,Leah Davis
"Fri, Feb-03-2023","Bowling Green, Centenary College",,,8.9000,,,H,Illinois State,31908,Leah Davis
"Sat, Feb-11-2023","Alabama, Arkansas, Georgia, Illinois, Oklahoma, Stanford, Utah",,,9.7750,,,A,Illinois State,31908,Leah Davis
"Fri, Feb-17-2023",S.E. Missouri,,,8.9750,,,H,Illinois State,31908,Leah Davis
"Sun, Feb-26-2023","New Hampshire, Pittsburgh, Southern Conn.",,,9.6250,,,A,Illinois State,31908,Leah Davis
"Sat, Mar-11-2023","Illinois, Kentucky, Northern Illinois",,,,,,A,Illinois State,31908,Leah Davis
"Fri, Mar-17-2023","Centenary College, Lindenwood, S.E. Missouri, Texas Woman's",,,9.6750,,,A,Illinois State,31908,Leah Davis
"Sat, Jan-21-2023",Greenville,,,,9.0250,,A,Illinois State,30894,Isabella Decroo
"Fri, Jan-27-2023",Northern Illinois,9.6250,,,9.1500,,H,Illinois State,30894,Isabella Decroo
"Sun, Jan-29-2023","Northern Illinois, Winona State",9.6750,,,,,A,Illinois State,30894,Isabella Decroo
"Fri, Feb-03-2023","Bowling Green, Centenary College",9.6500,,,,,H,Illinois State,30894,Isabella Decroo
"Sun, Jan-08-2023","UW-Oshkosh, Western Michigan",9.7000,,,9.6000,,A,Illinois State,30895,Kaitlyn Donovan
"Fri, Jan-13-2023",Lindenwood,9.6750,,,9.8500,,H,Illinois State,30895,Kaitlyn Donovan
"Sun, Jan-15-2023",Western Michigan,9.3000,,,9.6750,,H,Illinois State,30895,Kaitlyn Donovan
"Sat, Jan-21-2023",Greenville,9.7500,,,9.6750,,A,Illinois State,30895,Kaitlyn Donovan
"Fri, Jan-27-2023",Northern Illinois,9.6500,,9.1000,9.8000,,H,Illinois State,30895,Kaitlyn Donovan
"Sun, Jan-29-2023","Northern Illinois, Winona State",9.7250,,,9.8000,,A,Illinois State,30895,Kaitlyn Donovan
"Fri, Feb-03-2023","Bowling Green, Centenary College",9.6250,,,9.8000,,H,Illinois State,30895,Kaitlyn Donovan
"Sat, Feb-11-2023","Alabama, Arkansas, Georgia, Illinois, Oklahoma, Stanford, Utah",9.7500,,,9.7750,,A,Illinois State,30895,Kaitlyn Donovan
"Fri, Feb-17-2023",S.E. Missouri,9.7250,,,9.4750,,H,Illinois State,30895,Kaitlyn Donovan
"Sun, Feb-26-2023","New Hampshire, Pittsburgh, Southern Conn.",9.6750,,,9.8500,,A,Illinois State,30895,Kaitlyn Donovan
"Fri, Mar-03-2023",S.E. Missouri,9.8250,,,9.8500,,A,Illinois State,30895,Kaitlyn Donovan
"Sat, Mar-11-2023","Illinois, Kentucky, Northern Illinois",9.3250,,8.9750,9.8500,,A,Illinois State,30895,Kaitlyn Donovan
"Fri, Mar-17-2023","Centenary College, Lindenwood, S.E. Missouri, Texas Woman's",9.7500,,,9.8750,,A,Illinois State,30895,Kaitlyn Donovan
"Fri, Jan-13-2023",Lindenwood,,,9.5750,,,H,Illinois State,31910,Mackenzie Flutman
"Sun, Jan-15-2023",Western Michigan,,,9.6250,,,H,Illinois State,31910,Mackenzie Flutman
"Sat, Jan-21-2023",Greenville,,,8.7750,,,A,Illinois State,31910,Mackenzie Flutman
"Fri, Feb-03-2023","Bowling Green, Centenary College",,,9.4500,,,H,Illinois State,31910,Mackenzie Flutman
"Fri, Feb-17-2023",S.E. Missouri,,,8.8000,,,H,Illinois State,31910,Mackenzie Flutman
"Sun, Jan-15-2023",Western Michigan,,9.5000,,,,H,Illinois State,30896,Carly Hawksworth
"Sat, Jan-21-2023",Greenville,,8.7250,,,,A,Illinois State,30896,Carly Hawksworth
"Fri, Jan-27-2023",Northern Illinois,,9.8000,,,,H,Illinois State,30896,Carly Hawksworth
"Sun, Jan-29-2023","Northern Illinois, Winona State",,9.7500,,,,A,Illinois State,30896,Carly Hawksworth
"Fri, Feb-03-2023","Bowling Green, Centenary College",,9.5250,,,,H,Illinois State,30896,Carly Hawksworth
"Sat, Feb-11-2023","Alabama, Arkansas, Georgia, Illinois, Oklahoma, Stanford, Utah",,9.6250,,,,A,Illinois State,30896,Carly Hawksworth
"Fri, Feb-17-2023",S.E. Missouri,,9.7250,,,,H,Illinois State,30896,Carly Hawksworth
"Sun, Feb-26-2023","New Hampshire, Pittsburgh, Southern Conn.",,9.6500,,,,A,Illinois State,30896,Carly Hawksworth
"Fri, Mar-03-2023",S.E. Missouri,,9.5000,,,,A,Illinois State,30896,Carly Hawksworth
"Sat, Mar-11-2023","Illinois, Kentucky, Northern Illinois",,9.1000,,,,A,Illinois State,30896,Carly Hawksworth
"Fri, Mar-17-2023","Centenary College, Lindenwood, S.E. Missouri, Texas Woman's",,9.7000,,,,A,Illinois State,30896,Carly Hawksworth
"Fri, Jan-13-2023",Lindenwood,9.0750,,,,,H,Illinois State,30897,J'Chelle Heard
"Sun, Jan-15-2023",Western Michigan,9.5250,,,,,H,Illinois State,30897,J'Chelle Heard
"Sat, Feb-11-2023","Alabama, Arkansas, Georgia, Illinois, Oklahoma, Stanford, Utah",9.8000,,,,,A,Illinois State,30897,J'Chelle Heard
"Fri, Feb-17-2023",S.E. Missouri,9.8250,,,,,H,Illinois State,30897,J'Chelle Heard
"Sun, Feb-26-2023","New Hampshire, Pittsburgh, Southern Conn.",9.8500,,,,,A,Illinois State,30897,J'Chelle Heard
"Fri, Mar-03-2023",S.E. Missouri,9.6250,,,,,A,Illinois State,30897,J'Chelle Heard
"Sat, Mar-11-2023","Illinois, Kentucky, Northern Illinois",9.8250,,,,,A,Illinois State,30897,J'Chelle Heard
"Fri, Mar-17-2023","Centenary College, Lindenwood, S.E. Missouri, Texas Woman's",9.8000,,,,,A,Illinois State,30897,J'Chelle Heard
"Sun, Jan-08-2023","UW-Oshkosh, Western Michigan",,9.6750,,,,A,Illinois State,31348,Julia Heiner
"Fri, Jan-13-2023",Lindenwood,,9.8500,,,,H,Illinois State,31348,Julia Heiner
"Sun, Jan-15-2023",Western Michigan,,9.6250,,,,H,Illinois State,31348,Julia Heiner
"Sat, Jan-21-2023",Greenville,,9.6500,,,,A,Illinois State,31348,Julia Heiner
"Fri, Feb-03-2023","Bowling Green, Centenary College",,9.8500,,,,H,Illinois State,31348,Julia Heiner
"Sat, Feb-11-2023","Alabama, Arkansas, Georgia, Illinois, Oklahoma, Stanford, Utah",,9.7500,,,,A,Illinois State,31348,Julia Heiner
"Fri, Feb-17-2023",S.E. Missouri,,9.6500,,,,H,Illinois State,31348,Julia Heiner
"Sun, Feb-26-2023","New Hampshire, Pittsburgh, Southern Conn.",,9.7750,,,,A,Illinois State,31348,Julia Heiner
"Fri, Mar-03-2023",S.E. Missouri,,9.1250,,,,A,Illinois State,31348,Julia Heiner
"Sat, Mar-11-2023","Illinois, Kentucky, Northern Illinois",,9.7250,,,,A,Illinois State,31348,Julia Heiner
"Fri, Mar-17-2023","Centenary College, Lindenwood, S.E. Missouri, Texas Woman's",,9.6250,,,,A,Illinois State,31348,Julia Heiner
"Sun, Jan-08-2023","UW-Oshkosh, Western Michigan",,,9.8500,,,A,Illinois State,30899,Madison Kipp
"Fri, Jan-13-2023",Lindenwood,,9.7000,9.7500,,,H,Illinois State,30899,Madison Kipp
"Sun, Jan-15-2023",Western Michigan,,9.6250,9.8000,,,H,Illinois State,30899,Madison Kipp
"Sat, Jan-21-2023",Greenville,,9.6500,9.7000,,,A,Illinois State,30899,Madison Kipp
"Fri, Jan-27-2023",Northern Illinois,,9.7250,9.8500,,,H,Illinois State,30899,Madison Kipp
"Sun, Jan-29-2023","Northern Illinois, Winona State",,9.7000,9.6500,,,A,Illinois State,30899,Madison Kipp
"Fri, Feb-03-2023","Bowling Green, Centenary College",,9.6500,9.8000,,,H,Illinois State,30899,Madison Kipp
"Sat, Feb-11-2023","Alabama, Arkansas, Georgia, Illinois, Oklahoma, Stanford, Utah",,9.7750,9.7250,,,A,Illinois State,30899,Madison Kipp
"Sun, Feb-26-2023","New Hampshire, Pittsburgh, Southern Conn.",,,8.9250,,,A,Illinois State,30899,Madison Kipp
"Fri, Mar-03-2023",S.E. Missouri,,,9.0750,,,A,Illinois State,30899,Madison Kipp
"Sun, Jan-08-2023","UW-Oshkosh, Western Michigan",9.6250,9.8250,9.6500,9.7750,38.8750,A,Illinois State,30605,Angelica Labat
"Fri, Jan-13-2023",Lindenwood,9.8250,9.8250,9.2750,9.7500,38.6750,H,Illinois State,30605,Angelica Labat
"Sun, Jan-15-2023",Western Michigan,9.8000,9.7000,9.3250,9.6500,38.4750,H,Illinois State,30605,Angelica Labat
"Sat, Jan-21-2023",Greenville,9.0500,9.7750,9.8000,9.7500,38.3750,A,Illinois State,30605,Angelica Labat
"Fri, Jan-27-2023",Northern Illinois,9.7000,9.8500,9.4500,9.8250,38.8500,H,Illinois State,30605,Angelica Labat
"Sun, Jan-29-2023","Northern Illinois, Winona State",9.8250,9.7750,9.7250,9.8500,39.1750,A,Illinois State,30605,Angelica Labat
"Fri, Feb-03-2023","Bowling Green, Centenary College",9.5000,9.8750,9.8500,9.9000,39.1250,H,Illinois State,30605,Angelica Labat
"Sat, Feb-11-2023","Alabama, Arkansas, Georgia, Illinois, Oklahoma, Stanford, Utah",9.8250,9.8500,9.7500,9.5250,38.9500,A,Illinois State,30605,Angelica Labat
"Fri, Feb-17-2023",S.E. Missouri,9.8000,9.8000,9.8000,9.8250,39.2250,H,Illinois State,30605,Angelica Labat
"Sun, Feb-26-2023","New Hampshire, Pittsburgh, Southern Conn.",9.7750,9.8250,9.3750,8.9000,37.8750,A,Illinois State,30605,Angelica Labat
"Fri, Mar-03-2023",S.E. Missouri,9.8750,9.8250,9.8750,9.8250,39.4000,A,Illinois State,30605,Angelica Labat
"Sat, Mar-11-2023","Illinois, Kentucky, Northern Illinois",9.8750,9.7500,9.7250,9.8750,39.2250,A,Illinois State,30605,Angelica Labat
"Fri, Mar-17-2023","Centenary College, Lindenwood, S.E. Missouri, Texas Woman's",9.9500,9.7250,9.8000,9.1000,38.5750,A,Illinois State,30605,Angelica Labat
"Sun, Jan-08-2023","UW-Oshkosh, Western Michigan",9.7000,,,,,A,Illinois State,31349,Alana Laster
"Fri, Jan-13-2023",Lindenwood,9.7750,,,9.7750,,H,Illinois State,31349,Alana Laster
"Sun, Jan-15-2023",Western Michigan,9.7250,,,9.7250,,H,Illinois State,31349,Alana Laster
"Sat, Jan-21-2023",Greenville,9.7500,9.7000,,9.7250,,A,Illinois State,31349,Alana Laster
"Fri, Jan-27-2023",Northern Illinois,9.7250,9.7000,,9.8250,,H,Illinois State,31349,Alana Laster
"Sun, Jan-29-2023","Northern Illinois, Winona State",9.8500,9.7250,,9.8750,,A,Illinois State,31349,Alana Laster
"Fri, Feb-03-2023","Bowling Green, Centenary College",9.6500,9.7750,9.7250,9.7750,38.9250,H,Illinois State,31349,Alana Laster
"Sat, Feb-11-2023","Alabama, Arkansas, Georgia, Illinois, Oklahoma, Stanford, Utah",9.6750,9.7500,9.5500,9.8250,38.8000,A,Illinois State,31349,Alana Laster
"Fri, Feb-17-2023",S.E. Missouri,9.9250,9.7000,9.7500,9.8000,39.1750,H,Illinois State,31349,Alana Laster
"Sun, Feb-26-2023","New Hampshire, Pittsburgh, Southern Conn.",9.8750,9.7750,9.6750,9.8250,39.1500,A,Illinois State,31349,Alana Laster
"Fri, Mar-03-2023",S.E. Missouri,9.8750,9.7250,8.6500,9.8500,38.1000,A,Illinois State,31349,Alana Laster
"Sat, Mar-11-2023","Illinois, Kentucky, Northern Illinois",9.9250,9.6750,9.1000,9.8500,38.5500,A,Illinois State,31349,Alana Laster
"Fri, Mar-17-2023","Centenary College, Lindenwood, S.E. Missouri, Texas Woman's",9.9000,9.7750,9.8250,9.8500,39.3500,A,Illinois State,31349,Alana Laster
"Thu, Mar-30-2023",,9.8750,,,,,A,Illinois State,31349,Alana Laster
"Sun, Jan-08-2023","UW-Oshkosh, Western Michigan",9.7250,9.6250,8.9000,9.7500,38.0000,A,Illinois State,31350,Jaye Mack
"Fri, Jan-13-2023",Lindenwood,9.8000,,,9.8750,,H,Illinois State,31350,Jaye Mack
"Sun, Jan-15-2023",Western Michigan,9.8250,,,9.8500,,H,Illinois State,31350,Jaye Mack
"Sat, Jan-21-2023",Greenville,9.7000,,,9.8250,,A,Illinois State,31350,Jaye Mack
"Fri, Feb-03-2023","Bowling Green, Centenary College",9.7750,,,9.8750,,H,Illinois State,31350,Jaye Mack
"Sat, Feb-11-2023","Alabama, Arkansas, Georgia, Illinois, Oklahoma, Stanford, Utah",9.7750,,,9.8250,,A,Illinois State,31350,Jaye Mack
"Fri, Feb-17-2023",S.E. Missouri,9.7750,,,9.9250,,H,Illinois State,31350,Jaye Mack
"Sun, Feb-26-2023","New Hampshire, Pittsburgh, Southern Conn.",9.8250,,,9.9250,,A,Illinois State,31350,Jaye Mack
"Fri, Mar-03-2023",S.E. Missouri,9.8500,,,9.8000,,A,Illinois State,31350,Jaye Mack
"Sat, Mar-11-2023","Illinois, Kentucky, Northern Illinois",9.7500,,,9.9500,,A,Illinois State,31350,Jaye Mack
"Fri, Mar-17-2023","Centenary College, Lindenwood, S.E. Missouri, Texas Woman's",9.7500,,,9.9250,,A,Illinois State,31350,Jaye Mack
"Thu, Mar-30-2023",,,,,8.9500,,A,Illinois State,31350,Jaye Mack
"Sat, Jan-21-2023",Greenville,9.7000,,,,,A,Illinois State,31911,Mia Oh
"Fri, Jan-27-2023",Northern Illinois,9.3750,,,,,H,Illinois State,31911,Mia Oh
"Sun, Jan-29-2023","Northern Illinois, Winona State",9.6000,,9.0000,,,A,Illinois State,31911,Mia Oh
"Sun, Jan-08-2023","UW-Oshkosh, Western Michigan",9.6500,9.6500,,9.3000,,A,Illinois State,31351,Mya Robinson
"Fri, Jan-13-2023",Lindenwood,,8.4000,,,,H,Illinois State,31351,Mya Robinson
"Sun, Jan-08-2023","UW-Oshkosh, Western Michigan",,8.7000,,9.6500,,A,Illinois State,31353,Sara Wabi
"Fri, Jan-13-2023",Lindenwood,,9.2250,,9.8000,,H,Illinois State,31353,Sara Wabi
"Sun, Jan-15-2023",Western Michigan,,9.7500,,9.8250,,H,Illinois State,31353,Sara Wabi
"Fri, Jan-27-2023",Northern Illinois,,9.7500,,9.8250,,H,Illinois State,31353,Sara Wabi
"Sun, Jan-29-2023","Northern Illinois, Winona State",,9.7250,,9.5500,,A,Illinois State,31353,Sara Wabi
"Fri, Feb-03-2023","Bowling Green, Centenary College",,,,9.8250,,H,Illinois State,31353,Sara Wabi
"Sat, Feb-11-2023","Alabama, Arkansas, Georgia, Illinois, Oklahoma, Stanford, Utah",,,,9.8750,,A,Illinois State,31353,Sara Wabi
"Fri, Feb-17-2023",S.E. Missouri,,9.2000,,9.7250,,H,Illinois State,31353,Sara Wabi
"Sun, Feb-26-2023","New Hampshire, Pittsburgh, Southern Conn.",,9.8250,,9.8250,,A,Illinois State,31353,Sara Wabi
"Fri, Mar-03-2023",S.E. Missouri,,9.6250,9.8250,9.8250,,A,Illinois State,31353,Sara Wabi
"Sat, Mar-11-2023","Illinois, Kentucky, Northern Illinois",,9.7250,9.0750,9.8250,,A,Illinois State,31353,Sara Wabi
"Fri, Mar-17-2023","Centenary College, Lindenwood, S.E. Missouri, Texas Woman's",,9.8250,9.8500,9.8250,,A,Illinois State,31353,Sara Wabi
"Sun, Jan-08-2023","UW-Oshkosh, Western Michigan",,,8.9250,,,A,Illinois State,31913,Joy Ziegenfelder
"Fri, Jan-13-2023",Lindenwood,,,9.6500,,,H,Illinois State,31913,Joy Ziegenfelder
"Sun, Jan-15-2023",Western Michigan,,,9.5500,,,H,Illinois State,31913,Joy Ziegenfelder
"Sat, Jan-21-2023",Greenville,,,9.7500,,,A,Illinois State,31913,Joy Ziegenfelder
"Fri, Jan-27-2023",Northern Illinois,,,9.6250,,,H,Illinois State,31913,Joy Ziegenfelder
"Sun, Jan-29-2023","Northern Illinois, Winona State",,,9.0500,9.7750,,A,Illinois State,31913,Joy Ziegenfelder
"Sat, Feb-11-2023","Alabama, Arkansas, Georgia, Illinois, Oklahoma, Stanford, Utah",,,9.8250,,,A,Illinois State,31913,Joy Ziegenfelder
"Fri, Feb-17-2023",S.E. Missouri,,,9.8500,,,H,Illinois State,31913,Joy Ziegenfelder
"Sun, Feb-26-2023","New Hampshire, Pittsburgh, Southern Conn.",,,9.6500,,,A,Illinois State,31913,Joy Ziegenfelder
"Fri, Mar-03-2023",S.E. Missouri,,,9.7250,,,A,Illinois State,31913,Joy Ziegenfelder
"Sat, Mar-11-2023","Illinois, Kentucky, Northern Illinois",,,9.6500,,,A,Illinois State,31913,Joy Ziegenfelder
"Fri, Mar-17-2023","Centenary College, Lindenwood, S.E. Missouri, Texas Woman's",,,9.9000,,,A,Illinois State,31913,Joy Ziegenfelder
"Sun, Jan-22-2023",Ohio State,,8.9750,,,,A,Iowa,30936,Ella Castellanos
"Mon, Feb-06-2023",Nebraska,,9.8000,,,,A,Iowa,30936,Ella Castellanos
"Sat, Feb-11-2023",Michigan State,,9.7250,,,,H,Iowa,30936,Ella Castellanos
"Sat, Feb-18-2023",Rutgers,,9.6750,,,,H,Iowa,30936,Ella Castellanos
"Mon, Feb-06-2023",Nebraska,,,,9.8250,,A,Iowa,31918,Hanna Castillo
"Sat, Feb-11-2023",Michigan State,,,,9.9250,,H,Iowa,31918,Hanna Castillo
"Sat, Feb-18-2023",Rutgers,,,,9.8750,,H,Iowa,31918,Hanna Castillo
"Fri, Feb-24-2023","Illinois, Maryland, Michigan, Nebraska, Penn State",,,,9.8500,,A,Iowa,31918,Hanna Castillo
"Sat, Mar-04-2023",Iowa State,,,,9.8750,,H,Iowa,31918,Hanna Castillo
"Fri, Mar-10-2023","San Jose State, Southern Utah",9.8250,,,9.8000,,A,Iowa,31918,Hanna Castillo
"Sat, Mar-18-2023","Illinois, Maryland, Michigan, Michigan State, Minnesota, Nebraska, Ohio State, Penn State, Rutgers",9.7250,,,9.8500,,H,Iowa,31918,Hanna Castillo
"Thu, Mar-30-2023",,9.8000,,,9.8000,,A,Iowa,31918,Hanna Castillo
"Fri, Jan-27-2023",Minnesota,,,,,,H,Iowa,31919,Avery Chambers
"Mon, Feb-06-2023",Nebraska,9.6500,,,,,A,Iowa,31919,Avery Chambers
"Sat, Feb-11-2023",Michigan State,9.7750,,,,,H,Iowa,31919,Avery Chambers
"Fri, Mar-10-2023","San Jose State, Southern Utah",9.8250,,,,,A,Iowa,31919,Avery Chambers
"Thu, Mar-30-2023",,9.7500,,,,,A,Iowa,31919,Avery Chambers
"Sat, Jan-07-2023","Arizona State, Auburn, BYU, California, Michigan, Oklahoma, UCLA",,,9.8500,,,A,Iowa,31355,Alexa Ebeling
"Sat, Jan-14-2023","Boise State, California, Minnesota, Oregon State, Pittsburgh, UCLA, Washington",,,9.7000,,,A,Iowa,31355,Alexa Ebeling
"Sun, Jan-22-2023",Ohio State,,,9.7250,,,A,Iowa,31355,Alexa Ebeling
"Fri, Jan-27-2023",Minnesota,,,9.8000,,,H,Iowa,31355,Alexa Ebeling
"Mon, Feb-06-2023",Nebraska,,,9.7500,,,A,Iowa,31355,Alexa Ebeling
"Sat, Feb-11-2023",Michigan State,,,9.8000,,,H,Iowa,31355,Alexa Ebeling
"Sat, Feb-18-2023",Rutgers,,,9.7750,,,H,Iowa,31355,Alexa Ebeling
"Fri, Feb-24-2023","Illinois, Maryland, Michigan, Nebraska, Penn State",,,9.7250,,,A,Iowa,31355,Alexa Ebeling
"Sat, Mar-04-2023",Iowa State,,,9.0000,,,H,Iowa,31355,Alexa Ebeling
"Fri, Mar-10-2023","San Jose State, Southern Utah",,,9.2250,,,A,Iowa,31355,Alexa Ebeling
"Sat, Mar-18-2023","Illinois, Maryland, Michigan, Michigan State, Minnesota, Nebraska, Ohio State, Penn State, Rutgers",,,9.1000,,,H,Iowa,31355,Alexa Ebeling
"Thu, Mar-30-2023",,,,9.7750,,,A,Iowa,31355,Alexa Ebeling
"Thu, Mar-30-2023",,,,,9.7750,,A,Iowa,31920,Emily Erb
"Sat, Jan-07-2023","Arizona State, Auburn, BYU, California, Michigan, Oklahoma, UCLA",9.8500,,9.2000,9.8750,,A,Iowa,30419,Jerquavia Henderson
"Sat, Jan-14-2023","Boise State, California, Minnesota, Oregon State, Pittsburgh, UCLA, Washington",9.8500,,9.8000,9.9250,,A,Iowa,30419,Jerquavia Henderson
"Sun, Jan-22-2023",Ohio State,9.9000,,9.9000,9.8750,,A,Iowa,30419,Jerquavia Henderson
"Fri, Jan-27-2023",Minnesota,9.8500,,9.7750,9.9750,,H,Iowa,30419,Jerquavia Henderson
"Mon, Feb-06-2023",Nebraska,9.8500,,9.8750,9.9250,,A,Iowa,30419,Jerquavia Henderson
"Sat, Feb-11-2023",Michigan State,9.9000,,9.8000,9.9500,,H,Iowa,30419,Jerquavia Henderson
"Sat, Feb-18-2023",Rutgers,9.9250,,9.8250,9.9250,,H,Iowa,30419,Jerquavia Henderson
"Fri, Feb-24-2023","Illinois, Maryland, Michigan, Nebraska, Penn State",9.7500,,9.9000,9.9250,,A,Iowa,30419,Jerquavia Henderson
"Sat, Mar-04-2023",Iowa State,9.8000,9.8500,9.8250,9.9250,39.4000,H,Iowa,30419,Jerquavia Henderson
"Fri, Mar-10-2023","San Jose State, Southern Utah",9.4250,9.1500,9.9250,9.9750,38.4750,A,Iowa,30419,Jerquavia Henderson
"Sat, Mar-18-2023","Illinois, Maryland, Michigan, Michigan State, Minnesota, Nebraska, Ohio State, Penn State, Rutgers",9.8500,9.8500,9.8500,9.9500,39.5000,H,Iowa,30419,Jerquavia Henderson
"Thu, Mar-30-2023",,9.8750,9.8250,9.8750,9.9250,39.5000,A,Iowa,30419,Jerquavia Henderson
"Sat, Jan-07-2023","Arizona State, Auburn, BYU, California, Michigan, Oklahoma, UCLA",,,9.8000,9.9000,,A,Iowa,30908,Adeline Kenlin
"Sat, Jan-14-2023","Boise State, California, Minnesota, Oregon State, Pittsburgh, UCLA, Washington",,,9.8250,9.9000,,A,Iowa,30908,Adeline Kenlin
"Sun, Jan-22-2023",Ohio State,,9.8500,9.9000,9.9250,,A,Iowa,30908,Adeline Kenlin
"Fri, Jan-27-2023",Minnesota,,9.8750,9.9000,9.9250,,H,Iowa,30908,Adeline Kenlin
"Mon, Feb-06-2023",Nebraska,,9.8000,9.9250,9.8000,,A,Iowa,30908,Adeline Kenlin
"Sat, Feb-11-2023",Michigan State,,9.8000,9.9500,9.9250,,H,Iowa,30908,Adeline Kenlin
"Sat, Feb-18-2023",Rutgers,,9.6750,9.8750,9.8500,,H,Iowa,30908,Adeline Kenlin
"Fri, Feb-24-2023","Illinois, Maryland, Michigan, Nebraska, Penn State",,9.7000,9.8500,9.8750,,A,Iowa,30908,Adeline Kenlin
"Sat, Mar-04-2023",Iowa State,,9.8250,8.8750,9.3000,,H,Iowa,30908,Adeline Kenlin
"Fri, Mar-10-2023","San Jose State, Southern Utah",,9.6750,9.9500,9.8750,,A,Iowa,30908,Adeline Kenlin
"Sat, Mar-18-2023","Illinois, Maryland, Michigan, Michigan State, Minnesota, Nebraska, Ohio State, Penn State, Rutgers",,9.9000,9.9500,9.5750,,H,Iowa,30908,Adeline Kenlin
"Thu, Mar-30-2023",,,9.7750,9.9250,9.9000,,A,Iowa,30908,Adeline Kenlin
"Sat, Jan-07-2023","Arizona State, Auburn, BYU, California, Michigan, Oklahoma, UCLA",9.7500,9.8250,,,,A,Iowa,31204,Kendal Laplante
"Sat, Jan-14-2023","Boise State, California, Minnesota, Oregon State, Pittsburgh, UCLA, Washington",9.8000,9.8000,,,,A,Iowa,31204,Kendal Laplante
"Sun, Jan-22-2023",Ohio State,9.6750,9.9000,,,,A,Iowa,31204,Kendal Laplante
"Fri, Jan-27-2023",Minnesota,9.8250,8.3500,,,,H,Iowa,31204,Kendal Laplante
"Mon, Feb-06-2023",Nebraska,9.7500,9.1750,,,,A,Iowa,31204,Kendal Laplante
"Sat, Feb-11-2023",Michigan State,9.7250,,,,,H,Iowa,31204,Kendal Laplante
"Sat, Feb-18-2023",Rutgers,9.7500,8.9250,,,,H,Iowa,31204,Kendal Laplante
"Fri, Feb-24-2023","Illinois, Maryland, Michigan, Nebraska, Penn State",9.8250,6.1000,,,,A,Iowa,31204,Kendal Laplante
"Sat, Mar-04-2023",Iowa State,9.7500,,,,,H,Iowa,31204,Kendal Laplante
"Sat, Jan-07-2023","Arizona State, Auburn, BYU, California, Michigan, Oklahoma, UCLA",,,,9.8250,,A,Iowa,31921,Bailey Libby
"Sat, Jan-14-2023","Boise State, California, Minnesota, Oregon State, Pittsburgh, UCLA, Washington",,,,9.8500,,A,Iowa,31921,Bailey Libby
"Sun, Jan-22-2023",Ohio State,,,,9.8500,,A,Iowa,31921,Bailey Libby
"Fri, Jan-27-2023",Minnesota,,,,9.8250,,H,Iowa,31921,Bailey Libby
"Mon, Feb-06-2023",Nebraska,,,,9.8000,,A,Iowa,31921,Bailey Libby
"Sat, Feb-11-2023",Michigan State,,,,9.8000,,H,Iowa,31921,Bailey Libby
"Sat, Feb-18-2023",Rutgers,,,,9.7000,,H,Iowa,31921,Bailey Libby
"Fri, Feb-24-2023","Illinois, Maryland, Michigan, Nebraska, Penn State",,,,9.8750,,A,Iowa,31921,Bailey Libby
"Sat, Mar-04-2023",Iowa State,,,,9.8250,,H,Iowa,31921,Bailey Libby
"Fri, Mar-10-2023","San Jose State, Southern Utah",,,,9.8250,,A,Iowa,31921,Bailey Libby
"Sat, Mar-18-2023","Illinois, Maryland, Michigan, Michigan State, Minnesota, Nebraska, Ohio State, Penn State, Rutgers",,,,9.8250,,H,Iowa,31921,Bailey Libby
"Thu, Mar-30-2023",,,,,9.8500,,A,Iowa,31921,Bailey Libby
"Sat, Jan-07-2023","Arizona State, Auburn, BYU, California, Michigan, Oklahoma, UCLA",9.7500,9.4750,,9.0750,,A,Iowa,31922,Gianna Masella
"Sat, Jan-14-2023","Boise State, California, Minnesota, Oregon State, Pittsburgh, UCLA, Washington",9.7750,9.1000,,,,A,Iowa,31922,Gianna Masella
"Sun, Jan-22-2023",Ohio State,9.6250,,,,,A,Iowa,31922,Gianna Masella
"Fri, Jan-27-2023",Minnesota,9.7500,,,,,H,Iowa,31922,Gianna Masella
"Sat, Feb-18-2023",Rutgers,9.7250,,,,,H,Iowa,31922,Gianna Masella
"Fri, Feb-24-2023","Illinois, Maryland, Michigan, Nebraska, Penn State",9.9000,9.7750,,,,A,Iowa,31922,Gianna Masella
"Sat, Mar-04-2023",Iowa State,9.8000,9.8250,,,,H,Iowa,31922,Gianna Masella
"Fri, Mar-10-2023","San Jose State, Southern Utah",9.9000,9.7500,,,,A,Iowa,31922,Gianna Masella
"Sat, Mar-18-2023","Illinois, Maryland, Michigan, Michigan State, Minnesota, Nebraska, Ohio State, Penn State, Rutgers",9.6000,9.8500,,,,H,Iowa,31922,Gianna Masella
"Thu, Mar-30-2023",,8.8250,9.8000,,,,A,Iowa,31922,Gianna Masella
"Sat, Jan-07-2023","Arizona State, Auburn, BYU, California, Michigan, Oklahoma, UCLA",,9.7750,,,,A,Iowa,30910,Kareena McSweeny
"Sat, Jan-14-2023","Boise State, California, Minnesota, Oregon State, Pittsburgh, UCLA, Washington",,9.8000,,,,A,Iowa,30910,Kareena McSweeny
"Fri, Jan-27-2023",Minnesota,,9.8000,,,,H,Iowa,30910,Kareena McSweeny
"Mon, Feb-06-2023",Nebraska,,9.7500,,,,A,Iowa,30910,Kareena McSweeny
"Sat, Feb-11-2023",Michigan State,,9.7750,,,,H,Iowa,30910,Kareena McSweeny
"Sat, Jan-07-2023","Arizona State, Auburn, BYU, California, Michigan, Oklahoma, UCLA",9.8000,,,,,A,Iowa,32260,Karina Munoz
"Sat, Jan-14-2023","Boise State, California, Minnesota, Oregon State, Pittsburgh, UCLA, Washington",9.8500,9.8750,,9.8750,,A,Iowa,32260,Karina Munoz
"Sun, Jan-22-2023",Ohio State,9.8250,9.8500,,9.8500,,A,Iowa,32260,Karina Munoz
"Fri, Jan-27-2023",Minnesota,9.8500,9.8000,,9.7250,,H,Iowa,32260,Karina Munoz
"Mon, Feb-06-2023",Nebraska,9.8500,9.7000,9.9250,9.8750,39.3500,A,Iowa,32260,Karina Munoz
"Sat, Feb-11-2023",Michigan State,9.8500,9.8500,,9.7750,,H,Iowa,32260,Karina Munoz
"Sat, Feb-18-2023",Rutgers,9.8250,9.7750,,9.8000,,H,Iowa,32260,Karina Munoz
"Fri, Feb-24-2023","Illinois, Maryland, Michigan, Nebraska, Penn State",9.9000,9.7750,9.9000,9.8250,39.4000,A,Iowa,32260,Karina Munoz
"Sat, Mar-04-2023",Iowa State,9.8250,9.8500,,9.8500,,H,Iowa,32260,Karina Munoz
"Fri, Mar-10-2023","San Jose State, Southern Utah",9.9000,9.9000,,9.9000,,A,Iowa,32260,Karina Munoz
"Sat, Mar-18-2023","Illinois, Maryland, Michigan, Michigan State, Minnesota, Nebraska, Ohio State, Penn State, Rutgers",9.8750,9.8500,9.7500,9.7750,39.2500,H,Iowa,32260,Karina Munoz
"Thu, Mar-30-2023",,9.8750,9.8250,,9.6500,,A,Iowa,32260,Karina Munoz
"Sat, Jan-07-2023","Arizona State, Auburn, BYU, California, Michigan, Oklahoma, UCLA",,9.7500,9.9000,9.7000,,A,Iowa,30911,Aubrey Nick
"Sat, Jan-14-2023","Boise State, California, Minnesota, Oregon State, Pittsburgh, UCLA, Washington",,,9.7500,9.7750,,A,Iowa,30911,Aubrey Nick
"Sun, Jan-22-2023",Ohio State,,,9.8500,9.8250,,A,Iowa,30911,Aubrey Nick
"Fri, Jan-27-2023",Minnesota,,,9.8750,9.6000,,H,Iowa,30911,Aubrey Nick
"Mon, Feb-06-2023",Nebraska,,,9.7250,,,A,Iowa,30911,Aubrey Nick
"Sat, Feb-11-2023",Michigan State,,,9.8500,,,H,Iowa,30911,Aubrey Nick
"Sat, Feb-18-2023",Rutgers,,,9.8750,,,H,Iowa,30911,Aubrey Nick
"Sat, Mar-04-2023",Iowa State,,,9.8250,,,H,Iowa,30911,Aubrey Nick
"Fri, Mar-10-2023","San Jose State, Southern Utah",,,9.8750,9.8250,,A,Iowa,30911,Aubrey Nick
"Sat, Mar-18-2023","Illinois, Maryland, Michigan, Michigan State, Minnesota, Nebraska, Ohio State, Penn State, Rutgers",,,9.1500,,,H,Iowa,30911,Aubrey Nick
"Thu, Mar-30-2023",,,,9.7500,,,A,Iowa,30911,Aubrey Nick
"Sat, Jan-07-2023","Arizona State, Auburn, BYU, California, Michigan, Oklahoma, UCLA",,9.6750,9.8250,,,A,Iowa,31357,Marissa Rojas
"Sat, Jan-14-2023","Boise State, California, Minnesota, Oregon State, Pittsburgh, UCLA, Washington",,9.7750,9.7750,,,A,Iowa,31357,Marissa Rojas
"Sun, Jan-22-2023",Ohio State,,9.8000,9.8000,,,A,Iowa,31357,Marissa Rojas
"Fri, Jan-27-2023",Minnesota,,9.7750,9.8000,,,H,Iowa,31357,Marissa Rojas
"Sat, Feb-11-2023",Michigan State,,9.7750,9.0000,,,H,Iowa,31357,Marissa Rojas
"Sat, Feb-18-2023",Rutgers,,9.8000,9.8250,,,H,Iowa,31357,Marissa Rojas
"Fri, Feb-24-2023","Illinois, Maryland, Michigan, Nebraska, Penn State",,9.8250,9.8250,,,A,Iowa,31357,Marissa Rojas
"Sat, Mar-04-2023",Iowa State,,9.7500,9.3250,,,H,Iowa,31357,Marissa Rojas
"Fri, Mar-10-2023","San Jose State, Southern Utah",,9.7250,9.9000,,,A,Iowa,31357,Marissa Rojas
"Sat, Mar-18-2023","Illinois, Maryland, Michigan, Michigan State, Minnesota, Nebraska, Ohio State, Penn State, Rutgers",,9.8500,9.7750,,,H,Iowa,31357,Marissa Rojas
"Thu, Mar-30-2023",,,9.7750,9.8500,,,A,Iowa,31357,Marissa Rojas
"Sat, Jan-07-2023","Arizona State, Auburn, BYU, California, Michigan, Oklahoma, UCLA",9.9250,,,9.8250,,A,Iowa,30456,Linda Zivat
"Sat, Jan-14-2023","Boise State, California, Minnesota, Oregon State, Pittsburgh, UCLA, Washington",9.8500,,,9.9000,,A,Iowa,30456,Linda Zivat
"Sun, Jan-22-2023",Ohio State,9.9000,,,9.8750,,A,Iowa,30456,Linda Zivat
"Fri, Jan-27-2023",Minnesota,9.9750,,,9.8750,,H,Iowa,30456,Linda Zivat
"Mon, Feb-06-2023",Nebraska,9.8500,,,9.8000,,A,Iowa,30456,Linda Zivat
"Sat, Feb-11-2023",Michigan State,9.9000,,,9.8250,,H,Iowa,30456,Linda Zivat
"Sat, Feb-18-2023",Rutgers,9.7750,,,9.8500,,H,Iowa,30456,Linda Zivat
"Fri, Feb-24-2023","Illinois, Maryland, Michigan, Nebraska, Penn State",9.7500,,,9.8750,,A,Iowa,30456,Linda Zivat
"Sat, Mar-04-2023",Iowa State,9.8000,,,9.8250,,H,Iowa,30456,Linda Zivat
"Sat, Mar-18-2023","Illinois, Maryland, Michigan, Michigan State, Minnesota, Nebraska, Ohio State, Penn State, Rutgers",9.8500,,,9.8500,,H,Iowa,30456,Linda Zivat
"Sat, Jan-07-2023","Arizona State, Auburn, BYU, California, Michigan, Oklahoma, UCLA",9.8750,9.8250,9.6750,,,A,Iowa,31084,Allison Zuhlke
"Sat, Jan-14-2023","Boise State, California, Minnesota, Oregon State, Pittsburgh, UCLA, Washington",9.8250,9.8500,9.0250,,,A,Iowa,31084,Allison Zuhlke
"Sun, Jan-22-2023",Ohio State,9.7750,9.8000,9.8000,,,A,Iowa,31084,Allison Zuhlke
"Fri, Jan-27-2023",Minnesota,9.8750,9.7750,9.7500,,,H,Iowa,31084,Allison Zuhlke
"Mon, Feb-06-2023",Nebraska,9.8250,9.7750,9.8250,,,A,Iowa,31084,Allison Zuhlke
"Sat, Feb-11-2023",Michigan State,9.8250,9.8250,9.0500,,,H,Iowa,31084,Allison Zuhlke
"Sat, Feb-18-2023",Rutgers,9.7750,9.7500,9.0750,,,H,Iowa,31084,Allison Zuhlke
"Fri, Feb-24-2023","Illinois, Maryland, Michigan, Nebraska, Penn State",9.9000,9.8500,9.8500,,,A,Iowa,31084,Allison Zuhlke
"Sat, Mar-04-2023",Iowa State,9.8000,9.7500,9.8750,,,H,Iowa,31084,Allison Zuhlke
"Fri, Mar-10-2023","San Jose State, Southern Utah",9.8500,9.8000,9.1500,,,A,Iowa,31084,Allison Zuhlke
"Sat, Mar-18-2023","Illinois, Maryland, Michigan, Michigan State, Minnesota, Nebraska, Ohio State, Penn State, Rutgers",9.8000,9.8250,,,,H,Iowa,31084,Allison Zuhlke
"Thu, Mar-30-2023",,9.7750,9.2000,9.0750,,,A,Iowa,31084,Allison Zuhlke
"Sat, Jan-14-2023",Northern Illinois,,9.2250,,,,A,Iowa State,30607,Loganne Basuel
"Fri, Jan-20-2023","Eastern Michigan, UC Davis",,9.6750,,,,H,Iowa State,30607,Loganne Basuel
"Sun, Jan-29-2023","Eastern Michigan, Towson, West Virginia",,9.7250,9.9000,,,A,Iowa State,30607,Loganne Basuel
"Fri, Feb-03-2023",Oklahoma,,9.5250,9.2500,,,A,Iowa State,30607,Loganne Basuel
"Sun, Feb-05-2023","New Hampshire, Texas Woman's",,9.8000,9.8250,,,A,Iowa State,30607,Loganne Basuel
"Sun, Feb-12-2023",Central Michigan,,9.5500,9.1750,,,H,Iowa State,30607,Loganne Basuel
"Fri, Feb-17-2023",Lindenwood,,9.6750,9.8000,,,A,Iowa State,30607,Loganne Basuel
"Sun, Feb-19-2023",Alaska,,9.8000,9.7500,,,H,Iowa State,30607,Loganne Basuel
"Fri, Feb-24-2023",Denver,,9.7500,9.1000,,,H,Iowa State,30607,Loganne Basuel
"Sat, Mar-04-2023",Iowa,,9.7250,,,,A,Iowa State,30607,Loganne Basuel
"Sat, Mar-11-2023",UCLA,,9.8000,,,,A,Iowa State,30607,Loganne Basuel
"Sat, Mar-18-2023","Denver, Oklahoma, West Virginia",,9.7500,,,,A,Iowa State,30607,Loganne Basuel
"Sat, Jan-14-2023",Northern Illinois,9.7000,,9.8500,,,A,Iowa State,31586,Josie Bergstrom-Te Slaa
"Fri, Jan-20-2023","Eastern Michigan, UC Davis",9.7500,,8.8000,,,H,Iowa State,31586,Josie Bergstrom-Te Slaa
"Sun, Jan-29-2023","Eastern Michigan, Towson, West Virginia",9.7750,,9.8250,,,A,Iowa State,31586,Josie Bergstrom-Te Slaa
"Fri, Feb-03-2023",Oklahoma,9.6000,,9.7500,9.8000,,A,Iowa State,31586,Josie Bergstrom-Te Slaa
"Sun, Feb-05-2023","New Hampshire, Texas Woman's",9.8500,,9.8000,9.6750,,A,Iowa State,31586,Josie Bergstrom-Te Slaa
"Sun, Feb-12-2023",Central Michigan,9.8500,,9.5250,,,H,Iowa State,31586,Josie Bergstrom-Te Slaa
"Fri, Feb-17-2023",Lindenwood,9.7750,,9.8250,,,A,Iowa State,31586,Josie Bergstrom-Te Slaa
"Sun, Feb-19-2023",Alaska,9.7750,,8.8250,,,H,Iowa State,31586,Josie Bergstrom-Te Slaa
"Fri, Feb-24-2023",Denver,9.8750,,9.8000,,,H,Iowa State,31586,Josie Bergstrom-Te Slaa
"Sat, Mar-04-2023",Iowa,9.8250,,9.8250,,,A,Iowa State,31586,Josie Bergstrom-Te Slaa
"Sat, Mar-11-2023",UCLA,9.7750,,9.8750,9.7500,,A,Iowa State,31586,Josie Bergstrom-Te Slaa
"Sat, Mar-18-2023","Denver, Oklahoma, West Virginia",9.8500,,9.8250,9.6750,,A,Iowa State,31586,Josie Bergstrom-Te Slaa
"Sat, Jan-14-2023",Northern Illinois,9.7500,,9.1500,9.6500,,A,Iowa State,29830,Kelsey Boychuk
"Fri, Jan-20-2023","Eastern Michigan, UC Davis",9.8250,,9.7000,9.5250,,H,Iowa State,29830,Kelsey Boychuk
"Sun, Jan-29-2023","Eastern Michigan, Towson, West Virginia",9.6250,,9.8250,9.8000,,A,Iowa State,29830,Kelsey Boychuk
"Fri, Feb-03-2023",Oklahoma,9.8000,,9.8000,9.8250,,A,Iowa State,29830,Kelsey Boychuk
"Sun, Feb-05-2023","New Hampshire, Texas Woman's",9.7000,,9.5750,9.7500,,A,Iowa State,29830,Kelsey Boychuk
"Sun, Feb-12-2023",Central Michigan,9.7750,,9.7000,9.7750,,H,Iowa State,29830,Kelsey Boychuk
"Fri, Feb-17-2023",Lindenwood,9.6750,,9.7250,9.6500,,A,Iowa State,29830,Kelsey Boychuk
"Sun, Feb-19-2023",Alaska,9.7000,,9.8000,9.8500,,H,Iowa State,29830,Kelsey Boychuk
"Fri, Feb-24-2023",Denver,9.8750,,9.7250,9.8000,,H,Iowa State,29830,Kelsey Boychuk
"Sat, Mar-04-2023",Iowa,9.7500,,9.0500,9.7500,,A,Iowa State,29830,Kelsey Boychuk
"Sat, Mar-11-2023",UCLA,9.7250,,9.7750,9.5750,,A,Iowa State,29830,Kelsey Boychuk
"Sat, Mar-18-2023","Denver, Oklahoma, West Virginia",9.8250,,9.7750,9.6750,,A,Iowa State,29830,Kelsey Boychuk
"Sat, Jan-14-2023",Northern Illinois,,9.8250,,9.8750,,A,Iowa State,30790,Laura Cooke
"Fri, Jan-20-2023","Eastern Michigan, UC Davis",,9.7750,,9.7750,,H,Iowa State,30790,Laura Cooke
"Sun, Jan-29-2023","Eastern Michigan, Towson, West Virginia",,9.7000,,9.8250,,A,Iowa State,30790,Laura Cooke
"Fri, Feb-03-2023",Oklahoma,,9.8750,,9.7250,,A,Iowa State,30790,Laura Cooke
"Sun, Feb-05-2023","New Hampshire, Texas Woman's",,9.8500,,9.8000,,A,Iowa State,30790,Laura Cooke
"Sun, Feb-12-2023",Central Michigan,9.7750,9.8000,,9.8500,,H,Iowa State,30790,Laura Cooke
"Fri, Feb-17-2023",Lindenwood,9.7000,9.8250,,9.8500,,A,Iowa State,30790,Laura Cooke
"Sun, Feb-19-2023",Alaska,9.7250,9.7750,,9.8750,,H,Iowa State,30790,Laura Cooke
"Fri, Feb-24-2023",Denver,,9.8000,,9.6500,,H,Iowa State,30790,Laura Cooke
"Sat, Mar-04-2023",Iowa,,9.8250,,9.6500,,A,Iowa State,30790,Laura Cooke
"Sat, Mar-11-2023",UCLA,,9.8000,,,,A,Iowa State,30790,Laura Cooke
"Sat, Mar-18-2023","Denver, Oklahoma, West Virginia",,9.7750,,,,A,Iowa State,30790,Laura Cooke
"Sat, Jan-14-2023",Northern Illinois,9.8000,,,9.9250,,A,Iowa State,30608,Maddie Diab
"Fri, Jan-20-2023","Eastern Michigan, UC Davis",,,,9.8750,,H,Iowa State,30608,Maddie Diab
"Sun, Jan-29-2023","Eastern Michigan, Towson, West Virginia",,,,9.9250,,A,Iowa State,30608,Maddie Diab
"Fri, Feb-03-2023",Oklahoma,,,,9.8500,,A,Iowa State,30608,Maddie Diab
"Sun, Feb-05-2023","New Hampshire, Texas Woman's",,,,9.9000,,A,Iowa State,30608,Maddie Diab
"Sun, Feb-12-2023",Central Michigan,,,,9.9500,,H,Iowa State,30608,Maddie Diab
"Fri, Feb-17-2023",Lindenwood,,,,9.9500,,A,Iowa State,30608,Maddie Diab
"Sun, Feb-19-2023",Alaska,,,,9.9250,,H,Iowa State,30608,Maddie Diab
"Fri, Feb-24-2023",Denver,9.8000,,,9.9250,,H,Iowa State,30608,Maddie Diab
"Sat, Mar-04-2023",Iowa,8.2500,,,9.9250,,A,Iowa State,30608,Maddie Diab
"Sat, Mar-11-2023",UCLA,,,,9.8750,,A,Iowa State,30608,Maddie Diab
"Sat, Mar-18-2023","Denver, Oklahoma, West Virginia",,,,9.9500,,A,Iowa State,30608,Maddie Diab
"Fri, Mar-31-2023",,,,,9.9000,,A,Iowa State,30608,Maddie Diab
"Sat, Jan-14-2023",Northern Illinois,,8.7750,,,,A,Iowa State,31924,Morgan Engels
"Sat, Mar-04-2023",Iowa,,9.7750,,,,A,Iowa State,30609,Maya Ford
"Sat, Mar-11-2023",UCLA,,9.8000,,,,A,Iowa State,30609,Maya Ford
"Sat, Mar-18-2023","Denver, Oklahoma, West Virginia",,9.0750,,,,A,Iowa State,30609,Maya Ford
"Sat, Jan-14-2023",Northern Illinois,9.7750,,,,,A,Iowa State,31164,Emilie Hong
"Fri, Jan-20-2023","Eastern Michigan, UC Davis",9.8500,,,,,H,Iowa State,31164,Emilie Hong
"Sun, Jan-29-2023","Eastern Michigan, Towson, West Virginia",9.8000,,,,,A,Iowa State,31164,Emilie Hong
"Fri, Feb-03-2023",Oklahoma,9.8500,,,,,A,Iowa State,31164,Emilie Hong
"Sun, Feb-05-2023","New Hampshire, Texas Woman's",9.8500,,,,,A,Iowa State,31164,Emilie Hong
"Sun, Feb-12-2023",Central Michigan,9.8000,,,,,H,Iowa State,31164,Emilie Hong
"Fri, Feb-17-2023",Lindenwood,9.7500,,,,,A,Iowa State,31164,Emilie Hong
"Sun, Feb-19-2023",Alaska,9.8000,,,,,H,Iowa State,31164,Emilie Hong
"Fri, Feb-24-2023",Denver,9.8250,,,,,H,Iowa State,31164,Emilie Hong
"Sat, Mar-04-2023",Iowa,9.4250,,,,,A,Iowa State,31164,Emilie Hong
"Sat, Jan-14-2023",Northern Illinois,,,9.8250,,,A,Iowa State,29829,Natalie Horowitz
"Fri, Jan-20-2023","Eastern Michigan, UC Davis",,,9.7250,,,H,Iowa State,29829,Natalie Horowitz
"Sun, Jan-29-2023","Eastern Michigan, Towson, West Virginia",,7.6000,9.8500,,,A,Iowa State,29829,Natalie Horowitz
"Fri, Feb-03-2023",Oklahoma,9.6750,9.8250,9.7750,,,A,Iowa State,29829,Natalie Horowitz
"Sun, Feb-05-2023","New Hampshire, Texas Woman's",9.5750,9.7750,8.9500,,,A,Iowa State,29829,Natalie Horowitz
"Sun, Feb-12-2023",Central Michigan,,9.7250,9.6750,,,H,Iowa State,29829,Natalie Horowitz
"Fri, Feb-17-2023",Lindenwood,,9.7250,9.8250,,,A,Iowa State,29829,Natalie Horowitz
"Sun, Feb-19-2023",Alaska,,9.6750,9.6500,,,H,Iowa State,29829,Natalie Horowitz
"Fri, Feb-24-2023",Denver,,9.8000,9.8000,,,H,Iowa State,29829,Natalie Horowitz
"Sat, Mar-04-2023",Iowa,,9.7500,9.3750,,,A,Iowa State,29829,Natalie Horowitz
"Sat, Mar-11-2023",UCLA,9.2250,,9.8500,,,A,Iowa State,29829,Natalie Horowitz
"Sat, Mar-18-2023","Denver, Oklahoma, West Virginia",9.3750,9.7000,8.5750,,,A,Iowa State,29829,Natalie Horowitz
"Sat, Jan-14-2023",Northern Illinois,,9.8250,,,,A,Iowa State,29831,Madelyn Langkamp
"Fri, Jan-20-2023","Eastern Michigan, UC Davis",,9.6750,,,,H,Iowa State,29831,Madelyn Langkamp
"Sun, Jan-29-2023","Eastern Michigan, Towson, West Virginia",,9.7750,,,,A,Iowa State,29831,Madelyn Langkamp
"Fri, Feb-03-2023",Oklahoma,,9.7750,,,,A,Iowa State,29831,Madelyn Langkamp
"Sun, Feb-05-2023","New Hampshire, Texas Woman's",,9.7000,,,,A,Iowa State,29831,Madelyn Langkamp
"Sun, Feb-12-2023",Central Michigan,,8.9000,,,,H,Iowa State,29831,Madelyn Langkamp
"Fri, Feb-17-2023",Lindenwood,,9.7250,,,,A,Iowa State,29831,Madelyn Langkamp
"Sun, Feb-19-2023",Alaska,,9.8000,,,,H,Iowa State,29831,Madelyn Langkamp
"Fri, Feb-24-2023",Denver,,9.7250,,,,H,Iowa State,29831,Madelyn Langkamp
"Sat, Mar-04-2023",Iowa,,9.7500,,,,A,Iowa State,29831,Madelyn Langkamp
"Sat, Mar-11-2023",UCLA,,9.8750,,,,A,Iowa State,29831,Madelyn Langkamp
"Sat, Mar-18-2023","Denver, Oklahoma, West Virginia",,9.7500,,,,A,Iowa State,29831,Madelyn Langkamp
"Sat, Jan-14-2023",Northern Illinois,,9.7750,9.8750,,,A,Iowa State,31589,Hannah Loyim
"Fri, Jan-20-2023","Eastern Michigan, UC Davis",9.6500,8.8750,9.6750,,,H,Iowa State,31589,Hannah Loyim
"Sun, Jan-29-2023","Eastern Michigan, Towson, West Virginia",9.7250,9.4250,9.8250,9.8500,38.8250,A,Iowa State,31589,Hannah Loyim
"Fri, Feb-03-2023",Oklahoma,,9.8000,9.8250,,,A,Iowa State,31589,Hannah Loyim
"Sun, Feb-05-2023","New Hampshire, Texas Woman's",,9.7750,9.7000,,,A,Iowa State,31589,Hannah Loyim
"Sun, Feb-12-2023",Central Michigan,,9.6000,9.7250,9.7500,,H,Iowa State,31589,Hannah Loyim
"Fri, Feb-17-2023",Lindenwood,,9.7000,9.8000,,,A,Iowa State,31589,Hannah Loyim
"Sun, Feb-19-2023",Alaska,,9.6500,9.8500,9.6000,,H,Iowa State,31589,Hannah Loyim
"Fri, Feb-24-2023",Denver,,9.7000,9.8500,9.9000,,H,Iowa State,31589,Hannah Loyim
"Sat, Mar-04-2023",Iowa,,9.7000,9.7750,9.5750,,A,Iowa State,31589,Hannah Loyim
"Sat, Mar-11-2023",UCLA,9.7500,9.8000,9.7750,9.6250,38.9500,A,Iowa State,31589,Hannah Loyim
"Sat, Mar-18-2023","Denver, Oklahoma, West Virginia",9.7000,9.4000,9.6500,9.9000,38.6500,A,Iowa State,31589,Hannah Loyim
"Sat, Jan-14-2023",Northern Illinois,,,9.7500,9.7500,,A,Iowa State,30610,Alondra Maldonado
"Fri, Jan-20-2023","Eastern Michigan, UC Davis",,,9.0000,9.9000,,H,Iowa State,30610,Alondra Maldonado
"Sun, Feb-12-2023",Central Michigan,,,,9.6500,,H,Iowa State,30610,Alondra Maldonado
"Fri, Feb-17-2023",Lindenwood,,,9.1250,9.8000,,A,Iowa State,30610,Alondra Maldonado
"Sun, Feb-19-2023",Alaska,,,,9.8250,,H,Iowa State,30610,Alondra Maldonado
"Fri, Feb-24-2023",Denver,,,,9.8500,,H,Iowa State,30610,Alondra Maldonado
"Sat, Mar-04-2023",Iowa,,,9.7500,9.8250,,A,Iowa State,30610,Alondra Maldonado
"Sat, Mar-11-2023",UCLA,,,9.9000,9.7250,,A,Iowa State,30610,Alondra Maldonado
"Sat, Mar-18-2023","Denver, Oklahoma, West Virginia",,,8.5750,9.8500,,A,Iowa State,30610,Alondra Maldonado
"Sat, Mar-11-2023",UCLA,9.3500,,,,,A,Iowa State,31927,Madison Matassa
"Sat, Mar-18-2023","Denver, Oklahoma, West Virginia",9.5750,,,,,A,Iowa State,31927,Madison Matassa
"Sat, Jan-14-2023",Northern Illinois,9.7750,,,9.8250,,A,Iowa State,31665,Ana Irene Palacios
"Fri, Jan-20-2023","Eastern Michigan, UC Davis",9.7750,9.4000,,8.7750,,H,Iowa State,31665,Ana Irene Palacios
"Sun, Jan-29-2023","Eastern Michigan, Towson, West Virginia",9.7750,,,9.8750,,A,Iowa State,31665,Ana Irene Palacios
"Fri, Feb-03-2023",Oklahoma,9.8000,,,9.6500,,A,Iowa State,31665,Ana Irene Palacios
"Sun, Feb-05-2023","New Hampshire, Texas Woman's",8.8750,,,9.6250,,A,Iowa State,31665,Ana Irene Palacios
"Sun, Feb-12-2023",Central Michigan,9.7500,,,,,H,Iowa State,31665,Ana Irene Palacios
"Fri, Feb-17-2023",Lindenwood,9.6750,,,9.8250,,A,Iowa State,31665,Ana Irene Palacios
"Sun, Feb-19-2023",Alaska,9.7250,,,,,H,Iowa State,31665,Ana Irene Palacios
"Fri, Feb-24-2023",Denver,9.7500,,,9.8500,,H,Iowa State,31665,Ana Irene Palacios
"Sat, Mar-04-2023",Iowa,9.6750,,,9.8250,,A,Iowa State,31665,Ana Irene Palacios
"Sat, Mar-11-2023",UCLA,9.7750,,,9.8250,,A,Iowa State,31665,Ana Irene Palacios
"Sat, Mar-18-2023","Denver, Oklahoma, West Virginia",9.7250,,,9.8000,,A,Iowa State,31665,Ana Irene Palacios
"Sat, Jan-14-2023",Northern Illinois,9.8750,,,9.5750,,A,Iowa State,31165,Kaia Parker
"Fri, Jan-20-2023","Eastern Michigan, UC Davis",9.8250,,,9.8500,,H,Iowa State,31165,Kaia Parker
"Sun, Jan-29-2023","Eastern Michigan, Towson, West Virginia",9.8500,,,9.8750,,A,Iowa State,31165,Kaia Parker
"Fri, Feb-03-2023",Oklahoma,9.8000,,,9.7750,,A,Iowa State,31165,Kaia Parker
"Sun, Feb-05-2023","New Hampshire, Texas Woman's",9.8000,,,9.8500,,A,Iowa State,31165,Kaia Parker
"Sun, Feb-12-2023",Central Michigan,9.8500,,,9.8500,,H,Iowa State,31165,Kaia Parker
"Fri, Feb-17-2023",Lindenwood,9.8500,,,9.7750,,A,Iowa State,31165,Kaia Parker
"Sun, Feb-19-2023",Alaska,9.8500,,,9.5000,,H,Iowa State,31165,Kaia Parker
"Fri, Feb-24-2023",Denver,9.8500,,,,,H,Iowa State,31165,Kaia Parker
"Sat, Mar-04-2023",Iowa,9.7500,,,,,A,Iowa State,31165,Kaia Parker
"Fri, Feb-03-2023",Oklahoma,,,,,,A,Iowa State,31590,Emma Ricks
"Fri, Feb-17-2023",Lindenwood,,7.6500,,,,A,Iowa State,31590,Emma Ricks
"Sat, Jan-14-2023",Northern Illinois,,9.0750,9.8500,,,A,Iowa State,31104,Lauren Thomas
"Fri, Jan-20-2023","Eastern Michigan, UC Davis",,9.7250,9.7750,,,H,Iowa State,31104,Lauren Thomas
"Sun, Jan-29-2023","Eastern Michigan, Towson, West Virginia",,9.7000,9.6500,,,A,Iowa State,31104,Lauren Thomas
"Fri, Feb-03-2023",Oklahoma,,9.8500,9.7000,,,A,Iowa State,31104,Lauren Thomas
"Sun, Feb-05-2023","New Hampshire, Texas Woman's",,9.7750,9.7750,,,A,Iowa State,31104,Lauren Thomas
"Sun, Feb-12-2023",Central Michigan,,9.4750,9.8000,,,H,Iowa State,31104,Lauren Thomas
"Sun, Feb-19-2023",Alaska,,9.7250,9.7500,,,H,Iowa State,31104,Lauren Thomas
"Fri, Feb-24-2023",Denver,,9.6500,9.8000,,,H,Iowa State,31104,Lauren Thomas
"Sat, Mar-04-2023",Iowa,,,9.2500,,,A,Iowa State,31104,Lauren Thomas
"Sat, Mar-11-2023",UCLA,,9.7500,9.9000,,,A,Iowa State,31104,Lauren Thomas
"Sat, Mar-18-2023","Denver, Oklahoma, West Virginia",,,9.7000,,,A,Iowa State,31104,Lauren Thomas
"Fri, Jan-13-2023","Maryland, West Virginia",9.7750,,,9.7000,,A,Kent State,30423,Olivia Amodei
"Fri, Jan-20-2023","Ball State, Fisk, Lindenwood, S.E. Missouri",9.7000,9.8250,,9.8500,,A,Kent State,30423,Olivia Amodei
"Sun, Jan-29-2023",Western Michigan,9.7500,9.7750,,9.7750,,H,Kent State,30423,Olivia Amodei
"Sat, Feb-04-2023","Northern Illinois, Simpson",9.7000,,,9.8500,,A,Kent State,30423,Olivia Amodei
"Sat, Feb-11-2023",Bowling Green,9.7250,9.8000,,9.8000,,A,Kent State,30423,Olivia Amodei
"Sun, Feb-19-2023",Ball State,9.7750,,,9.8000,,H,Kent State,30423,Olivia Amodei
"Sun, Feb-26-2023",Eastern Michigan,9.7500,9.7500,,9.8750,,A,Kent State,30423,Olivia Amodei
"Sun, Mar-05-2023","Illinois, Ohio State",9.8250,9.8000,,9.8500,,A,Kent State,30423,Olivia Amodei
"Sun, Mar-12-2023",Central Michigan,9.7000,9.7000,,9.7750,,H,Kent State,30423,Olivia Amodei
"Sat, Mar-18-2023",", Ball State, Bowling Green, Central Michigan, Eastern Michigan, Northern Illinois, Western Michigan",9.7500,,,9.7500,,H,Kent State,30423,Olivia Amodei
"Fri, Jan-13-2023","Maryland, West Virginia",9.8000,9.7750,9.4500,9.8500,38.8750,A,Kent State,30424,Rachel Decavitch
"Fri, Jan-20-2023","Ball State, Fisk, Lindenwood, S.E. Missouri",9.8000,9.9000,9.8000,9.8250,39.3250,A,Kent State,30424,Rachel Decavitch
"Sun, Jan-29-2023",Western Michigan,9.7500,9.8500,9.8250,9.8500,39.2750,H,Kent State,30424,Rachel Decavitch
"Sat, Feb-04-2023","Northern Illinois, Simpson",9.8250,9.8000,9.6500,9.9000,39.1750,A,Kent State,30424,Rachel Decavitch
"Sat, Feb-11-2023",Bowling Green,9.7500,9.7250,9.3500,9.8250,38.6500,A,Kent State,30424,Rachel Decavitch
"Sun, Feb-19-2023",Ball State,9.8500,9.8750,9.8500,9.8500,39.4250,H,Kent State,30424,Rachel Decavitch
"Sun, Feb-26-2023",Eastern Michigan,9.7750,9.7500,9.9000,9.0500,38.4750,A,Kent State,30424,Rachel Decavitch
"Sun, Mar-05-2023","Illinois, Ohio State",9.8500,9.8250,9.8500,9.7250,39.2500,A,Kent State,30424,Rachel Decavitch
"Sun, Mar-12-2023",Central Michigan,9.8000,9.8000,9.8250,9.9000,39.3250,H,Kent State,30424,Rachel Decavitch
"Sat, Mar-18-2023",", Ball State, Bowling Green, Central Michigan, Eastern Michigan, Northern Illinois, Western Michigan",9.7750,9.9250,9.8750,9.8750,39.4500,H,Kent State,30424,Rachel Decavitch
"Thu, Mar-30-2023",,9.7250,9.8000,9.7500,9.0500,38.3250,A,Kent State,30424,Rachel Decavitch
"Fri, Jan-13-2023","Maryland, West Virginia",,,,9.8500,,A,Kent State,30425,Karlie Franz
"Fri, Jan-20-2023","Ball State, Fisk, Lindenwood, S.E. Missouri",,9.7000,,9.9000,,A,Kent State,30425,Karlie Franz
"Sun, Jan-29-2023",Western Michigan,9.8000,9.8000,,9.9000,,H,Kent State,30425,Karlie Franz
"Sat, Feb-04-2023","Northern Illinois, Simpson",9.7250,9.7500,,9.9250,,A,Kent State,30425,Karlie Franz
"Sat, Feb-11-2023",Bowling Green,9.8500,9.8750,,9.9000,,A,Kent State,30425,Karlie Franz
"Sun, Feb-19-2023",Ball State,9.8000,9.7500,,9.9000,,H,Kent State,30425,Karlie Franz
"Sun, Mar-12-2023",Central Michigan,,9.8250,,9.9250,,H,Kent State,30425,Karlie Franz
"Sat, Mar-18-2023",", Ball State, Bowling Green, Central Michigan, Eastern Michigan, Northern Illinois, Western Michigan",,9.8000,,9.9000,,H,Kent State,30425,Karlie Franz
"Thu, Mar-30-2023",,,,,9.8250,,A,Kent State,30425,Karlie Franz
"Fri, Jan-13-2023","Maryland, West Virginia",9.7750,,,,,A,Kent State,30913,Kyndall Gilbert
"Fri, Jan-20-2023","Ball State, Fisk, Lindenwood, S.E. Missouri",9.8000,9.8000,,,,A,Kent State,30913,Kyndall Gilbert
"Sun, Jan-29-2023",Western Michigan,9.7500,,,,,H,Kent State,30913,Kyndall Gilbert
"Sat, Feb-04-2023","Northern Illinois, Simpson",9.7250,,,,,A,Kent State,30913,Kyndall Gilbert
"Sat, Feb-11-2023",Bowling Green,9.8250,9.7750,,,,A,Kent State,30913,Kyndall Gilbert
"Sun, Feb-19-2023",Ball State,9.8500,9.7750,,,,H,Kent State,30913,Kyndall Gilbert
"Sun, Feb-26-2023",Eastern Michigan,9.7750,9.7750,,,,A,Kent State,30913,Kyndall Gilbert
"Sun, Mar-05-2023","Illinois, Ohio State",9.8500,9.7500,,,,A,Kent State,30913,Kyndall Gilbert
"Sun, Mar-12-2023",Central Michigan,9.8500,9.7250,,,,H,Kent State,30913,Kyndall Gilbert
"Sat, Mar-18-2023",", Ball State, Bowling Green, Central Michigan, Eastern Michigan, Northern Illinois, Western Michigan",9.8500,9.8750,,,,H,Kent State,30913,Kyndall Gilbert
"Fri, Jan-13-2023","Maryland, West Virginia",9.6500,,9.4750,9.8250,,A,Kent State,31362,Alyssa Guns
"Fri, Jan-20-2023","Ball State, Fisk, Lindenwood, S.E. Missouri",9.5000,,9.6500,9.9000,,A,Kent State,31362,Alyssa Guns
"Sun, Jan-29-2023",Western Michigan,,,9.7250,9.9000,,H,Kent State,31362,Alyssa Guns
"Sat, Feb-04-2023","Northern Illinois, Simpson",,,9.8250,9.8750,,A,Kent State,31362,Alyssa Guns
"Sat, Feb-11-2023",Bowling Green,,,9.8000,9.8750,,A,Kent State,31362,Alyssa Guns
"Sun, Feb-19-2023",Ball State,,,9.9000,9.9250,,H,Kent State,31362,Alyssa Guns
"Sun, Feb-26-2023",Eastern Michigan,,,9.8000,9.9250,,A,Kent State,31362,Alyssa Guns
"Sun, Mar-05-2023","Illinois, Ohio State",,,9.7750,9.9500,,A,Kent State,31362,Alyssa Guns
"Sun, Mar-12-2023",Central Michigan,,,9.7750,9.8500,,H,Kent State,31362,Alyssa Guns
"Sat, Mar-18-2023",", Ball State, Bowling Green, Central Michigan, Eastern Michigan, Northern Illinois, Western Michigan",,,9.7750,9.9000,,H,Kent State,31362,Alyssa Guns
"Thu, Mar-30-2023",,,,,9.7500,,A,Kent State,31362,Alyssa Guns
"Fri, Jan-13-2023","Maryland, West Virginia",,9.1750,9.7250,,,A,Kent State,30914,Sarah Haxton
"Fri, Jan-20-2023","Ball State, Fisk, Lindenwood, S.E. Missouri",,8.5500,9.8500,9.7500,,A,Kent State,30914,Sarah Haxton
"Sun, Jan-29-2023",Western Michigan,,9.3750,9.8250,,,H,Kent State,30914,Sarah Haxton
"Sat, Feb-04-2023","Northern Illinois, Simpson",,9.7750,9.7500,,,A,Kent State,30914,Sarah Haxton
"Sat, Feb-11-2023",Bowling Green,,9.8250,9.7000,,,A,Kent State,30914,Sarah Haxton
"Sun, Feb-19-2023",Ball State,,,9.7500,,,H,Kent State,30914,Sarah Haxton
"Sun, Feb-26-2023",Eastern Michigan,,8.7500,9.8500,9.7750,,A,Kent State,30914,Sarah Haxton
"Sun, Mar-05-2023","Illinois, Ohio State",,9.8250,9.5750,9.7250,,A,Kent State,30914,Sarah Haxton
"Sun, Mar-12-2023",Central Michigan,,9.8500,9.8500,,,H,Kent State,30914,Sarah Haxton
"Sat, Mar-18-2023",", Ball State, Bowling Green, Central Michigan, Eastern Michigan, Northern Illinois, Western Michigan",,9.9000,9.8500,,,H,Kent State,30914,Sarah Haxton
"Fri, Jan-13-2023","Maryland, West Virginia",,,9.6250,,,A,Kent State,30011,Cami Klein
"Fri, Jan-20-2023","Ball State, Fisk, Lindenwood, S.E. Missouri",,,9.8250,,,A,Kent State,30011,Cami Klein
"Sun, Jan-29-2023",Western Michigan,,,9.7750,,,H,Kent State,30011,Cami Klein
"Sat, Feb-04-2023","Northern Illinois, Simpson",,,8.9500,,,A,Kent State,30011,Cami Klein
"Sat, Feb-11-2023",Bowling Green,,,8.9750,,,A,Kent State,30011,Cami Klein
"Sun, Feb-19-2023",Ball State,,,9.8250,,,H,Kent State,30011,Cami Klein
"Sun, Feb-26-2023",Eastern Michigan,,,9.8500,,,A,Kent State,30011,Cami Klein
"Sun, Mar-05-2023","Illinois, Ohio State",,,9.7500,,,A,Kent State,30011,Cami Klein
"Sun, Mar-12-2023",Central Michigan,,,9.8500,,,H,Kent State,30011,Cami Klein
"Sat, Mar-18-2023",", Ball State, Bowling Green, Central Michigan, Eastern Michigan, Northern Illinois, Western Michigan",,,9.7750,,,H,Kent State,30011,Cami Klein
"Fri, Jan-13-2023","Maryland, West Virginia",,,9.5500,,,A,Kent State,31932,Zoe Rankin
"Fri, Jan-20-2023","Ball State, Fisk, Lindenwood, S.E. Missouri",9.7500,,9.7500,,,A,Kent State,31932,Zoe Rankin
"Sun, Jan-29-2023",Western Michigan,9.7000,,9.8250,,,H,Kent State,31932,Zoe Rankin
"Sat, Feb-04-2023","Northern Illinois, Simpson",9.6000,,9.5500,,,A,Kent State,31932,Zoe Rankin
"Sat, Feb-11-2023",Bowling Green,9.7750,,9.7500,,,A,Kent State,31932,Zoe Rankin
"Sun, Feb-19-2023",Ball State,9.7750,,9.7000,,,H,Kent State,31932,Zoe Rankin
"Sun, Feb-26-2023",Eastern Michigan,9.6500,,9.7750,,,A,Kent State,31932,Zoe Rankin
"Sun, Mar-05-2023","Illinois, Ohio State",9.8250,,9.2250,,,A,Kent State,31932,Zoe Rankin
"Sun, Mar-12-2023",Central Michigan,9.7250,,9.2500,,,H,Kent State,31932,Zoe Rankin
"Sat, Mar-18-2023",", Ball State, Bowling Green, Central Michigan, Eastern Michigan, Northern Illinois, Western Michigan",9.7750,,9.2000,,,H,Kent State,31932,Zoe Rankin
"Fri, Jan-13-2023","Maryland, West Virginia",,9.5500,,,,A,Kent State,31934,Nastia Rudnitskaya
"Sat, Feb-04-2023","Northern Illinois, Simpson",,9.4000,,,,A,Kent State,31934,Nastia Rudnitskaya
"Sun, Feb-26-2023",Eastern Michigan,,9.6500,,,,A,Kent State,31934,Nastia Rudnitskaya
"Sun, Mar-05-2023","Illinois, Ohio State",,9.8000,,,,A,Kent State,31934,Nastia Rudnitskaya
"Sun, Mar-12-2023",Central Michigan,,9.8000,,,,H,Kent State,31934,Nastia Rudnitskaya
"Sat, Mar-18-2023",", Ball State, Bowling Green, Central Michigan, Eastern Michigan, Northern Illinois, Western Michigan",,9.9000,,,,H,Kent State,31934,Nastia Rudnitskaya
"Fri, Jan-13-2023","Maryland, West Virginia",9.6500,9.7000,,,,A,Kent State,31365,Brynne Tsipis
"Fri, Jan-20-2023","Ball State, Fisk, Lindenwood, S.E. Missouri",9.6500,9.8250,,,,A,Kent State,31365,Brynne Tsipis
"Sun, Jan-29-2023",Western Michigan,,9.7500,,,,H,Kent State,31365,Brynne Tsipis
"Sat, Feb-04-2023","Northern Illinois, Simpson",,9.3250,,,,A,Kent State,31365,Brynne Tsipis
"Sat, Feb-11-2023",Bowling Green,,9.7750,,,,A,Kent State,31365,Brynne Tsipis
"Sun, Feb-19-2023",Ball State,,9.7000,,,,H,Kent State,31365,Brynne Tsipis
"Sun, Feb-26-2023",Eastern Michigan,9.8500,9.5000,,,,A,Kent State,31365,Brynne Tsipis
"Sun, Mar-05-2023","Illinois, Ohio State",9.6750,9.6250,,,,A,Kent State,31365,Brynne Tsipis
"Sun, Mar-12-2023",Central Michigan,9.7500,,,,,H,Kent State,31365,Brynne Tsipis
"Sat, Mar-18-2023",", Ball State, Bowling Green, Central Michigan, Eastern Michigan, Northern Illinois, Western Michigan",9.7500,9.8500,,,,H,Kent State,31365,Brynne Tsipis
"Fri, Jan-13-2023","Maryland, West Virginia",,,9.7000,9.8000,,A,Kent State,31366,Grace Wehry
"Fri, Jan-20-2023","Ball State, Fisk, Lindenwood, S.E. Missouri",,,9.1750,9.8250,,A,Kent State,31366,Grace Wehry
"Sun, Jan-29-2023",Western Michigan,,,8.8500,9.8000,,H,Kent State,31366,Grace Wehry
"Sat, Feb-04-2023","Northern Illinois, Simpson",,,9.7750,9.8250,,A,Kent State,31366,Grace Wehry
"Sat, Feb-11-2023",Bowling Green,9.2250,,9.7500,9.8500,,A,Kent State,31366,Grace Wehry
"Sun, Feb-19-2023",Ball State,,,9.7000,9.8000,,H,Kent State,31366,Grace Wehry
"Sun, Feb-26-2023",Eastern Michigan,,,9.1250,9.6750,,A,Kent State,31366,Grace Wehry
"Sun, Mar-05-2023","Illinois, Ohio State",,,9.6500,9.8500,,A,Kent State,31366,Grace Wehry
"Sun, Mar-12-2023",Central Michigan,,,9.4500,9.8250,,H,Kent State,31366,Grace Wehry
"Sat, Mar-18-2023",", Ball State, Bowling Green, Central Michigan, Eastern Michigan, Northern Illinois, Western Michigan",,,9.0750,9.7000,,H,Kent State,31366,Grace Wehry
"Fri, Jan-13-2023","Maryland, West Virginia",9.7750,9.7500,,9.7250,,A,Kent State,30916,Kennedy Weinpert
"Sun, Jan-29-2023",Western Michigan,9.7500,,,9.7500,,H,Kent State,30916,Kennedy Weinpert
"Sat, Feb-04-2023","Northern Illinois, Simpson",9.6250,,,9.8750,,A,Kent State,30916,Kennedy Weinpert
"Sat, Feb-11-2023",Bowling Green,,,,9.8500,,A,Kent State,30916,Kennedy Weinpert
"Sun, Feb-19-2023",Ball State,9.7500,8.6750,,9.8500,,H,Kent State,30916,Kennedy Weinpert
"Sun, Feb-26-2023",Eastern Michigan,9.8500,,,9.9000,,A,Kent State,30916,Kennedy Weinpert
"Sun, Mar-05-2023","Illinois, Ohio State",9.8250,,,9.8750,,A,Kent State,30916,Kennedy Weinpert
"Sun, Mar-12-2023",Central Michigan,9.8250,,,9.6750,,H,Kent State,30916,Kennedy Weinpert
"Sat, Mar-18-2023",", Ball State, Bowling Green, Central Michigan, Eastern Michigan, Northern Illinois, Western Michigan",9.8250,,,9.8500,,H,Kent State,30916,Kennedy Weinpert
"Fri, Jan-13-2023","Maryland, West Virginia",,9.8000,,,,A,Kent State,30427,Taylor Wentland
"Sun, Jan-29-2023",Western Michigan,,9.7500,,,,H,Kent State,30427,Taylor Wentland
"Sat, Feb-04-2023","Northern Illinois, Simpson",,9.7250,,,,A,Kent State,30427,Taylor Wentland
"Sun, Feb-19-2023",Ball State,,9.2250,,,,H,Kent State,30427,Taylor Wentland
"Fri, Feb-24-2023",Florida,,,,9.8500,,A,Kentucky,30428,Raina Albores
"Fri, Jan-27-2023",Alabama,9.8250,,,,,H,Kentucky,32293,Bridget Bourque
"Fri, Feb-17-2023",Arkansas,9.9000,,,,,H,Kentucky,32293,Bridget Bourque
"Fri, Feb-24-2023",Florida,9.8500,,,,,A,Kentucky,32293,Bridget Bourque
"Sat, Mar-04-2023",Auburn,9.8500,,,,,H,Kentucky,32293,Bridget Bourque
"Sat, Mar-11-2023","Illinois, Illinois State, Northern Illinois",9.8750,,,9.7000,,A,Kentucky,32293,Bridget Bourque
"Sat, Mar-18-2023","Alabama, Arkansas, Auburn, Florida, Georgia, LSU, Missouri",9.8250,,,,,A,Kentucky,32293,Bridget Bourque
"Thu, Mar-30-2023",,9.8250,,,,,A,Kentucky,32293,Bridget Bourque
"Sat, Apr-01-2023",,9.8250,,,,,A,Kentucky,32293,Bridget Bourque
"Sun, Jan-08-2023","Arizona, Greenville, Ohio State",,,9.8250,,,A,Kentucky,30918,Bailey Bunn
"Fri, Jan-13-2023",LSU,,9.8250,9.8500,,,H,Kentucky,30918,Bailey Bunn
"Fri, Jan-20-2023",Georgia,,9.6250,9.7750,,,A,Kentucky,30918,Bailey Bunn
"Fri, Jan-27-2023",Alabama,,9.8500,9.8250,,,H,Kentucky,30918,Bailey Bunn
"Fri, Feb-03-2023",Missouri,,9.8750,9.9000,,,A,Kentucky,30918,Bailey Bunn
"Fri, Feb-10-2023",Eastern Michigan,,9.8500,9.9250,,,H,Kentucky,30918,Bailey Bunn
"Fri, Feb-17-2023",Arkansas,,9.9000,9.8000,,,H,Kentucky,30918,Bailey Bunn
"Fri, Feb-24-2023",Florida,,9.8500,9.8750,,,A,Kentucky,30918,Bailey Bunn
"Sat, Mar-04-2023",Auburn,,9.8750,9.8000,,,H,Kentucky,30918,Bailey Bunn
"Sat, Mar-11-2023","Illinois, Illinois State, Northern Illinois",,9.9000,9.8000,,,A,Kentucky,30918,Bailey Bunn
"Sat, Mar-18-2023","Alabama, Arkansas, Auburn, Florida, Georgia, LSU, Missouri",,9.9000,9.2000,,,A,Kentucky,30918,Bailey Bunn
"Thu, Mar-30-2023",,,9.9250,9.9000,,,A,Kentucky,30918,Bailey Bunn
"Sat, Apr-01-2023",,,9.9000,9.9250,,,A,Kentucky,30918,Bailey Bunn
"Thu, Apr-13-2023","Alabama, Arizona State, Arkansas, Auburn, Boise State, California, Denver, Florida, LSU, Michigan, Michigan State, Missouri, Ohio State, Oklahoma, Oregon State, Penn State, Stanford, UCLA, Utah",,9.8000,9.8875,,,A,Kentucky,30918,Bailey Bunn
"Fri, Feb-17-2023",Arkansas,,,,9.8500,,H,Kentucky,30919,Makenna Clarke
"Sun, Jan-08-2023","Arizona, Greenville, Ohio State",,9.8000,,9.8250,,A,Kentucky,30921,Hailey Davis
"Fri, Jan-13-2023",LSU,,9.8750,,9.9250,,H,Kentucky,30921,Hailey Davis
"Fri, Jan-20-2023",Georgia,,9.7750,,9.8500,,A,Kentucky,30921,Hailey Davis
"Fri, Jan-27-2023",Alabama,,9.8500,,9.9500,,H,Kentucky,30921,Hailey Davis
"Fri, Feb-03-2023",Missouri,,9.8000,,9.9000,,A,Kentucky,30921,Hailey Davis
"Fri, Feb-10-2023",Eastern Michigan,,9.8250,,9.8000,,H,Kentucky,30921,Hailey Davis
"Fri, Feb-17-2023",Arkansas,,9.8500,,9.9250,,H,Kentucky,30921,Hailey Davis
"Fri, Feb-24-2023",Florida,,9.8250,,9.9250,,A,Kentucky,30921,Hailey Davis
"Sat, Mar-04-2023",Auburn,,9.8000,,9.9500,,H,Kentucky,30921,Hailey Davis
"Sat, Mar-11-2023","Illinois, Illinois State, Northern Illinois",,9.8000,,9.9500,,A,Kentucky,30921,Hailey Davis
"Sat, Mar-18-2023","Alabama, Arkansas, Auburn, Florida, Georgia, LSU, Missouri",,9.8500,,9.9250,,A,Kentucky,30921,Hailey Davis
"Thu, Mar-30-2023",,,9.8500,,9.9000,,A,Kentucky,30921,Hailey Davis
"Sat, Apr-01-2023",,,9.8000,,9.9250,,A,Kentucky,30921,Hailey Davis
"Thu, Apr-13-2023","Alabama, Arizona State, Arkansas, Auburn, Boise State, California, Denver, Florida, LSU, Michigan, Michigan State, Missouri, Ohio State, Oklahoma, Oregon State, Penn State, Stanford, UCLA, Utah",,9.7750,,9.8625,,A,Kentucky,30921,Hailey Davis
"Sun, Jan-08-2023","Arizona, Greenville, Ohio State",,9.8750,,,,A,Kentucky,30429,Kaitlin Deguzman
"Fri, Jan-13-2023",LSU,,9.9000,,,,H,Kentucky,30429,Kaitlin Deguzman
"Fri, Jan-20-2023",Georgia,,9.8500,,,,A,Kentucky,30429,Kaitlin Deguzman
"Fri, Jan-27-2023",Alabama,,9.9250,,,,H,Kentucky,30429,Kaitlin Deguzman
"Fri, Feb-03-2023",Missouri,,9.8250,,,,A,Kentucky,30429,Kaitlin Deguzman
"Fri, Feb-10-2023",Eastern Michigan,,9.9000,,,,H,Kentucky,30429,Kaitlin Deguzman
"Fri, Feb-17-2023",Arkansas,,9.9000,,,,H,Kentucky,30429,Kaitlin Deguzman
"Fri, Feb-24-2023",Florida,,8.8500,,,,A,Kentucky,30429,Kaitlin Deguzman
"Sat, Mar-04-2023",Auburn,,9.9250,,,,H,Kentucky,30429,Kaitlin Deguzman
"Sat, Mar-11-2023","Illinois, Illinois State, Northern Illinois",,9.8750,,,,A,Kentucky,30429,Kaitlin Deguzman
"Sat, Mar-18-2023","Alabama, Arkansas, Auburn, Florida, Georgia, LSU, Missouri",,9.9250,,,,A,Kentucky,30429,Kaitlin Deguzman
"Thu, Mar-30-2023",,,9.8500,,,,A,Kentucky,30429,Kaitlin Deguzman
"Sat, Apr-01-2023",,,9.9250,,,,A,Kentucky,30429,Kaitlin Deguzman
"Thu, Apr-13-2023","Alabama, Arizona State, Arkansas, Auburn, Boise State, California, Denver, Florida, LSU, Michigan, Michigan State, Missouri, Ohio State, Oklahoma, Oregon State, Penn State, Stanford, UCLA, Utah",,9.7500,,,,A,Kentucky,30429,Kaitlin Deguzman
"Sun, Jan-08-2023","Arizona, Greenville, Ohio State",9.7750,,,9.8250,,A,Kentucky,30768,Ashlyn LaClair
"Fri, Jan-13-2023",LSU,9.7750,,,9.1250,,H,Kentucky,30768,Ashlyn LaClair
"Fri, Jan-20-2023",Georgia,9.6750,,,9.7750,,A,Kentucky,30768,Ashlyn LaClair
"Fri, Feb-03-2023",Missouri,9.8250,,,,,A,Kentucky,30768,Ashlyn LaClair
"Fri, Feb-10-2023",Eastern Michigan,9.8000,,,,,H,Kentucky,30768,Ashlyn LaClair
"Fri, Feb-24-2023",Florida,9.8000,,,,,A,Kentucky,30768,Ashlyn LaClair
"Thu, Apr-13-2023","Alabama, Arizona State, Arkansas, Auburn, Boise State, California, Denver, Florida, LSU, Michigan, Michigan State, Missouri, Ohio State, Oklahoma, Oregon State, Penn State, Stanford, UCLA, Utah",9.8125,,,,,A,Kentucky,30768,Ashlyn LaClair
"Sun, Jan-08-2023","Arizona, Greenville, Ohio State",,8.3000,9.7250,,,A,Kentucky,30431,Shealyn Luksik
"Fri, Jan-13-2023",LSU,,9.9250,9.7500,,,H,Kentucky,30431,Shealyn Luksik
"Fri, Jan-20-2023",Georgia,,9.7750,9.7250,,,A,Kentucky,30431,Shealyn Luksik
"Fri, Jan-27-2023",Alabama,,9.9500,9.8000,,,H,Kentucky,30431,Shealyn Luksik
"Fri, Feb-03-2023",Missouri,,9.9000,9.1000,,,A,Kentucky,30431,Shealyn Luksik
"Fri, Feb-10-2023",Eastern Michigan,,9.9000,9.8250,,,H,Kentucky,30431,Shealyn Luksik
"Fri, Feb-17-2023",Arkansas,,9.8250,9.9000,,,H,Kentucky,30431,Shealyn Luksik
"Fri, Feb-24-2023",Florida,,9.9000,9.8250,,,A,Kentucky,30431,Shealyn Luksik
"Sat, Mar-04-2023",Auburn,,9.8250,9.8500,,,H,Kentucky,30431,Shealyn Luksik
"Sat, Mar-11-2023","Illinois, Illinois State, Northern Illinois",,9.8750,9.7250,,,A,Kentucky,30431,Shealyn Luksik
"Sat, Mar-18-2023","Alabama, Arkansas, Auburn, Florida, Georgia, LSU, Missouri",,9.9500,9.8000,,,A,Kentucky,30431,Shealyn Luksik
"Thu, Mar-30-2023",,,9.9250,9.8250,,,A,Kentucky,30431,Shealyn Luksik
"Sat, Apr-01-2023",,,9.6000,9.8250,,,A,Kentucky,30431,Shealyn Luksik
"Thu, Apr-13-2023","Alabama, Arizona State, Arkansas, Auburn, Boise State, California, Denver, Florida, LSU, Michigan, Michigan State, Missouri, Ohio State, Oklahoma, Oregon State, Penn State, Stanford, UCLA, Utah",,9.8250,9.8500,,,A,Kentucky,30431,Shealyn Luksik
"Sun, Jan-08-2023","Arizona, Greenville, Ohio State",9.6750,,9.8750,9.8250,,A,Kentucky,30922,Isabella Magnelli
"Fri, Jan-13-2023",LSU,9.9250,,9.8500,9.8000,,H,Kentucky,30922,Isabella Magnelli
"Fri, Jan-20-2023",Georgia,9.7750,,9.9250,9.9000,,A,Kentucky,30922,Isabella Magnelli
"Fri, Jan-27-2023",Alabama,9.9250,,9.9750,9.9000,,H,Kentucky,30922,Isabella Magnelli
"Fri, Feb-03-2023",Missouri,9.8500,,9.9500,9.8250,,A,Kentucky,30922,Isabella Magnelli
"Fri, Feb-10-2023",Eastern Michigan,9.8750,,9.8750,9.8000,,H,Kentucky,30922,Isabella Magnelli
"Fri, Feb-17-2023",Arkansas,9.8750,,9.9500,9.9000,,H,Kentucky,30922,Isabella Magnelli
"Fri, Feb-24-2023",Florida,9.9500,,9.8750,9.8750,,A,Kentucky,30922,Isabella Magnelli
"Sat, Mar-04-2023",Auburn,9.8500,,9.9500,9.7750,,H,Kentucky,30922,Isabella Magnelli
"Sat, Mar-11-2023","Illinois, Illinois State, Northern Illinois",9.7500,,9.9000,9.9000,,A,Kentucky,30922,Isabella Magnelli
"Sat, Mar-18-2023","Alabama, Arkansas, Auburn, Florida, Georgia, LSU, Missouri",9.9000,,9.9500,9.8500,,A,Kentucky,30922,Isabella Magnelli
"Thu, Mar-30-2023",,9.8000,,9.3750,9.8000,,A,Kentucky,30922,Isabella Magnelli
"Sat, Apr-01-2023",,9.9000,,9.9250,9.8500,,A,Kentucky,30922,Isabella Magnelli
"Thu, Apr-13-2023","Alabama, Arizona State, Arkansas, Auburn, Boise State, California, Denver, Florida, LSU, Michigan, Michigan State, Missouri, Ohio State, Oklahoma, Oregon State, Penn State, Stanford, UCLA, Utah",9.8625,,9.9500,9.8625,,A,Kentucky,30922,Isabella Magnelli
"Sun, Jan-08-2023","Arizona, Greenville, Ohio State",9.8250,,9.2500,9.8750,,A,Kentucky,30139,Arianna Patterson
"Fri, Jan-13-2023",LSU,9.9000,,9.9250,9.7250,,H,Kentucky,30139,Arianna Patterson
"Fri, Jan-20-2023",Georgia,9.8750,,9.9500,9.6000,,A,Kentucky,30139,Arianna Patterson
"Fri, Jan-27-2023",Alabama,9.8750,,9.6500,9.8750,,H,Kentucky,30139,Arianna Patterson
"Fri, Feb-03-2023",Missouri,9.8000,,9.8500,9.8250,,A,Kentucky,30139,Arianna Patterson
"Fri, Feb-10-2023",Eastern Michigan,9.8500,,8.9000,9.8250,,H,Kentucky,30139,Arianna Patterson
"Fri, Feb-17-2023",Arkansas,9.9500,,9.9000,9.9750,,H,Kentucky,30139,Arianna Patterson
"Fri, Feb-24-2023",Florida,9.9250,,9.9000,9.9000,,A,Kentucky,30139,Arianna Patterson
"Sat, Mar-04-2023",Auburn,9.9500,,9.8500,9.9000,,H,Kentucky,30139,Arianna Patterson
"Sat, Mar-11-2023","Illinois, Illinois State, Northern Illinois",9.8500,,9.8500,9.9000,,A,Kentucky,30139,Arianna Patterson
"Sat, Mar-18-2023","Alabama, Arkansas, Auburn, Florida, Georgia, LSU, Missouri",9.8750,,9.9000,9.9000,,A,Kentucky,30139,Arianna Patterson
"Thu, Mar-30-2023",,9.8500,,9.9500,9.9000,,A,Kentucky,30139,Arianna Patterson
"Sat, Apr-01-2023",,9.9500,,9.8750,9.8000,,A,Kentucky,30139,Arianna Patterson
"Thu, Apr-13-2023","Alabama, Arizona State, Arkansas, Auburn, Boise State, California, Denver, Florida, LSU, Michigan, Michigan State, Missouri, Ohio State, Oklahoma, Oregon State, Penn State, Stanford, UCLA, Utah",9.8750,,9.7875,9.0500,,A,Kentucky,30139,Arianna Patterson
"Sun, Jan-08-2023","Arizona, Greenville, Ohio State",9.8750,9.7750,9.8500,9.8250,39.3250,A,Kentucky,31358,Jillian Procasky
"Fri, Jan-13-2023",LSU,9.8000,,9.5750,9.8000,,H,Kentucky,31358,Jillian Procasky
"Fri, Jan-20-2023",Georgia,9.7500,,9.6750,9.7750,,A,Kentucky,31358,Jillian Procasky
"Fri, Jan-27-2023",Alabama,9.8250,,9.9000,8.9500,,H,Kentucky,31358,Jillian Procasky
"Fri, Feb-03-2023",Missouri,9.8000,,9.7750,9.8000,,A,Kentucky,31358,Jillian Procasky
"Fri, Feb-10-2023",Eastern Michigan,9.8250,,9.8500,9.8500,,H,Kentucky,31358,Jillian Procasky
"Fri, Feb-17-2023",Arkansas,9.8750,,,,,H,Kentucky,31358,Jillian Procasky
"Sat, Mar-04-2023",Auburn,9.8000,9.8500,9.9000,9.8000,39.3500,H,Kentucky,31358,Jillian Procasky
"Sat, Mar-11-2023","Illinois, Illinois State, Northern Illinois",9.8750,9.8750,9.8500,9.8500,39.4500,A,Kentucky,31358,Jillian Procasky
"Sat, Mar-18-2023","Alabama, Arkansas, Auburn, Florida, Georgia, LSU, Missouri",9.8750,9.9000,9.8250,9.8000,39.4000,A,Kentucky,31358,Jillian Procasky
"Thu, Mar-30-2023",,9.7750,9.8500,9.7750,9.8500,39.2500,A,Kentucky,31358,Jillian Procasky
"Sat, Apr-01-2023",,9.9000,9.9250,9.9000,9.8000,39.5250,A,Kentucky,31358,Jillian Procasky
"Thu, Apr-13-2023","Alabama, Arizona State, Arkansas, Auburn, Boise State, California, Denver, Florida, LSU, Michigan, Michigan State, Missouri, Ohio State, Oklahoma, Oregon State, Penn State, Stanford, UCLA, Utah",9.7375,9.8000,9.8500,9.8000,39.1875,A,Kentucky,31358,Jillian Procasky
"Sun, Jan-08-2023","Arizona, Greenville, Ohio State",,9.8000,,,,A,Kentucky,31359,Annie Reigert
"Fri, Jan-13-2023",LSU,,9.8000,,,,H,Kentucky,31359,Annie Reigert
"Fri, Jan-20-2023",Georgia,,9.8250,,,,A,Kentucky,31359,Annie Reigert
"Fri, Jan-27-2023",Alabama,,9.1500,,,,H,Kentucky,31359,Annie Reigert
"Fri, Feb-03-2023",Missouri,,9.8500,,,,A,Kentucky,31359,Annie Reigert
"Fri, Feb-10-2023",Eastern Michigan,,9.8000,,,,H,Kentucky,31359,Annie Reigert
"Fri, Feb-17-2023",Arkansas,,9.7750,,,,H,Kentucky,31359,Annie Reigert
"Fri, Feb-24-2023",Florida,,9.8000,9.7500,,,A,Kentucky,31359,Annie Reigert
"Sun, Jan-08-2023","Arizona, Greenville, Ohio State",9.8000,,,,,A,Kentucky,31361,Makenzie Wilson
"Fri, Jan-13-2023",LSU,9.8250,,,,,H,Kentucky,31361,Makenzie Wilson
"Fri, Jan-20-2023",Georgia,9.8250,,,,,A,Kentucky,31361,Makenzie Wilson
"Fri, Jan-27-2023",Alabama,9.8500,,,9.8750,,H,Kentucky,31361,Makenzie Wilson
"Fri, Feb-03-2023",Missouri,9.8250,,,9.8000,,A,Kentucky,31361,Makenzie Wilson
"Fri, Feb-10-2023",Eastern Michigan,9.8750,,,9.7500,,H,Kentucky,31361,Makenzie Wilson
"Fri, Feb-17-2023",Arkansas,9.9000,,,9.8250,,H,Kentucky,31361,Makenzie Wilson
"Fri, Feb-24-2023",Florida,9.6250,,,9.8250,,A,Kentucky,31361,Makenzie Wilson
"Sat, Mar-04-2023",Auburn,9.9750,,,9.8000,,H,Kentucky,31361,Makenzie Wilson
"Sat, Mar-11-2023","Illinois, Illinois State, Northern Illinois",9.9000,,,,,A,Kentucky,31361,Makenzie Wilson
"Sat, Mar-18-2023","Alabama, Arkansas, Auburn, Florida, Georgia, LSU, Missouri",9.8500,,,9.8250,,A,Kentucky,31361,Makenzie Wilson
"Thu, Mar-30-2023",,9.8750,,,9.8500,,A,Kentucky,31361,Makenzie Wilson
"Sat, Apr-01-2023",,9.8500,,,9.8500,,A,Kentucky,31361,Makenzie Wilson
"Thu, Apr-13-2023","Alabama, Arizona State, Arkansas, Auburn, Boise State, California, Denver, Florida, LSU, Michigan, Michigan State, Missouri, Ohio State, Oklahoma, Oregon State, Penn State, Stanford, UCLA, Utah",9.9125,,,9.8125,,A,Kentucky,31361,Makenzie Wilson
"Sun, Jan-08-2023","Arizona, Greenville, Ohio State",9.8250,9.7750,9.9000,9.9250,39.4250,A,Kentucky,30433,Raena Worley
"Fri, Jan-13-2023",LSU,9.8500,9.8000,9.9500,9.9250,39.5250,H,Kentucky,30433,Raena Worley
"Fri, Jan-20-2023",Georgia,9.8250,9.8750,9.8500,9.9000,39.4500,A,Kentucky,30433,Raena Worley
"Fri, Jan-27-2023",Alabama,9.8500,9.9250,9.9500,9.9500,39.6750,H,Kentucky,30433,Raena Worley
"Fri, Feb-03-2023",Missouri,9.9500,9.8750,9.9250,9.9500,39.7000,A,Kentucky,30433,Raena Worley
"Fri, Feb-10-2023",Eastern Michigan,9.8750,9.9000,9.8000,9.9000,39.4750,H,Kentucky,30433,Raena Worley
"Fri, Feb-17-2023",Arkansas,9.8750,9.9250,9.8250,9.9500,39.5750,H,Kentucky,30433,Raena Worley
"Fri, Feb-24-2023",Florida,9.9500,9.8250,9.9250,9.9500,39.6500,A,Kentucky,30433,Raena Worley
"Sat, Mar-04-2023",Auburn,9.9250,9.9000,9.6750,9.9500,39.4500,H,Kentucky,30433,Raena Worley
"Sat, Mar-11-2023","Illinois, Illinois State, Northern Illinois",9.9000,9.9250,9.9750,9.9750,39.7750,A,Kentucky,30433,Raena Worley
"Sat, Mar-18-2023","Alabama, Arkansas, Auburn, Florida, Georgia, LSU, Missouri",9.8000,9.9250,9.8750,9.9000,39.5000,A,Kentucky,30433,Raena Worley
"Thu, Mar-30-2023",,9.8500,9.9250,9.9000,9.9500,39.6250,A,Kentucky,30433,Raena Worley
"Sat, Apr-01-2023",,9.8500,9.9000,9.9500,9.9500,39.6500,A,Kentucky,30433,Raena Worley
"Thu, Apr-13-2023","Alabama, Arizona State, Arkansas, Auburn, Boise State, California, Denver, Florida, LSU, Michigan, Michigan State, Missouri, Ohio State, Oklahoma, Oregon State, Penn State, Stanford, UCLA, Utah",9.8500,9.9250,9.8750,9.9375,39.5875,A,Kentucky,30433,Raena Worley
"Sun, Jan-08-2023",Yale,,,9.6500,9.8000,,H,LIU,30933,Ella Barrington
"Fri, Jan-13-2023","Penn State, Pennsylvania, Southern Conn.",,,,9.7750,,A,LIU,30933,Ella Barrington
"Fri, Jan-20-2023","Bridgeport, Cornell, Temple",,,,9.8000,,A,LIU,30933,Ella Barrington
"Sun, Jan-29-2023",Cornell,,,,9.8750,,A,LIU,30933,Ella Barrington
"Sun, Feb-12-2023","George Washington, New Hampshire, North Carolina",,,,9.8500,,A,LIU,30933,Ella Barrington
"Sat, Feb-18-2023",Towson,,,,9.8750,,H,LIU,30933,Ella Barrington
"Mon, Feb-20-2023","Bridgeport, Brown, Towson",,,,9.8250,,H,LIU,30933,Ella Barrington
"Sun, Jan-08-2023",Yale,9.7500,9.7750,,9.3750,,H,LIU,30934,Jah'Liyah Bedminster
"Fri, Jan-13-2023","Penn State, Pennsylvania, Southern Conn.",9.5500,9.6000,,,,A,LIU,30934,Jah'Liyah Bedminster
"Fri, Jan-20-2023","Bridgeport, Cornell, Temple",9.7500,9.7750,,9.6500,,A,LIU,30934,Jah'Liyah Bedminster
"Sun, Jan-29-2023",Cornell,9.6250,9.8000,,9.6500,,A,LIU,30934,Jah'Liyah Bedminster
"Sun, Feb-12-2023","George Washington, New Hampshire, North Carolina",9.7500,9.8000,,9.6750,,A,LIU,30934,Jah'Liyah Bedminster
"Sat, Feb-18-2023",Towson,9.7750,9.7250,,,,H,LIU,30934,Jah'Liyah Bedminster
"Mon, Feb-20-2023","Bridgeport, Brown, Towson",9.8750,9.7000,,,,H,LIU,30934,Jah'Liyah Bedminster
"Sun, Feb-26-2023","North Carolina State, Temple",9.7500,9.7750,,,,H,LIU,30934,Jah'Liyah Bedminster
"Fri, Mar-03-2023","Eastern Michigan, Michigan State",9.8000,9.6250,,9.1250,,A,LIU,30934,Jah'Liyah Bedminster
"Sun, Mar-05-2023","Bowling Green, Michigan State",9.8250,9.7000,,9.6250,,A,LIU,30934,Jah'Liyah Bedminster
"Fri, Mar-10-2023",Pittsburgh,9.8500,9.6250,,9.8000,,A,LIU,30934,Jah'Liyah Bedminster
"Sat, Mar-18-2023","George Washington, New Hampshire, North Carolina, North Carolina State, Pittsburgh, Temple, Towson",9.7750,9.7000,,9.8000,,A,LIU,30934,Jah'Liyah Bedminster
"Sun, Jan-08-2023",Yale,,,9.0750,,,H,LIU,30935,Cael Bixler
"Fri, Jan-13-2023","Penn State, Pennsylvania, Southern Conn.",,,9.8000,,,A,LIU,30935,Cael Bixler
"Fri, Jan-20-2023","Bridgeport, Cornell, Temple",,,9.4500,,,A,LIU,30935,Cael Bixler
"Sun, Jan-29-2023",Cornell,,8.9250,9.5750,,,A,LIU,30935,Cael Bixler
"Sun, Feb-12-2023","George Washington, New Hampshire, North Carolina",,,9.8000,,,A,LIU,30935,Cael Bixler
"Sat, Feb-18-2023",Towson,,,9.8250,,,H,LIU,30935,Cael Bixler
"Mon, Feb-20-2023","Bridgeport, Brown, Towson",,,9.8500,,,H,LIU,30935,Cael Bixler
"Sun, Feb-26-2023","North Carolina State, Temple",,,9.8250,,,H,LIU,30935,Cael Bixler
"Fri, Mar-03-2023","Eastern Michigan, Michigan State",,,9.7250,,,A,LIU,30935,Cael Bixler
"Sun, Mar-05-2023","Bowling Green, Michigan State",,,9.1000,,,A,LIU,30935,Cael Bixler
"Fri, Mar-10-2023",Pittsburgh,,,9.7000,,,A,LIU,30935,Cael Bixler
"Sat, Mar-18-2023","George Washington, New Hampshire, North Carolina, North Carolina State, Pittsburgh, Temple, Towson",,,9.8000,,,A,LIU,30935,Cael Bixler
"Sun, Jan-08-2023",Yale,,,9.4250,,,H,LIU,30938,Taylor Doten
"Fri, Jan-20-2023","Bridgeport, Cornell, Temple",,,8.6250,,,A,LIU,30938,Taylor Doten
"Sun, Feb-26-2023","North Carolina State, Temple",,,9.6750,,,H,LIU,30938,Taylor Doten
"Fri, Mar-03-2023","Eastern Michigan, Michigan State",,,9.5750,,,A,LIU,30938,Taylor Doten
"Sun, Mar-05-2023","Bowling Green, Michigan State",,,9.7000,,,A,LIU,30938,Taylor Doten
"Fri, Mar-10-2023",Pittsburgh,,,9.7750,,,A,LIU,30938,Taylor Doten
"Sat, Mar-18-2023","George Washington, New Hampshire, North Carolina, North Carolina State, Pittsburgh, Temple, Towson",,,9.7750,,,A,LIU,30938,Taylor Doten
"Sun, Jan-08-2023",Yale,,9.7750,,,,H,LIU,30939,Talia Folino
"Fri, Jan-13-2023","Penn State, Pennsylvania, Southern Conn.",9.6250,9.6000,,,,A,LIU,30939,Talia Folino
"Fri, Jan-20-2023","Bridgeport, Cornell, Temple",,7.6500,9.5250,,,A,LIU,30939,Talia Folino
"Sun, Feb-12-2023","George Washington, New Hampshire, North Carolina",,,9.7750,,,A,LIU,30939,Talia Folino
"Sat, Feb-18-2023",Towson,,,9.7000,9.8500,,H,LIU,30939,Talia Folino
"Mon, Feb-20-2023","Bridgeport, Brown, Towson",,,9.2000,9.7500,,H,LIU,30939,Talia Folino
"Sun, Feb-26-2023","North Carolina State, Temple",,,9.6750,9.7000,,H,LIU,30939,Talia Folino
"Sun, Mar-05-2023","Bowling Green, Michigan State",,,9.7750,9.7500,,A,LIU,30939,Talia Folino
"Fri, Mar-10-2023",Pittsburgh,,,9.6750,9.6750,,A,LIU,30939,Talia Folino
"Fri, Jan-13-2023","Penn State, Pennsylvania, Southern Conn.",,,9.4000,,,A,LIU,31776,Karsyn Foster
"Sun, Jan-29-2023",Cornell,,,9.7250,,,A,LIU,31776,Karsyn Foster
"Sun, Feb-12-2023","George Washington, New Hampshire, North Carolina",,,9.6000,,,A,LIU,31776,Karsyn Foster
"Sat, Feb-18-2023",Towson,,,9.2000,,,H,LIU,31776,Karsyn Foster
"Sun, Feb-26-2023","North Carolina State, Temple",9.6250,,,9.7500,,H,LIU,31776,Karsyn Foster
"Fri, Mar-03-2023","Eastern Michigan, Michigan State",9.7750,,9.6500,8.9500,,A,LIU,31776,Karsyn Foster
"Sun, Mar-05-2023","Bowling Green, Michigan State",9.7250,,,,,A,LIU,31776,Karsyn Foster
"Fri, Mar-10-2023",Pittsburgh,9.0750,,,,,A,LIU,31776,Karsyn Foster
"Sat, Mar-18-2023","George Washington, New Hampshire, North Carolina, North Carolina State, Pittsburgh, Temple, Towson",9.6250,,,9.7000,,A,LIU,31776,Karsyn Foster
"Sun, Jan-08-2023",Yale,,9.5750,9.7750,,,H,LIU,31777,Ilka Juk
"Fri, Jan-13-2023","Penn State, Pennsylvania, Southern Conn.",,9.7750,9.8750,,,A,LIU,31777,Ilka Juk
"Fri, Jan-20-2023","Bridgeport, Cornell, Temple",,9.8500,9.8500,,,A,LIU,31777,Ilka Juk
"Sun, Jan-29-2023",Cornell,,9.7250,9.9250,,,A,LIU,31777,Ilka Juk
"Sun, Feb-12-2023","George Washington, New Hampshire, North Carolina",,9.7000,9.8250,,,A,LIU,31777,Ilka Juk
"Sat, Feb-18-2023",Towson,,9.7500,9.8250,,,H,LIU,31777,Ilka Juk
"Mon, Feb-20-2023","Bridgeport, Brown, Towson",,9.5000,9.9250,,,H,LIU,31777,Ilka Juk
"Sun, Feb-26-2023","North Carolina State, Temple",,9.8750,9.8250,,,H,LIU,31777,Ilka Juk
"Fri, Mar-03-2023","Eastern Michigan, Michigan State",,9.8000,9.7750,,,A,LIU,31777,Ilka Juk
"Sun, Mar-05-2023","Bowling Green, Michigan State",,8.9000,9.9250,,,A,LIU,31777,Ilka Juk
"Fri, Mar-10-2023",Pittsburgh,,9.7750,9.9750,,,A,LIU,31777,Ilka Juk
"Sat, Mar-18-2023","George Washington, New Hampshire, North Carolina, North Carolina State, Pittsburgh, Temple, Towson",,9.7000,9.0750,,,A,LIU,31777,Ilka Juk
"Thu, Mar-30-2023",,,,9.8000,,,A,LIU,31777,Ilka Juk
"Sun, Jan-08-2023",Yale,9.7500,,,9.8000,,H,LIU,30712,Katy Koopman
"Fri, Jan-13-2023","Penn State, Pennsylvania, Southern Conn.",9.7250,,,9.7500,,A,LIU,30712,Katy Koopman
"Fri, Jan-20-2023","Bridgeport, Cornell, Temple",9.7000,,,9.7500,,A,LIU,30712,Katy Koopman
"Sun, Jan-29-2023",Cornell,9.6000,,,9.8750,,A,LIU,30712,Katy Koopman
"Sun, Feb-12-2023","George Washington, New Hampshire, North Carolina",9.7000,,,9.8000,,A,LIU,30712,Katy Koopman
"Sat, Feb-18-2023",Towson,9.8500,,,9.8500,,H,LIU,30712,Katy Koopman
"Mon, Feb-20-2023","Bridgeport, Brown, Towson",9.8250,,,9.8500,,H,LIU,30712,Katy Koopman
"Sun, Feb-26-2023","North Carolina State, Temple",9.8000,,,9.8000,,H,LIU,30712,Katy Koopman
"Fri, Mar-03-2023","Eastern Michigan, Michigan State",9.7250,,,9.8000,,A,LIU,30712,Katy Koopman
"Sun, Mar-05-2023","Bowling Green, Michigan State",9.8750,,,9.8000,,A,LIU,30712,Katy Koopman
"Fri, Mar-10-2023",Pittsburgh,9.5500,,,9.7000,,A,LIU,30712,Katy Koopman
"Sat, Mar-18-2023","George Washington, New Hampshire, North Carolina, North Carolina State, Pittsburgh, Temple, Towson",9.7000,,,9.6750,,A,LIU,30712,Katy Koopman
"Sun, Jan-08-2023",Yale,9.5750,,,9.6250,,H,LIU,30715,Amanda Loo
"Fri, Jan-13-2023","Penn State, Pennsylvania, Southern Conn.",,,,9.7500,,A,LIU,30715,Amanda Loo
"Fri, Jan-20-2023","Bridgeport, Cornell, Temple",9.7000,,,9.8000,,A,LIU,30715,Amanda Loo
"Sun, Jan-29-2023",Cornell,9.6000,,,9.1500,,A,LIU,30715,Amanda Loo
"Sun, Feb-12-2023","George Washington, New Hampshire, North Carolina",9.7250,,,9.5250,,A,LIU,30715,Amanda Loo
"Sat, Feb-18-2023",Towson,,,,9.7750,,H,LIU,30715,Amanda Loo
"Mon, Feb-20-2023","Bridgeport, Brown, Towson",9.6750,,,9.8250,,H,LIU,30715,Amanda Loo
"Sun, Feb-26-2023","North Carolina State, Temple",9.6500,,,9.8250,,H,LIU,30715,Amanda Loo
"Fri, Mar-03-2023","Eastern Michigan, Michigan State",9.7000,,,9.9000,,A,LIU,30715,Amanda Loo
"Sun, Mar-05-2023","Bowling Green, Michigan State",9.8000,,,9.8750,,A,LIU,30715,Amanda Loo
"Fri, Mar-10-2023",Pittsburgh,9.7500,,,9.8250,,A,LIU,30715,Amanda Loo
"Sat, Mar-18-2023","George Washington, New Hampshire, North Carolina, North Carolina State, Pittsburgh, Temple, Towson",9.6250,,,9.7250,,A,LIU,30715,Amanda Loo
"Sun, Jan-08-2023",Yale,,9.0500,,9.6500,,H,LIU,30945,Lauren Miller
"Fri, Jan-13-2023","Penn State, Pennsylvania, Southern Conn.",,9.5250,,9.6250,,A,LIU,30945,Lauren Miller
"Fri, Jan-20-2023","Bridgeport, Cornell, Temple",,9.5500,,9.5000,,A,LIU,30945,Lauren Miller
"Sun, Jan-29-2023",Cornell,,9.6750,,9.8750,,A,LIU,30945,Lauren Miller
"Sun, Feb-12-2023","George Washington, New Hampshire, North Carolina",,9.0500,,9.8000,,A,LIU,30945,Lauren Miller
"Sat, Feb-18-2023",Towson,9.7500,9.6500,,9.8750,,H,LIU,30945,Lauren Miller
"Mon, Feb-20-2023","Bridgeport, Brown, Towson",9.7250,9.7500,,9.7750,,H,LIU,30945,Lauren Miller
"Sun, Feb-26-2023","North Carolina State, Temple",9.4750,9.7000,,9.8250,,H,LIU,30945,Lauren Miller
"Fri, Mar-03-2023","Eastern Michigan, Michigan State",9.7250,9.6250,,9.8000,,A,LIU,30945,Lauren Miller
"Sun, Mar-05-2023","Bowling Green, Michigan State",9.8000,9.7250,,9.6500,,A,LIU,30945,Lauren Miller
"Fri, Mar-10-2023",Pittsburgh,9.7000,8.9000,,9.7250,,A,LIU,30945,Lauren Miller
"Sat, Mar-18-2023","George Washington, New Hampshire, North Carolina, North Carolina State, Pittsburgh, Temple, Towson",9.6500,9.0000,,9.6000,,A,LIU,30945,Lauren Miller
"Sun, Jan-08-2023",Yale,9.8000,,9.7250,9.8000,,H,LIU,31941,Syd Morris
"Fri, Jan-13-2023","Penn State, Pennsylvania, Southern Conn.",9.6250,,9.7000,9.8000,,A,LIU,31941,Syd Morris
"Fri, Jan-20-2023","Bridgeport, Cornell, Temple",9.1500,,9.7000,9.7500,,A,LIU,31941,Syd Morris
"Sun, Jan-29-2023",Cornell,9.6500,,9.8500,9.8000,,A,LIU,31941,Syd Morris
"Sun, Feb-12-2023","George Washington, New Hampshire, North Carolina",9.7750,,9.7000,9.8250,,A,LIU,31941,Syd Morris
"Sat, Feb-18-2023",Towson,9.8000,9.8500,9.8000,9.8250,39.2750,H,LIU,31941,Syd Morris
"Mon, Feb-20-2023","Bridgeport, Brown, Towson",9.8750,9.8000,9.9000,9.7000,39.2750,H,LIU,31941,Syd Morris
"Sun, Feb-26-2023","North Carolina State, Temple",9.7250,9.8500,9.9000,9.8250,39.3000,H,LIU,31941,Syd Morris
"Fri, Mar-03-2023","Eastern Michigan, Michigan State",9.5500,9.9000,9.7000,9.7500,38.9000,A,LIU,31941,Syd Morris
"Sun, Mar-05-2023","Bowling Green, Michigan State",9.8750,9.9500,9.8750,9.8500,39.5500,A,LIU,31941,Syd Morris
"Fri, Mar-10-2023",Pittsburgh,9.7750,9.7750,9.8500,9.8000,39.2000,A,LIU,31941,Syd Morris
"Sat, Mar-18-2023","George Washington, New Hampshire, North Carolina, North Carolina State, Pittsburgh, Temple, Towson",9.7750,9.7500,9.9000,9.8000,39.2250,A,LIU,31941,Syd Morris
"Thu, Mar-30-2023",,9.6250,9.7500,9.2000,9.0000,37.5750,A,LIU,31941,Syd Morris
"Fri, Jan-20-2023","Bridgeport, Cornell, Temple",9.5250,,,,,A,LIU,31942,Annalisa Page
"Sun, Jan-08-2023",Yale,9.7000,,9.6000,,,H,LIU,30946,Alana Ricketts
"Fri, Jan-13-2023","Penn State, Pennsylvania, Southern Conn.",9.6500,,9.7500,,,A,LIU,30946,Alana Ricketts
"Fri, Jan-20-2023","Bridgeport, Cornell, Temple",9.5750,,9.1000,,,A,LIU,30946,Alana Ricketts
"Sun, Jan-29-2023",Cornell,8.6250,,9.8250,,,A,LIU,30946,Alana Ricketts
"Sun, Feb-12-2023","George Washington, New Hampshire, North Carolina",9.6250,,9.7750,,,A,LIU,30946,Alana Ricketts
"Sat, Feb-18-2023",Towson,9.7500,,9.6750,,,H,LIU,30946,Alana Ricketts
"Mon, Feb-20-2023","Bridgeport, Brown, Towson",9.7750,,9.3250,,,H,LIU,30946,Alana Ricketts
"Sat, Mar-18-2023","George Washington, New Hampshire, North Carolina, North Carolina State, Pittsburgh, Temple, Towson",,,9.0750,,,A,LIU,30946,Alana Ricketts
"Sun, Jan-29-2023",Cornell,,9.7000,,,,A,LIU,31778,Kira Sanchez
"Sun, Feb-12-2023","George Washington, New Hampshire, North Carolina",,9.7250,,,,A,LIU,31778,Kira Sanchez
"Sat, Feb-18-2023",Towson,,9.6750,,,,H,LIU,31778,Kira Sanchez
"Mon, Feb-20-2023","Bridgeport, Brown, Towson",,9.6000,,,,H,LIU,31778,Kira Sanchez
"Sun, Feb-26-2023","North Carolina State, Temple",,9.6500,,,,H,LIU,31778,Kira Sanchez
"Fri, Mar-03-2023","Eastern Michigan, Michigan State",,9.6750,,,,A,LIU,31778,Kira Sanchez
"Sun, Mar-05-2023","Bowling Green, Michigan State",,9.7000,,,,A,LIU,31778,Kira Sanchez
"Fri, Mar-10-2023",Pittsburgh,,9.6250,,,,A,LIU,31778,Kira Sanchez
"Sat, Mar-18-2023","George Washington, New Hampshire, North Carolina, North Carolina State, Pittsburgh, Temple, Towson",,9.6500,,,,A,LIU,31778,Kira Sanchez
"Sun, Jan-08-2023",Yale,9.7500,9.7500,,,,H,LIU,31943,Isabella Savino
"Fri, Jan-13-2023","Penn State, Pennsylvania, Southern Conn.",9.6750,9.5000,,,,A,LIU,31943,Isabella Savino
"Sun, Jan-29-2023",Cornell,9.7250,,,,,A,LIU,31943,Isabella Savino
"Sun, Feb-12-2023","George Washington, New Hampshire, North Carolina",9.6500,9.5000,,,,A,LIU,31943,Isabella Savino
"Fri, Jan-13-2023","Penn State, Pennsylvania, Southern Conn.",,,9.6250,8.5500,,A,LIU,31945,Elizabeth Switzer
"Sun, Jan-08-2023",Yale,,9.9250,,,,H,LIU,30948,Mara Titarsolej
"Fri, Jan-13-2023","Penn State, Pennsylvania, Southern Conn.",,9.9000,,,,A,LIU,30948,Mara Titarsolej
"Fri, Jan-20-2023","Bridgeport, Cornell, Temple",,9.9500,,,,A,LIU,30948,Mara Titarsolej
"Sun, Jan-29-2023",Cornell,,9.9500,9.1500,,,A,LIU,30948,Mara Titarsolej
"Sun, Feb-12-2023","George Washington, New Hampshire, North Carolina",,9.9500,,,,A,LIU,30948,Mara Titarsolej
"Sat, Feb-18-2023",Towson,,9.9000,,,,H,LIU,30948,Mara Titarsolej
"Mon, Feb-20-2023","Bridgeport, Brown, Towson",,9.9500,9.8750,,,H,LIU,30948,Mara Titarsolej
"Sun, Feb-26-2023","North Carolina State, Temple",,9.9500,9.7000,,,H,LIU,30948,Mara Titarsolej
"Fri, Mar-03-2023","Eastern Michigan, Michigan State",,9.8750,9.8000,,,A,LIU,30948,Mara Titarsolej
"Sun, Mar-05-2023","Bowling Green, Michigan State",,9.9250,9.7250,,,A,LIU,30948,Mara Titarsolej
"Fri, Mar-10-2023",Pittsburgh,,9.8000,9.8250,,,A,LIU,30948,Mara Titarsolej
"Sat, Mar-18-2023","George Washington, New Hampshire, North Carolina, North Carolina State, Pittsburgh, Temple, Towson",,9.8750,9.8250,,,A,LIU,30948,Mara Titarsolej
"Thu, Mar-30-2023",,,9.8750,,,,A,LIU,30948,Mara Titarsolej
"Fri, Jan-20-2023","Bridgeport, Cornell, Temple",,9.1250,,,,A,LIU,31944,Kayla Toniolo
"Fri, Jan-06-2023",Utah,9.8500,9.7500,,,,A,LSU,30949,Elena Arenas
"Fri, Jan-13-2023",Kentucky,9.8000,9.8250,9.9250,,,A,LSU,30949,Elena Arenas
"Mon, Jan-16-2023",Oklahoma,9.7750,9.8750,9.8750,,,H,LSU,30949,Elena Arenas
"Fri, Jan-20-2023",Missouri,9.8250,9.8500,9.7500,,,H,LSU,30949,Elena Arenas
"Fri, Jan-27-2023",Arkansas,9.8250,9.8750,9.7750,,,A,LSU,30949,Elena Arenas
"Fri, Feb-03-2023",Georgia,9.7750,8.9750,9.7750,,,H,LSU,30949,Elena Arenas
"Fri, Feb-10-2023",Auburn,9.8000,,9.7500,,,A,LSU,30949,Elena Arenas
"Fri, Feb-17-2023",Florida,9.8750,9.9000,9.8250,9.8250,39.4250,H,LSU,30949,Elena Arenas
"Fri, Feb-24-2023",Alabama,9.9250,,9.8500,9.8250,,A,LSU,30949,Elena Arenas
"Fri, Mar-03-2023","California, George Washington, Washington",9.9000,,9.8250,9.8750,,A,LSU,30949,Elena Arenas
"Fri, Mar-10-2023",West Virginia,9.8750,8.9750,9.8500,9.9250,38.6250,H,LSU,30949,Elena Arenas
"Sat, Mar-18-2023","Alabama, Arkansas, Auburn, Florida, Georgia, Kentucky, Missouri",9.9000,,9.8000,9.8000,,A,LSU,30949,Elena Arenas
"Fri, Mar-31-2023",,9.8500,,9.8250,9.9000,,A,LSU,30949,Elena Arenas
"Sun, Apr-02-2023",,9.9000,,9.8500,9.8750,,A,LSU,30949,Elena Arenas
"Thu, Apr-13-2023","Alabama, Arizona State, Arkansas, Auburn, Boise State, California, Denver, Florida, Kentucky, Michigan, Michigan State, Missouri, Ohio State, Oklahoma, Oregon State, Penn State, Stanford, UCLA, Utah",9.8250,,9.7375,,,A,LSU,30949,Elena Arenas
"Sat, Apr-15-2023","Alabama, California, Denver, Florida, Kentucky, Oklahoma, UCLA, Utah",9.9000,,9.4750,9.8125,,A,LSU,30949,Elena Arenas
"Fri, Jan-06-2023",Utah,,,,9.8250,,A,LSU,30950,Sierra Ballard
"Fri, Jan-13-2023",Kentucky,,,,9.8500,,A,LSU,30950,Sierra Ballard
"Mon, Jan-16-2023",Oklahoma,,,9.8250,9.9000,,H,LSU,30950,Sierra Ballard
"Fri, Jan-20-2023",Missouri,,,9.6500,9.8500,,H,LSU,30950,Sierra Ballard
"Fri, Jan-27-2023",Arkansas,,,9.7500,9.8250,,A,LSU,30950,Sierra Ballard
"Fri, Feb-03-2023",Georgia,,,9.8250,9.8750,,H,LSU,30950,Sierra Ballard
"Fri, Feb-10-2023",Auburn,,,9.8250,9.8250,,A,LSU,30950,Sierra Ballard
"Fri, Feb-17-2023",Florida,,,,9.8750,,H,LSU,30950,Sierra Ballard
"Fri, Feb-24-2023",Alabama,,,9.9250,9.8500,,A,LSU,30950,Sierra Ballard
"Fri, Mar-03-2023","California, George Washington, Washington",,,9.9000,9.8500,,A,LSU,30950,Sierra Ballard
"Fri, Mar-10-2023",West Virginia,,,9.8250,9.9250,,H,LSU,30950,Sierra Ballard
"Sat, Mar-18-2023","Alabama, Arkansas, Auburn, Florida, Georgia, Kentucky, Missouri",,,9.8500,9.9000,,A,LSU,30950,Sierra Ballard
"Fri, Mar-31-2023",,,,9.8500,9.8750,,A,LSU,30950,Sierra Ballard
"Sun, Apr-02-2023",,,,9.8000,9.8500,,A,LSU,30950,Sierra Ballard
"Thu, Apr-13-2023","Alabama, Arizona State, Arkansas, Auburn, Boise State, California, Denver, Florida, Kentucky, Michigan, Michigan State, Missouri, Ohio State, Oklahoma, Oregon State, Penn State, Stanford, UCLA, Utah",,,9.8125,9.8000,,A,LSU,30950,Sierra Ballard
"Sat, Apr-15-2023","Alabama, California, Denver, Florida, Kentucky, Oklahoma, UCLA, Utah",,,9.8250,9.8125,,A,LSU,30950,Sierra Ballard
"Mon, Jan-16-2023",Oklahoma,9.8000,,,9.1500,,H,LSU,30951,Chase Brock
"Fri, Jan-20-2023",Missouri,9.8500,,,9.7000,,H,LSU,30951,Chase Brock
"Fri, Jan-27-2023",Arkansas,9.9000,,,9.8250,,A,LSU,30951,Chase Brock
"Fri, Feb-03-2023",Georgia,9.9500,,,9.0750,,H,LSU,30951,Chase Brock
"Fri, Feb-10-2023",Auburn,9.7000,,,9.7750,,A,LSU,30951,Chase Brock
"Fri, Feb-17-2023",Florida,9.8250,,,,,H,LSU,30951,Chase Brock
"Fri, Feb-24-2023",Alabama,9.9750,,,9.9250,,A,LSU,30951,Chase Brock
"Fri, Mar-03-2023","California, George Washington, Washington",9.9750,,,9.9250,,A,LSU,30951,Chase Brock
"Fri, Mar-10-2023",West Virginia,9.7500,,,9.7000,,H,LSU,30951,Chase Brock
"Sat, Mar-18-2023","Alabama, Arkansas, Auburn, Florida, Georgia, Kentucky, Missouri",9.2500,,,9.9250,,A,LSU,30951,Chase Brock
"Fri, Mar-31-2023",,9.8000,,,9.9250,,A,LSU,30951,Chase Brock
"Sun, Apr-02-2023",,9.9000,,,9.8500,,A,LSU,30951,Chase Brock
"Thu, Apr-13-2023","Alabama, Arizona State, Arkansas, Auburn, Boise State, California, Denver, Florida, Kentucky, Michigan, Michigan State, Missouri, Ohio State, Oklahoma, Oregon State, Penn State, Stanford, UCLA, Utah",9.8500,,,9.0000,,A,LSU,30951,Chase Brock
"Sat, Apr-15-2023","Alabama, California, Denver, Florida, Kentucky, Oklahoma, UCLA, Utah",9.8875,,,9.9250,,A,LSU,30951,Chase Brock
"Fri, Jan-06-2023",Utah,9.9000,9.8250,9.8500,9.8750,39.4500,A,LSU,30952,Haleigh Bryant
"Fri, Jan-13-2023",Kentucky,9.9000,9.9500,9.9500,9.7750,39.5750,A,LSU,30952,Haleigh Bryant
"Mon, Jan-16-2023",Oklahoma,9.9250,9.9000,9.9500,9.9000,39.6750,H,LSU,30952,Haleigh Bryant
"Fri, Jan-20-2023",Missouri,10.0000,9.9000,9.9000,9.9500,39.7500,H,LSU,30952,Haleigh Bryant
"Fri, Jan-27-2023",Arkansas,9.9500,9.8500,9.9000,9.8750,39.5750,A,LSU,30952,Haleigh Bryant
"Fri, Feb-03-2023",Georgia,9.9750,9.9000,9.9000,9.9250,39.7000,H,LSU,30952,Haleigh Bryant
"Fri, Feb-10-2023",Auburn,9.9000,9.9500,9.9000,9.8500,39.6000,A,LSU,30952,Haleigh Bryant
"Fri, Feb-17-2023",Florida,9.9750,9.9500,9.9250,9.9250,39.7750,H,LSU,30952,Haleigh Bryant
"Fri, Feb-24-2023",Alabama,10.0000,9.9250,9.9000,9.9750,39.8000,A,LSU,30952,Haleigh Bryant
"Fri, Mar-03-2023","California, George Washington, Washington",9.9750,9.9000,9.8500,9.9750,39.7000,A,LSU,30952,Haleigh Bryant
"Fri, Mar-10-2023",West Virginia,10.0000,10.0000,9.8750,10.0000,39.8750,H,LSU,30952,Haleigh Bryant
"Sat, Mar-18-2023","Alabama, Arkansas, Auburn, Florida, Georgia, Kentucky, Missouri",9.9000,9.8750,9.8250,9.9500,39.5500,A,LSU,30952,Haleigh Bryant
"Fri, Mar-31-2023",,9.8750,9.9250,9.9500,9.9500,39.7000,A,LSU,30952,Haleigh Bryant
"Sun, Apr-02-2023",,9.8750,9.9750,9.9500,9.9500,39.7500,A,LSU,30952,Haleigh Bryant
"Thu, Apr-13-2023","Alabama, Arizona State, Arkansas, Auburn, Boise State, California, Denver, Florida, Kentucky, Michigan, Michigan State, Missouri, Ohio State, Oklahoma, Oregon State, Penn State, Stanford, UCLA, Utah",9.8625,9.9375,9.9375,9.9500,39.6875,A,LSU,30952,Haleigh Bryant
"Sat, Apr-15-2023","Alabama, California, Denver, Florida, Kentucky, Oklahoma, UCLA, Utah",9.9875,9.9500,9.8500,9.9375,39.7250,A,LSU,30952,Haleigh Bryant
"Fri, Feb-10-2023",Auburn,,9.7750,,,,A,LSU,31947,Ashley Cowan
"Fri, Mar-03-2023","California, George Washington, Washington",,9.8500,,,,A,LSU,31947,Ashley Cowan
"Fri, Mar-10-2023",West Virginia,,9.9000,,,,H,LSU,31947,Ashley Cowan
"Sun, Apr-02-2023",,,9.8500,,,,A,LSU,31947,Ashley Cowan
"Thu, Apr-13-2023","Alabama, Arizona State, Arkansas, Auburn, Boise State, California, Denver, Florida, Kentucky, Michigan, Michigan State, Missouri, Ohio State, Oklahoma, Oregon State, Penn State, Stanford, UCLA, Utah",,9.8750,,,,A,LSU,31947,Ashley Cowan
"Sat, Apr-15-2023","Alabama, California, Denver, Florida, Kentucky, Oklahoma, UCLA, Utah",,9.8250,,,,A,LSU,31947,Ashley Cowan
"Fri, Feb-24-2023",Alabama,,9.8250,,,,A,LSU,30953,Olivia Dunne
"Fri, Mar-03-2023","California, George Washington, Washington",,9.8250,,,,A,LSU,30953,Olivia Dunne
"Sat, Mar-18-2023","Alabama, Arkansas, Auburn, Florida, Georgia, Kentucky, Missouri",,9.8500,,,,A,LSU,30953,Olivia Dunne
"Fri, Mar-31-2023",,,9.6500,,,,A,LSU,30953,Olivia Dunne
"Fri, Jan-06-2023",Utah,9.8500,9.7500,9.9000,9.9500,39.4500,A,LSU,31367,Aleah Finnegan
"Fri, Jan-13-2023",Kentucky,9.7500,9.9000,9.7750,9.5000,38.9250,A,LSU,31367,Aleah Finnegan
"Mon, Jan-16-2023",Oklahoma,9.8500,9.9250,9.7750,9.9500,39.5000,H,LSU,31367,Aleah Finnegan
"Fri, Jan-20-2023",Missouri,9.8500,9.8500,9.9500,9.3750,39.0250,H,LSU,31367,Aleah Finnegan
"Fri, Jan-27-2023",Arkansas,9.6750,9.8500,9.9250,9.9000,39.3500,A,LSU,31367,Aleah Finnegan
"Fri, Feb-03-2023",Georgia,9.9000,9.8500,9.9000,10.0000,39.6500,H,LSU,31367,Aleah Finnegan
"Fri, Feb-10-2023",Auburn,10.0000,9.8750,9.9500,9.9750,39.8000,A,LSU,31367,Aleah Finnegan
"Fri, Feb-17-2023",Florida,9.9500,9.8500,10.0000,9.9000,39.7000,H,LSU,31367,Aleah Finnegan
"Fri, Feb-24-2023",Alabama,9.9000,9.2000,9.9750,10.0000,39.0750,A,LSU,31367,Aleah Finnegan
"Fri, Mar-10-2023",West Virginia,9.8000,9.9250,9.9750,9.9250,39.6250,H,LSU,31367,Aleah Finnegan
"Sat, Mar-18-2023","Alabama, Arkansas, Auburn, Florida, Georgia, Kentucky, Missouri",9.9000,9.8500,9.9250,9.9500,39.6250,A,LSU,31367,Aleah Finnegan
"Fri, Mar-31-2023",,9.8500,9.8500,9.0500,9.1750,37.9250,A,LSU,31367,Aleah Finnegan
"Sun, Apr-02-2023",,9.8500,9.8500,9.9000,9.8500,39.4500,A,LSU,31367,Aleah Finnegan
"Thu, Apr-13-2023","Alabama, Arizona State, Arkansas, Auburn, Boise State, California, Denver, Florida, Kentucky, Michigan, Michigan State, Missouri, Ohio State, Oklahoma, Oregon State, Penn State, Stanford, UCLA, Utah",9.8500,9.9250,9.9125,9.9625,39.6500,A,LSU,31367,Aleah Finnegan
"Sat, Apr-15-2023","Alabama, California, Denver, Florida, Kentucky, Oklahoma, UCLA, Utah",9.8625,9.8250,9.9250,9.9250,39.5375,A,LSU,31367,Aleah Finnegan
"Fri, Jan-06-2023",Utah,,9.8750,,,,A,LSU,31793,Alexis Jeffrey
"Fri, Jan-13-2023",Kentucky,,9.9000,,,,A,LSU,31793,Alexis Jeffrey
"Mon, Jan-16-2023",Oklahoma,,9.8000,,,,H,LSU,31793,Alexis Jeffrey
"Fri, Jan-20-2023",Missouri,,9.9250,,,,H,LSU,31793,Alexis Jeffrey
"Fri, Jan-27-2023",Arkansas,,9.8500,,,,A,LSU,31793,Alexis Jeffrey
"Fri, Feb-03-2023",Georgia,,9.9000,,,,H,LSU,31793,Alexis Jeffrey
"Fri, Feb-10-2023",Auburn,,9.6750,,,,A,LSU,31793,Alexis Jeffrey
"Fri, Feb-17-2023",Florida,,9.9000,,,,H,LSU,31793,Alexis Jeffrey
"Fri, Feb-24-2023",Alabama,,9.8000,9.9000,9.7500,,A,LSU,31793,Alexis Jeffrey
"Fri, Mar-03-2023","California, George Washington, Washington",,9.9000,9.8500,9.7500,,A,LSU,31793,Alexis Jeffrey
"Fri, Mar-10-2023",West Virginia,,9.7750,9.9000,,,H,LSU,31793,Alexis Jeffrey
"Sat, Mar-18-2023","Alabama, Arkansas, Auburn, Florida, Georgia, Kentucky, Missouri",,9.8500,9.8750,,,A,LSU,31793,Alexis Jeffrey
"Fri, Mar-31-2023",,,9.9000,9.9000,,,A,LSU,31793,Alexis Jeffrey
"Sun, Apr-02-2023",,,9.9500,9.8500,,,A,LSU,31793,Alexis Jeffrey
"Thu, Apr-13-2023","Alabama, Arizona State, Arkansas, Auburn, Boise State, California, Denver, Florida, Kentucky, Michigan, Michigan State, Missouri, Ohio State, Oklahoma, Oregon State, Penn State, Stanford, UCLA, Utah",,9.7750,9.8375,,,A,LSU,31793,Alexis Jeffrey
"Sat, Apr-15-2023","Alabama, California, Denver, Florida, Kentucky, Oklahoma, UCLA, Utah",,9.8375,9.8250,,,A,LSU,31793,Alexis Jeffrey
"Fri, Jan-06-2023",Utah,9.8750,9.7750,9.8500,9.9000,39.3500,A,LSU,30435,Kiya Johnson
"Fri, Jan-13-2023",Kentucky,9.8750,9.9000,,9.1500,,A,LSU,30435,Kiya Johnson
"Fri, Jan-06-2023",Utah,9.7750,,9.7250,9.5000,,A,LSU,31368,KJ Johnson
"Fri, Jan-13-2023",Kentucky,9.8750,,9.5750,9.8500,,A,LSU,31368,KJ Johnson
"Mon, Jan-16-2023",Oklahoma,9.8750,,9.7500,9.7750,,H,LSU,31368,KJ Johnson
"Fri, Jan-20-2023",Missouri,9.9000,,,9.9250,,H,LSU,31368,KJ Johnson
"Fri, Jan-27-2023",Arkansas,9.9500,,,9.8750,,A,LSU,31368,KJ Johnson
"Fri, Feb-03-2023",Georgia,9.8750,,,9.9500,,H,LSU,31368,KJ Johnson
"Fri, Feb-10-2023",Auburn,9.7250,,,9.8750,,A,LSU,31368,KJ Johnson
"Fri, Feb-17-2023",Florida,9.8500,,9.8750,9.9500,,H,LSU,31368,KJ Johnson
"Sun, Apr-02-2023",,9.8500,,,,,A,LSU,31368,KJ Johnson
"Thu, Apr-13-2023","Alabama, Arizona State, Arkansas, Auburn, Boise State, California, Denver, Florida, Kentucky, Michigan, Michigan State, Missouri, Ohio State, Oklahoma, Oregon State, Penn State, Stanford, UCLA, Utah",,,,9.8750,,A,LSU,31368,KJ Johnson
"Fri, Jan-06-2023",Utah,,,9.7000,,,A,LSU,30436,Kai Rivers
"Fri, Jan-13-2023",Kentucky,,,9.8500,,,A,LSU,30436,Kai Rivers
"Mon, Jan-16-2023",Oklahoma,,,9.8000,,,H,LSU,30436,Kai Rivers
"Fri, Jan-20-2023",Missouri,,,9.1750,,,H,LSU,30436,Kai Rivers
"Fri, Jan-27-2023",Arkansas,,,9.7000,,,A,LSU,30436,Kai Rivers
"Fri, Feb-03-2023",Georgia,,,9.6250,,,H,LSU,30436,Kai Rivers
"Fri, Feb-10-2023",Auburn,,,9.9000,,,A,LSU,30436,Kai Rivers
"Fri, Feb-17-2023",Florida,,,9.9000,,,H,LSU,30436,Kai Rivers
"Fri, Feb-24-2023",Alabama,,,9.7000,,,A,LSU,30436,Kai Rivers
"Fri, Jan-06-2023",Utah,9.8250,9.7750,,9.8250,,A,LSU,30438,Alyona Shchennikova
"Fri, Jan-13-2023",Kentucky,9.1250,9.6750,,9.8500,,A,LSU,30438,Alyona Shchennikova
"Mon, Jan-16-2023",Oklahoma,9.8750,9.8750,,9.9250,,H,LSU,30438,Alyona Shchennikova
"Fri, Jan-20-2023",Missouri,9.8750,9.7750,9.7000,9.8750,39.2250,H,LSU,30438,Alyona Shchennikova
"Fri, Jan-27-2023",Arkansas,9.8750,9.8750,9.8000,9.8000,39.3500,A,LSU,30438,Alyona Shchennikova
"Fri, Feb-03-2023",Georgia,9.7500,9.8750,9.8500,9.9250,39.4000,H,LSU,30438,Alyona Shchennikova
"Fri, Feb-10-2023",Auburn,9.9250,9.8250,9.8500,9.9250,39.5250,A,LSU,30438,Alyona Shchennikova
"Fri, Feb-17-2023",Florida,9.8250,9.8500,9.8500,9.9250,39.4500,H,LSU,30438,Alyona Shchennikova
"Fri, Feb-24-2023",Alabama,9.4000,9.7500,,,,A,LSU,30438,Alyona Shchennikova
"Fri, Mar-03-2023","California, George Washington, Washington",9.8500,9.8000,9.7250,9.9000,39.2750,A,LSU,30438,Alyona Shchennikova
"Fri, Mar-10-2023",West Virginia,9.8500,,9.8750,9.9750,,H,LSU,30438,Alyona Shchennikova
"Sat, Mar-18-2023","Alabama, Arkansas, Auburn, Florida, Georgia, Kentucky, Missouri",9.8750,9.8000,9.8750,9.9000,39.4500,A,LSU,30438,Alyona Shchennikova
"Fri, Mar-31-2023",,9.8500,9.8500,9.8000,9.8750,39.3750,A,LSU,30438,Alyona Shchennikova
"Sun, Apr-02-2023",,9.8250,9.8250,9.8750,9.9000,39.4250,A,LSU,30438,Alyona Shchennikova
"Thu, Apr-13-2023","Alabama, Arizona State, Arkansas, Auburn, Boise State, California, Denver, Florida, Kentucky, Michigan, Michigan State, Missouri, Ohio State, Oklahoma, Oregon State, Penn State, Stanford, UCLA, Utah",9.8375,9.8625,9.7750,9.8875,39.3625,A,LSU,30438,Alyona Shchennikova
"Sat, Apr-15-2023","Alabama, California, Denver, Florida, Kentucky, Oklahoma, UCLA, Utah",9.8250,9.8000,9.8125,9.8500,39.2875,A,LSU,30438,Alyona Shchennikova
"Mon, Jan-16-2023",Oklahoma,,9.8750,,,,H,LSU,31369,Tori Tatum
"Fri, Jan-20-2023",Missouri,,9.9000,,,,H,LSU,31369,Tori Tatum
"Fri, Jan-27-2023",Arkansas,,9.8500,,,,A,LSU,31369,Tori Tatum
"Fri, Feb-03-2023",Georgia,,9.7750,,,,H,LSU,31369,Tori Tatum
"Fri, Feb-10-2023",Auburn,,9.8500,,,,A,LSU,31369,Tori Tatum
"Fri, Feb-17-2023",Florida,,9.9000,,,,H,LSU,31369,Tori Tatum
"Fri, Feb-24-2023",Alabama,,9.8750,,,,A,LSU,31369,Tori Tatum
"Fri, Mar-03-2023","California, George Washington, Washington",8.7500,9.8750,,,,A,LSU,31369,Tori Tatum
"Fri, Mar-10-2023",West Virginia,,9.9000,,,,H,LSU,31369,Tori Tatum
"Sat, Mar-18-2023","Alabama, Arkansas, Auburn, Florida, Georgia, Kentucky, Missouri",,9.9000,,,,A,LSU,31369,Tori Tatum
"Fri, Mar-31-2023",,,9.7500,,,,A,LSU,31369,Tori Tatum
"Sun, Apr-02-2023",,,9.9000,,,,A,LSU,31369,Tori Tatum
"Thu, Apr-13-2023","Alabama, Arizona State, Arkansas, Auburn, Boise State, California, Denver, Florida, Kentucky, Michigan, Michigan State, Missouri, Ohio State, Oklahoma, Oregon State, Penn State, Stanford, UCLA, Utah",,9.8750,,,,A,LSU,31369,Tori Tatum
"Sat, Apr-15-2023","Alabama, California, Denver, Florida, Kentucky, Oklahoma, UCLA, Utah",,9.8750,,,,A,LSU,31369,Tori Tatum
"Fri, Jan-06-2023",Utah,,,9.7750,,,A,LSU,31948,Bryce Wilson
"Fri, Jan-13-2023",Kentucky,,,8.6000,,,A,LSU,31948,Bryce Wilson
"Fri, Feb-24-2023",Alabama,9.8750,,,,,A,LSU,31948,Bryce Wilson
"Fri, Mar-03-2023","California, George Washington, Washington",9.8500,,9.8500,,,A,LSU,31948,Bryce Wilson
"Fri, Mar-10-2023",West Virginia,9.7750,,,,,H,LSU,31948,Bryce Wilson
"Sat, Mar-18-2023","Alabama, Arkansas, Auburn, Florida, Georgia, Kentucky, Missouri",9.9250,,,,,A,LSU,31948,Bryce Wilson
"Fri, Mar-31-2023",,9.8250,,,,,A,LSU,31948,Bryce Wilson
"Thu, Apr-13-2023","Alabama, Arizona State, Arkansas, Auburn, Boise State, California, Denver, Florida, Kentucky, Michigan, Michigan State, Missouri, Ohio State, Oklahoma, Oregon State, Penn State, Stanford, UCLA, Utah",9.8500,,,,,A,LSU,31948,Bryce Wilson
"Sat, Apr-15-2023","Alabama, California, Denver, Florida, Kentucky, Oklahoma, UCLA, Utah",9.8875,,,,,A,LSU,31948,Bryce Wilson
"Thu, Mar-02-2023","Temple, Towson, West Chester",,9.8750,,,,A,Maryland,31371,Tasha Brozowski
"Sun, Mar-05-2023","Brown, New Hampshire, Pennsylvania",,9.8000,,,,H,Maryland,31371,Tasha Brozowski
"Fri, Mar-10-2023","George Washington, Towson, William & Mary",,9.8000,,,,A,Maryland,31371,Tasha Brozowski
"Sun, Mar-12-2023","George Washington, Temple, Towson, Yale",,9.8250,,,,H,Maryland,31371,Tasha Brozowski
"Sat, Mar-18-2023","Illinois, Iowa, Michigan, Michigan State, Minnesota, Nebraska, Ohio State, Penn State, Rutgers",,9.7500,,,,A,Maryland,31371,Tasha Brozowski
"Fri, Mar-31-2023",,,9.8500,,,,A,Maryland,31371,Tasha Brozowski
"Fri, Jan-13-2023","Kent State, West Virginia",,9.8000,9.6000,,,A,Maryland,30954,Elizabeth Debarberie
"Sat, Jan-21-2023",Nebraska,,9.8000,,,,A,Maryland,30954,Elizabeth Debarberie
"Sun, Jan-29-2023",Michigan State,,9.8750,9.8000,,,H,Maryland,30954,Elizabeth Debarberie
"Sun, Feb-05-2023",Ohio State,,9.8250,9.2250,,,A,Maryland,30954,Elizabeth Debarberie
"Sat, Feb-11-2023",Rutgers,,9.8750,9.1250,,,A,Maryland,30954,Elizabeth Debarberie
"Fri, Feb-17-2023",Southern Conn.,,9.8250,9.7750,,,H,Maryland,30954,Elizabeth Debarberie
"Sun, Feb-19-2023",Minnesota,,9.8000,9.8250,,,H,Maryland,30954,Elizabeth Debarberie
"Fri, Feb-24-2023","Illinois, Iowa, Michigan, Nebraska, Penn State",,9.0000,,,,A,Maryland,30954,Elizabeth Debarberie
"Fri, Mar-10-2023","George Washington, Towson, William & Mary",,,9.8250,,,A,Maryland,30954,Elizabeth Debarberie
"Sun, Mar-12-2023","George Washington, Temple, Towson, Yale",,,9.8000,,,H,Maryland,30954,Elizabeth Debarberie
"Sat, Mar-18-2023","Illinois, Iowa, Michigan, Michigan State, Minnesota, Nebraska, Ohio State, Penn State, Rutgers",,,9.7750,,,A,Maryland,30954,Elizabeth Debarberie
"Fri, Mar-31-2023",,,,9.8250,,,A,Maryland,30954,Elizabeth Debarberie
"Fri, Jan-13-2023","Kent State, West Virginia",,9.7750,9.6250,,,A,Maryland,32162,Victoria Gatzendorfer
"Sat, Jan-21-2023",Nebraska,,9.8000,9.6750,,,A,Maryland,32162,Victoria Gatzendorfer
"Sun, Jan-29-2023",Michigan State,,9.8000,9.8000,,,H,Maryland,32162,Victoria Gatzendorfer
"Sun, Feb-05-2023",Ohio State,,9.7750,9.7500,,,A,Maryland,32162,Victoria Gatzendorfer
"Sat, Feb-11-2023",Rutgers,,9.8250,9.8250,,,A,Maryland,32162,Victoria Gatzendorfer
"Fri, Feb-17-2023",Southern Conn.,,9.8000,9.7750,,,H,Maryland,32162,Victoria Gatzendorfer
"Sun, Feb-19-2023",Minnesota,,9.7750,9.7750,,,H,Maryland,32162,Victoria Gatzendorfer
"Fri, Feb-24-2023","Illinois, Iowa, Michigan, Nebraska, Penn State",,9.7750,8.6500,,,A,Maryland,32162,Victoria Gatzendorfer
"Thu, Mar-02-2023","Temple, Towson, West Chester",,9.0000,9.7000,,,A,Maryland,32162,Victoria Gatzendorfer
"Sun, Mar-05-2023","Brown, New Hampshire, Pennsylvania",,9.8750,9.8500,,,H,Maryland,32162,Victoria Gatzendorfer
"Fri, Mar-10-2023","George Washington, Towson, William & Mary",,9.8000,8.8000,,,A,Maryland,32162,Victoria Gatzendorfer
"Sun, Mar-12-2023","George Washington, Temple, Towson, Yale",,9.7000,,,,H,Maryland,32162,Victoria Gatzendorfer
"Sat, Mar-18-2023","Illinois, Iowa, Michigan, Michigan State, Minnesota, Nebraska, Ohio State, Penn State, Rutgers",,9.7750,,,,A,Maryland,32162,Victoria Gatzendorfer
"Fri, Mar-31-2023",,,9.8000,,,,A,Maryland,32162,Victoria Gatzendorfer
"Sat, Feb-11-2023",Rutgers,,,,,,A,Maryland,30955,Samantha Gilbert
"Fri, Jan-13-2023","Kent State, West Virginia",9.8250,,9.5500,,,A,Maryland,31373,Josephine Kogler
"Sat, Jan-21-2023",Nebraska,9.8000,,9.8500,,,A,Maryland,31373,Josephine Kogler
"Sun, Jan-29-2023",Michigan State,9.7500,,9.7750,,,H,Maryland,31373,Josephine Kogler
"Sun, Feb-05-2023",Ohio State,9.7750,,9.9000,,,A,Maryland,31373,Josephine Kogler
"Sat, Feb-11-2023",Rutgers,9.8000,,9.9250,,,A,Maryland,31373,Josephine Kogler
"Fri, Feb-17-2023",Southern Conn.,9.8500,,9.9000,,,H,Maryland,31373,Josephine Kogler
"Sun, Feb-19-2023",Minnesota,9.7750,,9.8250,,,H,Maryland,31373,Josephine Kogler
"Fri, Feb-24-2023","Illinois, Iowa, Michigan, Nebraska, Penn State",9.8500,,9.9000,,,A,Maryland,31373,Josephine Kogler
"Thu, Mar-02-2023","Temple, Towson, West Chester",9.8750,,9.8250,,,A,Maryland,31373,Josephine Kogler
"Sun, Mar-05-2023","Brown, New Hampshire, Pennsylvania",9.6500,,9.8500,,,H,Maryland,31373,Josephine Kogler
"Fri, Mar-10-2023","George Washington, Towson, William & Mary",9.6750,,8.8750,,,A,Maryland,31373,Josephine Kogler
"Sun, Mar-12-2023","George Washington, Temple, Towson, Yale",9.8250,,9.9000,,,H,Maryland,31373,Josephine Kogler
"Sat, Mar-18-2023","Illinois, Iowa, Michigan, Michigan State, Minnesota, Nebraska, Ohio State, Penn State, Rutgers",9.8250,,9.7000,,,A,Maryland,31373,Josephine Kogler
"Fri, Mar-31-2023",,9.8000,,9.9000,,,A,Maryland,31373,Josephine Kogler
"Fri, Jan-13-2023","Kent State, West Virginia",,,9.7250,,,A,Maryland,32163,Madeline Komoroski
"Sat, Jan-21-2023",Nebraska,,,9.8750,,,A,Maryland,32163,Madeline Komoroski
"Sun, Jan-29-2023",Michigan State,,,9.8250,,,H,Maryland,32163,Madeline Komoroski
"Sun, Feb-05-2023",Ohio State,,,9.8500,,,A,Maryland,32163,Madeline Komoroski
"Sat, Feb-11-2023",Rutgers,,,9.9000,9.8500,,A,Maryland,32163,Madeline Komoroski
"Fri, Feb-17-2023",Southern Conn.,,,9.9000,9.8500,,H,Maryland,32163,Madeline Komoroski
"Sun, Feb-19-2023",Minnesota,,,9.8250,9.9250,,H,Maryland,32163,Madeline Komoroski
"Fri, Feb-24-2023","Illinois, Iowa, Michigan, Nebraska, Penn State",,,9.8250,9.8250,,A,Maryland,32163,Madeline Komoroski
"Thu, Mar-02-2023","Temple, Towson, West Chester",,,9.7500,9.8250,,A,Maryland,32163,Madeline Komoroski
"Sun, Mar-05-2023","Brown, New Hampshire, Pennsylvania",,,9.9000,9.9250,,H,Maryland,32163,Madeline Komoroski
"Fri, Mar-10-2023","George Washington, Towson, William & Mary",,,9.8750,9.9000,,A,Maryland,32163,Madeline Komoroski
"Sun, Mar-12-2023","George Washington, Temple, Towson, Yale",,,9.8750,9.8750,,H,Maryland,32163,Madeline Komoroski
"Sat, Mar-18-2023","Illinois, Iowa, Michigan, Michigan State, Minnesota, Nebraska, Ohio State, Penn State, Rutgers",,,9.3250,9.8000,,A,Maryland,32163,Madeline Komoroski
"Fri, Mar-31-2023",,,,9.8500,9.8750,,A,Maryland,32163,Madeline Komoroski
"Fri, Jan-13-2023","Kent State, West Virginia",,9.8000,,,,A,Maryland,31374,Sierra Kondo
"Sat, Jan-21-2023",Nebraska,,9.7500,,,,A,Maryland,31374,Sierra Kondo
"Sun, Jan-29-2023",Michigan State,,9.9000,,,,H,Maryland,31374,Sierra Kondo
"Sun, Feb-05-2023",Ohio State,,9.8250,,,,A,Maryland,31374,Sierra Kondo
"Sat, Feb-11-2023",Rutgers,,9.9000,,,,A,Maryland,31374,Sierra Kondo
"Fri, Feb-17-2023",Southern Conn.,,9.2750,,,,H,Maryland,31374,Sierra Kondo
"Sun, Feb-19-2023",Minnesota,,9.9000,,,,H,Maryland,31374,Sierra Kondo
"Fri, Feb-24-2023","Illinois, Iowa, Michigan, Nebraska, Penn State",,9.8250,,,,A,Maryland,31374,Sierra Kondo
"Thu, Mar-02-2023","Temple, Towson, West Chester",,9.8250,,,,A,Maryland,31374,Sierra Kondo
"Sun, Mar-05-2023","Brown, New Hampshire, Pennsylvania",,9.2000,,,,H,Maryland,31374,Sierra Kondo
"Fri, Mar-10-2023","George Washington, Towson, William & Mary",,9.8000,,,,A,Maryland,31374,Sierra Kondo
"Sun, Mar-12-2023","George Washington, Temple, Towson, Yale",,9.9250,,,,H,Maryland,31374,Sierra Kondo
"Sat, Mar-18-2023","Illinois, Iowa, Michigan, Michigan State, Minnesota, Nebraska, Ohio State, Penn State, Rutgers",,9.8500,,,,A,Maryland,31374,Sierra Kondo
"Fri, Mar-31-2023",,,9.8750,,,,A,Maryland,31374,Sierra Kondo
"Fri, Jan-13-2023","Kent State, West Virginia",,9.6750,,9.7500,,A,Maryland,31375,Rhea Leblanc
"Sat, Jan-21-2023",Nebraska,,9.7250,,9.8250,,A,Maryland,31375,Rhea Leblanc
"Sun, Jan-29-2023",Michigan State,,9.8250,,9.6000,,H,Maryland,31375,Rhea Leblanc
"Sun, Feb-05-2023",Ohio State,,9.7500,,9.8000,,A,Maryland,31375,Rhea Leblanc
"Sat, Feb-11-2023",Rutgers,,9.8500,,9.8750,,A,Maryland,31375,Rhea Leblanc
"Fri, Feb-17-2023",Southern Conn.,,9.7250,,9.6750,,H,Maryland,31375,Rhea Leblanc
"Sun, Feb-19-2023",Minnesota,,9.8000,,9.8000,,H,Maryland,31375,Rhea Leblanc
"Fri, Feb-24-2023","Illinois, Iowa, Michigan, Nebraska, Penn State",,9.8000,,9.7750,,A,Maryland,31375,Rhea Leblanc
"Thu, Mar-02-2023","Temple, Towson, West Chester",,9.8750,,9.7500,,A,Maryland,31375,Rhea Leblanc
"Sun, Mar-05-2023","Brown, New Hampshire, Pennsylvania",,9.6500,,9.9000,,H,Maryland,31375,Rhea Leblanc
"Fri, Mar-10-2023","George Washington, Towson, William & Mary",,8.9250,,9.7750,,A,Maryland,31375,Rhea Leblanc
"Sun, Mar-12-2023","George Washington, Temple, Towson, Yale",,9.8250,,9.8750,,H,Maryland,31375,Rhea Leblanc
"Sat, Mar-18-2023","Illinois, Iowa, Michigan, Michigan State, Minnesota, Nebraska, Ohio State, Penn State, Rutgers",,9.8250,,9.7750,,A,Maryland,31375,Rhea Leblanc
"Fri, Mar-31-2023",,,9.8250,,9.7750,,A,Maryland,31375,Rhea Leblanc
"Fri, Jan-13-2023","Kent State, West Virginia",9.8250,,9.7000,9.8000,,A,Maryland,30443,Reese Mcclure
"Sat, Jan-21-2023",Nebraska,9.7250,,9.8250,9.8750,,A,Maryland,30443,Reese Mcclure
"Sun, Jan-29-2023",Michigan State,9.8250,,9.8000,9.8500,,H,Maryland,30443,Reese Mcclure
"Sun, Feb-05-2023",Ohio State,9.8250,,9.8750,9.7500,,A,Maryland,30443,Reese Mcclure
"Sat, Feb-11-2023",Rutgers,9.8250,,9.7750,8.9500,,A,Maryland,30443,Reese Mcclure
"Fri, Feb-17-2023",Southern Conn.,9.8500,,9.8250,9.8500,,H,Maryland,30443,Reese Mcclure
"Sun, Feb-19-2023",Minnesota,9.7750,,9.8750,9.8500,,H,Maryland,30443,Reese Mcclure
"Fri, Feb-24-2023","Illinois, Iowa, Michigan, Nebraska, Penn State",9.7500,,9.0750,9.8500,,A,Maryland,30443,Reese Mcclure
"Thu, Mar-02-2023","Temple, Towson, West Chester",9.8500,,9.8000,9.8750,,A,Maryland,30443,Reese Mcclure
"Sun, Mar-05-2023","Brown, New Hampshire, Pennsylvania",9.8500,,9.8750,9.9000,,H,Maryland,30443,Reese Mcclure
"Fri, Mar-10-2023","George Washington, Towson, William & Mary",9.7250,,9.8500,9.9000,,A,Maryland,30443,Reese Mcclure
"Sun, Mar-12-2023","George Washington, Temple, Towson, Yale",9.8250,,9.8000,9.9250,,H,Maryland,30443,Reese Mcclure
"Sat, Mar-18-2023","Illinois, Iowa, Michigan, Michigan State, Minnesota, Nebraska, Ohio State, Penn State, Rutgers",9.7500,,9.8500,9.8250,,A,Maryland,30443,Reese Mcclure
"Fri, Mar-31-2023",,9.7250,,9.8250,9.8500,,A,Maryland,30443,Reese Mcclure
"Fri, Jan-13-2023","Kent State, West Virginia",,,,9.5750,,A,Maryland,30956,Tayler Osterhout
"Sat, Jan-21-2023",Nebraska,,,,9.6750,,A,Maryland,30956,Tayler Osterhout
"Sun, Jan-29-2023",Michigan State,,,,9.7250,,H,Maryland,30956,Tayler Osterhout
"Sun, Feb-05-2023",Ohio State,,,,8.9500,,A,Maryland,30956,Tayler Osterhout
"Thu, Mar-02-2023","Temple, Towson, West Chester",,,,9.8250,,A,Maryland,30956,Tayler Osterhout
"Sun, Mar-05-2023","Brown, New Hampshire, Pennsylvania",,,,9.9000,,H,Maryland,30956,Tayler Osterhout
"Fri, Mar-10-2023","George Washington, Towson, William & Mary",,,,9.8500,,A,Maryland,30956,Tayler Osterhout
"Sun, Mar-12-2023","George Washington, Temple, Towson, Yale",,,,9.9000,,H,Maryland,30956,Tayler Osterhout
"Sat, Mar-18-2023","Illinois, Iowa, Michigan, Michigan State, Minnesota, Nebraska, Ohio State, Penn State, Rutgers",,,,9.8500,,A,Maryland,30956,Tayler Osterhout
"Fri, Mar-31-2023",,,,,9.8750,,A,Maryland,30956,Tayler Osterhout
"Fri, Jan-13-2023","Kent State, West Virginia",9.7500,,,9.8000,,A,Maryland,32165,Taylor Rech
"Sat, Jan-21-2023",Nebraska,9.7500,,,9.7500,,A,Maryland,32165,Taylor Rech
"Sun, Jan-29-2023",Michigan State,9.8000,,,9.7750,,H,Maryland,32165,Taylor Rech
"Sun, Feb-05-2023",Ohio State,,,,9.7500,,A,Maryland,32165,Taylor Rech
"Sat, Feb-11-2023",Rutgers,,,,9.8250,,A,Maryland,32165,Taylor Rech
"Fri, Feb-17-2023",Southern Conn.,,,,9.7500,,H,Maryland,32165,Taylor Rech
"Sun, Feb-19-2023",Minnesota,,,,9.8500,,H,Maryland,32165,Taylor Rech
"Fri, Feb-24-2023","Illinois, Iowa, Michigan, Nebraska, Penn State",,,,9.7750,,A,Maryland,32165,Taylor Rech
"Thu, Mar-02-2023","Temple, Towson, West Chester",9.8750,,,9.8000,,A,Maryland,32165,Taylor Rech
"Sun, Mar-05-2023","Brown, New Hampshire, Pennsylvania",9.8000,,,9.8500,,H,Maryland,32165,Taylor Rech
"Fri, Mar-10-2023","George Washington, Towson, William & Mary",9.7750,,,9.8250,,A,Maryland,32165,Taylor Rech
"Sun, Mar-12-2023","George Washington, Temple, Towson, Yale",9.8250,,,9.8750,,H,Maryland,32165,Taylor Rech
"Sat, Mar-18-2023","Illinois, Iowa, Michigan, Michigan State, Minnesota, Nebraska, Ohio State, Penn State, Rutgers",9.5000,,,9.7500,,A,Maryland,32165,Taylor Rech
"Fri, Mar-31-2023",,9.7500,,,9.8000,,A,Maryland,32165,Taylor Rech
"Fri, Jan-13-2023","Kent State, West Virginia",9.8000,,,9.8250,,A,Maryland,30958,Alexa Rothenbuescher
"Sat, Jan-21-2023",Nebraska,9.8250,,,9.7750,,A,Maryland,30958,Alexa Rothenbuescher
"Sun, Jan-29-2023",Michigan State,9.7250,,,9.8250,,H,Maryland,30958,Alexa Rothenbuescher
"Sun, Feb-05-2023",Ohio State,9.8000,,,9.8750,,A,Maryland,30958,Alexa Rothenbuescher
"Sat, Feb-11-2023",Rutgers,9.8000,,,9.9250,,A,Maryland,30958,Alexa Rothenbuescher
"Fri, Feb-17-2023",Southern Conn.,9.8500,,,9.8750,,H,Maryland,30958,Alexa Rothenbuescher
"Sun, Feb-19-2023",Minnesota,9.7500,,,9.9250,,H,Maryland,30958,Alexa Rothenbuescher
"Fri, Feb-24-2023","Illinois, Iowa, Michigan, Nebraska, Penn State",9.7000,,,9.9000,,A,Maryland,30958,Alexa Rothenbuescher
"Fri, Jan-13-2023","Kent State, West Virginia",9.8750,,,,,A,Maryland,30016,Alexsis Rubio
"Sat, Jan-21-2023",Nebraska,9.8750,,9.1250,,,A,Maryland,30016,Alexsis Rubio
"Sun, Jan-29-2023",Michigan State,9.8250,,,,,H,Maryland,30016,Alexsis Rubio
"Sun, Feb-05-2023",Ohio State,9.8250,,,,,A,Maryland,30016,Alexsis Rubio
"Sat, Feb-11-2023",Rutgers,9.8250,,,,,A,Maryland,30016,Alexsis Rubio
"Fri, Feb-17-2023",Southern Conn.,9.8500,,,,,H,Maryland,30016,Alexsis Rubio
"Sun, Feb-19-2023",Minnesota,9.8500,,,,,H,Maryland,30016,Alexsis Rubio
"Fri, Feb-24-2023","Illinois, Iowa, Michigan, Nebraska, Penn State",9.8000,,,,,A,Maryland,30016,Alexsis Rubio
"Thu, Mar-02-2023","Temple, Towson, West Chester",9.8500,,,,,A,Maryland,30016,Alexsis Rubio
"Sun, Mar-05-2023","Brown, New Hampshire, Pennsylvania",9.9250,,,,,H,Maryland,30016,Alexsis Rubio
"Fri, Mar-10-2023","George Washington, Towson, William & Mary",9.8500,,,,,A,Maryland,30016,Alexsis Rubio
"Sun, Mar-12-2023","George Washington, Temple, Towson, Yale",9.7500,,,,,H,Maryland,30016,Alexsis Rubio
"Sat, Mar-18-2023","Illinois, Iowa, Michigan, Michigan State, Minnesota, Nebraska, Ohio State, Penn State, Rutgers",9.8250,,,,,A,Maryland,30016,Alexsis Rubio
"Fri, Mar-31-2023",,9.8250,,,,,A,Maryland,30016,Alexsis Rubio
"Fri, Jan-13-2023","Kent State, West Virginia",9.7750,9.8000,9.7500,9.8250,39.1500,A,Maryland,30445,Emma Silberman
"Sat, Jan-21-2023",Nebraska,9.8750,9.6750,9.6750,9.7750,39.0000,A,Maryland,30445,Emma Silberman
"Sun, Jan-29-2023",Michigan State,9.8250,9.8500,9.8500,9.8000,39.3250,H,Maryland,30445,Emma Silberman
"Sun, Feb-05-2023",Ohio State,9.8250,9.9000,9.8000,9.8250,39.3500,A,Maryland,30445,Emma Silberman
"Sat, Feb-11-2023",Rutgers,9.7750,9.3250,9.7500,9.9000,38.7500,A,Maryland,30445,Emma Silberman
"Fri, Feb-17-2023",Southern Conn.,9.8000,9.8500,9.7750,9.8750,39.3000,H,Maryland,30445,Emma Silberman
"Sun, Feb-19-2023",Minnesota,9.8500,9.7750,9.8000,9.9000,39.3250,H,Maryland,30445,Emma Silberman
"Fri, Feb-24-2023","Illinois, Iowa, Michigan, Nebraska, Penn State",9.8500,9.6500,9.6250,9.8500,38.9750,A,Maryland,30445,Emma Silberman
"Thu, Mar-02-2023","Temple, Towson, West Chester",9.6500,9.8000,8.9000,9.8250,38.1750,A,Maryland,30445,Emma Silberman
"Sun, Mar-05-2023","Brown, New Hampshire, Pennsylvania",9.8250,9.6750,9.8000,9.9000,39.2000,H,Maryland,30445,Emma Silberman
"Fri, Mar-10-2023","George Washington, Towson, William & Mary",9.8000,9.8750,9.8250,9.9000,39.4000,A,Maryland,30445,Emma Silberman
"Sun, Mar-12-2023","George Washington, Temple, Towson, Yale",9.8250,9.8250,9.8250,9.9000,39.3750,H,Maryland,30445,Emma Silberman
"Sat, Mar-18-2023","Illinois, Iowa, Michigan, Michigan State, Minnesota, Nebraska, Ohio State, Penn State, Rutgers",9.7000,9.7750,9.7250,9.8250,39.0250,A,Maryland,30445,Emma Silberman
"Fri, Mar-31-2023",,9.7500,9.8500,9.7750,9.9000,39.2750,A,Maryland,30445,Emma Silberman
"Fri, Jan-13-2023","Kent State, West Virginia",,9.7500,,,,A,Maryland,30446,Aleka Tsiknias
"Sat, Jan-21-2023",Nebraska,,9.7750,,,,A,Maryland,30446,Aleka Tsiknias
"Sun, Jan-29-2023",Michigan State,,9.9000,,,,H,Maryland,30446,Aleka Tsiknias
"Sun, Feb-05-2023",Ohio State,,9.9250,,,,A,Maryland,30446,Aleka Tsiknias
"Sat, Feb-11-2023",Rutgers,,9.8500,,,,A,Maryland,30446,Aleka Tsiknias
"Fri, Feb-17-2023",Southern Conn.,,9.7750,,,,H,Maryland,30446,Aleka Tsiknias
"Sun, Feb-19-2023",Minnesota,,9.6500,,,,H,Maryland,30446,Aleka Tsiknias
"Fri, Feb-24-2023","Illinois, Iowa, Michigan, Nebraska, Penn State",,9.8500,,,,A,Maryland,30446,Aleka Tsiknias
"Thu, Mar-02-2023","Temple, Towson, West Chester",,9.9250,,,,A,Maryland,30446,Aleka Tsiknias
"Sun, Mar-05-2023","Brown, New Hampshire, Pennsylvania",,9.9000,,,,H,Maryland,30446,Aleka Tsiknias
"Fri, Mar-10-2023","George Washington, Towson, William & Mary",,9.8000,,,,A,Maryland,30446,Aleka Tsiknias
"Sun, Mar-12-2023","George Washington, Temple, Towson, Yale",,9.8750,,,,H,Maryland,30446,Aleka Tsiknias
"Sat, Mar-18-2023","Illinois, Iowa, Michigan, Michigan State, Minnesota, Nebraska, Ohio State, Penn State, Rutgers",,9.8750,,,,A,Maryland,30446,Aleka Tsiknias
"Fri, Mar-31-2023",,,9.8750,,,,A,Maryland,30446,Aleka Tsiknias
"Sun, Feb-05-2023",Ohio State,9.7750,,,,,A,Maryland,30960,Olivia Weir
"Sat, Feb-11-2023",Rutgers,9.7500,,,,,A,Maryland,30960,Olivia Weir
"Fri, Feb-17-2023",Southern Conn.,9.7750,,,,,H,Maryland,30960,Olivia Weir
"Sun, Feb-19-2023",Minnesota,9.7500,,,,,H,Maryland,30960,Olivia Weir
"Fri, Feb-24-2023","Illinois, Iowa, Michigan, Nebraska, Penn State",9.8250,,8.8750,,,A,Maryland,30960,Olivia Weir
"Thu, Mar-02-2023","Temple, Towson, West Chester",9.8500,,9.7750,,,A,Maryland,30960,Olivia Weir
"Sun, Mar-05-2023","Brown, New Hampshire, Pennsylvania",9.8250,,9.8250,,,H,Maryland,30960,Olivia Weir
"Fri, Mar-10-2023","George Washington, Towson, William & Mary",9.8500,,,,,A,Maryland,30960,Olivia Weir
"Sun, Mar-12-2023","George Washington, Temple, Towson, Yale",9.8500,,9.7750,,,H,Maryland,30960,Olivia Weir
"Sat, Mar-18-2023","Illinois, Iowa, Michigan, Michigan State, Minnesota, Nebraska, Ohio State, Penn State, Rutgers",9.8000,,9.7750,,,A,Maryland,30960,Olivia Weir
"Fri, Mar-31-2023",,9.8000,,9.7500,,,A,Maryland,30960,Olivia Weir
"Sat, Jan-07-2023","Arizona State, Auburn, BYU, California, Iowa, Oklahoma, UCLA",,9.8500,9.7750,,,A,Michigan,30961,Carly Bauman
"Fri, Jan-13-2023","Denver, Fisk",,9.8000,9.8500,,,H,Michigan,30961,Carly Bauman
"Sun, Jan-22-2023",Michigan State,,,9.8250,,,A,Michigan,30961,Carly Bauman
"Sat, Jan-28-2023",Ohio State,,9.9000,9.8500,,,H,Michigan,30961,Carly Bauman
"Fri, Feb-03-2023","Fisk, Rutgers, Southern Conn.",,9.9500,9.8500,,,A,Michigan,30961,Carly Bauman
"Fri, Feb-10-2023",Minnesota,,9.8750,9.8500,,,H,Michigan,30961,Carly Bauman
"Fri, Feb-24-2023","Illinois, Iowa, Maryland, Nebraska, Penn State",,9.9500,9.8750,,,A,Michigan,30961,Carly Bauman
"Mon, Feb-27-2023",Nebraska,,9.9500,9.9250,,,A,Michigan,30961,Carly Bauman
"Mon, Mar-06-2023",Oklahoma,,9.8000,9.9000,,,H,Michigan,30961,Carly Bauman
"Fri, Mar-10-2023",Georgia,,9.8500,9.8500,,,A,Michigan,30961,Carly Bauman
"Sat, Mar-18-2023","Illinois, Iowa, Maryland, Michigan State, Minnesota, Nebraska, Ohio State, Penn State, Rutgers",,9.9500,9.8000,,,A,Michigan,30961,Carly Bauman
"Fri, Mar-31-2023",,,9.8250,9.2250,,,A,Michigan,30961,Carly Bauman
"Sun, Apr-02-2023",,,9.9000,9.2500,,,A,Michigan,30961,Carly Bauman
"Sat, Jan-07-2023","Arizona State, Auburn, BYU, California, Iowa, Oklahoma, UCLA",9.9500,9.9500,9.2000,9.9500,39.0500,A,Michigan,30448,Sierra Brooks
"Fri, Jan-13-2023","Denver, Fisk",9.9500,9.9000,9.8500,9.9000,39.6000,H,Michigan,30448,Sierra Brooks
"Sun, Jan-22-2023",Michigan State,9.9000,9.8250,9.3750,9.9500,39.0500,A,Michigan,30448,Sierra Brooks
"Sat, Jan-28-2023",Ohio State,9.9500,9.9000,9.9500,9.9250,39.7250,H,Michigan,30448,Sierra Brooks
"Fri, Feb-03-2023","Fisk, Rutgers, Southern Conn.",10.0000,9.9250,9.8750,9.9250,39.7250,A,Michigan,30448,Sierra Brooks
"Fri, Feb-10-2023",Minnesota,9.8250,9.9250,9.9500,9.9500,39.6500,H,Michigan,30448,Sierra Brooks
"Fri, Feb-24-2023","Illinois, Iowa, Maryland, Nebraska, Penn State",9.7500,9.8500,9.8000,9.9250,39.3250,A,Michigan,30448,Sierra Brooks
"Mon, Feb-27-2023",Nebraska,9.8750,9.9250,9.9500,9.9250,39.6750,A,Michigan,30448,Sierra Brooks
"Mon, Mar-06-2023",Oklahoma,9.8000,9.9750,9.8250,9.9000,39.5000,H,Michigan,30448,Sierra Brooks
"Fri, Mar-10-2023",Georgia,9.9500,9.8750,9.9250,9.9250,39.6750,A,Michigan,30448,Sierra Brooks
"Sat, Mar-18-2023","Illinois, Iowa, Maryland, Michigan State, Minnesota, Nebraska, Ohio State, Penn State, Rutgers",9.7500,9.9500,9.9500,9.9250,39.5750,A,Michigan,30448,Sierra Brooks
"Fri, Mar-31-2023",,9.9000,9.4750,9.9500,10.0000,39.3250,A,Michigan,30448,Sierra Brooks
"Sun, Apr-02-2023",,9.9000,9.9500,9.9500,9.9250,39.7250,A,Michigan,30448,Sierra Brooks
"Thu, Apr-13-2023","Alabama, Arizona State, Arkansas, Auburn, Boise State, California, Denver, Florida, Kentucky, LSU, Michigan State, Missouri, Ohio State, Oklahoma, Oregon State, Penn State, Stanford, UCLA, Utah",,,,9.9500,,A,Michigan,30448,Sierra Brooks
"Sat, Jan-07-2023","Arizona State, Auburn, BYU, California, Iowa, Oklahoma, UCLA",9.8500,,,9.8000,,A,Michigan,30962,Reyna Guggino
"Fri, Jan-13-2023","Denver, Fisk",9.6750,,,9.8250,,H,Michigan,30962,Reyna Guggino
"Sun, Jan-22-2023",Michigan State,,,,9.8250,,A,Michigan,30962,Reyna Guggino
"Sat, Jan-28-2023",Ohio State,9.8500,,,,,H,Michigan,30962,Reyna Guggino
"Fri, Feb-03-2023","Fisk, Rutgers, Southern Conn.",9.3500,,,9.9000,,A,Michigan,30962,Reyna Guggino
"Fri, Feb-10-2023",Minnesota,9.2000,,,9.8750,,H,Michigan,30962,Reyna Guggino
"Fri, Mar-10-2023",Georgia,,,,9.8250,,A,Michigan,30962,Reyna Guggino
"Sat, Mar-18-2023","Illinois, Iowa, Maryland, Michigan State, Minnesota, Nebraska, Ohio State, Penn State, Rutgers",,,,9.8500,,A,Michigan,30962,Reyna Guggino
"Fri, Mar-31-2023",,,,,9.9250,,A,Michigan,30962,Reyna Guggino
"Sun, Apr-02-2023",,,,,9.7750,,A,Michigan,30962,Reyna Guggino
"Sat, Jan-07-2023","Arizona State, Auburn, BYU, California, Iowa, Oklahoma, UCLA",9.8500,9.9250,9.8250,9.9250,39.5250,A,Michigan,30019,Abby Heiskell
"Fri, Jan-13-2023","Denver, Fisk",9.9000,9.9000,9.8500,9.9500,39.6000,H,Michigan,30019,Abby Heiskell
"Sun, Jan-22-2023",Michigan State,9.7750,9.8750,9.5500,9.8750,39.0750,A,Michigan,30019,Abby Heiskell
"Sat, Jan-28-2023",Ohio State,9.9000,9.8750,9.1250,9.9250,38.8250,H,Michigan,30019,Abby Heiskell
"Fri, Feb-03-2023","Fisk, Rutgers, Southern Conn.",10.0000,9.9250,9.9500,9.9250,39.8000,A,Michigan,30019,Abby Heiskell
"Fri, Feb-10-2023",Minnesota,9.9000,9.3750,9.8750,9.8500,39.0000,H,Michigan,30019,Abby Heiskell
"Fri, Feb-24-2023","Illinois, Iowa, Maryland, Nebraska, Penn State",9.9250,9.8250,9.9500,9.7000,39.4000,A,Michigan,30019,Abby Heiskell
"Mon, Feb-27-2023",Nebraska,9.9000,9.9250,9.7750,9.9000,39.5000,A,Michigan,30019,Abby Heiskell
"Mon, Mar-06-2023",Oklahoma,9.8000,9.9500,9.8000,9.9250,39.4750,H,Michigan,30019,Abby Heiskell
"Fri, Mar-10-2023",Georgia,9.9250,9.8500,9.8750,9.9250,39.5750,A,Michigan,30019,Abby Heiskell
"Sat, Mar-18-2023","Illinois, Iowa, Maryland, Michigan State, Minnesota, Nebraska, Ohio State, Penn State, Rutgers",9.9000,9.9500,10.0000,9.8500,39.7000,A,Michigan,30019,Abby Heiskell
"Fri, Mar-31-2023",,9.9000,9.9500,9.8750,9.9500,39.6750,A,Michigan,30019,Abby Heiskell
"Sun, Apr-02-2023",,9.8500,9.9500,9.8250,9.8250,39.4500,A,Michigan,30019,Abby Heiskell
"Thu, Apr-13-2023","Alabama, Arizona State, Arkansas, Auburn, Boise State, California, Denver, Florida, Kentucky, LSU, Michigan State, Missouri, Ohio State, Oklahoma, Oregon State, Penn State, Stanford, UCLA, Utah",9.7750,9.9500,9.8375,9.9375,39.5000,A,Michigan,30019,Abby Heiskell
"Sat, Jan-07-2023","Arizona State, Auburn, BYU, California, Iowa, Oklahoma, UCLA",,9.9000,,9.9250,,A,Michigan,30450,Nicoletta Koulos
"Fri, Jan-13-2023","Denver, Fisk",,9.8500,9.8500,9.9250,,H,Michigan,30450,Nicoletta Koulos
"Sun, Jan-22-2023",Michigan State,,9.8000,9.7750,9.9250,,A,Michigan,30450,Nicoletta Koulos
"Sat, Jan-28-2023",Ohio State,,,9.7750,9.8750,,H,Michigan,30450,Nicoletta Koulos
"Fri, Feb-03-2023","Fisk, Rutgers, Southern Conn.",,,9.8750,9.2000,,A,Michigan,30450,Nicoletta Koulos
"Fri, Feb-10-2023",Minnesota,,,9.9250,9.9500,,H,Michigan,30450,Nicoletta Koulos
"Fri, Feb-24-2023","Illinois, Iowa, Maryland, Nebraska, Penn State",,9.8250,9.3500,9.8750,,A,Michigan,30450,Nicoletta Koulos
"Mon, Feb-27-2023",Nebraska,,,9.9500,9.9000,,A,Michigan,30450,Nicoletta Koulos
"Mon, Mar-06-2023",Oklahoma,,9.8500,9.7000,9.9250,,H,Michigan,30450,Nicoletta Koulos
"Fri, Mar-10-2023",Georgia,,,9.8250,,,A,Michigan,30450,Nicoletta Koulos
"Sat, Mar-18-2023","Illinois, Iowa, Maryland, Michigan State, Minnesota, Nebraska, Ohio State, Penn State, Rutgers",,9.8750,9.8500,9.8750,,A,Michigan,30450,Nicoletta Koulos
"Fri, Mar-31-2023",,,9.8250,9.8000,9.9250,,A,Michigan,30450,Nicoletta Koulos
"Sun, Apr-02-2023",,,9.9000,9.9000,9.9000,,A,Michigan,30450,Nicoletta Koulos
"Fri, Feb-24-2023","Illinois, Iowa, Maryland, Nebraska, Penn State",9.9000,,,,,A,Michigan,31951,Kaylen Morgan
"Mon, Feb-27-2023",Nebraska,9.9000,,,,,A,Michigan,31951,Kaylen Morgan
"Mon, Mar-06-2023",Oklahoma,9.8000,,,,,H,Michigan,31951,Kaylen Morgan
"Fri, Mar-10-2023",Georgia,9.9000,9.8250,,,,A,Michigan,31951,Kaylen Morgan
"Sat, Mar-18-2023","Illinois, Iowa, Maryland, Michigan State, Minnesota, Nebraska, Ohio State, Penn State, Rutgers",9.8000,,,,,A,Michigan,31951,Kaylen Morgan
"Fri, Mar-31-2023",,9.8500,,,,,A,Michigan,31951,Kaylen Morgan
"Sun, Apr-02-2023",,9.9000,,,,,A,Michigan,31951,Kaylen Morgan
"Sat, Jan-07-2023","Arizona State, Auburn, BYU, California, Iowa, Oklahoma, UCLA",9.8750,9.8250,9.7000,9.9250,39.3250,A,Michigan,30963,Naomi Morrison
"Fri, Jan-13-2023","Denver, Fisk",9.9500,,,9.9250,,H,Michigan,30963,Naomi Morrison
"Sun, Jan-22-2023",Michigan State,9.8750,9.8250,,9.9250,,A,Michigan,30963,Naomi Morrison
"Sat, Jan-28-2023",Ohio State,9.9750,9.8500,,9.9500,,H,Michigan,30963,Naomi Morrison
"Fri, Feb-03-2023","Fisk, Rutgers, Southern Conn.",,9.8500,,9.9500,,A,Michigan,30963,Naomi Morrison
"Fri, Feb-10-2023",Minnesota,,9.8250,,,,H,Michigan,30963,Naomi Morrison
"Fri, Feb-24-2023","Illinois, Iowa, Maryland, Nebraska, Penn State",9.2250,,,9.7750,,A,Michigan,30963,Naomi Morrison
"Mon, Feb-27-2023",Nebraska,9.8750,9.9000,,9.9250,,A,Michigan,30963,Naomi Morrison
"Mon, Mar-06-2023",Oklahoma,9.8750,,,9.9500,,H,Michigan,30963,Naomi Morrison
"Fri, Mar-10-2023",Georgia,9.9250,,,9.9250,,A,Michigan,30963,Naomi Morrison
"Sat, Mar-18-2023","Illinois, Iowa, Maryland, Michigan State, Minnesota, Nebraska, Ohio State, Penn State, Rutgers",9.9000,,,9.8750,,A,Michigan,30963,Naomi Morrison
"Fri, Mar-31-2023",,9.9500,,,9.8500,,A,Michigan,30963,Naomi Morrison
"Sun, Apr-02-2023",,9.8500,,,9.9000,,A,Michigan,30963,Naomi Morrison
"Thu, Apr-13-2023","Alabama, Arizona State, Arkansas, Auburn, Boise State, California, Denver, Florida, Kentucky, LSU, Michigan State, Missouri, Ohio State, Oklahoma, Oregon State, Penn State, Stanford, UCLA, Utah",9.9000,,,,,A,Michigan,30963,Naomi Morrison
"Sun, Jan-22-2023",Michigan State,9.8250,,,,,A,Michigan,30964,Jenna Mulligan
"Fri, Feb-03-2023","Fisk, Rutgers, Southern Conn.",9.8500,,,,,A,Michigan,30964,Jenna Mulligan
"Fri, Feb-10-2023",Minnesota,9.7750,,,,,H,Michigan,30964,Jenna Mulligan
"Mon, Feb-27-2023",Nebraska,,,,,,A,Michigan,30964,Jenna Mulligan
"Sat, Jan-28-2023",Ohio State,,9.8500,,,,H,Michigan,31378,Jacey Vore
"Mon, Feb-27-2023",Nebraska,,9.8250,,,,A,Michigan,31378,Jacey Vore
"Sat, Jan-07-2023","Arizona State, Auburn, BYU, California, Iowa, Oklahoma, UCLA",9.8750,,9.7250,9.7500,,A,Michigan,30451,Gabby Wilson
"Fri, Jan-13-2023","Denver, Fisk",9.9500,9.9000,9.8750,9.8750,39.6000,H,Michigan,30451,Gabby Wilson
"Sun, Jan-22-2023",Michigan State,9.9250,9.7750,9.8750,9.8750,39.4500,A,Michigan,30451,Gabby Wilson
"Sat, Jan-28-2023",Ohio State,9.9000,,9.8000,9.9000,,H,Michigan,30451,Gabby Wilson
"Fri, Feb-03-2023","Fisk, Rutgers, Southern Conn.",9.9750,9.8500,9.1500,9.8250,38.8000,A,Michigan,30451,Gabby Wilson
"Fri, Feb-10-2023",Minnesota,9.9250,9.9000,9.8750,9.9500,39.6500,H,Michigan,30451,Gabby Wilson
"Fri, Feb-24-2023","Illinois, Iowa, Maryland, Nebraska, Penn State",9.5000,9.9000,9.9000,9.9000,39.2000,A,Michigan,30451,Gabby Wilson
"Mon, Feb-27-2023",Nebraska,9.8750,,9.8750,9.9500,,A,Michigan,30451,Gabby Wilson
"Mon, Mar-06-2023",Oklahoma,9.9000,9.9500,9.9750,9.9750,39.8000,H,Michigan,30451,Gabby Wilson
"Fri, Mar-10-2023",Georgia,9.8500,9.8500,9.9000,9.9250,39.5250,A,Michigan,30451,Gabby Wilson
"Sat, Mar-18-2023","Illinois, Iowa, Maryland, Michigan State, Minnesota, Nebraska, Ohio State, Penn State, Rutgers",9.9250,9.9250,9.8250,,,A,Michigan,30451,Gabby Wilson
"Fri, Mar-31-2023",,9.9250,9.8500,9.8500,,,A,Michigan,30451,Gabby Wilson
"Sun, Apr-02-2023",,9.9000,9.1000,9.7500,,,A,Michigan,30451,Gabby Wilson
"Sat, Jan-07-2023","Arizona State, Auburn, BYU, California, Iowa, Oklahoma, UCLA",9.8250,9.9750,9.8500,,,A,Michigan,30021,Natalie Wojcik
"Fri, Jan-13-2023","Denver, Fisk",9.9000,9.9750,9.9500,,,H,Michigan,30021,Natalie Wojcik
"Sun, Jan-22-2023",Michigan State,9.8500,9.8000,9.9000,,,A,Michigan,30021,Natalie Wojcik
"Sat, Jan-28-2023",Ohio State,9.8000,9.9500,9.9750,9.8250,39.5500,H,Michigan,30021,Natalie Wojcik
"Fri, Feb-03-2023","Fisk, Rutgers, Southern Conn.",9.9250,9.9250,9.9000,,,A,Michigan,30021,Natalie Wojcik
"Fri, Feb-10-2023",Minnesota,9.8250,9.9000,10.0000,9.9500,39.6750,H,Michigan,30021,Natalie Wojcik
"Fri, Feb-24-2023","Illinois, Iowa, Maryland, Nebraska, Penn State",9.8250,9.8500,9.9250,9.9000,39.5000,A,Michigan,30021,Natalie Wojcik
"Mon, Feb-27-2023",Nebraska,9.9000,9.9000,9.9250,9.8500,39.5750,A,Michigan,30021,Natalie Wojcik
"Mon, Mar-06-2023",Oklahoma,9.8500,9.9000,9.9750,9.9250,39.6500,H,Michigan,30021,Natalie Wojcik
"Fri, Mar-10-2023",Georgia,9.8500,9.8000,9.9000,9.8750,39.4250,A,Michigan,30021,Natalie Wojcik
"Sat, Mar-18-2023","Illinois, Iowa, Maryland, Michigan State, Minnesota, Nebraska, Ohio State, Penn State, Rutgers",9.9000,9.9500,9.8500,9.8250,39.5250,A,Michigan,30021,Natalie Wojcik
"Fri, Mar-31-2023",,9.8250,9.9750,9.9000,9.9000,39.6000,A,Michigan,30021,Natalie Wojcik
"Sun, Apr-02-2023",,9.8750,9.9500,9.9000,9.8000,39.5250,A,Michigan,30021,Natalie Wojcik
"Thu, Apr-13-2023","Alabama, Arizona State, Arkansas, Auburn, Boise State, California, Denver, Florida, Kentucky, LSU, Michigan State, Missouri, Ohio State, Oklahoma, Oregon State, Penn State, Stanford, UCLA, Utah",,9.9250,,,,A,Michigan,30021,Natalie Wojcik
"Mon, Feb-27-2023",Illinois,,,,,,A,Michigan State,31953,Elle Beaufait
"Fri, Mar-03-2023","Eastern Michigan, LIU",,,,9.8250,,A,Michigan State,31953,Elle Beaufait
"Sun, Mar-05-2023","Bowling Green, LIU",,,,9.8000,,H,Michigan State,31953,Elle Beaufait
"Sat, Mar-18-2023","Illinois, Iowa, Maryland, Michigan, Minnesota, Nebraska, Ohio State, Penn State, Rutgers",,,,9.8500,,A,Michigan State,31953,Elle Beaufait
"Fri, Jan-06-2023",Alabama,9.8250,,9.9000,9.6750,,A,Michigan State,30966,Baleigh Garcia
"Sat, Jan-14-2023",North Carolina State,9.7500,,9.9000,9.8500,,A,Michigan State,30966,Baleigh Garcia
"Sun, Jan-22-2023",Michigan,9.7750,,9.8500,9.7750,,H,Michigan State,30966,Baleigh Garcia
"Sun, Jan-29-2023",Maryland,,,9.8500,,,A,Michigan State,30966,Baleigh Garcia
"Sat, Feb-04-2023",Penn State,9.8500,,9.9250,,,H,Michigan State,30966,Baleigh Garcia
"Sat, Feb-11-2023",Iowa,9.8000,,9.8500,,,A,Michigan State,30966,Baleigh Garcia
"Sat, Feb-25-2023","Minnesota, Nebraska, Ohio State, Rutgers",9.8750,,9.9000,,,A,Michigan State,30966,Baleigh Garcia
"Mon, Feb-27-2023",Illinois,,,9.3500,,,A,Michigan State,30966,Baleigh Garcia
"Fri, Mar-03-2023","Eastern Michigan, LIU",9.7500,,9.9000,,,A,Michigan State,30966,Baleigh Garcia
"Sun, Mar-05-2023","Bowling Green, LIU",,,9.9500,,,H,Michigan State,30966,Baleigh Garcia
"Sat, Mar-11-2023",Northern Illinois,,,9.8000,,,H,Michigan State,30966,Baleigh Garcia
"Sat, Mar-18-2023","Illinois, Iowa, Maryland, Michigan, Minnesota, Nebraska, Ohio State, Penn State, Rutgers",9.8000,,9.9500,,,A,Michigan State,30966,Baleigh Garcia
"Fri, Mar-31-2023",,9.7000,,9.6250,,,A,Michigan State,30966,Baleigh Garcia
"Sun, Apr-02-2023",,9.8250,,9.8750,,,A,Michigan State,30966,Baleigh Garcia
"Fri, Jan-06-2023",Alabama,,9.8500,,9.7750,,A,Michigan State,30968,Delanie Harkness
"Sat, Jan-14-2023",North Carolina State,,9.9000,,9.9250,,A,Michigan State,30968,Delanie Harkness
"Sun, Jan-22-2023",Michigan,,9.8750,,9.8500,,H,Michigan State,30968,Delanie Harkness
"Sun, Jan-29-2023",Maryland,,9.9000,,9.8750,,A,Michigan State,30968,Delanie Harkness
"Sat, Feb-04-2023",Penn State,,9.9000,,9.5000,,H,Michigan State,30968,Delanie Harkness
"Sat, Feb-11-2023",Iowa,,9.8500,,9.7250,,A,Michigan State,30968,Delanie Harkness
"Sat, Feb-25-2023","Minnesota, Nebraska, Ohio State, Rutgers",,9.8500,9.7000,9.9000,,A,Michigan State,30968,Delanie Harkness
"Mon, Feb-27-2023",Illinois,,9.9250,9.8750,9.8250,,A,Michigan State,30968,Delanie Harkness
"Fri, Mar-03-2023","Eastern Michigan, LIU",,9.9000,9.7250,9.9000,,A,Michigan State,30968,Delanie Harkness
"Sun, Mar-05-2023","Bowling Green, LIU",,9.9500,9.9000,9.9500,,H,Michigan State,30968,Delanie Harkness
"Sat, Mar-11-2023",Northern Illinois,,9.9500,9.8000,9.9500,,H,Michigan State,30968,Delanie Harkness
"Sat, Mar-18-2023","Illinois, Iowa, Maryland, Michigan, Minnesota, Nebraska, Ohio State, Penn State, Rutgers",,9.9500,9.8750,9.8750,,A,Michigan State,30968,Delanie Harkness
"Fri, Mar-31-2023",,,9.9250,9.8500,9.9250,,A,Michigan State,30968,Delanie Harkness
"Sun, Apr-02-2023",,,9.9250,9.8750,9.9000,,A,Michigan State,30968,Delanie Harkness
"Thu, Apr-13-2023","Alabama, Arizona State, Arkansas, Auburn, Boise State, California, Denver, Florida, Kentucky, LSU, Michigan, Missouri, Ohio State, Oklahoma, Oregon State, Penn State, Stanford, UCLA, Utah",,,,9.8750,,A,Michigan State,30968,Delanie Harkness
"Sat, Feb-11-2023",Iowa,,9.5500,,,,A,Michigan State,30969,Sydney Hayashi
"Mon, Feb-27-2023",Illinois,9.7750,,,,,A,Michigan State,31379,Lauren Hsu
"Fri, Mar-03-2023","Eastern Michigan, LIU",9.8000,,,,,A,Michigan State,31379,Lauren Hsu
"Sun, Mar-05-2023","Bowling Green, LIU",9.8500,,,,,H,Michigan State,31379,Lauren Hsu
"Sat, Mar-11-2023",Northern Illinois,9.7500,,,,,H,Michigan State,31379,Lauren Hsu
"Fri, Mar-31-2023",,9.7250,,,,,A,Michigan State,31379,Lauren Hsu
"Sun, Apr-02-2023",,9.8000,,,,,A,Michigan State,31379,Lauren Hsu
"Fri, Jan-06-2023",Alabama,,9.7000,,,,A,Michigan State,30454,Jori Jackard
"Sat, Jan-14-2023",North Carolina State,,8.9500,,,,A,Michigan State,30454,Jori Jackard
"Sun, Jan-22-2023",Michigan,,9.8500,,,,H,Michigan State,30454,Jori Jackard
"Sun, Jan-29-2023",Maryland,,9.8750,,,,A,Michigan State,30454,Jori Jackard
"Sat, Feb-04-2023",Penn State,,9.2000,,,,H,Michigan State,30454,Jori Jackard
"Sat, Feb-11-2023",Iowa,,9.8750,8.9250,,,A,Michigan State,30454,Jori Jackard
"Sat, Feb-25-2023","Minnesota, Nebraska, Ohio State, Rutgers",,9.8500,,,,A,Michigan State,30454,Jori Jackard
"Mon, Feb-27-2023",Illinois,,9.9000,,,,A,Michigan State,30454,Jori Jackard
"Fri, Mar-03-2023","Eastern Michigan, LIU",,9.8500,,,,A,Michigan State,30454,Jori Jackard
"Sun, Mar-05-2023","Bowling Green, LIU",,10.0000,,,,H,Michigan State,30454,Jori Jackard
"Sat, Mar-11-2023",Northern Illinois,,9.8500,,,,H,Michigan State,30454,Jori Jackard
"Sat, Mar-18-2023","Illinois, Iowa, Maryland, Michigan, Minnesota, Nebraska, Ohio State, Penn State, Rutgers",,9.8750,,,,A,Michigan State,30454,Jori Jackard
"Fri, Mar-31-2023",,,9.8250,,,,A,Michigan State,30454,Jori Jackard
"Sun, Apr-02-2023",,,9.8000,,,,A,Michigan State,30454,Jori Jackard
"Fri, Jan-06-2023",Alabama,,,9.7750,,,A,Michigan State,30970,Giana Kalefe
"Sat, Jan-14-2023",North Carolina State,,,9.7500,,,A,Michigan State,30970,Giana Kalefe
"Sun, Jan-22-2023",Michigan,,,9.8500,,,H,Michigan State,30970,Giana Kalefe
"Sun, Jan-29-2023",Maryland,,,9.8750,9.7750,,A,Michigan State,30970,Giana Kalefe
"Sat, Feb-04-2023",Penn State,,,9.8000,9.9000,,H,Michigan State,30970,Giana Kalefe
"Sat, Feb-11-2023",Iowa,,,8.8500,8.9250,,A,Michigan State,30970,Giana Kalefe
"Sat, Feb-25-2023","Minnesota, Nebraska, Ohio State, Rutgers",,,9.9250,9.8250,,A,Michigan State,30970,Giana Kalefe
"Mon, Feb-27-2023",Illinois,,,9.9250,9.8500,,A,Michigan State,30970,Giana Kalefe
"Fri, Mar-03-2023","Eastern Michigan, LIU",,,9.7000,9.0000,,A,Michigan State,30970,Giana Kalefe
"Sun, Mar-05-2023","Bowling Green, LIU",,,9.9000,9.8750,,H,Michigan State,30970,Giana Kalefe
"Sat, Mar-11-2023",Northern Illinois,,,9.8750,9.9000,,H,Michigan State,30970,Giana Kalefe
"Sat, Mar-18-2023","Illinois, Iowa, Maryland, Michigan, Minnesota, Nebraska, Ohio State, Penn State, Rutgers",,,9.9000,,,A,Michigan State,30970,Giana Kalefe
"Fri, Mar-31-2023",,,,9.7000,9.8750,,A,Michigan State,30970,Giana Kalefe
"Sun, Apr-02-2023",,,,9.9000,9.8500,,A,Michigan State,30970,Giana Kalefe
"Fri, Jan-06-2023",Alabama,9.9000,,,,,A,Michigan State,31954,Sage Kellerman
"Sat, Jan-14-2023",North Carolina State,9.8750,,,,,A,Michigan State,31954,Sage Kellerman
"Sun, Jan-22-2023",Michigan,9.8500,,,,,H,Michigan State,31954,Sage Kellerman
"Sun, Jan-29-2023",Maryland,9.9000,,,,,A,Michigan State,31954,Sage Kellerman
"Sat, Feb-04-2023",Penn State,9.7500,,,,,H,Michigan State,31954,Sage Kellerman
"Sat, Feb-11-2023",Iowa,9.8250,,,,,A,Michigan State,31954,Sage Kellerman
"Sat, Feb-25-2023","Minnesota, Nebraska, Ohio State, Rutgers",9.8750,,,,,A,Michigan State,31954,Sage Kellerman
"Mon, Feb-27-2023",Illinois,9.7750,,,,,A,Michigan State,31954,Sage Kellerman
"Fri, Mar-03-2023","Eastern Michigan, LIU",9.8500,,,,,A,Michigan State,31954,Sage Kellerman
"Sun, Mar-05-2023","Bowling Green, LIU",9.8750,9.8500,,,,H,Michigan State,31954,Sage Kellerman
"Sat, Mar-11-2023",Northern Illinois,9.8250,9.9500,,,,H,Michigan State,31954,Sage Kellerman
"Sat, Mar-18-2023","Illinois, Iowa, Maryland, Michigan, Minnesota, Nebraska, Ohio State, Penn State, Rutgers",9.9250,9.8250,,,,A,Michigan State,31954,Sage Kellerman
"Mon, Feb-27-2023",Illinois,,,,,,A,Michigan State,30552,Tori Loomis
"Fri, Jan-06-2023",Alabama,9.8250,9.8000,9.7500,9.9000,39.2750,A,Michigan State,31382,Skyla Schulte
"Sat, Jan-14-2023",North Carolina State,9.7750,9.7750,9.8500,9.8750,39.2750,A,Michigan State,31382,Skyla Schulte
"Sun, Jan-22-2023",Michigan,9.9000,9.3250,9.8500,9.8000,38.8750,H,Michigan State,31382,Skyla Schulte
"Sun, Jan-29-2023",Maryland,9.8250,9.8500,9.9000,9.8750,39.4500,A,Michigan State,31382,Skyla Schulte
"Sat, Feb-04-2023",Penn State,9.8500,9.8250,9.8750,9.9250,39.4750,H,Michigan State,31382,Skyla Schulte
"Sat, Feb-11-2023",Iowa,9.9000,9.8000,9.8000,9.9000,39.4000,A,Michigan State,31382,Skyla Schulte
"Sat, Feb-25-2023","Minnesota, Nebraska, Ohio State, Rutgers",9.8750,9.8500,9.8250,9.9250,39.4750,A,Michigan State,31382,Skyla Schulte
"Mon, Feb-27-2023",Illinois,9.8250,9.8250,9.8750,9.9250,39.4500,A,Michigan State,31382,Skyla Schulte
"Fri, Mar-03-2023","Eastern Michigan, LIU",,9.9500,9.8750,9.9250,,A,Michigan State,31382,Skyla Schulte
"Sun, Mar-05-2023","Bowling Green, LIU",9.9250,9.1250,9.9250,9.9250,38.9000,H,Michigan State,31382,Skyla Schulte
"Sat, Mar-11-2023",Northern Illinois,9.7750,9.9250,9.8500,9.9750,39.5250,H,Michigan State,31382,Skyla Schulte
"Sat, Mar-18-2023","Illinois, Iowa, Maryland, Michigan, Minnesota, Nebraska, Ohio State, Penn State, Rutgers",9.8750,9.8750,9.9500,9.9250,39.6250,A,Michigan State,31382,Skyla Schulte
"Fri, Mar-31-2023",,9.8750,9.7750,9.9000,9.9250,39.4750,A,Michigan State,31382,Skyla Schulte
"Sun, Apr-02-2023",,9.8500,9.9000,9.8000,9.8500,39.4000,A,Michigan State,31382,Skyla Schulte
"Fri, Jan-06-2023",Alabama,9.8500,9.8750,,9.8500,,A,Michigan State,31955,Nikki Smith
"Sat, Jan-14-2023",North Carolina State,9.8500,9.2500,9.8250,9.9000,38.8250,A,Michigan State,31955,Nikki Smith
"Sun, Jan-22-2023",Michigan,9.9500,9.8500,9.8250,9.9000,39.5250,H,Michigan State,31955,Nikki Smith
"Sun, Jan-29-2023",Maryland,9.8000,9.8000,9.8500,9.9000,39.3500,A,Michigan State,31955,Nikki Smith
"Sat, Feb-04-2023",Penn State,9.8750,9.9250,9.7750,9.8750,39.4500,H,Michigan State,31955,Nikki Smith
"Sat, Feb-11-2023",Iowa,9.8000,9.8750,9.7750,9.8750,39.3250,A,Michigan State,31955,Nikki Smith
"Sat, Feb-25-2023","Minnesota, Nebraska, Ohio State, Rutgers",9.9500,9.8250,9.8250,9.9500,39.5500,A,Michigan State,31955,Nikki Smith
"Mon, Feb-27-2023",Illinois,9.8250,9.8250,9.9000,9.9750,39.5250,A,Michigan State,31955,Nikki Smith
"Fri, Mar-03-2023","Eastern Michigan, LIU",9.9250,9.9750,,9.8500,,A,Michigan State,31955,Nikki Smith
"Sun, Mar-05-2023","Bowling Green, LIU",10.0000,9.9500,9.9250,9.9000,39.7750,H,Michigan State,31955,Nikki Smith
"Sat, Mar-11-2023",Northern Illinois,9.8750,9.9250,9.8250,9.8750,39.5000,H,Michigan State,31955,Nikki Smith
"Sat, Mar-18-2023","Illinois, Iowa, Maryland, Michigan, Minnesota, Nebraska, Ohio State, Penn State, Rutgers",9.8000,9.8250,9.8500,9.9000,39.3750,A,Michigan State,31955,Nikki Smith
"Fri, Mar-31-2023",,9.2500,9.8500,8.8750,9.9000,37.8750,A,Michigan State,31955,Nikki Smith
"Sun, Apr-02-2023",,9.9000,9.9500,9.9000,9.9500,39.7000,A,Michigan State,31955,Nikki Smith
"Fri, Jan-06-2023",Alabama,9.8000,,9.6250,9.7500,,A,Michigan State,30455,Nyah Smith
"Sat, Jan-14-2023",North Carolina State,9.8000,,,9.8000,,A,Michigan State,30455,Nyah Smith
"Sun, Jan-22-2023",Michigan,,,,9.8750,,H,Michigan State,30455,Nyah Smith
"Sun, Jan-29-2023",Maryland,9.7500,,,9.6750,,A,Michigan State,30455,Nyah Smith
"Sat, Feb-04-2023",Penn State,9.8500,,,9.8500,,H,Michigan State,30455,Nyah Smith
"Sat, Feb-11-2023",Iowa,9.8250,,,9.6750,,A,Michigan State,30455,Nyah Smith
"Sat, Feb-25-2023","Minnesota, Nebraska, Ohio State, Rutgers",9.9000,,,9.8750,,A,Michigan State,30455,Nyah Smith
"Mon, Feb-27-2023",Illinois,9.8250,,,9.8750,,A,Michigan State,30455,Nyah Smith
"Fri, Mar-03-2023","Eastern Michigan, LIU",9.8000,,9.8000,9.9250,,A,Michigan State,30455,Nyah Smith
"Sun, Mar-05-2023","Bowling Green, LIU",9.8750,,,9.8500,,H,Michigan State,30455,Nyah Smith
"Sat, Mar-11-2023",Northern Illinois,9.8000,,,9.8250,,H,Michigan State,30455,Nyah Smith
"Sat, Mar-18-2023","Illinois, Iowa, Maryland, Michigan, Minnesota, Nebraska, Ohio State, Penn State, Rutgers",9.8000,,,9.8500,,A,Michigan State,30455,Nyah Smith
"Fri, Mar-31-2023",,9.8500,,,9.6500,,A,Michigan State,30455,Nyah Smith
"Sun, Apr-02-2023",,9.7000,,,9.8500,,A,Michigan State,30455,Nyah Smith
"Fri, Jan-06-2023",Alabama,9.9000,9.7250,9.8250,9.9000,39.3500,A,Michigan State,31383,Gabrielle Stephen
"Sat, Jan-14-2023",North Carolina State,9.9000,9.7750,9.8750,9.8500,39.4000,A,Michigan State,31383,Gabrielle Stephen
"Sun, Jan-22-2023",Michigan,9.8750,9.8000,9.9000,9.8500,39.4250,H,Michigan State,31383,Gabrielle Stephen
"Sun, Jan-29-2023",Maryland,9.8000,9.8000,9.8500,9.8750,39.3250,A,Michigan State,31383,Gabrielle Stephen
"Sat, Feb-04-2023",Penn State,9.9250,9.8750,9.9000,9.8750,39.5750,H,Michigan State,31383,Gabrielle Stephen
"Sat, Feb-11-2023",Iowa,9.8500,9.8500,9.9000,9.8500,39.4500,A,Michigan State,31383,Gabrielle Stephen
"Sat, Feb-25-2023","Minnesota, Nebraska, Ohio State, Rutgers",9.9250,9.8250,9.8750,9.9500,39.5750,A,Michigan State,31383,Gabrielle Stephen
"Mon, Feb-27-2023",Illinois,9.8500,9.8750,9.8750,9.9250,39.5250,A,Michigan State,31383,Gabrielle Stephen
"Fri, Mar-03-2023","Eastern Michigan, LIU",9.9500,9.8500,9.9250,,,A,Michigan State,31383,Gabrielle Stephen
"Sun, Mar-05-2023","Bowling Green, LIU",9.9000,9.8000,9.2500,,,H,Michigan State,31383,Gabrielle Stephen
"Sat, Mar-11-2023",Northern Illinois,9.8750,9.9750,9.9000,9.9750,39.7250,H,Michigan State,31383,Gabrielle Stephen
"Sat, Mar-18-2023","Illinois, Iowa, Maryland, Michigan, Minnesota, Nebraska, Ohio State, Penn State, Rutgers",9.8500,9.8250,9.8500,9.8750,39.4000,A,Michigan State,31383,Gabrielle Stephen
"Fri, Mar-31-2023",,9.8500,9.8750,9.9500,9.8500,39.5250,A,Michigan State,31383,Gabrielle Stephen
"Sun, Apr-02-2023",,9.8500,9.9000,9.8750,9.9250,39.5500,A,Michigan State,31383,Gabrielle Stephen
"Thu, Apr-13-2023","Alabama, Arizona State, Arkansas, Auburn, Boise State, California, Denver, Florida, Kentucky, LSU, Michigan, Missouri, Ohio State, Oklahoma, Oregon State, Penn State, Stanford, UCLA, Utah",,,9.7000,,,A,Michigan State,31383,Gabrielle Stephen
"Fri, Jan-06-2023",Alabama,,9.8250,9.7500,,,A,Michigan State,31956,Olivia Zsarmani
"Sat, Jan-14-2023",North Carolina State,,9.9000,9.7000,,,A,Michigan State,31956,Olivia Zsarmani
"Sun, Jan-22-2023",Michigan,9.8250,9.8750,9.8250,,,H,Michigan State,31956,Olivia Zsarmani
"Sun, Jan-29-2023",Maryland,9.5500,9.8250,9.8250,,,A,Michigan State,31956,Olivia Zsarmani
"Sat, Feb-04-2023",Penn State,,9.8750,9.1750,,,H,Michigan State,31956,Olivia Zsarmani
"Sat, Feb-25-2023","Minnesota, Nebraska, Ohio State, Rutgers",,9.7250,,,,A,Michigan State,31956,Olivia Zsarmani
"Mon, Feb-27-2023",Illinois,,9.8250,,,,A,Michigan State,31956,Olivia Zsarmani
"Fri, Mar-03-2023","Eastern Michigan, LIU",,9.5500,,,,A,Michigan State,31956,Olivia Zsarmani
"Fri, Mar-31-2023",,,9.8500,,,,A,Michigan State,31956,Olivia Zsarmani
"Sun, Apr-02-2023",,,9.8500,,,,A,Michigan State,31956,Olivia Zsarmani
"Fri, Jan-06-2023","Gustavus Adolphus, Hamline, Winona State",9.8500,9.7750,9.6750,9.7250,39.0250,H,Minnesota,30972,Gianna Gerdes
"Sat, Jan-14-2023","Boise State, California, Iowa, Oregon State, Pittsburgh, UCLA, Washington",9.7750,9.8750,9.8250,9.8750,39.3500,A,Minnesota,30972,Gianna Gerdes
"Sat, Jan-21-2023",Penn State,9.8500,9.8250,9.8000,9.7750,39.2500,H,Minnesota,30972,Gianna Gerdes
"Fri, Jan-27-2023",Iowa,9.8750,9.8250,9.8250,9.8500,39.3750,A,Minnesota,30972,Gianna Gerdes
"Sat, Feb-04-2023",Illinois,9.7250,9.8500,9.8500,9.8750,39.3000,H,Minnesota,30972,Gianna Gerdes
"Fri, Feb-10-2023",Michigan,9.8250,9.8750,9.9000,9.9000,39.5000,A,Minnesota,30972,Gianna Gerdes
"Sun, Feb-19-2023",Maryland,9.8750,9.8000,9.7000,9.9500,39.3250,A,Minnesota,30972,Gianna Gerdes
"Sat, Feb-25-2023","Michigan State, Nebraska, Ohio State, Rutgers",9.8500,9.8500,9.8500,9.9250,39.4750,A,Minnesota,30972,Gianna Gerdes
"Sat, Mar-04-2023",Boise State,9.8250,9.9000,9.8250,9.9500,39.5000,H,Minnesota,30972,Gianna Gerdes
"Fri, Mar-10-2023",Arkansas,9.8250,9.8250,9.1750,9.9500,38.7750,A,Minnesota,30972,Gianna Gerdes
"Sat, Mar-18-2023","Illinois, Iowa, Maryland, Michigan, Michigan State, Nebraska, Ohio State, Penn State, Rutgers",9.8500,9.8500,9.8750,9.9000,39.4750,A,Minnesota,30972,Gianna Gerdes
"Fri, Mar-31-2023",,9.8250,9.9000,9.8000,9.9250,39.4500,A,Minnesota,30972,Gianna Gerdes
"Fri, Jan-06-2023","Gustavus Adolphus, Hamline, Winona State",9.9250,9.8000,9.1250,9.9000,38.7500,H,Minnesota,30973,Mya Hooten
"Sat, Jan-14-2023","Boise State, California, Iowa, Oregon State, Pittsburgh, UCLA, Washington",9.8750,9.9500,9.0500,9.9250,38.8000,A,Minnesota,30973,Mya Hooten
"Sat, Jan-21-2023",Penn State,9.9000,9.9250,,9.9500,,H,Minnesota,30973,Mya Hooten
"Fri, Jan-27-2023",Iowa,9.9000,9.8750,,9.9750,,A,Minnesota,30973,Mya Hooten
"Sat, Feb-04-2023",Illinois,9.9750,9.8750,9.8250,10.0000,39.6750,H,Minnesota,30973,Mya Hooten
"Fri, Feb-10-2023",Michigan,9.9500,9.9500,9.6250,9.9750,39.5000,A,Minnesota,30973,Mya Hooten
"Sun, Feb-19-2023",Maryland,9.8250,9.8500,,9.9500,,A,Minnesota,30973,Mya Hooten
"Sat, Feb-25-2023","Michigan State, Nebraska, Ohio State, Rutgers",9.8250,9.8750,9.3000,9.8250,38.8250,A,Minnesota,30973,Mya Hooten
"Sat, Mar-04-2023",Boise State,9.9000,9.9000,,10.0000,,H,Minnesota,30973,Mya Hooten
"Fri, Mar-10-2023",Arkansas,9.8250,9.7500,,9.9250,,A,Minnesota,30973,Mya Hooten
"Sat, Mar-18-2023","Illinois, Iowa, Maryland, Michigan, Michigan State, Nebraska, Ohio State, Penn State, Rutgers",9.9250,9.9000,,9.9500,,A,Minnesota,30973,Mya Hooten
"Fri, Mar-31-2023",,9.9250,9.8250,,9.9000,,A,Minnesota,30973,Mya Hooten
"Fri, Jan-06-2023","Gustavus Adolphus, Hamline, Winona State",,9.7500,,9.7750,,H,Minnesota,31385,Marissa Jencks
"Sat, Jan-14-2023","Boise State, California, Iowa, Oregon State, Pittsburgh, UCLA, Washington",,9.9000,,9.8500,,A,Minnesota,31385,Marissa Jencks
"Sat, Jan-21-2023",Penn State,,9.7750,,9.8250,,H,Minnesota,31385,Marissa Jencks
"Fri, Jan-27-2023",Iowa,,9.7500,,9.7750,,A,Minnesota,31385,Marissa Jencks
"Sat, Feb-04-2023",Illinois,,9.8500,,9.8500,,H,Minnesota,31385,Marissa Jencks
"Fri, Feb-10-2023",Michigan,9.7500,9.8000,,9.6250,,A,Minnesota,31385,Marissa Jencks
"Sun, Feb-19-2023",Maryland,9.8500,9.8250,,9.8250,,A,Minnesota,31385,Marissa Jencks
"Sat, Feb-25-2023","Michigan State, Nebraska, Ohio State, Rutgers",9.8500,9.7000,,9.8000,,A,Minnesota,31385,Marissa Jencks
"Sat, Mar-04-2023",Boise State,9.7500,9.0750,,9.8500,,H,Minnesota,31385,Marissa Jencks
"Fri, Mar-10-2023",Arkansas,9.8250,9.8500,,9.8500,,A,Minnesota,31385,Marissa Jencks
"Sat, Mar-18-2023","Illinois, Iowa, Maryland, Michigan, Michigan State, Nebraska, Ohio State, Penn State, Rutgers",9.7750,9.7750,,9.7500,,A,Minnesota,31385,Marissa Jencks
"Fri, Mar-31-2023",,9.7000,9.7750,,9.8500,,A,Minnesota,31385,Marissa Jencks
"Fri, Jan-06-2023","Gustavus Adolphus, Hamline, Winona State",9.7500,9.7750,9.6750,,,H,Minnesota,31958,Seria Johnson
"Sat, Jan-14-2023","Boise State, California, Iowa, Oregon State, Pittsburgh, UCLA, Washington",9.8250,9.7500,9.8750,9.9000,39.3500,A,Minnesota,31958,Seria Johnson
"Sat, Jan-21-2023",Penn State,9.8000,9.8500,9.3000,9.8500,38.8000,H,Minnesota,31958,Seria Johnson
"Fri, Jan-27-2023",Iowa,9.8500,9.7000,9.7750,9.8500,,A,Minnesota,31958,Seria Johnson
"Sat, Feb-04-2023",Illinois,8.8750,9.7750,8.6000,9.8750,37.1250,H,Minnesota,31958,Seria Johnson
"Fri, Feb-10-2023",Michigan,,9.8500,,9.8750,,A,Minnesota,31958,Seria Johnson
"Sun, Feb-19-2023",Maryland,,9.8000,,9.8500,,A,Minnesota,31958,Seria Johnson
"Sat, Feb-25-2023","Michigan State, Nebraska, Ohio State, Rutgers",,9.8250,,9.8500,,A,Minnesota,31958,Seria Johnson
"Sat, Mar-04-2023",Boise State,,9.8500,,9.9000,,H,Minnesota,31958,Seria Johnson
"Fri, Mar-10-2023",Arkansas,,9.8250,,9.8750,,A,Minnesota,31958,Seria Johnson
"Sat, Mar-18-2023","Illinois, Iowa, Maryland, Michigan, Michigan State, Nebraska, Ohio State, Penn State, Rutgers",,9.7750,,9.8500,,A,Minnesota,31958,Seria Johnson
"Fri, Mar-31-2023",,,9.9000,,9.9000,,A,Minnesota,31958,Seria Johnson
"Fri, Jan-06-2023","Gustavus Adolphus, Hamline, Winona State",,,9.7750,8.9500,,H,Minnesota,30975,Emily Koch
"Sat, Jan-14-2023","Boise State, California, Iowa, Oregon State, Pittsburgh, UCLA, Washington",,,9.8000,9.8500,,A,Minnesota,30975,Emily Koch
"Sat, Jan-21-2023",Penn State,,,9.2250,7.9000,,H,Minnesota,30975,Emily Koch
"Fri, Jan-27-2023",Iowa,,,9.6500,,,A,Minnesota,30975,Emily Koch
"Sat, Feb-04-2023",Illinois,,,9.7750,,,H,Minnesota,30975,Emily Koch
"Fri, Feb-10-2023",Michigan,,,9.8500,,,A,Minnesota,30975,Emily Koch
"Sun, Feb-19-2023",Maryland,,,9.8500,,,A,Minnesota,30975,Emily Koch
"Sat, Feb-25-2023","Michigan State, Nebraska, Ohio State, Rutgers",,,9.8750,,,A,Minnesota,30975,Emily Koch
"Sat, Mar-04-2023",Boise State,,,9.1250,,,H,Minnesota,30975,Emily Koch
"Fri, Mar-10-2023",Arkansas,,,9.8250,,,A,Minnesota,30975,Emily Koch
"Sat, Mar-18-2023","Illinois, Iowa, Maryland, Michigan, Michigan State, Nebraska, Ohio State, Penn State, Rutgers",,,9.9000,,,A,Minnesota,30975,Emily Koch
"Fri, Mar-31-2023",,,,9.8250,,,A,Minnesota,30975,Emily Koch
"Sat, Feb-04-2023",Illinois,,,,9.7250,,H,Minnesota,30459,Mallory Leneave
"Fri, Feb-10-2023",Michigan,,,,9.6500,,A,Minnesota,30459,Mallory Leneave
"Sat, Feb-25-2023","Michigan State, Nebraska, Ohio State, Rutgers",,,,9.8000,,A,Minnesota,30459,Mallory Leneave
"Sat, Mar-04-2023",Boise State,,,,9.8500,,H,Minnesota,30459,Mallory Leneave
"Fri, Mar-10-2023",Arkansas,,,,9.8000,,A,Minnesota,30459,Mallory Leneave
"Sat, Mar-18-2023","Illinois, Iowa, Maryland, Michigan, Michigan State, Nebraska, Ohio State, Penn State, Rutgers",,,,8.9250,,A,Minnesota,30459,Mallory Leneave
"Fri, Mar-31-2023",,,,,9.8500,,A,Minnesota,30459,Mallory Leneave
"Fri, Jan-06-2023","Gustavus Adolphus, Hamline, Winona State",,,9.8500,,,H,Minnesota,31959,Sarah Moraw
"Sat, Jan-14-2023","Boise State, California, Iowa, Oregon State, Pittsburgh, UCLA, Washington",9.8000,,9.8000,,,A,Minnesota,31959,Sarah Moraw
"Sat, Jan-21-2023",Penn State,9.8000,,9.8250,,,H,Minnesota,31959,Sarah Moraw
"Fri, Jan-27-2023",Iowa,9.8000,,9.8750,,,A,Minnesota,31959,Sarah Moraw
"Sat, Feb-04-2023",Illinois,9.8500,,9.7000,,,H,Minnesota,31959,Sarah Moraw
"Fri, Feb-10-2023",Michigan,9.8500,,9.7000,,,A,Minnesota,31959,Sarah Moraw
"Sun, Feb-19-2023",Maryland,9.8000,,9.6500,9.8250,,A,Minnesota,31959,Sarah Moraw
"Sat, Feb-25-2023","Michigan State, Nebraska, Ohio State, Rutgers",9.8500,,,,,A,Minnesota,31959,Sarah Moraw
"Sat, Mar-04-2023",Boise State,9.8500,,9.8500,,,H,Minnesota,31959,Sarah Moraw
"Fri, Mar-10-2023",Arkansas,9.8500,,9.8750,,,A,Minnesota,31959,Sarah Moraw
"Sat, Mar-18-2023","Illinois, Iowa, Maryland, Michigan, Michigan State, Nebraska, Ohio State, Penn State, Rutgers",9.8000,,9.8750,,,A,Minnesota,31959,Sarah Moraw
"Fri, Mar-31-2023",,9.8000,,9.8500,,,A,Minnesota,31959,Sarah Moraw
"Sat, Mar-04-2023",Boise State,,,9.7000,,,H,Minnesota,30032,Abbie Nylin
"Fri, Mar-10-2023",Arkansas,,,9.6250,,,A,Minnesota,30032,Abbie Nylin
"Sat, Mar-18-2023","Illinois, Iowa, Maryland, Michigan, Michigan State, Nebraska, Ohio State, Penn State, Rutgers",,,9.4500,,,A,Minnesota,30032,Abbie Nylin
"Fri, Mar-31-2023",,,,9.8500,,,A,Minnesota,30032,Abbie Nylin
"Sat, Jan-21-2023",Penn State,,,9.6500,,,H,Minnesota,31386,Lauren Pearl
"Fri, Jan-27-2023",Iowa,,,,,,A,Minnesota,31386,Lauren Pearl
"Sat, Feb-04-2023",Illinois,,,9.5000,,,H,Minnesota,31386,Lauren Pearl
"Fri, Feb-10-2023",Michigan,,,9.8500,,,A,Minnesota,31386,Lauren Pearl
"Sun, Feb-19-2023",Maryland,,,9.7000,,,A,Minnesota,31386,Lauren Pearl
"Sat, Feb-25-2023","Michigan State, Nebraska, Ohio State, Rutgers",,,9.6750,,,A,Minnesota,31386,Lauren Pearl
"Sat, Mar-04-2023",Boise State,,,9.8750,,,H,Minnesota,31386,Lauren Pearl
"Fri, Mar-10-2023",Arkansas,,,9.8000,,,A,Minnesota,31386,Lauren Pearl
"Sat, Mar-18-2023","Illinois, Iowa, Maryland, Michigan, Michigan State, Nebraska, Ohio State, Penn State, Rutgers",,,9.9000,,,A,Minnesota,31386,Lauren Pearl
"Fri, Mar-31-2023",,,,9.8250,,,A,Minnesota,31386,Lauren Pearl
"Fri, Jan-06-2023","Gustavus Adolphus, Hamline, Winona State",9.8500,,,,,H,Minnesota,30460,Maddie Quarles
"Sat, Jan-14-2023","Boise State, California, Iowa, Oregon State, Pittsburgh, UCLA, Washington",9.3250,,,,,A,Minnesota,30460,Maddie Quarles
"Sat, Jan-21-2023",Penn State,9.9000,,,,,H,Minnesota,30460,Maddie Quarles
"Fri, Jan-27-2023",Iowa,9.8750,,,,,A,Minnesota,30460,Maddie Quarles
"Sat, Feb-04-2023",Illinois,9.8750,,,,,H,Minnesota,30460,Maddie Quarles
"Fri, Feb-10-2023",Michigan,9.8750,,,,,A,Minnesota,30460,Maddie Quarles
"Sun, Feb-19-2023",Maryland,9.9250,,,,,A,Minnesota,30460,Maddie Quarles
"Sat, Feb-25-2023","Michigan State, Nebraska, Ohio State, Rutgers",10.0000,,,,,A,Minnesota,30460,Maddie Quarles
"Sat, Mar-04-2023",Boise State,9.9500,,,,,H,Minnesota,30460,Maddie Quarles
"Fri, Mar-10-2023",Arkansas,9.9500,,,,,A,Minnesota,30460,Maddie Quarles
"Sat, Mar-18-2023","Illinois, Iowa, Maryland, Michigan, Michigan State, Nebraska, Ohio State, Penn State, Rutgers",9.7250,,,,,A,Minnesota,30460,Maddie Quarles
"Fri, Mar-31-2023",,9.9250,,,,,A,Minnesota,30460,Maddie Quarles
"Fri, Jan-06-2023","Gustavus Adolphus, Hamline, Winona State",9.8500,9.7500,,9.9500,,H,Minnesota,30461,Halle Remlinger
"Sat, Jan-14-2023","Boise State, California, Iowa, Oregon State, Pittsburgh, UCLA, Washington",9.8000,9.8750,,9.7750,,A,Minnesota,30461,Halle Remlinger
"Sat, Jan-21-2023",Penn State,9.7250,9.8250,,9.9000,,H,Minnesota,30461,Halle Remlinger
"Fri, Jan-27-2023",Iowa,9.7750,9.8500,,9.9000,,A,Minnesota,30461,Halle Remlinger
"Sat, Feb-04-2023",Illinois,9.8750,9.8250,,9.9500,,H,Minnesota,30461,Halle Remlinger
"Fri, Feb-10-2023",Michigan,9.8250,9.8750,,9.9250,,A,Minnesota,30461,Halle Remlinger
"Sun, Feb-19-2023",Maryland,9.8000,9.8250,,9.9250,,A,Minnesota,30461,Halle Remlinger
"Sat, Feb-25-2023","Michigan State, Nebraska, Ohio State, Rutgers",9.8750,9.1000,,9.9250,,A,Minnesota,30461,Halle Remlinger
"Sat, Mar-04-2023",Boise State,9.8500,9.8500,,10.0000,,H,Minnesota,30461,Halle Remlinger
"Fri, Mar-10-2023",Arkansas,9.8250,9.8750,,9.9250,,A,Minnesota,30461,Halle Remlinger
"Sat, Mar-18-2023","Illinois, Iowa, Maryland, Michigan, Michigan State, Nebraska, Ohio State, Penn State, Rutgers",9.8250,9.8500,,9.9000,,A,Minnesota,30461,Halle Remlinger
"Fri, Mar-31-2023",,9.8000,9.8000,,9.9250,,A,Minnesota,30461,Halle Remlinger
"Fri, Jan-06-2023","Gustavus Adolphus, Hamline, Winona State",,,9.8250,,,H,Minnesota,31960,Brooklyn Rowray
"Sat, Jan-14-2023","Boise State, California, Iowa, Oregon State, Pittsburgh, UCLA, Washington",,,9.2000,,,A,Minnesota,31960,Brooklyn Rowray
"Sat, Jan-21-2023",Penn State,,,9.7750,,,H,Minnesota,31960,Brooklyn Rowray
"Fri, Jan-27-2023",Iowa,,,9.9000,9.8000,,A,Minnesota,31960,Brooklyn Rowray
"Sun, Feb-19-2023",Maryland,,,9.8000,,,A,Minnesota,31960,Brooklyn Rowray
"Sat, Feb-25-2023","Michigan State, Nebraska, Ohio State, Rutgers",,,9.2000,,,A,Minnesota,31960,Brooklyn Rowray
"Fri, Jan-06-2023","Gustavus Adolphus, Hamline, Winona State",,9.8000,,,,H,Minnesota,30033,Tiarre Sales
"Sat, Jan-14-2023","Boise State, California, Iowa, Oregon State, Pittsburgh, UCLA, Washington",,9.1500,,,,A,Minnesota,30033,Tiarre Sales
"Sat, Jan-21-2023",Penn State,,9.9000,,,,H,Minnesota,30033,Tiarre Sales
"Fri, Jan-27-2023",Iowa,,9.8750,,,,A,Minnesota,30033,Tiarre Sales
"Sat, Feb-04-2023",Illinois,,9.7750,,,,H,Minnesota,30033,Tiarre Sales
"Fri, Feb-10-2023",Michigan,,9.8750,9.7000,,,A,Minnesota,30033,Tiarre Sales
"Sun, Feb-19-2023",Maryland,,9.8250,9.8500,,,A,Minnesota,30033,Tiarre Sales
"Sat, Feb-25-2023","Michigan State, Nebraska, Ohio State, Rutgers",,9.9000,9.1000,,,A,Minnesota,30033,Tiarre Sales
"Sat, Mar-04-2023",Boise State,,9.8750,9.9000,,,H,Minnesota,30033,Tiarre Sales
"Fri, Mar-10-2023",Arkansas,,9.8750,9.9000,,,A,Minnesota,30033,Tiarre Sales
"Sat, Mar-18-2023","Illinois, Iowa, Maryland, Michigan, Michigan State, Nebraska, Ohio State, Penn State, Rutgers",,9.9250,9.8750,,,A,Minnesota,30033,Tiarre Sales
"Fri, Mar-31-2023",,,9.8500,9.5500,,,A,Minnesota,30033,Tiarre Sales
"Fri, Jan-27-2023",Iowa,,,9.1000,,,A,Minnesota,30976,Ella Sirjord
"Fri, Jan-06-2023","Gustavus Adolphus, Hamline, Winona State",9.7250,,,9.8000,,H,Minnesota,31961,Megan Steensland
"Sun, Feb-19-2023",Auburn,,9.8500,,,,H,Missouri,30977,Kyra Burns
"Fri, Feb-24-2023",Arkansas,,9.8750,,,,A,Missouri,30977,Kyra Burns
"Fri, Mar-03-2023",Alabama,,9.8750,,,,H,Missouri,30977,Kyra Burns
"Fri, Mar-10-2023","Ball State, North Carolina, S.E. Missouri",,9.8000,,,,H,Missouri,30977,Kyra Burns
"Sat, Mar-18-2023","Alabama, Arkansas, Auburn, Florida, Georgia, Kentucky, LSU",9.6500,9.8500,,,,A,Missouri,30977,Kyra Burns
"Thu, Mar-30-2023",,9.8500,9.8250,,,,A,Missouri,30977,Kyra Burns
"Sat, Apr-01-2023",,9.8250,9.8000,,,,A,Missouri,30977,Kyra Burns
"Fri, Jan-20-2023",LSU,9.7750,9.8500,,9.9000,,A,Missouri,31389,Amari Celestine
"Sun, Jan-29-2023","Lindenwood, Texas Woman's",9.8500,9.7250,,9.9250,,A,Missouri,31389,Amari Celestine
"Fri, Feb-03-2023",Kentucky,9.8750,9.7750,,9.9250,,H,Missouri,31389,Amari Celestine
"Fri, Feb-10-2023",Florida,9.8750,9.8250,,9.9000,,A,Missouri,31389,Amari Celestine
"Sun, Feb-19-2023",Auburn,9.8750,9.8250,,9.9500,,H,Missouri,31389,Amari Celestine
"Fri, Feb-24-2023",Arkansas,9.9500,9.9250,,9.6500,,A,Missouri,31389,Amari Celestine
"Fri, Mar-03-2023",Alabama,9.8750,9.8250,,9.9000,,H,Missouri,31389,Amari Celestine
"Fri, Mar-10-2023","Ball State, North Carolina, S.E. Missouri",9.8250,9.8250,,9.9250,,H,Missouri,31389,Amari Celestine
"Sat, Mar-18-2023","Alabama, Arkansas, Auburn, Florida, Georgia, Kentucky, LSU",9.9000,9.8500,,9.8750,,A,Missouri,31389,Amari Celestine
"Thu, Mar-30-2023",,9.9000,9.8250,,9.8250,,A,Missouri,31389,Amari Celestine
"Sat, Apr-01-2023",,9.9000,9.7500,,9.9000,,A,Missouri,31389,Amari Celestine
"Sun, Jan-08-2023",Illinois,9.8250,,9.9000,,,A,Missouri,31390,Grace Anne Davis
"Fri, Jan-13-2023",Georgia,9.7500,,9.8250,,,H,Missouri,31390,Grace Anne Davis
"Fri, Jan-20-2023",LSU,9.8250,,9.6000,,,A,Missouri,31390,Grace Anne Davis
"Sun, Jan-29-2023","Lindenwood, Texas Woman's",9.8000,,9.8250,,,A,Missouri,31390,Grace Anne Davis
"Fri, Feb-03-2023",Kentucky,9.8000,,9.8250,,,H,Missouri,31390,Grace Anne Davis
"Fri, Feb-10-2023",Florida,9.7000,,,,,A,Missouri,31390,Grace Anne Davis
"Sun, Feb-19-2023",Auburn,9.8500,,9.8500,,,H,Missouri,31390,Grace Anne Davis
"Fri, Feb-24-2023",Arkansas,9.7750,,9.8750,,,A,Missouri,31390,Grace Anne Davis
"Fri, Mar-03-2023",Alabama,9.8000,,9.6000,,,H,Missouri,31390,Grace Anne Davis
"Fri, Mar-10-2023","Ball State, North Carolina, S.E. Missouri",9.7500,,9.8250,,,H,Missouri,31390,Grace Anne Davis
"Sat, Mar-18-2023","Alabama, Arkansas, Auburn, Florida, Georgia, Kentucky, LSU",9.5500,,9.0000,,,A,Missouri,31390,Grace Anne Davis
"Thu, Mar-30-2023",,9.8500,,9.9000,,,A,Missouri,31390,Grace Anne Davis
"Sat, Apr-01-2023",,9.8500,,9.8250,,,A,Missouri,31390,Grace Anne Davis
"Sun, Jan-08-2023",Illinois,,9.9250,9.9500,,,A,Missouri,30462,Helen Hu
"Fri, Jan-13-2023",Georgia,,9.9250,9.9250,,,H,Missouri,30462,Helen Hu
"Fri, Jan-20-2023",LSU,,9.2250,9.9250,,,A,Missouri,30462,Helen Hu
"Sun, Jan-29-2023","Lindenwood, Texas Woman's",,9.8750,9.8250,,,A,Missouri,30462,Helen Hu
"Fri, Feb-03-2023",Kentucky,,9.9000,9.9500,,,H,Missouri,30462,Helen Hu
"Fri, Feb-10-2023",Florida,,9.8750,9.6750,,,A,Missouri,30462,Helen Hu
"Sun, Feb-19-2023",Auburn,,9.9000,9.8250,,,H,Missouri,30462,Helen Hu
"Fri, Feb-24-2023",Arkansas,,9.9000,9.9000,,,A,Missouri,30462,Helen Hu
"Fri, Mar-03-2023",Alabama,,9.8750,9.9500,,,H,Missouri,30462,Helen Hu
"Fri, Mar-10-2023","Ball State, North Carolina, S.E. Missouri",,9.8250,9.9750,,,H,Missouri,30462,Helen Hu
"Sat, Mar-18-2023","Alabama, Arkansas, Auburn, Florida, Georgia, Kentucky, LSU",,9.9500,9.9500,,,A,Missouri,30462,Helen Hu
"Thu, Mar-30-2023",,,9.4000,9.9000,,,A,Missouri,30462,Helen Hu
"Sat, Apr-01-2023",,,9.8500,9.9250,,,A,Missouri,30462,Helen Hu
"Sun, Jan-08-2023",Illinois,,,,9.7750,,A,Missouri,31392,Alonna Kratzer
"Fri, Jan-13-2023",Georgia,,,,9.8500,,H,Missouri,31392,Alonna Kratzer
"Fri, Jan-20-2023",LSU,,,,9.8500,,A,Missouri,31392,Alonna Kratzer
"Sun, Jan-29-2023","Lindenwood, Texas Woman's",,,,9.7750,,A,Missouri,31392,Alonna Kratzer
"Fri, Feb-03-2023",Kentucky,,,,9.8250,,H,Missouri,31392,Alonna Kratzer
"Fri, Feb-10-2023",Florida,,,,9.8000,,A,Missouri,31392,Alonna Kratzer
"Sun, Feb-19-2023",Auburn,,,,9.9000,,H,Missouri,31392,Alonna Kratzer
"Fri, Feb-24-2023",Arkansas,,,,9.9000,,A,Missouri,31392,Alonna Kratzer
"Fri, Mar-03-2023",Alabama,,,,9.8750,,H,Missouri,31392,Alonna Kratzer
"Fri, Mar-10-2023","Ball State, North Carolina, S.E. Missouri",,,,9.8250,,H,Missouri,31392,Alonna Kratzer
"Sat, Mar-18-2023","Alabama, Arkansas, Auburn, Florida, Georgia, Kentucky, LSU",,,,9.8000,,A,Missouri,31392,Alonna Kratzer
"Thu, Mar-30-2023",,,,,9.7750,,A,Missouri,31392,Alonna Kratzer
"Sat, Apr-01-2023",,,,,9.8250,,A,Missouri,31392,Alonna Kratzer
"Sun, Jan-08-2023",Illinois,,9.8000,9.8500,,,A,Missouri,31964,Addison Lawrence
"Fri, Jan-13-2023",Georgia,9.5750,9.7750,9.8500,,,H,Missouri,31964,Addison Lawrence
"Fri, Jan-20-2023",LSU,9.7500,9.8500,9.7500,,,A,Missouri,31964,Addison Lawrence
"Sun, Jan-29-2023","Lindenwood, Texas Woman's",9.7250,,9.8500,,,A,Missouri,31964,Addison Lawrence
"Fri, Feb-03-2023",Kentucky,,9.3000,9.1500,,,H,Missouri,31964,Addison Lawrence
"Fri, Feb-10-2023",Florida,,,9.8000,,,A,Missouri,31964,Addison Lawrence
"Sun, Feb-19-2023",Auburn,9.7750,,9.8000,,,H,Missouri,31964,Addison Lawrence
"Fri, Feb-24-2023",Arkansas,9.7500,,9.9250,,,A,Missouri,31964,Addison Lawrence
"Fri, Mar-03-2023",Alabama,9.7500,,9.8500,,,H,Missouri,31964,Addison Lawrence
"Fri, Mar-10-2023","Ball State, North Carolina, S.E. Missouri",9.7000,,9.9750,,,H,Missouri,31964,Addison Lawrence
"Sat, Mar-18-2023","Alabama, Arkansas, Auburn, Florida, Georgia, Kentucky, LSU",,,9.8500,,,A,Missouri,31964,Addison Lawrence
"Thu, Mar-30-2023",,,,9.8000,,,A,Missouri,31964,Addison Lawrence
"Sat, Apr-01-2023",,,,9.8750,,,A,Missouri,31964,Addison Lawrence
"Sun, Jan-08-2023",Illinois,9.7000,,9.6500,9.8250,,A,Missouri,30038,Hannah McCrary
"Fri, Jan-13-2023",Georgia,9.7250,,,9.9250,,H,Missouri,30038,Hannah McCrary
"Fri, Jan-20-2023",LSU,9.7750,,,9.8250,,A,Missouri,30038,Hannah McCrary
"Sun, Jan-29-2023","Lindenwood, Texas Woman's",9.6750,,9.7250,9.8500,,A,Missouri,30038,Hannah McCrary
"Fri, Feb-03-2023",Kentucky,9.8500,,9.5000,9.8500,,H,Missouri,30038,Hannah McCrary
"Fri, Feb-10-2023",Florida,9.7250,,9.8000,9.7750,,A,Missouri,30038,Hannah McCrary
"Sun, Feb-19-2023",Auburn,9.8250,,9.8000,9.8750,,H,Missouri,30038,Hannah McCrary
"Fri, Feb-24-2023",Arkansas,9.8000,,9.9000,9.8750,,A,Missouri,30038,Hannah McCrary
"Fri, Mar-03-2023",Alabama,9.8000,,9.6500,9.9000,,H,Missouri,30038,Hannah McCrary
"Fri, Mar-10-2023","Ball State, North Carolina, S.E. Missouri",9.7500,,9.8000,9.9000,,H,Missouri,30038,Hannah McCrary
"Sat, Mar-18-2023","Alabama, Arkansas, Auburn, Florida, Georgia, Kentucky, LSU",9.8500,,,9.8500,,A,Missouri,30038,Hannah McCrary
"Thu, Mar-30-2023",,9.7500,,,9.9000,,A,Missouri,30038,Hannah McCrary
"Sat, Apr-01-2023",,9.8250,,,9.9000,,A,Missouri,30038,Hannah McCrary
"Sun, Jan-08-2023",Illinois,9.9000,9.8250,,9.8750,,A,Missouri,31393,Jocelyn Moore
"Fri, Jan-13-2023",Georgia,9.8750,9.9000,,9.8250,,H,Missouri,31393,Jocelyn Moore
"Fri, Jan-20-2023",LSU,9.8750,9.8750,,9.8500,,A,Missouri,31393,Jocelyn Moore
"Sun, Jan-29-2023","Lindenwood, Texas Woman's",9.8000,9.9000,,9.9250,,A,Missouri,31393,Jocelyn Moore
"Fri, Feb-03-2023",Kentucky,9.9500,9.8500,,9.6750,,H,Missouri,31393,Jocelyn Moore
"Fri, Feb-10-2023",Florida,9.9250,9.8500,,9.8500,,A,Missouri,31393,Jocelyn Moore
"Sun, Feb-19-2023",Auburn,10.0000,9.8000,,9.9250,,H,Missouri,31393,Jocelyn Moore
"Fri, Feb-24-2023",Arkansas,9.9750,9.8000,,9.9750,,A,Missouri,31393,Jocelyn Moore
"Fri, Mar-03-2023",Alabama,9.8250,9.9250,,9.8750,,H,Missouri,31393,Jocelyn Moore
"Fri, Mar-10-2023","Ball State, North Carolina, S.E. Missouri",9.8000,9.8250,,,,H,Missouri,31393,Jocelyn Moore
"Sat, Mar-18-2023","Alabama, Arkansas, Auburn, Florida, Georgia, Kentucky, LSU",9.9500,9.8750,,9.9000,,A,Missouri,31393,Jocelyn Moore
"Thu, Mar-30-2023",,9.9000,9.8500,,9.9000,,A,Missouri,31393,Jocelyn Moore
"Sat, Apr-01-2023",,9.9750,9.8500,,9.9500,,A,Missouri,31393,Jocelyn Moore
"Sun, Jan-08-2023",Illinois,9.8250,,,,,A,Missouri,31965,Mackenzie Patricelli
"Sun, Jan-08-2023",Illinois,,9.2750,,,,A,Missouri,30465,Hollyn Patrick
"Fri, Jan-13-2023",Georgia,,9.7750,,,,H,Missouri,30465,Hollyn Patrick
"Sun, Jan-29-2023","Lindenwood, Texas Woman's",,9.7000,,,,A,Missouri,30465,Hollyn Patrick
"Fri, Feb-10-2023",Florida,,9.7750,,,,A,Missouri,30465,Hollyn Patrick
"Sun, Jan-08-2023",Illinois,,,,9.7000,,A,Missouri,31966,Casey Poddig
"Fri, Jan-13-2023",Georgia,,,,9.8250,,H,Missouri,31966,Casey Poddig
"Sun, Jan-29-2023","Lindenwood, Texas Woman's",,,,9.7250,,A,Missouri,31966,Casey Poddig
"Sun, Jan-08-2023",Illinois,9.7000,,,,,A,Missouri,30980,Sydney Schaffer
"Fri, Jan-13-2023",Georgia,9.6750,,9.7500,,,H,Missouri,30980,Sydney Schaffer
"Fri, Jan-20-2023",LSU,,,9.5750,,,A,Missouri,30980,Sydney Schaffer
"Fri, Feb-03-2023",Kentucky,9.7250,,,,,H,Missouri,30980,Sydney Schaffer
"Fri, Feb-10-2023",Florida,9.6750,,9.2500,,,A,Missouri,30980,Sydney Schaffer
"Fri, Mar-10-2023","Ball State, North Carolina, S.E. Missouri",,,,9.8500,,H,Missouri,30980,Sydney Schaffer
"Sat, Mar-18-2023","Alabama, Arkansas, Auburn, Florida, Georgia, Kentucky, LSU",,,9.8000,,,A,Missouri,30980,Sydney Schaffer
"Thu, Mar-30-2023",,,,9.8750,,,A,Missouri,30980,Sydney Schaffer
"Sat, Apr-01-2023",,,,9.8000,,,A,Missouri,30980,Sydney Schaffer
"Sun, Jan-08-2023",Illinois,9.8000,9.1250,9.9500,9.8250,38.7000,A,Missouri,30466,Sienna Schreiber
"Fri, Jan-13-2023",Georgia,9.8250,9.8500,9.9250,9.9000,39.5000,H,Missouri,30466,Sienna Schreiber
"Fri, Jan-20-2023",LSU,9.8000,9.8250,9.8250,9.8500,39.3000,A,Missouri,30466,Sienna Schreiber
"Sun, Jan-29-2023","Lindenwood, Texas Woman's",9.8250,9.9000,9.8500,,,A,Missouri,30466,Sienna Schreiber
"Fri, Feb-03-2023",Kentucky,9.8500,9.8500,9.7000,9.8750,39.2750,H,Missouri,30466,Sienna Schreiber
"Fri, Feb-10-2023",Florida,9.8250,9.8250,9.9500,9.8000,39.4000,A,Missouri,30466,Sienna Schreiber
"Sun, Feb-19-2023",Auburn,9.9000,9.8750,9.3750,9.8500,39.0000,H,Missouri,30466,Sienna Schreiber
"Fri, Feb-24-2023",Arkansas,9.8250,9.9000,9.9250,9.8500,39.5000,A,Missouri,30466,Sienna Schreiber
"Fri, Mar-03-2023",Alabama,9.8500,9.8500,9.7500,9.8750,39.3250,H,Missouri,30466,Sienna Schreiber
"Fri, Mar-10-2023","Ball State, North Carolina, S.E. Missouri",9.8500,9.9500,9.9250,9.9000,39.6250,H,Missouri,30466,Sienna Schreiber
"Sat, Mar-18-2023","Alabama, Arkansas, Auburn, Florida, Georgia, Kentucky, LSU",9.5250,9.8750,9.9000,9.7750,39.0750,A,Missouri,30466,Sienna Schreiber
"Thu, Mar-30-2023",,9.9000,9.8500,9.8500,9.8750,39.4750,A,Missouri,30466,Sienna Schreiber
"Sat, Apr-01-2023",,9.9000,9.8750,9.9250,9.8750,39.5750,A,Missouri,30466,Sienna Schreiber
"Sun, Jan-08-2023",Illinois,,9.8250,9.8750,9.9000,,A,Missouri,30068,Alisa Sheremeta
"Fri, Jan-13-2023",Georgia,,9.8750,9.8500,9.9250,,H,Missouri,30068,Alisa Sheremeta
"Fri, Jan-20-2023",LSU,,9.8500,9.8500,9.8250,,A,Missouri,30068,Alisa Sheremeta
"Sun, Jan-29-2023","Lindenwood, Texas Woman's",,9.8750,9.8500,9.8500,,A,Missouri,30068,Alisa Sheremeta
"Fri, Feb-03-2023",Kentucky,,9.8250,9.7000,9.9250,,H,Missouri,30068,Alisa Sheremeta
"Fri, Feb-10-2023",Florida,,9.8500,9.9250,9.8500,,A,Missouri,30068,Alisa Sheremeta
"Sun, Feb-19-2023",Auburn,,9.8000,9.8750,9.9500,,H,Missouri,30068,Alisa Sheremeta
"Fri, Feb-24-2023",Arkansas,,9.8500,9.9000,9.9250,,A,Missouri,30068,Alisa Sheremeta
"Fri, Mar-03-2023",Alabama,,9.8250,9.9000,9.9250,,H,Missouri,30068,Alisa Sheremeta
"Fri, Mar-10-2023","Ball State, North Carolina, S.E. Missouri",,9.8500,9.8250,9.9000,,H,Missouri,30068,Alisa Sheremeta
"Sat, Mar-18-2023","Alabama, Arkansas, Auburn, Florida, Georgia, Kentucky, LSU",,9.8500,9.8750,9.9000,,A,Missouri,30068,Alisa Sheremeta
"Thu, Mar-30-2023",,,9.8000,9.9500,9.8750,,A,Missouri,30068,Alisa Sheremeta
"Sat, Apr-01-2023",,,9.8500,9.8500,9.9000,,A,Missouri,30068,Alisa Sheremeta
"Thu, Apr-13-2023","Alabama, Arizona State, Arkansas, Auburn, Boise State, California, Denver, Florida, Kentucky, LSU, Michigan, Michigan State, Ohio State, Oklahoma, Oregon State, Penn State, Stanford, UCLA, Utah",,,9.9250,,,A,Missouri,30068,Alisa Sheremeta
"Sat, Jan-07-2023",Arkansas,,9.6000,9.8000,,,H,Nebraska,31968,Csenge Bacskay
"Sun, Jan-15-2023","Cornell, George Washington, William & Mary",,9.7000,,,,A,Nebraska,31968,Csenge Bacskay
"Sat, Jan-21-2023",Maryland,,,9.7750,,,H,Nebraska,31968,Csenge Bacskay
"Fri, Feb-10-2023",Penn State,9.8000,,,,,A,Nebraska,31968,Csenge Bacskay
"Sat, Jan-21-2023",Maryland,9.6000,,,,,H,Nebraska,31969,Kaitlyn Barth
"Sat, Jan-28-2023",Illinois,9.7000,,,,,A,Nebraska,31969,Kaitlyn Barth
"Sat, Jan-07-2023",Arkansas,,9.7750,9.0000,,,H,Nebraska,30467,Clara Colombo
"Sun, Jan-15-2023","Cornell, George Washington, William & Mary",,9.7250,9.7750,,,A,Nebraska,30467,Clara Colombo
"Sat, Jan-21-2023",Maryland,,9.7500,9.8500,,,H,Nebraska,30467,Clara Colombo
"Sat, Jan-28-2023",Illinois,,9.4250,9.8250,,,A,Nebraska,30467,Clara Colombo
"Mon, Feb-06-2023",Iowa,,9.7500,9.8000,,,H,Nebraska,30467,Clara Colombo
"Fri, Feb-10-2023",Penn State,,9.7750,9.8000,,,A,Nebraska,30467,Clara Colombo
"Sat, Feb-25-2023","Michigan State, Minnesota, Ohio State, Rutgers",,9.8750,9.7250,,,H,Nebraska,30467,Clara Colombo
"Mon, Feb-27-2023",Michigan,,9.8000,9.8500,,,H,Nebraska,30467,Clara Colombo
"Fri, Mar-03-2023","Alaska, Utah State",,9.9250,9.8500,,,A,Nebraska,30467,Clara Colombo
"Sat, Mar-11-2023","Air Force, Denver",,9.8250,9.7500,,,H,Nebraska,30467,Clara Colombo
"Sat, Mar-18-2023","Illinois, Iowa, Maryland, Michigan, Michigan State, Minnesota, Ohio State, Penn State, Rutgers",,9.9250,9.5250,,,A,Nebraska,30467,Clara Colombo
"Fri, Mar-31-2023",,,9.7750,9.7750,,,A,Nebraska,30467,Clara Colombo
"Sat, Jan-07-2023",Arkansas,9.8250,,,9.0500,,H,Nebraska,30982,Martina Comin
"Sun, Jan-15-2023","Cornell, George Washington, William & Mary",9.8500,,,9.8750,,A,Nebraska,30982,Martina Comin
"Sat, Jan-21-2023",Maryland,9.8500,,,9.7250,,H,Nebraska,30982,Martina Comin
"Mon, Feb-06-2023",Iowa,9.7750,,,,,H,Nebraska,30982,Martina Comin
"Fri, Feb-10-2023",Penn State,9.8500,,,9.8250,,A,Nebraska,30982,Martina Comin
"Sat, Feb-25-2023","Michigan State, Minnesota, Ohio State, Rutgers",9.8750,,,9.8250,,H,Nebraska,30982,Martina Comin
"Mon, Feb-27-2023",Michigan,9.8000,,,9.9000,,H,Nebraska,30982,Martina Comin
"Fri, Mar-03-2023","Alaska, Utah State",9.8750,,,9.8500,,A,Nebraska,30982,Martina Comin
"Sat, Mar-11-2023","Air Force, Denver",9.8750,,,9.8500,,H,Nebraska,30982,Martina Comin
"Sat, Mar-18-2023","Illinois, Iowa, Maryland, Michigan, Michigan State, Minnesota, Ohio State, Penn State, Rutgers",9.7750,,,9.8250,,A,Nebraska,30982,Martina Comin
"Fri, Mar-31-2023",,9.8000,,,9.8000,,A,Nebraska,30982,Martina Comin
"Sat, Jan-07-2023",Arkansas,9.7000,9.8500,,,,H,Nebraska,30983,Kinsey Davis
"Sun, Jan-15-2023","Cornell, George Washington, William & Mary",9.9000,9.8500,,,,A,Nebraska,30983,Kinsey Davis
"Sat, Jan-21-2023",Maryland,9.8250,9.5750,,,,H,Nebraska,30983,Kinsey Davis
"Sat, Jan-28-2023",Illinois,9.8500,9.8750,,,,A,Nebraska,30983,Kinsey Davis
"Mon, Feb-06-2023",Iowa,9.8500,9.2250,,,,H,Nebraska,30983,Kinsey Davis
"Fri, Feb-10-2023",Penn State,9.7750,9.9000,,,,A,Nebraska,30983,Kinsey Davis
"Sat, Feb-25-2023","Michigan State, Minnesota, Ohio State, Rutgers",9.9000,9.7500,,,,H,Nebraska,30983,Kinsey Davis
"Mon, Feb-27-2023",Michigan,9.8000,9.8750,,,,H,Nebraska,30983,Kinsey Davis
"Fri, Mar-03-2023","Alaska, Utah State",9.8250,9.9250,,,,A,Nebraska,30983,Kinsey Davis
"Sat, Mar-11-2023","Air Force, Denver",9.9000,9.9250,,,,H,Nebraska,30983,Kinsey Davis
"Sat, Mar-18-2023","Illinois, Iowa, Maryland, Michigan, Michigan State, Minnesota, Ohio State, Penn State, Rutgers",9.7500,9.8750,,,,A,Nebraska,30983,Kinsey Davis
"Fri, Mar-31-2023",,9.8250,9.6000,,,,A,Nebraska,30983,Kinsey Davis
"Sat, Jan-07-2023",Arkansas,,,9.7750,,,H,Nebraska,31820,Allie Gard
"Sun, Jan-15-2023","Cornell, George Washington, William & Mary",,,9.1750,,,A,Nebraska,31820,Allie Gard
"Sat, Jan-21-2023",Maryland,,,9.6500,,,H,Nebraska,31820,Allie Gard
"Sat, Jan-28-2023",Illinois,,,9.8000,,,A,Nebraska,31820,Allie Gard
"Mon, Feb-06-2023",Iowa,,,9.7500,9.5500,,H,Nebraska,31820,Allie Gard
"Fri, Feb-10-2023",Penn State,,,9.6000,,,A,Nebraska,31820,Allie Gard
"Sat, Feb-25-2023","Michigan State, Minnesota, Ohio State, Rutgers",,,9.7750,,,H,Nebraska,31820,Allie Gard
"Mon, Feb-27-2023",Michigan,,,9.8250,,,H,Nebraska,31820,Allie Gard
"Fri, Mar-03-2023","Alaska, Utah State",,,9.7750,,,A,Nebraska,31820,Allie Gard
"Sat, Mar-11-2023","Air Force, Denver",,,9.7000,,,H,Nebraska,31820,Allie Gard
"Sat, Mar-18-2023","Illinois, Iowa, Maryland, Michigan, Michigan State, Minnesota, Ohio State, Penn State, Rutgers",,,9.7500,,,A,Nebraska,31820,Allie Gard
"Fri, Mar-31-2023",,,,9.4000,,,A,Nebraska,31820,Allie Gard
"Sat, Jan-07-2023",Arkansas,,9.4750,,,,H,Nebraska,31395,Genesis Gibson
"Sun, Jan-15-2023","Cornell, George Washington, William & Mary",,9.7250,,,,A,Nebraska,31395,Genesis Gibson
"Sat, Jan-21-2023",Maryland,,9.6000,,,,H,Nebraska,31395,Genesis Gibson
"Sat, Jan-28-2023",Illinois,,9.7500,,,,A,Nebraska,31395,Genesis Gibson
"Mon, Feb-06-2023",Iowa,,9.6000,,,,H,Nebraska,31395,Genesis Gibson
"Fri, Feb-10-2023",Penn State,,9.8000,,,,A,Nebraska,31395,Genesis Gibson
"Sat, Feb-25-2023","Michigan State, Minnesota, Ohio State, Rutgers",,9.8250,,,,H,Nebraska,31395,Genesis Gibson
"Mon, Feb-27-2023",Michigan,,9.8250,,,,H,Nebraska,31395,Genesis Gibson
"Fri, Mar-03-2023","Alaska, Utah State",,9.8750,,,,A,Nebraska,31395,Genesis Gibson
"Sat, Mar-11-2023","Air Force, Denver",,9.8750,,,,H,Nebraska,31395,Genesis Gibson
"Sat, Mar-18-2023","Illinois, Iowa, Maryland, Michigan, Michigan State, Minnesota, Ohio State, Penn State, Rutgers",,9.8000,,,,A,Nebraska,31395,Genesis Gibson
"Fri, Mar-31-2023",,,9.7250,,,,A,Nebraska,31395,Genesis Gibson
"Sat, Jan-07-2023",Arkansas,9.6750,,9.8000,9.8250,,H,Nebraska,31396,Ayzhia Hall
"Sun, Jan-15-2023","Cornell, George Washington, William & Mary",9.7750,,9.8750,8.6750,,A,Nebraska,31396,Ayzhia Hall
"Sat, Jan-28-2023",Illinois,9.8000,,9.8500,,,A,Nebraska,31396,Ayzhia Hall
"Mon, Feb-06-2023",Iowa,9.7250,,9.6500,,,H,Nebraska,31396,Ayzhia Hall
"Fri, Feb-10-2023",Penn State,9.8000,,9.6000,,,A,Nebraska,31396,Ayzhia Hall
"Sat, Feb-25-2023","Michigan State, Minnesota, Ohio State, Rutgers",9.8500,,9.7500,,,H,Nebraska,31396,Ayzhia Hall
"Mon, Feb-27-2023",Michigan,9.7500,,9.6500,,,H,Nebraska,31396,Ayzhia Hall
"Fri, Mar-03-2023","Alaska, Utah State",9.8500,,9.2500,,,A,Nebraska,31396,Ayzhia Hall
"Sat, Mar-11-2023","Air Force, Denver",9.8750,,9.8250,,,H,Nebraska,31396,Ayzhia Hall
"Sat, Mar-18-2023","Illinois, Iowa, Maryland, Michigan, Michigan State, Minnesota, Ohio State, Penn State, Rutgers",9.5000,,9.8000,,,A,Nebraska,31396,Ayzhia Hall
"Fri, Mar-31-2023",,9.7500,,9.7500,,,A,Nebraska,31396,Ayzhia Hall
"Sat, Jan-07-2023",Arkansas,9.7750,,,,,H,Nebraska,31397,Katie Kuenemann
"Sun, Jan-15-2023","Cornell, George Washington, William & Mary",9.7500,,,,,A,Nebraska,31397,Katie Kuenemann
"Sat, Jan-21-2023",Maryland,9.7750,,,9.7750,,H,Nebraska,31397,Katie Kuenemann
"Sat, Jan-28-2023",Illinois,9.7500,,,9.7000,,A,Nebraska,31397,Katie Kuenemann
"Mon, Feb-06-2023",Iowa,9.7750,,,9.7250,,H,Nebraska,31397,Katie Kuenemann
"Fri, Feb-10-2023",Penn State,,,,9.7750,,A,Nebraska,31397,Katie Kuenemann
"Sat, Feb-25-2023","Michigan State, Minnesota, Ohio State, Rutgers",9.8250,,,9.8000,,H,Nebraska,31397,Katie Kuenemann
"Mon, Feb-27-2023",Michigan,9.7000,,,9.6250,,H,Nebraska,31397,Katie Kuenemann
"Fri, Mar-03-2023","Alaska, Utah State",9.8000,,,9.6500,,A,Nebraska,31397,Katie Kuenemann
"Sat, Mar-11-2023","Air Force, Denver",9.8000,,,9.8500,,H,Nebraska,31397,Katie Kuenemann
"Sat, Mar-18-2023","Illinois, Iowa, Maryland, Michigan, Michigan State, Minnesota, Ohio State, Penn State, Rutgers",9.7750,,,9.7000,,A,Nebraska,31397,Katie Kuenemann
"Fri, Mar-31-2023",,9.7500,,,9.8250,,A,Nebraska,31397,Katie Kuenemann
"Sat, Jan-07-2023",Arkansas,9.7500,9.6500,9.9000,9.7750,39.0750,H,Nebraska,30856,Sophia McClelland
"Sun, Jan-15-2023","Cornell, George Washington, William & Mary",9.6750,9.7750,9.8750,9.9000,39.2250,A,Nebraska,30856,Sophia McClelland
"Sat, Jan-21-2023",Maryland,9.6750,9.6500,9.6750,9.8500,38.8500,H,Nebraska,30856,Sophia McClelland
"Sat, Jan-28-2023",Illinois,9.6750,9.1000,9.8750,9.8500,38.5000,A,Nebraska,30856,Sophia McClelland
"Mon, Feb-06-2023",Iowa,9.6000,9.6000,9.9250,9.8500,38.9750,H,Nebraska,30856,Sophia McClelland
"Fri, Feb-10-2023",Penn State,9.7500,9.7750,9.8500,9.1500,38.5250,A,Nebraska,30856,Sophia McClelland
"Sat, Feb-25-2023","Michigan State, Minnesota, Ohio State, Rutgers",9.7750,9.0500,9.8750,9.9000,38.6000,H,Nebraska,30856,Sophia McClelland
"Mon, Feb-27-2023",Michigan,9.8000,9.8750,9.8500,9.9000,39.4250,H,Nebraska,30856,Sophia McClelland
"Fri, Mar-03-2023","Alaska, Utah State",9.8500,9.8750,9.9250,9.9250,39.5750,A,Nebraska,30856,Sophia McClelland
"Sat, Mar-11-2023","Air Force, Denver",9.7250,9.3750,9.8250,9.8750,38.8000,H,Nebraska,30856,Sophia McClelland
"Sat, Mar-18-2023","Illinois, Iowa, Maryland, Michigan, Michigan State, Minnesota, Ohio State, Penn State, Rutgers",9.8250,9.8000,9.8500,9.7500,39.2250,A,Nebraska,30856,Sophia McClelland
"Fri, Mar-31-2023",,9.6750,9.7500,9.8750,9.9000,39.2000,A,Nebraska,30856,Sophia McClelland
"Sat, Jan-07-2023",Arkansas,,,,9.8250,,H,Nebraska,30468,Kylie Piringer
"Sun, Jan-15-2023","Cornell, George Washington, William & Mary",,,,9.8250,,A,Nebraska,30468,Kylie Piringer
"Sat, Jan-21-2023",Maryland,,,,9.8000,,H,Nebraska,30468,Kylie Piringer
"Sat, Jan-28-2023",Illinois,,,,9.8000,,A,Nebraska,30468,Kylie Piringer
"Mon, Feb-06-2023",Iowa,,,,9.8000,,H,Nebraska,30468,Kylie Piringer
"Fri, Feb-10-2023",Penn State,,,,9.8750,,A,Nebraska,30468,Kylie Piringer
"Sat, Feb-25-2023","Michigan State, Minnesota, Ohio State, Rutgers",,,,9.8500,,H,Nebraska,30468,Kylie Piringer
"Mon, Feb-27-2023",Michigan,,,,9.9250,,H,Nebraska,30468,Kylie Piringer
"Fri, Mar-03-2023","Alaska, Utah State",,,,9.8250,,A,Nebraska,30468,Kylie Piringer
"Sat, Mar-11-2023","Air Force, Denver",,,,9.9250,,H,Nebraska,30468,Kylie Piringer
"Sat, Mar-18-2023","Illinois, Iowa, Maryland, Michigan, Michigan State, Minnesota, Ohio State, Penn State, Rutgers",,,,9.8000,,A,Nebraska,30468,Kylie Piringer
"Fri, Mar-31-2023",,,,,9.9000,,A,Nebraska,30468,Kylie Piringer
"Sat, Jan-07-2023",Arkansas,,,,8.7500,,H,Nebraska,31398,Halle Rourke
"Sun, Jan-15-2023","Cornell, George Washington, William & Mary",,,,9.6500,,A,Nebraska,31398,Halle Rourke
"Sat, Jan-21-2023",Maryland,,,,9.4000,,H,Nebraska,31398,Halle Rourke
"Sat, Jan-28-2023",Illinois,,,,9.8500,,A,Nebraska,31398,Halle Rourke
"Mon, Feb-06-2023",Iowa,,,,9.7500,,H,Nebraska,31398,Halle Rourke
"Fri, Feb-10-2023",Penn State,,,,9.7750,,A,Nebraska,31398,Halle Rourke
"Sat, Feb-25-2023","Michigan State, Minnesota, Ohio State, Rutgers",,,,9.8750,,H,Nebraska,31398,Halle Rourke
"Mon, Feb-27-2023",Michigan,,,,9.8750,,H,Nebraska,31398,Halle Rourke
"Fri, Mar-03-2023","Alaska, Utah State",,,,9.7750,,A,Nebraska,31398,Halle Rourke
"Sat, Mar-11-2023","Air Force, Denver",,,,9.9000,,H,Nebraska,31398,Halle Rourke
"Sat, Mar-18-2023","Illinois, Iowa, Maryland, Michigan, Michigan State, Minnesota, Ohio State, Penn State, Rutgers",,,,9.7250,,A,Nebraska,31398,Halle Rourke
"Fri, Mar-31-2023",,,,,9.7000,,A,Nebraska,31398,Halle Rourke
"Sun, Jan-15-2023","Cornell, George Washington, William & Mary",,,9.8750,,,A,Nebraska,31399,Emma Simpton
"Sat, Jan-21-2023",Maryland,,9.5500,9.7750,,,H,Nebraska,31399,Emma Simpton
"Sat, Jan-28-2023",Illinois,,9.7000,9.8500,9.8250,,A,Nebraska,31399,Emma Simpton
"Mon, Feb-06-2023",Iowa,,9.5500,9.8750,,,H,Nebraska,31399,Emma Simpton
"Fri, Feb-10-2023",Penn State,,9.7250,9.9250,,,A,Nebraska,31399,Emma Simpton
"Sat, Feb-25-2023","Michigan State, Minnesota, Ohio State, Rutgers",,9.7750,9.8500,,,H,Nebraska,31399,Emma Simpton
"Mon, Feb-27-2023",Michigan,,9.8000,9.8500,,,H,Nebraska,31399,Emma Simpton
"Fri, Mar-03-2023","Alaska, Utah State",,9.7750,9.9250,,,A,Nebraska,31399,Emma Simpton
"Sat, Mar-11-2023","Air Force, Denver",,9.9000,8.8250,,,H,Nebraska,31399,Emma Simpton
"Sat, Mar-18-2023","Illinois, Iowa, Maryland, Michigan, Michigan State, Minnesota, Ohio State, Penn State, Rutgers",,9.8250,9.8500,,,A,Nebraska,31399,Emma Simpton
"Fri, Mar-31-2023",,,9.2500,9.0000,,,A,Nebraska,31399,Emma Simpton
"Sat, Jan-07-2023",Arkansas,9.8000,9.8250,9.8250,9.8750,39.3250,H,Nebraska,31400,Emma Spence
"Sun, Jan-15-2023","Cornell, George Washington, William & Mary",9.8250,9.8000,9.6250,9.9000,39.1500,A,Nebraska,31400,Emma Spence
"Sat, Jan-21-2023",Maryland,9.9000,9.7750,9.8250,9.9000,39.4000,H,Nebraska,31400,Emma Spence
"Sat, Jan-28-2023",Illinois,9.8750,9.7750,9.8250,9.7500,39.2250,A,Nebraska,31400,Emma Spence
"Mon, Feb-06-2023",Iowa,9.8250,9.8250,9.4750,9.9000,39.0250,H,Nebraska,31400,Emma Spence
"Fri, Feb-10-2023",Penn State,9.8000,9.8750,9.8750,9.8750,39.4250,A,Nebraska,31400,Emma Spence
"Sat, Feb-25-2023","Michigan State, Minnesota, Ohio State, Rutgers",9.9250,9.9000,9.8250,9.9000,39.5500,H,Nebraska,31400,Emma Spence
"Mon, Feb-27-2023",Michigan,9.7750,9.8000,9.8750,9.9000,39.3500,H,Nebraska,31400,Emma Spence
"Fri, Mar-03-2023","Alaska, Utah State",9.9000,9.9000,9.9250,9.9250,39.6500,A,Nebraska,31400,Emma Spence
"Sat, Mar-11-2023","Air Force, Denver",9.9250,9.9750,9.8500,9.9000,39.6500,H,Nebraska,31400,Emma Spence
"Sat, Mar-18-2023","Illinois, Iowa, Maryland, Michigan, Michigan State, Minnesota, Ohio State, Penn State, Rutgers",9.8000,9.8500,9.8750,9.8500,39.3750,A,Nebraska,31400,Emma Spence
"Fri, Mar-31-2023",,9.8250,9.8250,9.8250,9.8500,39.3250,A,Nebraska,31400,Emma Spence
"Mon, Jan-09-2023",Southern Utah,,,9.7250,,,A,New Hampshire,31140,Sierra Bauman
"Sun, Jan-15-2023","Central Michigan, Temple",,9.6750,9.6750,,,H,New Hampshire,31140,Sierra Bauman
"Fri, Jan-20-2023","Towson, West Chester, West Virginia",,,9.7500,9.7750,,A,New Hampshire,31140,Sierra Bauman
"Sun, Jan-29-2023","Pennsylvania, UW-Whitewater, Yale",,,9.6750,9.7000,,H,New Hampshire,31140,Sierra Bauman
"Sun, Feb-05-2023","Iowa State, Texas Woman's",,,9.6750,9.7250,,A,New Hampshire,31140,Sierra Bauman
"Sun, Feb-12-2023","George Washington, LIU, North Carolina",,,9.7750,9.7250,,H,New Hampshire,31140,Sierra Bauman
"Fri, Feb-17-2023",North Carolina State,,,9.8000,,,A,New Hampshire,31140,Sierra Bauman
"Sun, Feb-26-2023","Illinois State, Pittsburgh, Southern Conn.",,,9.8500,9.8250,,H,New Hampshire,31140,Sierra Bauman
"Thu, Mar-02-2023",Pennsylvania,,,9.6250,8.5000,,A,New Hampshire,31140,Sierra Bauman
"Sun, Mar-05-2023","Brown, Maryland, Pennsylvania",,,9.7750,,,A,New Hampshire,31140,Sierra Bauman
"Sun, Mar-12-2023",Brown,,,9.0000,,,H,New Hampshire,31140,Sierra Bauman
"Sat, Mar-18-2023","George Washington, LIU, North Carolina, North Carolina State, Pittsburgh, Temple, Towson",9.7250,,9.1250,,,H,New Hampshire,31140,Sierra Bauman
"Mon, Jan-09-2023",Southern Utah,9.6000,9.3000,9.7000,9.8250,38.4250,A,New Hampshire,31402,Alyssa Beaulieu
"Sun, Jan-15-2023","Central Michigan, Temple",9.7750,9.8250,9.7750,9.5500,38.9250,H,New Hampshire,31402,Alyssa Beaulieu
"Fri, Jan-20-2023","Towson, West Chester, West Virginia",9.8000,9.2250,9.8000,9.5750,38.4000,A,New Hampshire,31402,Alyssa Beaulieu
"Sun, Jan-29-2023","Pennsylvania, UW-Whitewater, Yale",9.7500,9.7500,8.9000,9.8000,38.2000,H,New Hampshire,31402,Alyssa Beaulieu
"Sun, Feb-05-2023","Iowa State, Texas Woman's",9.7750,9.8500,9.0000,9.7750,38.4000,A,New Hampshire,31402,Alyssa Beaulieu
"Sun, Feb-12-2023","George Washington, LIU, North Carolina",9.6500,9.9000,9.8250,9.8000,39.1750,H,New Hampshire,31402,Alyssa Beaulieu
"Fri, Feb-17-2023",North Carolina State,9.7500,9.7750,9.7750,9.8500,39.1500,A,New Hampshire,31402,Alyssa Beaulieu
"Sun, Feb-26-2023","Illinois State, Pittsburgh, Southern Conn.",9.8250,8.9000,9.8000,9.8500,38.3750,H,New Hampshire,31402,Alyssa Beaulieu
"Thu, Mar-02-2023",Pennsylvania,9.6250,9.0250,9.7750,9.8000,38.2250,A,New Hampshire,31402,Alyssa Beaulieu
"Sun, Mar-05-2023","Brown, Maryland, Pennsylvania",9.7500,9.8750,9.7250,9.8000,39.1500,A,New Hampshire,31402,Alyssa Beaulieu
"Sun, Mar-12-2023",Brown,9.7250,9.7500,9.8750,9.7500,39.1000,H,New Hampshire,31402,Alyssa Beaulieu
"Sat, Mar-18-2023","George Washington, LIU, North Carolina, North Carolina State, Pittsburgh, Temple, Towson",9.7750,9.0000,9.8500,9.8250,38.4500,H,New Hampshire,31402,Alyssa Beaulieu
"Mon, Jan-09-2023",Southern Utah,,,,9.5750,,A,New Hampshire,30337,Larissa Biette
"Sun, Jan-29-2023","Pennsylvania, UW-Whitewater, Yale",,,,9.6750,,H,New Hampshire,30337,Larissa Biette
"Sun, Feb-12-2023","George Washington, LIU, North Carolina",9.7000,,,,,H,New Hampshire,30337,Larissa Biette
"Fri, Feb-17-2023",North Carolina State,9.6000,,,9.7500,,A,New Hampshire,30337,Larissa Biette
"Sun, Feb-26-2023","Illinois State, Pittsburgh, Southern Conn.",9.7000,,,,,H,New Hampshire,30337,Larissa Biette
"Thu, Mar-02-2023",Pennsylvania,9.4000,,,,,A,New Hampshire,30337,Larissa Biette
"Mon, Jan-09-2023",Southern Utah,,9.1250,,9.7000,,A,New Hampshire,30346,Kenadi Brown
"Sun, Jan-15-2023","Central Michigan, Temple",,9.7250,9.5000,9.8750,,H,New Hampshire,30346,Kenadi Brown
"Fri, Jan-20-2023","Towson, West Chester, West Virginia",,9.7000,9.6750,9.8750,,A,New Hampshire,30346,Kenadi Brown
"Sun, Jan-29-2023","Pennsylvania, UW-Whitewater, Yale",,9.7750,,9.7750,,H,New Hampshire,30346,Kenadi Brown
"Sun, Feb-05-2023","Iowa State, Texas Woman's",,9.7750,,9.7000,,A,New Hampshire,30346,Kenadi Brown
"Sun, Feb-12-2023","George Washington, LIU, North Carolina",,9.8250,,9.8500,,H,New Hampshire,30346,Kenadi Brown
"Fri, Feb-17-2023",North Carolina State,,9.7000,,9.8000,,A,New Hampshire,30346,Kenadi Brown
"Sun, Feb-26-2023","Illinois State, Pittsburgh, Southern Conn.",,9.7500,,9.8750,,H,New Hampshire,30346,Kenadi Brown
"Thu, Mar-02-2023",Pennsylvania,,9.8500,,9.8000,,A,New Hampshire,30346,Kenadi Brown
"Sun, Mar-05-2023","Brown, Maryland, Pennsylvania",,9.1750,,9.8500,,A,New Hampshire,30346,Kenadi Brown
"Sun, Mar-12-2023",Brown,,9.0750,,,,H,New Hampshire,30346,Kenadi Brown
"Sat, Mar-18-2023","George Washington, LIU, North Carolina, North Carolina State, Pittsburgh, Temple, Towson",,9.8000,,9.7250,,H,New Hampshire,30346,Kenadi Brown
"Sun, Jan-29-2023","Pennsylvania, UW-Whitewater, Yale",,,8.5000,,,H,New Hampshire,31141,Jenna Devincenzo
"Mon, Jan-09-2023",Southern Utah,9.8500,9.8500,9.5750,8.5000,37.7750,A,New Hampshire,30338,Kylie Gorgenyi
"Sun, Jan-15-2023","Central Michigan, Temple",9.8250,9.8500,,9.8500,,H,New Hampshire,30338,Kylie Gorgenyi
"Fri, Jan-20-2023","Towson, West Chester, West Virginia",9.8250,9.8500,,9.8500,,A,New Hampshire,30338,Kylie Gorgenyi
"Sun, Jan-29-2023","Pennsylvania, UW-Whitewater, Yale",9.7500,9.9000,,9.7750,,H,New Hampshire,30338,Kylie Gorgenyi
"Sun, Feb-05-2023","Iowa State, Texas Woman's",9.8250,9.9500,9.0250,9.8500,38.6500,A,New Hampshire,30338,Kylie Gorgenyi
"Sun, Feb-12-2023","George Washington, LIU, North Carolina",9.7250,9.8250,,,,H,New Hampshire,30338,Kylie Gorgenyi
"Fri, Feb-17-2023",North Carolina State,9.8250,9.8500,,9.8750,,A,New Hampshire,30338,Kylie Gorgenyi
"Sun, Feb-26-2023","Illinois State, Pittsburgh, Southern Conn.",9.8500,9.9250,,9.8750,,H,New Hampshire,30338,Kylie Gorgenyi
"Thu, Mar-02-2023",Pennsylvania,9.6750,9.8500,,9.7250,,A,New Hampshire,30338,Kylie Gorgenyi
"Sun, Mar-05-2023","Brown, Maryland, Pennsylvania",9.7750,9.8250,,9.9000,,A,New Hampshire,30338,Kylie Gorgenyi
"Sun, Mar-12-2023",Brown,9.7750,9.9250,,9.8500,,H,New Hampshire,30338,Kylie Gorgenyi
"Sat, Mar-18-2023","George Washington, LIU, North Carolina, North Carolina State, Pittsburgh, Temple, Towson",9.8000,9.9000,,9.8250,,H,New Hampshire,30338,Kylie Gorgenyi
"Thu, Mar-30-2023",,9.9000,,,,,A,New Hampshire,30338,Kylie Gorgenyi
"Mon, Jan-09-2023",Southern Utah,,8.7750,,,,A,New Hampshire,31142,Gianna Graver
"Sun, Mar-05-2023","Brown, Maryland, Pennsylvania",,9.7500,,,,A,New Hampshire,31142,Gianna Graver
"Mon, Jan-09-2023",Southern Utah,,,,9.3500,,A,New Hampshire,31974,Riley Himes
"Sun, Jan-15-2023","Central Michigan, Temple",,,,9.8000,,H,New Hampshire,31974,Riley Himes
"Fri, Jan-20-2023","Towson, West Chester, West Virginia",,,,9.6500,,A,New Hampshire,31974,Riley Himes
"Sun, Jan-29-2023","Pennsylvania, UW-Whitewater, Yale",,,,9.0750,,H,New Hampshire,31974,Riley Himes
"Sun, Feb-05-2023","Iowa State, Texas Woman's",,,,9.7250,,A,New Hampshire,31974,Riley Himes
"Sun, Feb-12-2023","George Washington, LIU, North Carolina",,,,9.8000,,H,New Hampshire,31974,Riley Himes
"Sun, Mar-12-2023",Brown,,,,9.8000,,H,New Hampshire,31974,Riley Himes
"Sat, Mar-18-2023","George Washington, LIU, North Carolina, North Carolina State, Pittsburgh, Temple, Towson",,,,9.7500,,H,New Hampshire,31974,Riley Himes
"Mon, Jan-09-2023",Southern Utah,9.6000,,9.7500,,,A,New Hampshire,30339,Robyn Kelley
"Sun, Jan-15-2023","Central Michigan, Temple",9.4250,,9.8750,,,H,New Hampshire,30339,Robyn Kelley
"Fri, Jan-20-2023","Towson, West Chester, West Virginia",9.4000,,9.8500,,,A,New Hampshire,30339,Robyn Kelley
"Sun, Jan-29-2023","Pennsylvania, UW-Whitewater, Yale",9.7750,,8.9750,,,H,New Hampshire,30339,Robyn Kelley
"Sun, Feb-05-2023","Iowa State, Texas Woman's",9.5750,,9.1000,9.7000,,A,New Hampshire,30339,Robyn Kelley
"Sun, Feb-12-2023","George Washington, LIU, North Carolina",9.7500,,9.9250,9.0750,,H,New Hampshire,30339,Robyn Kelley
"Fri, Feb-17-2023",North Carolina State,,,9.8250,9.6750,,A,New Hampshire,30339,Robyn Kelley
"Sun, Feb-26-2023","Illinois State, Pittsburgh, Southern Conn.",9.8000,,9.9500,9.8250,,H,New Hampshire,30339,Robyn Kelley
"Thu, Mar-02-2023",Pennsylvania,9.7000,,9.8500,9.7250,,A,New Hampshire,30339,Robyn Kelley
"Sun, Mar-05-2023","Brown, Maryland, Pennsylvania",9.7500,,9.1250,9.8000,,A,New Hampshire,30339,Robyn Kelley
"Sun, Mar-12-2023",Brown,9.7500,,9.2250,9.8250,,H,New Hampshire,30339,Robyn Kelley
"Sat, Mar-18-2023","George Washington, LIU, North Carolina, North Carolina State, Pittsburgh, Temple, Towson",9.8000,,9.9500,9.8250,,H,New Hampshire,30339,Robyn Kelley
"Thu, Mar-30-2023",,,,9.7250,,,A,New Hampshire,30339,Robyn Kelley
"Sun, Jan-15-2023","Central Michigan, Temple",,,,9.5500,,H,New Hampshire,31143,Maya MacDonald
"Fri, Feb-17-2023",North Carolina State,9.7500,,,,,A,New Hampshire,31143,Maya MacDonald
"Thu, Mar-02-2023",Pennsylvania,9.4250,,,,,A,New Hampshire,31143,Maya MacDonald
"Mon, Jan-09-2023",Southern Utah,9.7000,9.7250,,,,A,New Hampshire,31975,Leah Moreno
"Sun, Jan-15-2023","Central Michigan, Temple",9.5000,9.7000,,,,H,New Hampshire,31975,Leah Moreno
"Fri, Jan-20-2023","Towson, West Chester, West Virginia",9.6750,9.7000,,,,A,New Hampshire,31975,Leah Moreno
"Sun, Jan-29-2023","Pennsylvania, UW-Whitewater, Yale",9.6500,9.8250,,,,H,New Hampshire,31975,Leah Moreno
"Sun, Feb-05-2023","Iowa State, Texas Woman's",9.6750,9.7750,,,,A,New Hampshire,31975,Leah Moreno
"Sun, Feb-12-2023","George Washington, LIU, North Carolina",,9.7250,,,,H,New Hampshire,31975,Leah Moreno
"Fri, Feb-17-2023",North Carolina State,,9.7500,,,,A,New Hampshire,31975,Leah Moreno
"Sun, Feb-26-2023","Illinois State, Pittsburgh, Southern Conn.",,9.8000,,,,H,New Hampshire,31975,Leah Moreno
"Thu, Mar-02-2023",Pennsylvania,,9.8000,,,,A,New Hampshire,31975,Leah Moreno
"Sun, Mar-05-2023","Brown, Maryland, Pennsylvania",9.7000,9.7750,,,,A,New Hampshire,31975,Leah Moreno
"Sun, Mar-12-2023",Brown,9.6250,9.7750,,,,H,New Hampshire,31975,Leah Moreno
"Sat, Mar-18-2023","George Washington, LIU, North Carolina, North Carolina State, Pittsburgh, Temple, Towson",9.7250,9.7500,,,,H,New Hampshire,31975,Leah Moreno
"Mon, Jan-09-2023",Southern Utah,9.7250,,,,,A,New Hampshire,31403,Gracy Mowers
"Sun, Jan-15-2023","Central Michigan, Temple",9.6500,,,,,H,New Hampshire,31403,Gracy Mowers
"Fri, Jan-20-2023","Towson, West Chester, West Virginia",9.7500,,,,,A,New Hampshire,31403,Gracy Mowers
"Sun, Jan-29-2023","Pennsylvania, UW-Whitewater, Yale",9.8000,,,,,H,New Hampshire,31403,Gracy Mowers
"Sun, Feb-05-2023","Iowa State, Texas Woman's",9.8000,,,,,A,New Hampshire,31403,Gracy Mowers
"Sun, Feb-12-2023","George Washington, LIU, North Carolina",9.8250,,,9.5500,,H,New Hampshire,31403,Gracy Mowers
"Fri, Feb-17-2023",North Carolina State,9.8250,,,9.8250,,A,New Hampshire,31403,Gracy Mowers
"Sun, Feb-26-2023","Illinois State, Pittsburgh, Southern Conn.",9.8000,,,9.8000,,H,New Hampshire,31403,Gracy Mowers
"Thu, Mar-02-2023",Pennsylvania,9.8250,,,9.6750,,A,New Hampshire,31403,Gracy Mowers
"Sun, Mar-05-2023","Brown, Maryland, Pennsylvania",9.7250,,,9.8250,,A,New Hampshire,31403,Gracy Mowers
"Sun, Mar-12-2023",Brown,9.8250,,,9.6500,,H,New Hampshire,31403,Gracy Mowers
"Sat, Mar-18-2023","George Washington, LIU, North Carolina, North Carolina State, Pittsburgh, Temple, Towson",9.7750,,,9.8000,,H,New Hampshire,31403,Gracy Mowers
"Mon, Jan-09-2023",Southern Utah,9.8000,,9.2000,,,A,New Hampshire,31977,Serena Mullin
"Sun, Jan-15-2023","Central Michigan, Temple",9.7500,,,,,H,New Hampshire,31977,Serena Mullin
"Fri, Jan-20-2023","Towson, West Chester, West Virginia",9.6750,,9.7500,,,A,New Hampshire,31977,Serena Mullin
"Sun, Jan-29-2023","Pennsylvania, UW-Whitewater, Yale",9.7750,,9.7000,,,H,New Hampshire,31977,Serena Mullin
"Sun, Feb-05-2023","Iowa State, Texas Woman's",9.6000,,9.6250,,,A,New Hampshire,31977,Serena Mullin
"Sun, Feb-12-2023","George Washington, LIU, North Carolina",9.7250,,9.8250,,,H,New Hampshire,31977,Serena Mullin
"Fri, Feb-17-2023",North Carolina State,9.6250,,9.7250,,,A,New Hampshire,31977,Serena Mullin
"Sun, Feb-26-2023","Illinois State, Pittsburgh, Southern Conn.",9.0000,,9.7250,,,H,New Hampshire,31977,Serena Mullin
"Thu, Mar-02-2023",Pennsylvania,,,9.0500,,,A,New Hampshire,31977,Serena Mullin
"Sun, Mar-05-2023","Brown, Maryland, Pennsylvania",9.7000,,9.5750,,,A,New Hampshire,31977,Serena Mullin
"Sun, Mar-12-2023",Brown,9.6500,,9.9000,,,H,New Hampshire,31977,Serena Mullin
"Sat, Mar-18-2023","George Washington, LIU, North Carolina, North Carolina State, Pittsburgh, Temple, Towson",,,9.7750,,,H,New Hampshire,31977,Serena Mullin
"Sun, Jan-15-2023","Central Michigan, Temple",,,9.5250,,,H,New Hampshire,31404,Summer Simpkins
"Fri, Jan-20-2023","Towson, West Chester, West Virginia",,9.7000,,,,A,New Hampshire,31404,Summer Simpkins
"Sun, Jan-29-2023","Pennsylvania, UW-Whitewater, Yale",,9.7500,,,,H,New Hampshire,31404,Summer Simpkins
"Sun, Feb-05-2023","Iowa State, Texas Woman's",,9.0750,,,,A,New Hampshire,31404,Summer Simpkins
"Sun, Feb-12-2023","George Washington, LIU, North Carolina",,9.7500,9.8250,,,H,New Hampshire,31404,Summer Simpkins
"Fri, Feb-17-2023",North Carolina State,,9.7250,9.6000,,,A,New Hampshire,31404,Summer Simpkins
"Sun, Feb-26-2023","Illinois State, Pittsburgh, Southern Conn.",,9.8000,9.7000,,,H,New Hampshire,31404,Summer Simpkins
"Thu, Mar-02-2023",Pennsylvania,,9.7500,9.7250,,,A,New Hampshire,31404,Summer Simpkins
"Sun, Mar-05-2023","Brown, Maryland, Pennsylvania",,9.7500,9.7500,,,A,New Hampshire,31404,Summer Simpkins
"Sun, Mar-12-2023",Brown,,9.7500,9.7750,,,H,New Hampshire,31404,Summer Simpkins
"Sat, Mar-18-2023","George Washington, LIU, North Carolina, North Carolina State, Pittsburgh, Temple, Towson",,9.6500,9.1000,,,H,New Hampshire,31404,Summer Simpkins
"Mon, Jan-09-2023",Southern Utah,,9.5000,,,,A,New Hampshire,30340,Jacy Whitehead
"Sun, Jan-15-2023","Central Michigan, Temple",,9.6250,,,,H,New Hampshire,30340,Jacy Whitehead
"Fri, Jan-20-2023","Towson, West Chester, West Virginia",,9.7750,,,,A,New Hampshire,30340,Jacy Whitehead
"Sun, Jan-29-2023","Pennsylvania, UW-Whitewater, Yale",,9.7750,,,,H,New Hampshire,30340,Jacy Whitehead
"Sun, Feb-05-2023","Iowa State, Texas Woman's",,9.0250,,,,A,New Hampshire,30340,Jacy Whitehead
"Sun, Feb-12-2023","George Washington, LIU, North Carolina",,9.8500,,,,H,New Hampshire,30340,Jacy Whitehead
"Fri, Feb-17-2023",North Carolina State,,8.7750,,,,A,New Hampshire,30340,Jacy Whitehead
"Sun, Feb-26-2023","Illinois State, Pittsburgh, Southern Conn.",,9.8250,,,,H,New Hampshire,30340,Jacy Whitehead
"Thu, Mar-02-2023",Pennsylvania,,9.8500,,,,A,New Hampshire,30340,Jacy Whitehead
"Sun, Mar-12-2023",Brown,,9.7000,,,,H,New Hampshire,30340,Jacy Whitehead
"Sat, Mar-18-2023","George Washington, LIU, North Carolina, North Carolina State, Pittsburgh, Temple, Towson",,9.8750,,,,H,New Hampshire,30340,Jacy Whitehead
"Mon, Jan-09-2023",Southern Utah,,,9.7250,9.7750,,A,New Hampshire,30341,Alyssa Worthington
"Sun, Jan-15-2023","Central Michigan, Temple",,,9.3000,9.7750,,H,New Hampshire,30341,Alyssa Worthington
"Fri, Jan-20-2023","Towson, West Chester, West Virginia",,,9.8250,9.7000,,A,New Hampshire,30341,Alyssa Worthington
"Sun, Jan-29-2023","Pennsylvania, UW-Whitewater, Yale",,,8.9000,,,H,New Hampshire,30341,Alyssa Worthington
"Sun, Feb-05-2023","Iowa State, Texas Woman's",,,9.3000,,,A,New Hampshire,30341,Alyssa Worthington
"Sun, Feb-12-2023","George Washington, LIU, North Carolina",,,9.9000,,,H,New Hampshire,30341,Alyssa Worthington
"Fri, Feb-17-2023",North Carolina State,,,9.8500,,,A,New Hampshire,30341,Alyssa Worthington
"Sun, Feb-26-2023","Illinois State, Pittsburgh, Southern Conn.",,,9.9000,,,H,New Hampshire,30341,Alyssa Worthington
"Thu, Mar-02-2023",Pennsylvania,,,9.8000,,,A,New Hampshire,30341,Alyssa Worthington
"Sun, Mar-05-2023","Brown, Maryland, Pennsylvania",,,9.9250,9.7750,,A,New Hampshire,30341,Alyssa Worthington
"Sun, Mar-12-2023",Brown,,,9.8500,8.8500,,H,New Hampshire,30341,Alyssa Worthington
"Sat, Mar-18-2023","George Washington, LIU, North Carolina, North Carolina State, Pittsburgh, Temple, Towson",,,9.9250,,,H,New Hampshire,30341,Alyssa Worthington
"Thu, Mar-30-2023",,,,9.8500,,,A,New Hampshire,30341,Alyssa Worthington
"Fri, Jan-06-2023","Fisk, Georgia, Oregon State, Rutgers, Southern Utah, Stanford, Washington",,9.1750,9.8250,9.8750,,A,North Carolina,30331,Elizabeth Culton
"Mon, Jan-09-2023",North Carolina State,,9.8000,9.8500,9.6250,,H,North Carolina,30331,Elizabeth Culton
"Mon, Jan-23-2023","UW-Stout, Yale",,9.8500,9.9000,9.8000,,H,North Carolina,30331,Elizabeth Culton
"Sat, Jan-28-2023",George Washington,,9.6500,9.8250,9.8750,,H,North Carolina,30331,Elizabeth Culton
"Sat, Feb-04-2023","North Carolina State, Western Michigan",,9.8750,9.8250,9.8500,,A,North Carolina,30331,Elizabeth Culton
"Sun, Feb-12-2023","George Washington, LIU, New Hampshire",,9.8500,9.9500,,,A,North Carolina,30331,Elizabeth Culton
"Fri, Feb-17-2023","George Washington, Temple, Yale",,9.7500,9.0000,,,A,North Carolina,30331,Elizabeth Culton
"Sun, Feb-19-2023",Pittsburgh,,9.8250,9.1500,,,A,North Carolina,30331,Elizabeth Culton
"Fri, Feb-24-2023",Temple,,9.8750,9.8000,,,H,North Carolina,30331,Elizabeth Culton
"Fri, Mar-03-2023",Air Force,,9.9000,9.8500,9.9000,,H,North Carolina,30331,Elizabeth Culton
"Fri, Mar-10-2023","Ball State, Missouri, S.E. Missouri",,9.9250,9.8500,9.8250,,A,North Carolina,30331,Elizabeth Culton
"Sat, Mar-18-2023","George Washington, LIU, New Hampshire, North Carolina State, Pittsburgh, Temple, Towson",,9.8500,9.9000,9.8000,,A,North Carolina,30331,Elizabeth Culton
"Fri, Jan-06-2023","Fisk, Georgia, Oregon State, Rutgers, Southern Utah, Stanford, Washington",9.7750,9.8500,,,,A,North Carolina,31406,Lali Dekanoidze
"Mon, Jan-09-2023",North Carolina State,9.9000,9.9750,,,,H,North Carolina,31406,Lali Dekanoidze
"Mon, Jan-23-2023","UW-Stout, Yale",9.8250,9.9750,,,,H,North Carolina,31406,Lali Dekanoidze
"Sat, Jan-28-2023",George Washington,9.8250,9.8750,,,,H,North Carolina,31406,Lali Dekanoidze
"Sat, Feb-04-2023","North Carolina State, Western Michigan",9.8500,9.9500,,,,A,North Carolina,31406,Lali Dekanoidze
"Sun, Feb-12-2023","George Washington, LIU, New Hampshire",9.9000,9.9750,,,,A,North Carolina,31406,Lali Dekanoidze
"Fri, Feb-17-2023","George Washington, Temple, Yale",9.8500,9.8750,,,,A,North Carolina,31406,Lali Dekanoidze
"Sun, Feb-19-2023",Pittsburgh,9.8750,9.9250,,,,A,North Carolina,31406,Lali Dekanoidze
"Fri, Feb-24-2023",Temple,9.7750,9.9000,,,,H,North Carolina,31406,Lali Dekanoidze
"Fri, Mar-03-2023",Air Force,9.9000,9.9250,,,,H,North Carolina,31406,Lali Dekanoidze
"Fri, Mar-10-2023","Ball State, Missouri, S.E. Missouri",9.8750,9.9250,,,,A,North Carolina,31406,Lali Dekanoidze
"Sat, Mar-18-2023","George Washington, LIU, New Hampshire, North Carolina State, Pittsburgh, Temple, Towson",9.8500,9.9500,,,,A,North Carolina,31406,Lali Dekanoidze
"Thu, Mar-30-2023",,9.8500,9.9000,,,,A,North Carolina,31406,Lali Dekanoidze
"Fri, Mar-31-2023",,9.9000,9.9500,,,,A,North Carolina,31406,Lali Dekanoidze
"Fri, Jan-06-2023","Fisk, Georgia, Oregon State, Rutgers, Southern Utah, Stanford, Washington",9.6250,9.7500,9.7000,,,A,North Carolina,31979,Gwen Fink
"Mon, Jan-09-2023",North Carolina State,9.6750,9.7500,9.6500,,,H,North Carolina,31979,Gwen Fink
"Mon, Jan-23-2023","UW-Stout, Yale",,9.8500,9.8500,,,H,North Carolina,31979,Gwen Fink
"Sat, Jan-28-2023",George Washington,9.7500,9.8500,9.2000,,,H,North Carolina,31979,Gwen Fink
"Sat, Feb-04-2023","North Carolina State, Western Michigan",9.7250,9.7000,9.7500,,,A,North Carolina,31979,Gwen Fink
"Sun, Feb-12-2023","George Washington, LIU, New Hampshire",9.8000,9.5250,9.8500,,,A,North Carolina,31979,Gwen Fink
"Fri, Feb-17-2023","George Washington, Temple, Yale",9.8000,9.8500,9.4500,,,A,North Carolina,31979,Gwen Fink
"Sun, Feb-19-2023",Pittsburgh,9.8250,9.7750,9.6250,,,A,North Carolina,31979,Gwen Fink
"Fri, Feb-24-2023",Temple,9.7500,9.8500,9.7750,,,H,North Carolina,31979,Gwen Fink
"Fri, Mar-03-2023",Air Force,9.7250,9.8250,9.7750,9.7750,39.1000,H,North Carolina,31979,Gwen Fink
"Fri, Mar-10-2023","Ball State, Missouri, S.E. Missouri",9.8000,9.9000,9.6000,9.6500,38.9500,A,North Carolina,31979,Gwen Fink
"Sat, Mar-18-2023","George Washington, LIU, New Hampshire, North Carolina State, Pittsburgh, Temple, Towson",9.6750,9.8250,9.8250,9.0500,38.3750,A,North Carolina,31979,Gwen Fink
"Thu, Mar-30-2023",,9.7750,9.8000,9.7000,9.7750,39.0500,A,North Carolina,31979,Gwen Fink
"Fri, Jan-06-2023","Fisk, Georgia, Oregon State, Rutgers, Southern Utah, Stanford, Washington",9.8000,,,9.8500,,A,North Carolina,31980,Kaya Forbes
"Mon, Jan-09-2023",North Carolina State,9.8750,,,9.8000,,H,North Carolina,31980,Kaya Forbes
"Mon, Jan-23-2023","UW-Stout, Yale",9.8250,,,9.8750,,H,North Carolina,31980,Kaya Forbes
"Sat, Jan-28-2023",George Washington,9.8500,,,9.9000,,H,North Carolina,31980,Kaya Forbes
"Sat, Feb-04-2023","North Carolina State, Western Michigan",9.8000,,,9.7250,,A,North Carolina,31980,Kaya Forbes
"Sun, Feb-12-2023","George Washington, LIU, New Hampshire",9.3500,,,9.6750,,A,North Carolina,31980,Kaya Forbes
"Fri, Feb-17-2023","George Washington, Temple, Yale",9.8500,,,9.6000,,A,North Carolina,31980,Kaya Forbes
"Sun, Feb-19-2023",Pittsburgh,9.8000,,,9.8250,,A,North Carolina,31980,Kaya Forbes
"Fri, Feb-24-2023",Temple,9.8750,,,9.8500,,H,North Carolina,31980,Kaya Forbes
"Fri, Mar-03-2023",Air Force,9.7750,,,9.6750,,H,North Carolina,31980,Kaya Forbes
"Fri, Mar-10-2023","Ball State, Missouri, S.E. Missouri",9.7250,,,9.6750,,A,North Carolina,31980,Kaya Forbes
"Sat, Mar-18-2023","George Washington, LIU, New Hampshire, North Carolina State, Pittsburgh, Temple, Towson",9.8250,,,9.8500,,A,North Carolina,31980,Kaya Forbes
"Thu, Mar-30-2023",,9.5250,,,9.8250,,A,North Carolina,31980,Kaya Forbes
"Fri, Jan-06-2023","Fisk, Georgia, Oregon State, Rutgers, Southern Utah, Stanford, Washington",9.7000,,,9.7250,,A,North Carolina,30989,Kate Greene
"Mon, Jan-09-2023",North Carolina State,9.6250,,,,,H,North Carolina,30989,Kate Greene
"Mon, Jan-23-2023","UW-Stout, Yale",9.6500,,,9.7250,,H,North Carolina,30989,Kate Greene
"Sat, Jan-28-2023",George Washington,9.7500,,,9.8250,,H,North Carolina,30989,Kate Greene
"Sat, Feb-04-2023","North Carolina State, Western Michigan",9.7000,,,9.8500,,A,North Carolina,30989,Kate Greene
"Sun, Feb-12-2023","George Washington, LIU, New Hampshire",9.7250,,,9.6000,,A,North Carolina,30989,Kate Greene
"Fri, Feb-17-2023","George Washington, Temple, Yale",9.7750,,,9.7500,,A,North Carolina,30989,Kate Greene
"Sun, Feb-19-2023",Pittsburgh,9.7750,,,9.7250,,A,North Carolina,30989,Kate Greene
"Fri, Feb-24-2023",Temple,9.6750,,,9.0000,,H,North Carolina,30989,Kate Greene
"Fri, Jan-06-2023","Fisk, Georgia, Oregon State, Rutgers, Southern Utah, Stanford, Washington",,,9.3250,9.5750,,A,North Carolina,30568,Brianna Greenlow
"Mon, Jan-09-2023",North Carolina State,,,9.2250,9.8500,,H,North Carolina,30568,Brianna Greenlow
"Mon, Jan-23-2023","UW-Stout, Yale",,,,8.2250,,H,North Carolina,30568,Brianna Greenlow
"Sat, Jan-28-2023",George Washington,,,,9.7500,,H,North Carolina,30568,Brianna Greenlow
"Sat, Feb-04-2023","North Carolina State, Western Michigan",,,,9.1000,,A,North Carolina,30568,Brianna Greenlow
"Sun, Feb-12-2023","George Washington, LIU, New Hampshire",,,,9.7000,,A,North Carolina,30568,Brianna Greenlow
"Fri, Feb-17-2023","George Washington, Temple, Yale",,,,9.7750,,A,North Carolina,30568,Brianna Greenlow
"Sun, Feb-19-2023",Pittsburgh,,,,9.8500,,A,North Carolina,30568,Brianna Greenlow
"Fri, Feb-24-2023",Temple,,,,9.8000,,H,North Carolina,30568,Brianna Greenlow
"Fri, Mar-03-2023",Air Force,,,,9.7250,,H,North Carolina,30568,Brianna Greenlow
"Fri, Mar-10-2023","Ball State, Missouri, S.E. Missouri",,,,8.9500,,A,North Carolina,30568,Brianna Greenlow
"Sat, Mar-18-2023","George Washington, LIU, New Hampshire, North Carolina State, Pittsburgh, Temple, Towson",,,,9.6750,,A,North Carolina,30568,Brianna Greenlow
"Thu, Mar-30-2023",,,,,9.0000,,A,North Carolina,30568,Brianna Greenlow
"Fri, Jan-06-2023","Fisk, Georgia, Oregon State, Rutgers, Southern Utah, Stanford, Washington",9.7750,9.7250,9.7500,9.5750,38.8250,A,North Carolina,31407,Julia Knower
"Mon, Jan-09-2023",North Carolina State,9.8000,9.8500,9.8750,9.9250,39.4500,H,North Carolina,31407,Julia Knower
"Mon, Jan-23-2023","UW-Stout, Yale",9.7250,9.8250,9.7750,9.8500,39.1750,H,North Carolina,31407,Julia Knower
"Sat, Jan-28-2023",George Washington,9.8250,9.7250,9.8500,9.9500,39.3500,H,North Carolina,31407,Julia Knower
"Sat, Feb-04-2023","North Carolina State, Western Michigan",9.8250,9.7750,9.8000,9.9250,39.3250,A,North Carolina,31407,Julia Knower
"Sun, Feb-12-2023","George Washington, LIU, New Hampshire",9.8500,9.8250,9.8250,9.9250,39.4250,A,North Carolina,31407,Julia Knower
"Fri, Feb-17-2023","George Washington, Temple, Yale",9.7750,9.9000,9.6250,,,A,North Carolina,31407,Julia Knower
"Sun, Feb-19-2023",Pittsburgh,9.6000,9.7500,9.8000,9.9000,39.0500,A,North Carolina,31407,Julia Knower
"Fri, Feb-24-2023",Temple,9.8250,9.7500,9.9000,9.8000,39.2750,H,North Carolina,31407,Julia Knower
"Fri, Mar-03-2023",Air Force,9.7000,9.6500,9.7500,9.9500,39.0500,H,North Carolina,31407,Julia Knower
"Fri, Mar-10-2023","Ball State, Missouri, S.E. Missouri",9.8250,9.8250,9.0750,9.8250,38.5500,A,North Carolina,31407,Julia Knower
"Sat, Mar-18-2023","George Washington, LIU, New Hampshire, North Carolina State, Pittsburgh, Temple, Towson",9.8000,9.6500,9.7750,9.9000,39.1250,A,North Carolina,31407,Julia Knower
"Thu, Mar-30-2023",,9.8000,9.7500,9.8250,9.5500,38.9250,A,North Carolina,31407,Julia Knower
"Fri, Mar-31-2023",,9.8250,9.8000,9.7750,9.9000,39.3000,A,North Carolina,31407,Julia Knower
"Fri, Jan-06-2023","Fisk, Georgia, Oregon State, Rutgers, Southern Utah, Stanford, Washington",,,9.7250,,,A,North Carolina,30332,Hannah Nam
"Mon, Jan-09-2023",North Carolina State,,,9.8000,9.8000,,H,North Carolina,30332,Hannah Nam
"Mon, Jan-23-2023","UW-Stout, Yale",,,9.7750,,,H,North Carolina,30332,Hannah Nam
"Sat, Jan-28-2023",George Washington,,,9.8250,9.8000,,H,North Carolina,30332,Hannah Nam
"Sat, Feb-04-2023","North Carolina State, Western Michigan",,,9.4500,9.6500,,A,North Carolina,30332,Hannah Nam
"Sun, Feb-12-2023","George Washington, LIU, New Hampshire",,,9.7750,9.7500,,A,North Carolina,30332,Hannah Nam
"Fri, Feb-17-2023","George Washington, Temple, Yale",,,9.3500,9.7250,,A,North Carolina,30332,Hannah Nam
"Sun, Feb-19-2023",Pittsburgh,,,9.7500,9.8250,,A,North Carolina,30332,Hannah Nam
"Fri, Feb-24-2023",Temple,,,9.8000,9.6250,,H,North Carolina,30332,Hannah Nam
"Fri, Mar-03-2023",Air Force,,,9.8500,9.8500,,H,North Carolina,30332,Hannah Nam
"Fri, Mar-10-2023","Ball State, Missouri, S.E. Missouri",,,9.8500,9.7500,,A,North Carolina,30332,Hannah Nam
"Sat, Mar-18-2023","George Washington, LIU, New Hampshire, North Carolina State, Pittsburgh, Temple, Towson",,,9.7250,9.5750,,A,North Carolina,30332,Hannah Nam
"Thu, Mar-30-2023",,,,9.8250,9.7500,,A,North Carolina,30332,Hannah Nam
"Mon, Jan-23-2023","UW-Stout, Yale",9.4750,,,,,H,North Carolina,31981,Paige Prejean
"Sat, Jan-28-2023",George Washington,9.5500,,,,,H,North Carolina,31981,Paige Prejean
"Sat, Feb-04-2023","North Carolina State, Western Michigan",9.7250,,,,,A,North Carolina,31981,Paige Prejean
"Sun, Feb-12-2023","George Washington, LIU, New Hampshire",9.8250,,,,,A,North Carolina,31981,Paige Prejean
"Fri, Feb-17-2023","George Washington, Temple, Yale",9.7250,,,,,A,North Carolina,31981,Paige Prejean
"Sun, Feb-19-2023",Pittsburgh,9.7750,,,,,A,North Carolina,31981,Paige Prejean
"Fri, Feb-24-2023",Temple,9.7750,,,,,H,North Carolina,31981,Paige Prejean
"Fri, Mar-03-2023",Air Force,9.8500,,,,,H,North Carolina,31981,Paige Prejean
"Fri, Mar-10-2023","Ball State, Missouri, S.E. Missouri",9.8500,,,,,A,North Carolina,31981,Paige Prejean
"Sat, Mar-18-2023","George Washington, LIU, New Hampshire, North Carolina State, Pittsburgh, Temple, Towson",9.8500,,,,,A,North Carolina,31981,Paige Prejean
"Thu, Mar-30-2023",,9.6500,,,,,A,North Carolina,31981,Paige Prejean
"Fri, Jan-06-2023","Fisk, Georgia, Oregon State, Rutgers, Southern Utah, Stanford, Washington",,9.8250,,,,A,North Carolina,31409,Isabelle Schaefer
"Mon, Jan-09-2023",North Carolina State,,9.8250,,,,H,North Carolina,31409,Isabelle Schaefer
"Mon, Jan-23-2023","UW-Stout, Yale",,9.8250,,,,H,North Carolina,31409,Isabelle Schaefer
"Sat, Jan-28-2023",George Washington,,9.9000,,,,H,North Carolina,31409,Isabelle Schaefer
"Sat, Feb-04-2023","North Carolina State, Western Michigan",,9.8750,,,,A,North Carolina,31409,Isabelle Schaefer
"Sun, Feb-12-2023","George Washington, LIU, New Hampshire",,9.9250,,,,A,North Carolina,31409,Isabelle Schaefer
"Fri, Feb-17-2023","George Washington, Temple, Yale",,9.8500,,,,A,North Carolina,31409,Isabelle Schaefer
"Sun, Feb-19-2023",Pittsburgh,,9.7500,,,,A,North Carolina,31409,Isabelle Schaefer
"Fri, Feb-24-2023",Temple,,9.6750,,,,H,North Carolina,31409,Isabelle Schaefer
"Fri, Mar-03-2023",Air Force,9.7500,9.7250,,,,H,North Carolina,31409,Isabelle Schaefer
"Fri, Mar-10-2023","Ball State, Missouri, S.E. Missouri",9.7750,9.8500,,,,A,North Carolina,31409,Isabelle Schaefer
"Sat, Mar-18-2023","George Washington, LIU, New Hampshire, North Carolina State, Pittsburgh, Temple, Towson",9.7500,9.9000,,,,A,North Carolina,31409,Isabelle Schaefer
"Thu, Mar-30-2023",,9.7250,9.7750,,,,A,North Carolina,31409,Isabelle Schaefer
"Fri, Jan-06-2023","Fisk, Georgia, Oregon State, Rutgers, Southern Utah, Stanford, Washington",,,9.1500,,,A,North Carolina,31290,Taylor Schulze
"Mon, Jan-09-2023",North Carolina State,,,9.6000,,,H,North Carolina,31290,Taylor Schulze
"Mon, Jan-23-2023","UW-Stout, Yale",,,9.7250,,,H,North Carolina,31290,Taylor Schulze
"Sat, Jan-28-2023",George Washington,,,9.6250,,,H,North Carolina,31290,Taylor Schulze
"Sat, Feb-04-2023","North Carolina State, Western Michigan",,,9.7000,,,A,North Carolina,31290,Taylor Schulze
"Sun, Feb-12-2023","George Washington, LIU, New Hampshire",,,9.7750,,,A,North Carolina,31290,Taylor Schulze
"Fri, Feb-17-2023","George Washington, Temple, Yale",,,9.1500,,,A,North Carolina,31290,Taylor Schulze
"Sun, Feb-19-2023",Pittsburgh,,,9.5750,,,A,North Carolina,31290,Taylor Schulze
"Fri, Feb-24-2023",Temple,,,9.8250,,,H,North Carolina,31290,Taylor Schulze
"Fri, Mar-03-2023",Air Force,,,9.8250,,,H,North Carolina,31290,Taylor Schulze
"Fri, Mar-10-2023","Ball State, Missouri, S.E. Missouri",,,9.9000,,,A,North Carolina,31290,Taylor Schulze
"Sat, Mar-18-2023","George Washington, LIU, New Hampshire, North Carolina State, Pittsburgh, Temple, Towson",,,9.8000,,,A,North Carolina,31290,Taylor Schulze
"Thu, Mar-30-2023",,,8.7750,9.8000,,,A,North Carolina,31290,Taylor Schulze
"Fri, Jan-06-2023","Fisk, Georgia, Oregon State, Rutgers, Southern Utah, Stanford, Washington",,9.7000,,,,A,North Carolina,30992,Jamie Shearer
"Mon, Jan-09-2023",North Carolina State,,9.7500,,,,H,North Carolina,30992,Jamie Shearer
"Mon, Jan-23-2023","UW-Stout, Yale",,9.8250,,,,H,North Carolina,30992,Jamie Shearer
"Sat, Jan-28-2023",George Washington,,9.7250,,,,H,North Carolina,30992,Jamie Shearer
"Sat, Feb-04-2023","North Carolina State, Western Michigan",,9.7500,,,,A,North Carolina,30992,Jamie Shearer
"Sun, Feb-12-2023","George Washington, LIU, New Hampshire",,9.7250,,,,A,North Carolina,30992,Jamie Shearer
"Fri, Feb-17-2023","George Washington, Temple, Yale",,9.7250,,,,A,North Carolina,30992,Jamie Shearer
"Sun, Feb-19-2023",Pittsburgh,,9.0500,,,,A,North Carolina,30992,Jamie Shearer
"Fri, Feb-24-2023",Temple,,9.7250,,,,H,North Carolina,30992,Jamie Shearer
"Fri, Mar-03-2023",Air Force,,9.8500,,,,H,North Carolina,30992,Jamie Shearer
"Fri, Mar-10-2023","Ball State, Missouri, S.E. Missouri",,9.7000,,,,A,North Carolina,30992,Jamie Shearer
"Sat, Mar-18-2023","George Washington, LIU, New Hampshire, North Carolina State, Pittsburgh, Temple, Towson",,9.7750,,,,A,North Carolina,30992,Jamie Shearer
"Thu, Mar-30-2023",,,9.6750,9.8250,,,A,North Carolina,30992,Jamie Shearer
"Fri, Jan-06-2023","Fisk, Georgia, Oregon State, Rutgers, Southern Utah, Stanford, Washington",9.7750,,,9.6000,,A,North Carolina,30993,Cory Shinohara
"Mon, Jan-09-2023",North Carolina State,9.8000,,,9.8250,,H,North Carolina,30993,Cory Shinohara
"Mon, Jan-23-2023","UW-Stout, Yale",9.7750,,,9.7500,,H,North Carolina,30993,Cory Shinohara
"Mon, Jan-23-2023","UW-Stout, Yale",,,9.8250,,,H,North Carolina,30330,Hallie Thompson
"Sat, Jan-28-2023",George Washington,,,9.7750,,,H,North Carolina,30330,Hallie Thompson
"Sat, Feb-04-2023","North Carolina State, Western Michigan",,,9.7500,,,A,North Carolina,30330,Hallie Thompson
"Sun, Feb-12-2023","George Washington, LIU, New Hampshire",,,9.7750,,,A,North Carolina,30330,Hallie Thompson
"Fri, Feb-17-2023","George Washington, Temple, Yale",,,9.7000,,,A,North Carolina,30330,Hallie Thompson
"Sun, Feb-19-2023",Pittsburgh,,,9.7500,,,A,North Carolina,30330,Hallie Thompson
"Fri, Feb-24-2023",Temple,,,9.8000,,,H,North Carolina,30330,Hallie Thompson
"Fri, Mar-03-2023",Air Force,,,9.7500,,,H,North Carolina,30330,Hallie Thompson
"Fri, Mar-10-2023","Ball State, Missouri, S.E. Missouri",,,9.8000,,,A,North Carolina,30330,Hallie Thompson
"Sat, Mar-18-2023","George Washington, LIU, New Hampshire, North Carolina State, Pittsburgh, Temple, Towson",,,9.8750,,,A,North Carolina,30330,Hallie Thompson
"Thu, Mar-30-2023",,,,9.7250,,,A,North Carolina,30330,Hallie Thompson
"Sun, Feb-12-2023","George Washington, LIU, New Hampshire",,,,9.6500,,A,North Carolina,31982,Amy Wozniak
"Fri, Feb-17-2023","George Washington, Temple, Yale",,,,9.6750,,A,North Carolina,31982,Amy Wozniak
"Sun, Feb-19-2023",Pittsburgh,,,,9.7250,,A,North Carolina,31982,Amy Wozniak
"Fri, Feb-24-2023",Temple,,,,9.5250,,H,North Carolina,31982,Amy Wozniak
"Thu, Mar-30-2023",,,,,8.9000,,A,North Carolina,31982,Amy Wozniak
"Sat, Mar-04-2023",Rutgers,9.7250,,,,,H,North Carolina State,31983,Meg Adler
"Sun, Mar-12-2023","Florida, Texas Woman's, Washington",9.7250,,,,,A,North Carolina State,31983,Meg Adler
"Mon, Jan-09-2023",North Carolina,,9.8250,,,,A,North Carolina State,31984,Kailee Adomaites
"Sat, Jan-14-2023",Michigan State,,9.6500,,,,H,North Carolina State,31984,Kailee Adomaites
"Sat, Jan-21-2023","George Washington, Pittsburgh",,9.8000,,,,H,North Carolina State,31984,Kailee Adomaites
"Fri, Jan-27-2023",Auburn,,9.7500,,,,A,North Carolina State,31984,Kailee Adomaites
"Sat, Feb-04-2023","North Carolina, Western Michigan",,9.7000,,,,H,North Carolina State,31984,Kailee Adomaites
"Fri, Feb-10-2023","Pittsburgh, Temple, Towson",,9.6500,,,,A,North Carolina State,31984,Kailee Adomaites
"Fri, Feb-17-2023",New Hampshire,,9.8000,,,,H,North Carolina State,31984,Kailee Adomaites
"Sun, Feb-19-2023","George Washington, Pennsylvania, Temple",,9.7500,,,,A,North Carolina State,31984,Kailee Adomaites
"Sun, Feb-26-2023","LIU, Temple",,9.8000,,,,A,North Carolina State,31984,Kailee Adomaites
"Sat, Mar-04-2023",Rutgers,,9.7250,,,,H,North Carolina State,31984,Kailee Adomaites
"Sun, Mar-12-2023","Florida, Texas Woman's, Washington",,9.8000,,,,A,North Carolina State,31984,Kailee Adomaites
"Sat, Mar-18-2023","George Washington, LIU, New Hampshire, North Carolina, Pittsburgh, Temple, Towson",,9.6500,,,,A,North Carolina State,31984,Kailee Adomaites
"Wed, Mar-29-2023",,,9.8000,,,,A,North Carolina State,31984,Kailee Adomaites
"Sat, Jan-14-2023",Michigan State,,,,9.8500,,H,North Carolina State,30994,Madison Benson
"Sat, Jan-21-2023","George Washington, Pittsburgh",,,,9.7750,,H,North Carolina State,30994,Madison Benson
"Fri, Jan-27-2023",Auburn,,,,9.7750,,A,North Carolina State,30994,Madison Benson
"Sat, Feb-04-2023","North Carolina, Western Michigan",,,,9.0750,,H,North Carolina State,30994,Madison Benson
"Mon, Jan-09-2023",North Carolina,,9.8000,,,,A,North Carolina State,31411,Peyton Childs
"Sat, Jan-14-2023",Michigan State,,9.8000,,,,H,North Carolina State,31411,Peyton Childs
"Sat, Jan-21-2023","George Washington, Pittsburgh",,9.8000,,,,H,North Carolina State,31411,Peyton Childs
"Fri, Jan-27-2023",Auburn,,9.7750,,,,A,North Carolina State,31411,Peyton Childs
"Sat, Feb-04-2023","North Carolina, Western Michigan",,8.7250,,,,H,North Carolina State,31411,Peyton Childs
"Fri, Feb-10-2023","Pittsburgh, Temple, Towson",,9.6250,,,,A,North Carolina State,31411,Peyton Childs
"Fri, Feb-17-2023",New Hampshire,,9.7750,,,,H,North Carolina State,31411,Peyton Childs
"Sun, Feb-19-2023","George Washington, Pennsylvania, Temple",,9.7250,,,,A,North Carolina State,31411,Peyton Childs
"Sun, Feb-26-2023","LIU, Temple",,9.7500,,,,A,North Carolina State,31411,Peyton Childs
"Sat, Mar-04-2023",Rutgers,,9.8250,,,,H,North Carolina State,31411,Peyton Childs
"Sun, Mar-12-2023","Florida, Texas Woman's, Washington",,9.7000,,,,A,North Carolina State,31411,Peyton Childs
"Sat, Mar-18-2023","George Washington, LIU, New Hampshire, North Carolina, Pittsburgh, Temple, Towson",,9.7500,,,,A,North Carolina State,31411,Peyton Childs
"Wed, Mar-29-2023",,,9.7500,,,,A,North Carolina State,31411,Peyton Childs
"Thu, Mar-30-2023",,,9.7500,,,,A,North Carolina State,31411,Peyton Childs
"Mon, Jan-09-2023",North Carolina,9.6250,,9.7750,9.8250,,A,North Carolina State,30996,Gabrielle Diaz
"Sat, Jan-14-2023",Michigan State,9.8000,,9.7500,9.7250,,H,North Carolina State,30996,Gabrielle Diaz
"Sat, Jan-21-2023","George Washington, Pittsburgh",9.7000,,9.7000,9.7500,,H,North Carolina State,30996,Gabrielle Diaz
"Fri, Jan-27-2023",Auburn,9.7750,,9.7750,9.7750,,A,North Carolina State,30996,Gabrielle Diaz
"Sat, Feb-04-2023","North Carolina, Western Michigan",9.7250,,9.8000,9.8500,,H,North Carolina State,30996,Gabrielle Diaz
"Fri, Feb-10-2023","Pittsburgh, Temple, Towson",9.7250,,9.6750,9.8000,,A,North Carolina State,30996,Gabrielle Diaz
"Fri, Feb-17-2023",New Hampshire,9.7500,,9.5750,9.8500,,H,North Carolina State,30996,Gabrielle Diaz
"Sun, Feb-19-2023","George Washington, Pennsylvania, Temple",9.6250,,9.8500,9.8000,,A,North Carolina State,30996,Gabrielle Diaz
"Sun, Feb-26-2023","LIU, Temple",9.7500,,9.7250,9.8500,,A,North Carolina State,30996,Gabrielle Diaz
"Sat, Mar-04-2023",Rutgers,9.7750,,9.8000,9.9000,,H,North Carolina State,30996,Gabrielle Diaz
"Sun, Mar-12-2023","Florida, Texas Woman's, Washington",9.7750,,9.8250,9.8000,,A,North Carolina State,30996,Gabrielle Diaz
"Sat, Mar-18-2023","George Washington, LIU, New Hampshire, North Carolina, Pittsburgh, Temple, Towson",9.8000,,9.8000,9.8500,,A,North Carolina State,30996,Gabrielle Diaz
"Wed, Mar-29-2023",,9.7000,,9.8250,9.8500,,A,North Carolina State,30996,Gabrielle Diaz
"Thu, Mar-30-2023",,9.7000,,9.6750,9.8500,,A,North Carolina State,30996,Gabrielle Diaz
"Mon, Jan-09-2023",North Carolina,,,9.7250,,,A,North Carolina State,31412,Macy Jennings
"Sat, Jan-14-2023",Michigan State,,,9.7500,,,H,North Carolina State,31412,Macy Jennings
"Sat, Jan-21-2023","George Washington, Pittsburgh",,,9.8250,,,H,North Carolina State,31412,Macy Jennings
"Fri, Jan-27-2023",Auburn,,,9.0500,,,A,North Carolina State,31412,Macy Jennings
"Sat, Feb-04-2023","North Carolina, Western Michigan",,,9.6000,,,H,North Carolina State,31412,Macy Jennings
"Fri, Feb-10-2023","Pittsburgh, Temple, Towson",,,9.7750,,,A,North Carolina State,31412,Macy Jennings
"Fri, Feb-17-2023",New Hampshire,,,9.6000,,,H,North Carolina State,31412,Macy Jennings
"Sun, Feb-19-2023","George Washington, Pennsylvania, Temple",,,9.0000,,,A,North Carolina State,31412,Macy Jennings
"Sun, Feb-26-2023","LIU, Temple",,,9.7500,,,A,North Carolina State,31412,Macy Jennings
"Sat, Mar-04-2023",Rutgers,,,9.8000,,,H,North Carolina State,31412,Macy Jennings
"Sun, Mar-12-2023","Florida, Texas Woman's, Washington",,,9.7250,,,A,North Carolina State,31412,Macy Jennings
"Sat, Mar-18-2023","George Washington, LIU, New Hampshire, North Carolina, Pittsburgh, Temple, Towson",,,9.8250,,,A,North Carolina State,31412,Macy Jennings
"Wed, Mar-29-2023",,,,9.8000,,,A,North Carolina State,31412,Macy Jennings
"Thu, Mar-30-2023",,,,9.7500,,,A,North Carolina State,31412,Macy Jennings
"Mon, Jan-09-2023",North Carolina,,9.7750,,9.5000,,A,North Carolina State,31414,Hailey Merchant
"Sat, Jan-14-2023",Michigan State,,9.7000,,,,H,North Carolina State,31414,Hailey Merchant
"Sat, Jan-21-2023","George Washington, Pittsburgh",,9.8500,,,,H,North Carolina State,31414,Hailey Merchant
"Fri, Jan-27-2023",Auburn,,9.7750,,,,A,North Carolina State,31414,Hailey Merchant
"Fri, Feb-10-2023","Pittsburgh, Temple, Towson",,9.0750,,,,A,North Carolina State,31414,Hailey Merchant
"Fri, Feb-17-2023",New Hampshire,,9.1500,,,,H,North Carolina State,31414,Hailey Merchant
"Mon, Jan-09-2023",North Carolina,9.8750,,9.7750,9.7750,,A,North Carolina State,30470,Chloe Negrete
"Sat, Jan-14-2023",Michigan State,9.8250,,9.8750,9.9250,,H,North Carolina State,30470,Chloe Negrete
"Sat, Jan-21-2023","George Washington, Pittsburgh",9.9000,,9.9000,9.9000,,H,North Carolina State,30470,Chloe Negrete
"Fri, Jan-27-2023",Auburn,9.8500,,9.9000,9.8750,,A,North Carolina State,30470,Chloe Negrete
"Sat, Feb-04-2023","North Carolina, Western Michigan",9.8500,,9.8750,9.9250,,H,North Carolina State,30470,Chloe Negrete
"Fri, Feb-10-2023","Pittsburgh, Temple, Towson",9.8750,,9.8500,9.9250,,A,North Carolina State,30470,Chloe Negrete
"Fri, Feb-17-2023",New Hampshire,9.8250,,9.8500,9.9000,,H,North Carolina State,30470,Chloe Negrete
"Sun, Feb-19-2023","George Washington, Pennsylvania, Temple",9.8750,,9.9250,9.8750,,A,North Carolina State,30470,Chloe Negrete
"Sun, Feb-26-2023","LIU, Temple",9.9000,,9.8250,9.9500,,A,North Carolina State,30470,Chloe Negrete
"Sat, Mar-04-2023",Rutgers,9.8000,,9.9500,9.9750,,H,North Carolina State,30470,Chloe Negrete
"Sun, Mar-12-2023","Florida, Texas Woman's, Washington",9.7250,,9.7500,9.8750,,A,North Carolina State,30470,Chloe Negrete
"Sat, Mar-18-2023","George Washington, LIU, New Hampshire, North Carolina, Pittsburgh, Temple, Towson",9.8000,,9.8500,9.9000,,A,North Carolina State,30470,Chloe Negrete
"Wed, Mar-29-2023",,9.6750,,9.8750,9.6500,,A,North Carolina State,30470,Chloe Negrete
"Thu, Mar-30-2023",,9.8500,,9.8500,9.9000,,A,North Carolina State,30470,Chloe Negrete
"Sat, Feb-04-2023","North Carolina, Western Michigan",,9.7250,,,,H,North Carolina State,31986,Sofia Obregon
"Sun, Feb-19-2023","George Washington, Pennsylvania, Temple",,9.7500,,,,A,North Carolina State,31986,Sofia Obregon
"Sun, Feb-26-2023","LIU, Temple",,9.7250,,,,A,North Carolina State,31986,Sofia Obregon
"Sat, Mar-04-2023",Rutgers,,9.7500,,,,H,North Carolina State,31986,Sofia Obregon
"Thu, Mar-30-2023",,,8.8250,,,,A,North Carolina State,31986,Sofia Obregon
"Mon, Jan-09-2023",North Carolina,9.7000,9.7250,8.9000,,,A,North Carolina State,30471,Alexis Ortega
"Sat, Jan-14-2023",Michigan State,9.7500,9.8750,9.6750,,,H,North Carolina State,30471,Alexis Ortega
"Sat, Jan-21-2023","George Washington, Pittsburgh",9.7750,9.8250,9.8000,,,H,North Carolina State,30471,Alexis Ortega
"Fri, Jan-27-2023",Auburn,9.7000,9.8500,9.7500,,,A,North Carolina State,30471,Alexis Ortega
"Sat, Feb-04-2023","North Carolina, Western Michigan",9.8250,9.8250,9.7500,,,H,North Carolina State,30471,Alexis Ortega
"Fri, Feb-10-2023","Pittsburgh, Temple, Towson",9.7750,9.2750,9.8000,9.7500,38.6000,A,North Carolina State,30471,Alexis Ortega
"Fri, Feb-17-2023",New Hampshire,9.6250,9.8750,9.8250,9.8000,39.1250,H,North Carolina State,30471,Alexis Ortega
"Sun, Feb-19-2023","George Washington, Pennsylvania, Temple",9.8000,9.9000,9.9000,9.7750,39.3750,A,North Carolina State,30471,Alexis Ortega
"Sun, Feb-26-2023","LIU, Temple",9.7000,9.7000,9.8250,9.7750,39.0000,A,North Carolina State,30471,Alexis Ortega
"Sat, Mar-04-2023",Rutgers,9.8000,9.9000,9.8500,9.8500,39.4000,H,North Carolina State,30471,Alexis Ortega
"Sun, Mar-12-2023","Florida, Texas Woman's, Washington",9.7500,9.8500,9.8000,9.7250,39.1250,A,North Carolina State,30471,Alexis Ortega
"Sat, Mar-18-2023","George Washington, LIU, New Hampshire, North Carolina, Pittsburgh, Temple, Towson",9.7750,9.8750,9.8000,9.8000,39.2500,A,North Carolina State,30471,Alexis Ortega
"Wed, Mar-29-2023",,9.6500,9.8500,9.6250,9.8000,38.9250,A,North Carolina State,30471,Alexis Ortega
"Thu, Mar-30-2023",,9.8000,9.8500,9.0000,9.8250,38.4750,A,North Carolina State,30471,Alexis Ortega
"Sun, Mar-12-2023","Florida, Texas Woman's, Washington",,9.8250,,,,A,North Carolina State,30050,Meredith Robinson
"Sat, Mar-18-2023","George Washington, LIU, New Hampshire, North Carolina, Pittsburgh, Temple, Towson",,9.7000,,,,A,North Carolina State,30050,Meredith Robinson
"Wed, Mar-29-2023",,,9.8250,,,,A,North Carolina State,30050,Meredith Robinson
"Thu, Mar-30-2023",,,9.0250,,,,A,North Carolina State,30050,Meredith Robinson
"Mon, Jan-09-2023",North Carolina,9.8000,9.8250,,9.8500,,A,North Carolina State,31415,Lauren Rutherford
"Sat, Jan-14-2023",Michigan State,9.7750,9.8500,,9.8250,,H,North Carolina State,31415,Lauren Rutherford
"Sat, Jan-21-2023","George Washington, Pittsburgh",9.8500,9.8500,,9.8500,,H,North Carolina State,31415,Lauren Rutherford
"Fri, Jan-27-2023",Auburn,9.7750,9.8250,,8.6750,,A,North Carolina State,31415,Lauren Rutherford
"Sat, Feb-04-2023","North Carolina, Western Michigan",9.7500,9.8500,,9.8750,,H,North Carolina State,31415,Lauren Rutherford
"Fri, Feb-10-2023","Pittsburgh, Temple, Towson",9.7750,9.0250,,9.9000,,A,North Carolina State,31415,Lauren Rutherford
"Fri, Feb-17-2023",New Hampshire,9.7500,9.8500,,9.8500,,H,North Carolina State,31415,Lauren Rutherford
"Sun, Feb-19-2023","George Washington, Pennsylvania, Temple",9.8000,9.7750,,9.8250,,A,North Carolina State,31415,Lauren Rutherford
"Sun, Feb-26-2023","LIU, Temple",9.7750,9.8500,,9.9000,,A,North Carolina State,31415,Lauren Rutherford
"Sat, Mar-04-2023",Rutgers,9.8250,9.8750,,9.9500,,H,North Carolina State,31415,Lauren Rutherford
"Sun, Mar-12-2023","Florida, Texas Woman's, Washington",9.8250,9.8250,,9.8500,,A,North Carolina State,31415,Lauren Rutherford
"Sat, Mar-18-2023","George Washington, LIU, New Hampshire, North Carolina, Pittsburgh, Temple, Towson",9.8000,9.8500,,9.8750,,A,North Carolina State,31415,Lauren Rutherford
"Wed, Mar-29-2023",,9.7750,9.8500,,9.0750,,A,North Carolina State,31415,Lauren Rutherford
"Thu, Mar-30-2023",,9.6750,9.8500,,9.6750,,A,North Carolina State,31415,Lauren Rutherford
"Mon, Jan-09-2023",North Carolina,9.8000,9.8750,9.6750,9.6500,39.0000,A,North Carolina State,30472,Emily Shepard
"Sat, Jan-14-2023",Michigan State,9.9000,9.8750,9.7750,9.9000,39.4500,H,North Carolina State,30472,Emily Shepard
"Sat, Jan-21-2023","George Washington, Pittsburgh",9.8750,9.6250,9.8750,9.8750,39.2500,H,North Carolina State,30472,Emily Shepard
"Fri, Jan-27-2023",Auburn,9.8500,9.8000,9.8250,9.7750,39.2500,A,North Carolina State,30472,Emily Shepard
"Sat, Feb-04-2023","North Carolina, Western Michigan",9.8500,9.8500,9.8000,9.8750,39.3750,H,North Carolina State,30472,Emily Shepard
"Fri, Feb-10-2023","Pittsburgh, Temple, Towson",9.9000,9.8250,9.7000,9.8750,39.3000,A,North Carolina State,30472,Emily Shepard
"Fri, Feb-17-2023",New Hampshire,9.8500,9.9000,9.4000,9.9250,39.0750,H,North Carolina State,30472,Emily Shepard
"Sun, Feb-19-2023","George Washington, Pennsylvania, Temple",9.8500,9.8000,9.8500,9.8750,39.3750,A,North Carolina State,30472,Emily Shepard
"Sun, Feb-26-2023","LIU, Temple",9.8750,9.8000,9.8000,9.9250,39.4000,A,North Carolina State,30472,Emily Shepard
"Sat, Mar-04-2023",Rutgers,9.9000,9.8750,9.8250,9.9500,39.5500,H,North Carolina State,30472,Emily Shepard
"Sun, Mar-12-2023","Florida, Texas Woman's, Washington",9.8250,9.9250,9.8500,9.9000,39.5000,A,North Carolina State,30472,Emily Shepard
"Sat, Mar-18-2023","George Washington, LIU, New Hampshire, North Carolina, Pittsburgh, Temple, Towson",9.8500,9.8750,9.7000,9.7750,39.2000,A,North Carolina State,30472,Emily Shepard
"Wed, Mar-29-2023",,9.8500,9.9000,9.8250,9.9000,39.4750,A,North Carolina State,30472,Emily Shepard
"Thu, Mar-30-2023",,9.7500,9.9250,9.8500,9.8750,39.4000,A,North Carolina State,30472,Emily Shepard
"Mon, Jan-09-2023",North Carolina,9.6750,,9.7000,9.8250,,A,North Carolina State,30924,Krista Zultevicz
"Sat, Jan-14-2023",Michigan State,9.8250,,9.7500,9.7500,,H,North Carolina State,30924,Krista Zultevicz
"Sat, Jan-21-2023","George Washington, Pittsburgh",9.7750,,9.8000,9.0250,,H,North Carolina State,30924,Krista Zultevicz
"Fri, Jan-27-2023",Auburn,9.7750,,9.8250,9.8000,,A,North Carolina State,30924,Krista Zultevicz
"Sat, Feb-04-2023","North Carolina, Western Michigan",9.7000,,9.8250,9.7500,,H,North Carolina State,30924,Krista Zultevicz
"Fri, Feb-10-2023","Pittsburgh, Temple, Towson",9.7750,,9.7250,9.8750,,A,North Carolina State,30924,Krista Zultevicz
"Fri, Feb-17-2023",New Hampshire,9.7250,,9.8000,9.8750,,H,North Carolina State,30924,Krista Zultevicz
"Sun, Feb-19-2023","George Washington, Pennsylvania, Temple",9.5500,,9.8750,9.7500,,A,North Carolina State,30924,Krista Zultevicz
"Sun, Feb-26-2023","LIU, Temple",9.6250,,9.5250,9.8000,,A,North Carolina State,30924,Krista Zultevicz
"Sat, Mar-04-2023",Rutgers,,,9.8500,9.8250,,H,North Carolina State,30924,Krista Zultevicz
"Sun, Mar-12-2023","Florida, Texas Woman's, Washington",,,8.9000,9.8750,,A,North Carolina State,30924,Krista Zultevicz
"Sat, Mar-18-2023","George Washington, LIU, New Hampshire, North Carolina, Pittsburgh, Temple, Towson",9.6500,,9.8000,9.8500,,A,North Carolina State,30924,Krista Zultevicz
"Wed, Mar-29-2023",,9.6500,,9.8500,9.8250,,A,North Carolina State,30924,Krista Zultevicz
"Thu, Mar-30-2023",,9.7750,,9.7750,9.7500,,A,North Carolina State,30924,Krista Zultevicz
"Sun, Jan-08-2023",Bowling Green,,9.8500,9.7750,,,H,Northern Illinois,30999,Alyssa Al-Ashari
"Sat, Jan-14-2023",Iowa State,,9.9000,9.8750,,,A,Northern Illinois,30999,Alyssa Al-Ashari
"Sat, Jan-21-2023",Central Michigan,,9.7500,9.7000,,,A,Northern Illinois,30999,Alyssa Al-Ashari
"Fri, Jan-27-2023",Illinois State,,9.8750,9.8250,,,A,Northern Illinois,30999,Alyssa Al-Ashari
"Sun, Jan-29-2023","Illinois State, Winona State",,9.8250,9.9250,,,H,Northern Illinois,30999,Alyssa Al-Ashari
"Sat, Feb-04-2023","Kent State, Simpson",,9.9250,9.8750,,,H,Northern Illinois,30999,Alyssa Al-Ashari
"Sun, Feb-12-2023",Ball State,,9.8500,9.8750,,,A,Northern Illinois,30999,Alyssa Al-Ashari
"Fri, Feb-17-2023",Eastern Michigan,,9.8250,9.8500,,,H,Northern Illinois,30999,Alyssa Al-Ashari
"Sun, Feb-26-2023",Lindenwood,,9.8500,9.9000,,,A,Northern Illinois,30999,Alyssa Al-Ashari
"Sat, Mar-04-2023",Western Michigan,,9.9000,9.7500,,,A,Northern Illinois,30999,Alyssa Al-Ashari
"Sat, Mar-11-2023",Michigan State,,9.8750,9.8750,,,A,Northern Illinois,30999,Alyssa Al-Ashari
"Sat, Mar-18-2023",", Ball State, Bowling Green, Central Michigan, Eastern Michigan, Kent State, Western Michigan",,9.8250,9.8250,,,A,Northern Illinois,30999,Alyssa Al-Ashari
"Fri, Mar-31-2023",,,9.8000,9.9250,,,A,Northern Illinois,30999,Alyssa Al-Ashari
"Sun, Jan-08-2023",Bowling Green,,,,9.8500,,H,Northern Illinois,31417,Alana Anderson
"Sat, Jan-14-2023",Iowa State,,,,9.7000,,A,Northern Illinois,31417,Alana Anderson
"Sat, Jan-21-2023",Central Michigan,,,,9.8750,,A,Northern Illinois,31417,Alana Anderson
"Fri, Jan-27-2023",Illinois State,,,,9.8000,,A,Northern Illinois,31417,Alana Anderson
"Sun, Jan-29-2023","Illinois State, Winona State",,,,9.5500,,H,Northern Illinois,31417,Alana Anderson
"Sat, Mar-11-2023",Michigan State,,,,9.8000,,A,Northern Illinois,31417,Alana Anderson
"Sat, Mar-18-2023",", Ball State, Bowling Green, Central Michigan, Eastern Michigan, Kent State, Western Michigan",,,,9.8000,,A,Northern Illinois,31417,Alana Anderson
"Sun, Jan-08-2023",Bowling Green,,,,9.0000,,H,Northern Illinois,31418,Jenna Blair
"Sat, Jan-14-2023",Iowa State,9.6750,,,8.7000,,A,Northern Illinois,31418,Jenna Blair
"Fri, Jan-27-2023",Illinois State,9.5500,,,,,A,Northern Illinois,31418,Jenna Blair
"Sun, Jan-29-2023","Illinois State, Winona State",9.5500,,,,,H,Northern Illinois,31418,Jenna Blair
"Sun, Feb-12-2023",Ball State,,,,9.5250,,A,Northern Illinois,31418,Jenna Blair
"Sun, Jan-08-2023",Bowling Green,9.5500,,,,,H,Northern Illinois,31419,Emma Brkljacic
"Sat, Jan-14-2023",Iowa State,9.7250,,,,,A,Northern Illinois,31419,Emma Brkljacic
"Sat, Jan-21-2023",Central Michigan,9.6250,,,,,A,Northern Illinois,31419,Emma Brkljacic
"Sat, Feb-04-2023","Kent State, Simpson",9.6500,,,,,H,Northern Illinois,31419,Emma Brkljacic
"Sun, Feb-12-2023",Ball State,9.7750,,,,,A,Northern Illinois,31419,Emma Brkljacic
"Fri, Feb-17-2023",Eastern Michigan,9.7500,,,,,H,Northern Illinois,31419,Emma Brkljacic
"Sun, Feb-26-2023",Lindenwood,9.8000,,,,,A,Northern Illinois,31419,Emma Brkljacic
"Sat, Mar-04-2023",Western Michigan,9.8000,,,,,A,Northern Illinois,31419,Emma Brkljacic
"Sat, Mar-11-2023",Michigan State,9.7000,,,,,A,Northern Illinois,31419,Emma Brkljacic
"Sat, Mar-18-2023",", Ball State, Bowling Green, Central Michigan, Eastern Michigan, Kent State, Western Michigan",9.7500,,,,,A,Northern Illinois,31419,Emma Brkljacic
"Sat, Jan-21-2023",Central Michigan,,,,9.7000,,A,Northern Illinois,30474,Jacklyn Dolitsky
"Fri, Jan-27-2023",Illinois State,,,,9.8000,,A,Northern Illinois,30474,Jacklyn Dolitsky
"Sun, Jan-29-2023","Illinois State, Winona State",,,,8.9000,,H,Northern Illinois,30474,Jacklyn Dolitsky
"Sat, Feb-04-2023","Kent State, Simpson",,,,9.8250,,H,Northern Illinois,30474,Jacklyn Dolitsky
"Sun, Feb-12-2023",Ball State,,,,9.8000,,A,Northern Illinois,30474,Jacklyn Dolitsky
"Fri, Feb-17-2023",Eastern Michigan,,,,9.7750,,H,Northern Illinois,30474,Jacklyn Dolitsky
"Sun, Feb-26-2023",Lindenwood,,,,9.8500,,A,Northern Illinois,30474,Jacklyn Dolitsky
"Sat, Mar-04-2023",Western Michigan,,,,9.7750,,A,Northern Illinois,30474,Jacklyn Dolitsky
"Sat, Mar-11-2023",Michigan State,,,,9.7500,,A,Northern Illinois,30474,Jacklyn Dolitsky
"Sat, Mar-18-2023",", Ball State, Bowling Green, Central Michigan, Eastern Michigan, Kent State, Western Michigan",,,,9.8500,,A,Northern Illinois,30474,Jacklyn Dolitsky
"Sat, Mar-04-2023",Western Michigan,,9.6750,,,,A,Northern Illinois,32168,Hannah Drielick
"Sat, Mar-11-2023",Michigan State,,9.7250,,,,A,Northern Illinois,32168,Hannah Drielick
"Sat, Mar-18-2023",", Ball State, Bowling Green, Central Michigan, Eastern Michigan, Kent State, Western Michigan",,8.7750,,,,A,Northern Illinois,32168,Hannah Drielick
"Sun, Jan-08-2023",Bowling Green,,,9.5750,,,H,Northern Illinois,31000,Kendall George
"Sat, Jan-14-2023",Iowa State,,,9.7000,,,A,Northern Illinois,31000,Kendall George
"Sat, Jan-21-2023",Central Michigan,,,9.7250,,,A,Northern Illinois,31000,Kendall George
"Fri, Jan-27-2023",Illinois State,,,9.8500,,,A,Northern Illinois,31000,Kendall George
"Sun, Jan-29-2023","Illinois State, Winona State",,,9.7000,,,H,Northern Illinois,31000,Kendall George
"Sat, Feb-04-2023","Kent State, Simpson",,,9.8000,9.7500,,H,Northern Illinois,31000,Kendall George
"Sun, Feb-12-2023",Ball State,,,9.7000,,,A,Northern Illinois,31000,Kendall George
"Fri, Feb-17-2023",Eastern Michigan,,,9.6000,9.6500,,H,Northern Illinois,31000,Kendall George
"Sun, Feb-26-2023",Lindenwood,,,9.7750,9.7250,,A,Northern Illinois,31000,Kendall George
"Sat, Mar-04-2023",Western Michigan,,,9.7500,9.5000,,A,Northern Illinois,31000,Kendall George
"Sat, Mar-11-2023",Michigan State,,,9.5500,,,A,Northern Illinois,31000,Kendall George
"Sat, Mar-18-2023",", Ball State, Bowling Green, Central Michigan, Eastern Michigan, Kent State, Western Michigan",,,9.6750,,,A,Northern Illinois,31000,Kendall George
"Sun, Jan-08-2023",Bowling Green,,9.9000,,,,H,Northern Illinois,30475,Natalie Hamp
"Sat, Jan-14-2023",Iowa State,,9.8250,,,,A,Northern Illinois,30475,Natalie Hamp
"Sat, Jan-21-2023",Central Michigan,,9.8750,,,,A,Northern Illinois,30475,Natalie Hamp
"Fri, Jan-27-2023",Illinois State,,9.9000,,,,A,Northern Illinois,30475,Natalie Hamp
"Sun, Jan-29-2023","Illinois State, Winona State",,9.9000,,,,H,Northern Illinois,30475,Natalie Hamp
"Sat, Feb-04-2023","Kent State, Simpson",,9.8500,,,,H,Northern Illinois,30475,Natalie Hamp
"Sun, Feb-12-2023",Ball State,,9.9000,,,,A,Northern Illinois,30475,Natalie Hamp
"Fri, Feb-17-2023",Eastern Michigan,,9.8500,,,,H,Northern Illinois,30475,Natalie Hamp
"Sun, Feb-26-2023",Lindenwood,,9.9000,,,,A,Northern Illinois,30475,Natalie Hamp
"Sat, Mar-04-2023",Western Michigan,,8.7750,,,,A,Northern Illinois,30475,Natalie Hamp
"Sat, Mar-11-2023",Michigan State,,9.7750,,,,A,Northern Illinois,30475,Natalie Hamp
"Sat, Mar-18-2023",", Ball State, Bowling Green, Central Michigan, Eastern Michigan, Kent State, Western Michigan",,9.8750,,,,A,Northern Illinois,30475,Natalie Hamp
"Fri, Mar-31-2023",,,9.7250,,,,A,Northern Illinois,30475,Natalie Hamp
"Sun, Jan-08-2023",Bowling Green,,,9.7500,9.7000,,H,Northern Illinois,31002,Olivia Lynd
"Sat, Jan-14-2023",Iowa State,,,9.5000,9.4750,,A,Northern Illinois,31002,Olivia Lynd
"Sat, Jan-21-2023",Central Michigan,,,8.9250,9.7500,,A,Northern Illinois,31002,Olivia Lynd
"Fri, Jan-27-2023",Illinois State,,,9.6750,9.7500,,A,Northern Illinois,31002,Olivia Lynd
"Sun, Jan-29-2023","Illinois State, Winona State",,,9.8250,9.7750,,H,Northern Illinois,31002,Olivia Lynd
"Sat, Feb-04-2023","Kent State, Simpson",,,9.8500,9.8750,,H,Northern Illinois,31002,Olivia Lynd
"Sun, Feb-12-2023",Ball State,,,9.0250,9.7500,,A,Northern Illinois,31002,Olivia Lynd
"Fri, Feb-17-2023",Eastern Michigan,,,9.7750,9.7500,,H,Northern Illinois,31002,Olivia Lynd
"Sun, Feb-26-2023",Lindenwood,,,9.7500,9.7750,,A,Northern Illinois,31002,Olivia Lynd
"Sat, Mar-04-2023",Western Michigan,,,9.8750,9.7500,,A,Northern Illinois,31002,Olivia Lynd
"Sat, Mar-11-2023",Michigan State,,,9.7000,9.8000,,A,Northern Illinois,31002,Olivia Lynd
"Sat, Mar-18-2023",", Ball State, Bowling Green, Central Michigan, Eastern Michigan, Kent State, Western Michigan",,,8.9500,9.7000,,A,Northern Illinois,31002,Olivia Lynd
"Sun, Jan-08-2023",Bowling Green,,9.7500,8.9750,,,H,Northern Illinois,32172,Samantha Nickle
"Sat, Jan-14-2023",Iowa State,,9.7250,9.7000,,,A,Northern Illinois,32172,Samantha Nickle
"Sat, Jan-21-2023",Central Michigan,,9.1000,,,,A,Northern Illinois,32172,Samantha Nickle
"Fri, Jan-27-2023",Illinois State,,9.6000,,,,A,Northern Illinois,32172,Samantha Nickle
"Sun, Jan-29-2023","Illinois State, Winona State",,9.7250,,,,H,Northern Illinois,32172,Samantha Nickle
"Sat, Feb-04-2023","Kent State, Simpson",,9.6500,,,,H,Northern Illinois,32172,Samantha Nickle
"Sun, Feb-12-2023",Ball State,,9.7500,,,,A,Northern Illinois,32172,Samantha Nickle
"Fri, Feb-17-2023",Eastern Michigan,,8.0500,,,,H,Northern Illinois,32172,Samantha Nickle
"Sun, Feb-26-2023",Lindenwood,,9.8000,,,,A,Northern Illinois,32172,Samantha Nickle
"Sat, Mar-04-2023",Western Michigan,,9.1000,,,,A,Northern Illinois,32172,Samantha Nickle
"Sun, Jan-08-2023",Bowling Green,9.7750,,,9.2000,,H,Northern Illinois,31420,Emmalise Nock
"Sat, Jan-14-2023",Iowa State,9.7750,,,9.8750,,A,Northern Illinois,31420,Emmalise Nock
"Sat, Jan-21-2023",Central Michigan,9.6000,,,9.7000,,A,Northern Illinois,31420,Emmalise Nock
"Fri, Jan-27-2023",Illinois State,9.6500,,,9.7250,,A,Northern Illinois,31420,Emmalise Nock
"Sun, Jan-29-2023","Illinois State, Winona State",9.7250,,,9.8500,,H,Northern Illinois,31420,Emmalise Nock
"Sat, Feb-04-2023","Kent State, Simpson",9.2000,,,9.9500,,H,Northern Illinois,31420,Emmalise Nock
"Sun, Feb-12-2023",Ball State,9.8000,,,9.8750,,A,Northern Illinois,31420,Emmalise Nock
"Fri, Feb-17-2023",Eastern Michigan,9.7750,,,9.9000,,H,Northern Illinois,31420,Emmalise Nock
"Sun, Feb-26-2023",Lindenwood,9.7250,,,9.9000,,A,Northern Illinois,31420,Emmalise Nock
"Sat, Mar-04-2023",Western Michigan,9.8000,,,9.9000,,A,Northern Illinois,31420,Emmalise Nock
"Sat, Mar-11-2023",Michigan State,9.6250,,,9.9000,,A,Northern Illinois,31420,Emmalise Nock
"Sat, Mar-18-2023",", Ball State, Bowling Green, Central Michigan, Eastern Michigan, Kent State, Western Michigan",9.8500,,,9.9000,,A,Northern Illinois,31420,Emmalise Nock
"Fri, Mar-31-2023",,,,,9.8750,,A,Northern Illinois,31420,Emmalise Nock
"Sun, Jan-08-2023",Bowling Green,8.8250,,,,,H,Northern Illinois,32173,Kiera O'Shea
"Sat, Jan-21-2023",Central Michigan,9.7750,,,,,A,Northern Illinois,32173,Kiera O'Shea
"Fri, Jan-27-2023",Illinois State,9.7500,,,,,A,Northern Illinois,32173,Kiera O'Shea
"Sun, Jan-29-2023","Illinois State, Winona State",9.7500,,,,,H,Northern Illinois,32173,Kiera O'Shea
"Sat, Feb-04-2023","Kent State, Simpson",9.6500,,,,,H,Northern Illinois,32173,Kiera O'Shea
"Sun, Feb-12-2023",Ball State,9.8250,,,,,A,Northern Illinois,32173,Kiera O'Shea
"Fri, Feb-17-2023",Eastern Michigan,9.8750,,,,,H,Northern Illinois,32173,Kiera O'Shea
"Sun, Feb-26-2023",Lindenwood,9.7250,,,,,A,Northern Illinois,32173,Kiera O'Shea
"Sat, Mar-04-2023",Western Michigan,9.8000,,,,,A,Northern Illinois,32173,Kiera O'Shea
"Sat, Mar-11-2023",Michigan State,9.7000,,,,,A,Northern Illinois,32173,Kiera O'Shea
"Sat, Mar-18-2023",", Ball State, Bowling Green, Central Michigan, Eastern Michigan, Kent State, Western Michigan",9.7500,,,,,A,Northern Illinois,32173,Kiera O'Shea
"Sun, Jan-08-2023",Bowling Green,9.6750,9.6000,,9.8500,,H,Northern Illinois,30476,Ciara Ryan
"Sat, Jan-14-2023",Iowa State,9.7250,9.6000,,9.7000,,A,Northern Illinois,30476,Ciara Ryan
"Sat, Jan-21-2023",Central Michigan,9.6000,9.5000,,9.7750,,A,Northern Illinois,30476,Ciara Ryan
"Fri, Jan-27-2023",Illinois State,9.7500,9.6250,,9.7500,,A,Northern Illinois,30476,Ciara Ryan
"Sun, Jan-29-2023","Illinois State, Winona State",9.5750,8.9500,,9.8000,,H,Northern Illinois,30476,Ciara Ryan
"Sat, Feb-04-2023","Kent State, Simpson",9.5750,9.6750,,9.8000,,H,Northern Illinois,30476,Ciara Ryan
"Sun, Feb-12-2023",Ball State,9.7500,8.7500,,9.7000,,A,Northern Illinois,30476,Ciara Ryan
"Fri, Feb-17-2023",Eastern Michigan,9.7500,9.5500,,9.7750,,H,Northern Illinois,30476,Ciara Ryan
"Sun, Feb-26-2023",Lindenwood,9.6750,9.6500,,9.7250,,A,Northern Illinois,30476,Ciara Ryan
"Sat, Mar-04-2023",Western Michigan,9.8000,,,9.8000,,A,Northern Illinois,30476,Ciara Ryan
"Sat, Mar-11-2023",Michigan State,9.6000,9.0000,,9.7750,,A,Northern Illinois,30476,Ciara Ryan
"Sat, Mar-18-2023",", Ball State, Bowling Green, Central Michigan, Eastern Michigan, Kent State, Western Michigan",9.1750,9.1750,,9.8250,,A,Northern Illinois,30476,Ciara Ryan
"Sun, Jan-08-2023",Bowling Green,,9.8500,9.8500,,,H,Northern Illinois,30477,Brookelyn Sears
"Sat, Jan-14-2023",Iowa State,,9.7500,9.1750,,,A,Northern Illinois,30477,Brookelyn Sears
"Sat, Jan-21-2023",Central Michigan,,9.8250,9.0500,,,A,Northern Illinois,30477,Brookelyn Sears
"Fri, Jan-27-2023",Illinois State,,9.7250,9.7500,,,A,Northern Illinois,30477,Brookelyn Sears
"Sun, Jan-29-2023","Illinois State, Winona State",,9.7500,9.8250,,,H,Northern Illinois,30477,Brookelyn Sears
"Sat, Feb-04-2023","Kent State, Simpson",,9.7500,9.8500,,,H,Northern Illinois,30477,Brookelyn Sears
"Sun, Feb-12-2023",Ball State,,9.8500,9.8250,,,A,Northern Illinois,30477,Brookelyn Sears
"Fri, Feb-17-2023",Eastern Michigan,,9.8250,9.8500,,,H,Northern Illinois,30477,Brookelyn Sears
"Sun, Feb-26-2023",Lindenwood,,9.8000,8.9250,,,A,Northern Illinois,30477,Brookelyn Sears
"Sat, Mar-04-2023",Western Michigan,,9.8000,9.8500,,,A,Northern Illinois,30477,Brookelyn Sears
"Sat, Mar-11-2023",Michigan State,,9.7000,9.7500,,,A,Northern Illinois,30477,Brookelyn Sears
"Sat, Mar-18-2023",", Ball State, Bowling Green, Central Michigan, Eastern Michigan, Kent State, Western Michigan",,9.8000,9.0750,,,A,Northern Illinois,30477,Brookelyn Sears
"Sun, Jan-08-2023",Bowling Green,9.8250,9.7250,9.7750,9.8500,39.1750,H,Northern Illinois,31421,Isabella Sissi
"Sat, Jan-14-2023",Iowa State,9.7500,9.6750,9.8500,9.7750,39.0500,A,Northern Illinois,31421,Isabella Sissi
"Sat, Jan-21-2023",Central Michigan,9.6750,9.5000,9.7500,9.7750,38.7000,A,Northern Illinois,31421,Isabella Sissi
"Fri, Jan-27-2023",Illinois State,9.5250,8.8000,9.8000,9.7750,37.9000,A,Northern Illinois,31421,Isabella Sissi
"Sun, Jan-29-2023","Illinois State, Winona State",9.8250,9.7250,9.8000,9.7250,39.0750,H,Northern Illinois,31421,Isabella Sissi
"Sat, Feb-04-2023","Kent State, Simpson",9.7250,9.7000,9.8250,9.8750,39.1250,H,Northern Illinois,31421,Isabella Sissi
"Sun, Feb-12-2023",Ball State,9.7750,9.7750,9.8500,9.8250,39.2250,A,Northern Illinois,31421,Isabella Sissi
"Fri, Feb-17-2023",Eastern Michigan,9.8000,9.4000,9.1750,9.8750,38.2500,H,Northern Illinois,31421,Isabella Sissi
"Sun, Feb-26-2023",Lindenwood,9.7500,9.7750,9.8500,9.8500,39.2250,A,Northern Illinois,31421,Isabella Sissi
"Sat, Mar-04-2023",Western Michigan,9.8250,9.8250,9.8000,9.8750,39.3250,A,Northern Illinois,31421,Isabella Sissi
"Sat, Mar-11-2023",Michigan State,9.7750,9.8500,9.7250,9.8250,39.1750,A,Northern Illinois,31421,Isabella Sissi
"Sat, Mar-18-2023",", Ball State, Bowling Green, Central Michigan, Eastern Michigan, Kent State, Western Michigan",9.8000,9.7250,9.7250,9.8500,39.1000,A,Northern Illinois,31421,Isabella Sissi
"Sat, Jan-21-2023",Central Michigan,,,9.7750,,,A,Northern Illinois,31422,Ellery Werner
"Fri, Jan-27-2023",Illinois State,,,9.7750,,,A,Northern Illinois,31422,Ellery Werner
"Sun, Jan-29-2023","Illinois State, Winona State",,,9.8500,,,H,Northern Illinois,31422,Ellery Werner
"Sat, Feb-04-2023","Kent State, Simpson",,,9.7750,,,H,Northern Illinois,31422,Ellery Werner
"Sun, Feb-12-2023",Ball State,,,9.7000,,,A,Northern Illinois,31422,Ellery Werner
"Fri, Feb-17-2023",Eastern Michigan,,,9.8000,,,H,Northern Illinois,31422,Ellery Werner
"Sun, Feb-26-2023",Lindenwood,,,9.7000,,,A,Northern Illinois,31422,Ellery Werner
"Sat, Mar-04-2023",Western Michigan,,,9.7250,,,A,Northern Illinois,31422,Ellery Werner
"Sat, Mar-11-2023",Michigan State,,,9.6500,,,A,Northern Illinois,31422,Ellery Werner
"Sat, Mar-18-2023",", Ball State, Bowling Green, Central Michigan, Eastern Michigan, Kent State, Western Michigan",,,9.1250,,,A,Northern Illinois,31422,Ellery Werner
"Sun, Jan-08-2023",Bowling Green,9.6500,,,,,H,Northern Illinois,31003,Isabelle West
"Sat, Jan-14-2023",Iowa State,9.6750,,,,,A,Northern Illinois,31003,Isabelle West
"Sat, Jan-21-2023",Central Michigan,9.0750,,,,,A,Northern Illinois,31003,Isabelle West
"Fri, Jan-27-2023",Illinois State,9.7750,,,,,A,Northern Illinois,31003,Isabelle West
"Sun, Jan-29-2023","Illinois State, Winona State",9.7750,,,,,H,Northern Illinois,31003,Isabelle West
"Sat, Feb-04-2023","Kent State, Simpson",9.3500,,,,,H,Northern Illinois,31003,Isabelle West
"Sun, Feb-12-2023",Ball State,9.7250,,,,,A,Northern Illinois,31003,Isabelle West
"Fri, Feb-17-2023",Eastern Michigan,9.6750,,,,,H,Northern Illinois,31003,Isabelle West
"Sun, Feb-26-2023",Lindenwood,9.7500,,,,,A,Northern Illinois,31003,Isabelle West
"Sat, Mar-04-2023",Western Michigan,9.7250,,,,,A,Northern Illinois,31003,Isabelle West
"Sat, Mar-11-2023",Michigan State,9.7000,,,,,A,Northern Illinois,31003,Isabelle West
"Sat, Mar-18-2023",", Ball State, Bowling Green, Central Michigan, Eastern Michigan, Kent State, Western Michigan",9.7250,,,,,A,Northern Illinois,31003,Isabelle West
"Sun, Jan-08-2023","Arizona, Greenville, Kentucky",9.9250,9.8500,,9.7500,,H,Ohio State,30478,Elexis Edwards
"Mon, Jan-16-2023","Fisk, Georgia, Rutgers",9.7000,9.8000,,9.9250,,A,Ohio State,30478,Elexis Edwards
"Sun, Jan-22-2023",Iowa,9.8500,9.8500,,9.9750,,H,Ohio State,30478,Elexis Edwards
"Sat, Jan-28-2023",Michigan,,9.8500,,9.9000,,A,Ohio State,30478,Elexis Edwards
"Sun, Feb-05-2023",Maryland,9.9000,9.8750,,9.9000,,H,Ohio State,30478,Elexis Edwards
"Mon, Feb-13-2023",Illinois,9.8500,9.8250,,9.9000,,A,Ohio State,30478,Elexis Edwards
"Fri, Feb-17-2023",Penn State,9.9000,9.7750,,9.8750,,A,Ohio State,30478,Elexis Edwards
"Sat, Feb-25-2023","Michigan State, Minnesota, Nebraska, Rutgers",9.8250,9.8500,,9.9250,,A,Ohio State,30478,Elexis Edwards
"Fri, Mar-03-2023",BYU,,9.8250,,,,H,Ohio State,30478,Elexis Edwards
"Sun, Mar-05-2023","Illinois, Kent State",9.8750,9.8500,,9.9750,,H,Ohio State,30478,Elexis Edwards
"Fri, Mar-10-2023","California, Stanford, Utah State",9.8500,9.8500,,9.8750,,A,Ohio State,30478,Elexis Edwards
"Sat, Mar-18-2023","Illinois, Iowa, Maryland, Michigan, Michigan State, Minnesota, Nebraska, Penn State, Rutgers",9.9000,9.8000,,9.8750,,A,Ohio State,30478,Elexis Edwards
"Thu, Mar-30-2023",,9.8750,9.8750,,9.9500,,A,Ohio State,30478,Elexis Edwards
"Sat, Apr-01-2023",,9.8500,9.8500,,9.9500,,A,Ohio State,30478,Elexis Edwards
"Thu, Apr-13-2023","Alabama, Arizona State, Arkansas, Auburn, Boise State, California, Denver, Florida, Kentucky, LSU, Michigan, Michigan State, Missouri, Oklahoma, Oregon State, Penn State, Stanford, UCLA, Utah",,,,9.9375,,A,Ohio State,30478,Elexis Edwards
"Sun, Jan-08-2023","Arizona, Greenville, Kentucky",,,,9.9500,,H,Ohio State,30145,Claire Gagliardi
"Mon, Jan-16-2023","Fisk, Georgia, Rutgers",,,,9.9000,,A,Ohio State,30145,Claire Gagliardi
"Sun, Jan-22-2023",Iowa,,,,9.8500,,H,Ohio State,30145,Claire Gagliardi
"Sat, Jan-28-2023",Michigan,,,,9.8250,,A,Ohio State,30145,Claire Gagliardi
"Sun, Feb-05-2023",Maryland,,,,9.8750,,H,Ohio State,30145,Claire Gagliardi
"Mon, Feb-13-2023",Illinois,,,,9.8750,,A,Ohio State,30145,Claire Gagliardi
"Fri, Feb-17-2023",Penn State,,,,9.9000,,A,Ohio State,30145,Claire Gagliardi
"Sat, Feb-25-2023","Michigan State, Minnesota, Nebraska, Rutgers",,,,9.8500,,A,Ohio State,30145,Claire Gagliardi
"Fri, Mar-03-2023",BYU,,,,9.6250,,H,Ohio State,30145,Claire Gagliardi
"Sun, Mar-05-2023","Illinois, Kent State",,,,9.9500,,H,Ohio State,30145,Claire Gagliardi
"Fri, Mar-10-2023","California, Stanford, Utah State",,,,9.8250,,A,Ohio State,30145,Claire Gagliardi
"Sat, Mar-18-2023","Illinois, Iowa, Maryland, Michigan, Michigan State, Minnesota, Nebraska, Penn State, Rutgers",,,,9.7750,,A,Ohio State,30145,Claire Gagliardi
"Thu, Mar-30-2023",,,,,9.9000,,A,Ohio State,30145,Claire Gagliardi
"Sat, Apr-01-2023",,,,,9.8500,,A,Ohio State,30145,Claire Gagliardi
"Sun, Jan-08-2023","Arizona, Greenville, Kentucky",,,,9.8000,,H,Ohio State,31004,Savannah Gonzalez
"Mon, Jan-16-2023","Fisk, Georgia, Rutgers",,,,9.7750,,A,Ohio State,31004,Savannah Gonzalez
"Sun, Jan-22-2023",Iowa,,,,9.7750,,H,Ohio State,31004,Savannah Gonzalez
"Sat, Jan-28-2023",Michigan,,,,9.8250,,A,Ohio State,31004,Savannah Gonzalez
"Sun, Feb-05-2023",Maryland,,,,9.8000,,H,Ohio State,31004,Savannah Gonzalez
"Mon, Feb-13-2023",Illinois,,,,9.7750,,A,Ohio State,31004,Savannah Gonzalez
"Fri, Feb-17-2023",Penn State,,,,9.7500,,A,Ohio State,31004,Savannah Gonzalez
"Fri, Mar-03-2023",BYU,,,,9.8500,,H,Ohio State,31004,Savannah Gonzalez
"Sun, Jan-08-2023","Arizona, Greenville, Kentucky",,,9.8500,9.7500,,H,Ohio State,30479,Alexis Hankins
"Mon, Jan-16-2023","Fisk, Georgia, Rutgers",,,9.7250,,,A,Ohio State,30479,Alexis Hankins
"Sun, Jan-22-2023",Iowa,,,9.7750,,,H,Ohio State,30479,Alexis Hankins
"Sat, Jan-28-2023",Michigan,,,9.8000,,,A,Ohio State,30479,Alexis Hankins
"Sun, Feb-05-2023",Maryland,,,9.8750,,,H,Ohio State,30479,Alexis Hankins
"Mon, Feb-13-2023",Illinois,,,9.6250,,,A,Ohio State,30479,Alexis Hankins
"Fri, Feb-17-2023",Penn State,,,9.8250,,,A,Ohio State,30479,Alexis Hankins
"Sat, Feb-25-2023","Michigan State, Minnesota, Nebraska, Rutgers",,,9.7500,,,A,Ohio State,30479,Alexis Hankins
"Fri, Mar-03-2023",BYU,,9.8250,9.8000,9.5500,,H,Ohio State,30479,Alexis Hankins
"Sun, Mar-05-2023","Illinois, Kent State",,9.9250,9.8750,,,H,Ohio State,30479,Alexis Hankins
"Fri, Mar-10-2023","California, Stanford, Utah State",,9.8250,9.7250,,,A,Ohio State,30479,Alexis Hankins
"Sat, Mar-18-2023","Illinois, Iowa, Maryland, Michigan, Michigan State, Minnesota, Nebraska, Penn State, Rutgers",,9.8500,9.8250,,,A,Ohio State,30479,Alexis Hankins
"Thu, Mar-30-2023",,,9.8500,9.7000,,,A,Ohio State,30479,Alexis Hankins
"Sat, Apr-01-2023",,,9.7750,9.7750,,,A,Ohio State,30479,Alexis Hankins
"Sun, Jan-08-2023","Arizona, Greenville, Kentucky",9.8750,9.2750,9.9000,9.9000,38.9500,H,Ohio State,32261,Payton Harris
"Mon, Jan-16-2023","Fisk, Georgia, Rutgers",9.7250,9.8250,9.8500,9.7750,39.1750,A,Ohio State,32261,Payton Harris
"Sun, Jan-22-2023",Iowa,9.8500,9.8750,9.8750,9.9000,39.5000,H,Ohio State,32261,Payton Harris
"Sat, Jan-28-2023",Michigan,9.8250,9.8000,9.8250,9.8000,39.2500,A,Ohio State,32261,Payton Harris
"Sun, Feb-05-2023",Maryland,9.9000,9.8250,9.9000,9.8500,39.4750,H,Ohio State,32261,Payton Harris
"Mon, Feb-13-2023",Illinois,9.9500,9.8250,9.8500,9.8500,39.4750,A,Ohio State,32261,Payton Harris
"Fri, Feb-17-2023",Penn State,9.8500,9.7250,9.9000,9.8500,39.3250,A,Ohio State,32261,Payton Harris
"Sat, Feb-25-2023","Michigan State, Minnesota, Nebraska, Rutgers",9.9500,9.7500,9.8250,9.7250,39.2500,A,Ohio State,32261,Payton Harris
"Fri, Mar-03-2023",BYU,9.8500,9.8750,9.8500,9.8750,39.4500,H,Ohio State,32261,Payton Harris
"Sun, Mar-05-2023","Illinois, Kent State",9.8500,9.8750,9.8500,9.9250,39.5000,H,Ohio State,32261,Payton Harris
"Fri, Mar-10-2023","California, Stanford, Utah State",9.8500,9.8000,9.8500,9.7500,39.2500,A,Ohio State,32261,Payton Harris
"Sat, Mar-18-2023","Illinois, Iowa, Maryland, Michigan, Michigan State, Minnesota, Nebraska, Penn State, Rutgers",9.8500,9.8750,9.9000,9.8250,39.4500,A,Ohio State,32261,Payton Harris
"Thu, Mar-30-2023",,9.9250,9.9000,9.9000,9.8750,39.6000,A,Ohio State,32261,Payton Harris
"Sat, Apr-01-2023",,9.9500,9.8500,9.9000,9.9250,39.6250,A,Ohio State,32261,Payton Harris
"Thu, Apr-13-2023","Alabama, Arizona State, Arkansas, Auburn, Boise State, California, Denver, Florida, Kentucky, LSU, Michigan, Michigan State, Missouri, Oklahoma, Oregon State, Penn State, Stanford, UCLA, Utah",9.8500,9.7625,9.8875,9.8750,39.3750,A,Ohio State,32261,Payton Harris
"Sun, Jan-08-2023","Arizona, Greenville, Kentucky",9.8000,,,,,H,Ohio State,31425,Jenna Hlavach
"Mon, Jan-16-2023","Fisk, Georgia, Rutgers",9.8250,,,,,A,Ohio State,31425,Jenna Hlavach
"Sun, Jan-22-2023",Iowa,9.8250,,,,,H,Ohio State,31425,Jenna Hlavach
"Sat, Jan-28-2023",Michigan,9.8250,,,,,A,Ohio State,31425,Jenna Hlavach
"Sun, Jan-08-2023","Arizona, Greenville, Kentucky",,,9.2250,,,H,Ohio State,30480,Ella Hodges
"Mon, Jan-16-2023","Fisk, Georgia, Rutgers",,,9.9000,9.8250,,A,Ohio State,30480,Ella Hodges
"Sun, Jan-22-2023",Iowa,,,9.9250,9.8500,,H,Ohio State,30480,Ella Hodges
"Sat, Jan-28-2023",Michigan,,,9.1750,9.8000,,A,Ohio State,30480,Ella Hodges
"Sun, Feb-05-2023",Maryland,,,9.9000,9.9250,,H,Ohio State,30480,Ella Hodges
"Mon, Feb-13-2023",Illinois,,,9.9250,9.9250,,A,Ohio State,30480,Ella Hodges
"Fri, Feb-17-2023",Penn State,,,9.1750,9.9250,,A,Ohio State,30480,Ella Hodges
"Sat, Feb-25-2023","Michigan State, Minnesota, Nebraska, Rutgers",,,9.6750,9.9250,,A,Ohio State,30480,Ella Hodges
"Sun, Mar-05-2023","Illinois, Kent State",,,9.8500,9.7250,,H,Ohio State,30480,Ella Hodges
"Fri, Mar-10-2023","California, Stanford, Utah State",,,,9.9000,,A,Ohio State,30480,Ella Hodges
"Sat, Mar-18-2023","Illinois, Iowa, Maryland, Michigan, Michigan State, Minnesota, Nebraska, Penn State, Rutgers",,,,9.8750,,A,Ohio State,30480,Ella Hodges
"Thu, Mar-30-2023",,,,9.8000,9.9250,,A,Ohio State,30480,Ella Hodges
"Sat, Apr-01-2023",,,,9.9500,9.8750,,A,Ohio State,30480,Ella Hodges
"Sun, Jan-08-2023","Arizona, Greenville, Kentucky",9.8500,,9.7750,,,H,Ohio State,30147,Sydney Jennings
"Mon, Jan-16-2023","Fisk, Georgia, Rutgers",9.6250,,9.4750,,,A,Ohio State,30147,Sydney Jennings
"Sun, Jan-22-2023",Iowa,9.8000,,9.8500,,,H,Ohio State,30147,Sydney Jennings
"Sat, Jan-28-2023",Michigan,9.9000,,9.7500,,,A,Ohio State,30147,Sydney Jennings
"Sun, Feb-05-2023",Maryland,9.9000,,9.9250,,,H,Ohio State,30147,Sydney Jennings
"Mon, Feb-13-2023",Illinois,9.8750,,9.7500,,,A,Ohio State,30147,Sydney Jennings
"Fri, Feb-17-2023",Penn State,9.9000,,9.8500,,,A,Ohio State,30147,Sydney Jennings
"Sat, Feb-25-2023","Michigan State, Minnesota, Nebraska, Rutgers",9.8500,,9.8750,,,A,Ohio State,30147,Sydney Jennings
"Fri, Mar-03-2023",BYU,9.9000,,9.8750,,,H,Ohio State,30147,Sydney Jennings
"Sun, Mar-05-2023","Illinois, Kent State",9.9250,,9.9000,,,H,Ohio State,30147,Sydney Jennings
"Fri, Mar-10-2023","California, Stanford, Utah State",9.9250,,9.9000,,,A,Ohio State,30147,Sydney Jennings
"Sat, Mar-18-2023","Illinois, Iowa, Maryland, Michigan, Michigan State, Minnesota, Nebraska, Penn State, Rutgers",9.9000,,9.6000,,,A,Ohio State,30147,Sydney Jennings
"Thu, Mar-30-2023",,9.8500,,9.8000,,,A,Ohio State,30147,Sydney Jennings
"Sat, Apr-01-2023",,9.9000,,9.8750,,,A,Ohio State,30147,Sydney Jennings
"Sun, Jan-08-2023","Arizona, Greenville, Kentucky",9.8000,,,,,H,Ohio State,30481,Raina Malas
"Mon, Jan-16-2023","Fisk, Georgia, Rutgers",9.8000,,,,,A,Ohio State,30481,Raina Malas
"Sat, Jan-28-2023",Michigan,9.8500,,,,,A,Ohio State,30481,Raina Malas
"Sun, Feb-05-2023",Maryland,9.7750,,,,,H,Ohio State,30481,Raina Malas
"Mon, Feb-13-2023",Illinois,9.7500,,,,,A,Ohio State,30481,Raina Malas
"Fri, Feb-17-2023",Penn State,9.8500,,,,,A,Ohio State,30481,Raina Malas
"Sat, Feb-25-2023","Michigan State, Minnesota, Nebraska, Rutgers",9.8750,,,,,A,Ohio State,30481,Raina Malas
"Fri, Mar-03-2023",BYU,9.7250,,,,,H,Ohio State,30481,Raina Malas
"Sun, Mar-05-2023","Illinois, Kent State",9.7750,,,,,H,Ohio State,30481,Raina Malas
"Sat, Mar-18-2023","Illinois, Iowa, Maryland, Michigan, Michigan State, Minnesota, Nebraska, Penn State, Rutgers",9.8250,,,,,A,Ohio State,30481,Raina Malas
"Thu, Mar-30-2023",,9.8250,,,,,A,Ohio State,30481,Raina Malas
"Sat, Apr-01-2023",,9.7500,,,,,A,Ohio State,30481,Raina Malas
"Sun, Jan-08-2023","Arizona, Greenville, Kentucky",,9.8750,,,,H,Ohio State,30148,Colby Miller
"Mon, Jan-16-2023","Fisk, Georgia, Rutgers",,9.9500,,,,A,Ohio State,30148,Colby Miller
"Sun, Jan-22-2023",Iowa,,9.9250,,,,H,Ohio State,30148,Colby Miller
"Sat, Jan-28-2023",Michigan,,9.9000,,,,A,Ohio State,30148,Colby Miller
"Sun, Feb-05-2023",Maryland,,9.8750,,,,H,Ohio State,30148,Colby Miller
"Mon, Feb-13-2023",Illinois,,9.8500,,,,A,Ohio State,30148,Colby Miller
"Fri, Feb-17-2023",Penn State,,9.8250,,,,A,Ohio State,30148,Colby Miller
"Sat, Feb-25-2023","Michigan State, Minnesota, Nebraska, Rutgers",,9.8000,,,,A,Ohio State,30148,Colby Miller
"Fri, Mar-03-2023",BYU,,9.9500,,,,H,Ohio State,30148,Colby Miller
"Sun, Mar-05-2023","Illinois, Kent State",,8.7000,,,,H,Ohio State,30148,Colby Miller
"Fri, Mar-10-2023","California, Stanford, Utah State",,9.7250,,,,A,Ohio State,30148,Colby Miller
"Sat, Mar-18-2023","Illinois, Iowa, Maryland, Michigan, Michigan State, Minnesota, Nebraska, Penn State, Rutgers",,9.9000,,,,A,Ohio State,30148,Colby Miller
"Thu, Mar-30-2023",,,9.3500,,,,A,Ohio State,30148,Colby Miller
"Sat, Apr-01-2023",,,9.9500,,,,A,Ohio State,30148,Colby Miller
"Fri, Mar-03-2023",BYU,9.7500,,,,,H,Ohio State,32161,Kaylyn Mintz
"Fri, Mar-10-2023","California, Stanford, Utah State",9.7750,,,,,A,Ohio State,32161,Kaylyn Mintz
"Sun, Jan-08-2023","Arizona, Greenville, Kentucky",,,9.7750,,,H,Ohio State,31005,Hannah Oliveros
"Mon, Jan-16-2023","Fisk, Georgia, Rutgers",,,9.7750,,,A,Ohio State,31005,Hannah Oliveros
"Sun, Jan-22-2023",Iowa,,,9.8000,,,H,Ohio State,31005,Hannah Oliveros
"Sat, Jan-28-2023",Michigan,,,9.5250,,,A,Ohio State,31005,Hannah Oliveros
"Sun, Jan-08-2023","Arizona, Greenville, Kentucky",,9.7750,9.8000,,,H,Ohio State,31006,Emma Pritchard
"Mon, Jan-16-2023","Fisk, Georgia, Rutgers",,9.7750,9.8000,,,A,Ohio State,31006,Emma Pritchard
"Sun, Jan-22-2023",Iowa,,9.8000,9.7750,,,H,Ohio State,31006,Emma Pritchard
"Sat, Jan-28-2023",Michigan,,9.8250,9.8000,,,A,Ohio State,31006,Emma Pritchard
"Sun, Feb-05-2023",Maryland,,9.7750,9.8000,,,H,Ohio State,31006,Emma Pritchard
"Mon, Feb-13-2023",Illinois,,9.7750,9.6750,,,A,Ohio State,31006,Emma Pritchard
"Fri, Feb-17-2023",Penn State,,9.8250,9.7250,,,A,Ohio State,31006,Emma Pritchard
"Sat, Feb-25-2023","Michigan State, Minnesota, Nebraska, Rutgers",,9.7500,9.8500,,,A,Ohio State,31006,Emma Pritchard
"Fri, Mar-03-2023",BYU,,9.8000,9.7500,,,H,Ohio State,31006,Emma Pritchard
"Sun, Mar-05-2023","Illinois, Kent State",,9.8250,9.3000,,,H,Ohio State,31006,Emma Pritchard
"Fri, Mar-10-2023","California, Stanford, Utah State",,9.7250,9.8500,,,A,Ohio State,31006,Emma Pritchard
"Sat, Mar-18-2023","Illinois, Iowa, Maryland, Michigan, Michigan State, Minnesota, Nebraska, Penn State, Rutgers",,9.7500,9.7750,,,A,Ohio State,31006,Emma Pritchard
"Thu, Mar-30-2023",,,9.8000,9.8000,,,A,Ohio State,31006,Emma Pritchard
"Sat, Apr-01-2023",,,9.8500,9.8500,,,A,Ohio State,31006,Emma Pritchard
"Sun, Jan-08-2023","Arizona, Greenville, Kentucky",9.7750,9.8250,,,,H,Ohio State,31007,Nicole Riccardi
"Mon, Jan-16-2023","Fisk, Georgia, Rutgers",9.6750,9.8750,,,,A,Ohio State,31007,Nicole Riccardi
"Sun, Jan-22-2023",Iowa,9.8250,9.9500,,,,H,Ohio State,31007,Nicole Riccardi
"Sat, Jan-28-2023",Michigan,9.8250,9.8750,,,,A,Ohio State,31007,Nicole Riccardi
"Sun, Feb-05-2023",Maryland,9.8250,9.9500,,,,H,Ohio State,31007,Nicole Riccardi
"Mon, Feb-13-2023",Illinois,9.8000,9.9000,,,,A,Ohio State,31007,Nicole Riccardi
"Fri, Feb-17-2023",Penn State,9.8250,9.0500,,,,A,Ohio State,31007,Nicole Riccardi
"Sat, Feb-25-2023","Michigan State, Minnesota, Nebraska, Rutgers",9.8000,9.8000,,9.8250,,A,Ohio State,31007,Nicole Riccardi
"Fri, Mar-03-2023",BYU,9.8000,9.9250,,9.8500,,H,Ohio State,31007,Nicole Riccardi
"Sun, Mar-05-2023","Illinois, Kent State",9.8250,9.9250,,9.8500,,H,Ohio State,31007,Nicole Riccardi
"Fri, Mar-10-2023","California, Stanford, Utah State",9.9000,9.4500,,9.8250,,A,Ohio State,31007,Nicole Riccardi
"Sat, Mar-18-2023","Illinois, Iowa, Maryland, Michigan, Michigan State, Minnesota, Nebraska, Penn State, Rutgers",9.8500,9.8500,,9.5500,,A,Ohio State,31007,Nicole Riccardi
"Thu, Mar-30-2023",,9.7500,9.9000,,9.7500,,A,Ohio State,31007,Nicole Riccardi
"Sat, Apr-01-2023",,9.8250,9.9250,,9.8750,,A,Ohio State,31007,Nicole Riccardi
"Sun, Jan-08-2023","Arizona, Greenville, Kentucky",,9.8500,,9.8500,,H,Ohio State,31427,Tory Vetter
"Mon, Jan-16-2023","Fisk, Georgia, Rutgers",,9.7250,,9.8250,,A,Ohio State,31427,Tory Vetter
"Sun, Jan-22-2023",Iowa,9.7750,9.7250,,9.8750,,H,Ohio State,31427,Tory Vetter
"Sat, Jan-28-2023",Michigan,9.7500,9.8250,,9.8000,,A,Ohio State,31427,Tory Vetter
"Sun, Feb-05-2023",Maryland,9.7750,9.8250,9.9250,9.8500,39.3750,H,Ohio State,31427,Tory Vetter
"Mon, Feb-13-2023",Illinois,9.8250,9.7750,9.7500,9.8500,39.2000,A,Ohio State,31427,Tory Vetter
"Fri, Feb-17-2023",Penn State,9.8750,9.6250,9.9000,9.8250,39.2250,A,Ohio State,31427,Tory Vetter
"Sat, Feb-25-2023","Michigan State, Minnesota, Nebraska, Rutgers",9.8000,9.4500,9.8000,9.8750,38.9250,A,Ohio State,31427,Tory Vetter
"Fri, Mar-03-2023",BYU,9.7500,,9.8500,9.8500,,H,Ohio State,31427,Tory Vetter
"Sun, Mar-05-2023","Illinois, Kent State",9.7750,,9.8750,9.9000,,H,Ohio State,31427,Tory Vetter
"Fri, Mar-10-2023","California, Stanford, Utah State",9.9000,,9.8250,9.8500,,A,Ohio State,31427,Tory Vetter
"Sat, Mar-18-2023","Illinois, Iowa, Maryland, Michigan, Michigan State, Minnesota, Nebraska, Penn State, Rutgers",9.8500,,9.7750,9.8500,,A,Ohio State,31427,Tory Vetter
"Thu, Mar-30-2023",,9.8000,,9.9250,9.8750,,A,Ohio State,31427,Tory Vetter
"Sat, Apr-01-2023",,9.8500,,9.9000,9.8500,,A,Ohio State,31427,Tory Vetter
"Fri, Mar-03-2023",BYU,,,9.8250,,,H,Ohio State,31008,Jojo Warga
"Fri, Mar-10-2023","California, Stanford, Utah State",,,9.8500,,,A,Ohio State,31008,Jojo Warga
"Sat, Mar-18-2023","Illinois, Iowa, Maryland, Michigan, Michigan State, Minnesota, Nebraska, Penn State, Rutgers",,,9.8750,,,A,Ohio State,31008,Jojo Warga
"Sat, Jan-07-2023","Arizona State, Auburn, BYU, California, Iowa, Michigan, UCLA",9.9750,9.8500,9.9250,9.9000,39.6500,A,Oklahoma,31428,Jordan Bowers
"Mon, Jan-16-2023",LSU,9.8750,9.9000,9.9500,9.9250,39.6500,A,Oklahoma,31428,Jordan Bowers
"Sun, Jan-22-2023",Utah,9.9500,9.9000,9.7250,9.9250,39.5000,H,Oklahoma,31428,Jordan Bowers
"Sun, Jan-29-2023",Denver,9.9000,9.9500,9.9000,9.9500,39.7000,A,Oklahoma,31428,Jordan Bowers
"Fri, Feb-03-2023",Iowa State,9.9500,9.9250,9.9500,9.8000,39.6250,H,Oklahoma,31428,Jordan Bowers
"Sat, Feb-11-2023","Alabama, Arkansas, Georgia, Illinois, Illinois State, Stanford, Utah",9.9000,9.9500,9.9250,9.9750,39.7500,A,Oklahoma,31428,Jordan Bowers
"Sun, Feb-19-2023",Texas Woman's,9.7250,9.9500,9.9750,9.8500,39.5000,A,Oklahoma,31428,Jordan Bowers
"Fri, Feb-24-2023",West Virginia,9.8750,9.9000,9.9500,10.0000,39.7250,H,Oklahoma,31428,Jordan Bowers
"Fri, Mar-03-2023",Florida,9.8750,9.9250,9.9500,9.6750,39.4250,H,Oklahoma,31428,Jordan Bowers
"Mon, Mar-06-2023",Michigan,9.9000,9.9500,9.9500,9.2500,39.0500,A,Oklahoma,31428,Jordan Bowers
"Sun, Mar-12-2023",Arizona State,9.8500,9.9500,9.8750,9.9500,39.6250,H,Oklahoma,31428,Jordan Bowers
"Sat, Mar-18-2023","Denver, Iowa State, West Virginia",9.8750,9.9250,9.9500,9.9500,39.7000,A,Oklahoma,31428,Jordan Bowers
"Thu, Mar-30-2023",,9.8000,10.0000,9.8000,9.9000,39.5000,H,Oklahoma,31428,Jordan Bowers
"Sat, Apr-01-2023",,9.8500,9.9750,9.9250,9.9500,39.7000,H,Oklahoma,31428,Jordan Bowers
"Thu, Apr-13-2023","Alabama, Arizona State, Arkansas, Auburn, Boise State, California, Denver, Florida, Kentucky, LSU, Michigan, Michigan State, Missouri, Ohio State, Oregon State, Penn State, Stanford, UCLA, Utah",9.8125,9.8750,9.8250,9.9500,39.4625,A,Oklahoma,31428,Jordan Bowers
"Sat, Apr-15-2023","Alabama, California, Denver, Florida, Kentucky, LSU, UCLA, Utah",9.9000,9.9250,9.9125,9.9500,39.6875,A,Oklahoma,31428,Jordan Bowers
"Sat, Jan-07-2023","Arizona State, Auburn, BYU, California, Iowa, Michigan, UCLA",9.8500,9.9500,9.8000,9.9000,39.5000,A,Oklahoma,31009,Audrey Davis
"Mon, Jan-16-2023",LSU,9.8000,9.8500,9.8000,,,A,Oklahoma,31009,Audrey Davis
"Sun, Jan-22-2023",Utah,9.8500,9.8750,9.9000,,,H,Oklahoma,31009,Audrey Davis
"Sun, Jan-29-2023",Denver,9.9500,9.9750,9.8500,,,A,Oklahoma,31009,Audrey Davis
"Fri, Feb-03-2023",Iowa State,9.7250,9.9750,9.8750,,,H,Oklahoma,31009,Audrey Davis
"Sat, Feb-11-2023","Alabama, Arkansas, Georgia, Illinois, Illinois State, Stanford, Utah",9.9250,9.9500,9.8250,9.9250,39.6250,A,Oklahoma,31009,Audrey Davis
"Sun, Feb-19-2023",Texas Woman's,9.9500,9.9750,9.9500,,,A,Oklahoma,31009,Audrey Davis
"Fri, Feb-24-2023",West Virginia,9.6000,9.9500,9.9500,9.7750,39.2750,H,Oklahoma,31009,Audrey Davis
"Fri, Mar-03-2023",Florida,9.8500,9.9500,9.8750,9.9000,39.5750,H,Oklahoma,31009,Audrey Davis
"Mon, Mar-06-2023",Michigan,9.7750,9.9500,9.9500,9.9000,39.5750,A,Oklahoma,31009,Audrey Davis
"Sun, Mar-12-2023",Arizona State,9.8250,9.8750,9.9000,9.9000,39.5000,H,Oklahoma,31009,Audrey Davis
"Sat, Mar-18-2023","Denver, Iowa State, West Virginia",9.8500,9.9500,9.9250,9.8500,39.5750,A,Oklahoma,31009,Audrey Davis
"Thu, Mar-30-2023",,9.7500,9.8000,9.8750,9.8750,39.3000,H,Oklahoma,31009,Audrey Davis
"Sat, Apr-01-2023",,9.8750,9.9500,9.9250,9.9000,39.6500,H,Oklahoma,31009,Audrey Davis
"Thu, Apr-13-2023","Alabama, Arizona State, Arkansas, Auburn, Boise State, California, Denver, Florida, Kentucky, LSU, Michigan, Michigan State, Missouri, Ohio State, Oregon State, Penn State, Stanford, UCLA, Utah",9.8375,9.9000,9.8625,9.9000,39.5000,A,Oklahoma,31009,Audrey Davis
"Sat, Apr-15-2023","Alabama, California, Denver, Florida, Kentucky, LSU, UCLA, Utah",,9.9250,9.9500,9.9000,,A,Oklahoma,31009,Audrey Davis
"Sat, Jan-07-2023","Arizona State, Auburn, BYU, California, Iowa, Michigan, UCLA",,,9.9000,,,A,Oklahoma,30485,Jenna Dunn
"Mon, Jan-16-2023",LSU,,,9.8750,,,A,Oklahoma,30485,Jenna Dunn
"Sun, Jan-22-2023",Utah,,,9.8750,,,H,Oklahoma,30485,Jenna Dunn
"Sun, Jan-29-2023",Denver,,,9.9250,,,A,Oklahoma,30485,Jenna Dunn
"Sat, Feb-11-2023","Alabama, Arkansas, Georgia, Illinois, Illinois State, Stanford, Utah",,,9.8750,,,A,Oklahoma,30485,Jenna Dunn
"Sun, Feb-19-2023",Texas Woman's,,,9.8500,,,A,Oklahoma,30485,Jenna Dunn
"Fri, Feb-24-2023",West Virginia,,,9.9000,,,H,Oklahoma,30485,Jenna Dunn
"Fri, Mar-03-2023",Florida,,,9.9000,,,H,Oklahoma,30485,Jenna Dunn
"Mon, Mar-06-2023",Michigan,,,9.9000,,,A,Oklahoma,30485,Jenna Dunn
"Sun, Mar-12-2023",Arizona State,,,9.8500,,,H,Oklahoma,30485,Jenna Dunn
"Sat, Mar-18-2023","Denver, Iowa State, West Virginia",,,9.8500,,,A,Oklahoma,30485,Jenna Dunn
"Sat, Apr-01-2023",,,,9.1000,,,H,Oklahoma,30485,Jenna Dunn
"Thu, Apr-13-2023","Alabama, Arizona State, Arkansas, Auburn, Boise State, California, Denver, Florida, Kentucky, LSU, Michigan, Michigan State, Missouri, Ohio State, Oregon State, Penn State, Stanford, UCLA, Utah",,,9.9125,,,A,Oklahoma,30485,Jenna Dunn
"Sat, Apr-15-2023","Alabama, California, Denver, Florida, Kentucky, LSU, UCLA, Utah",,,9.8500,,,A,Oklahoma,30485,Jenna Dunn
"Sat, Jan-07-2023","Arizona State, Auburn, BYU, California, Iowa, Michigan, UCLA",9.8250,9.9000,,9.9250,,A,Oklahoma,31429,Danae Fletcher
"Mon, Jan-16-2023",LSU,,9.8500,,9.8500,,A,Oklahoma,31429,Danae Fletcher
"Sun, Jan-22-2023",Utah,,9.8750,,9.8500,,H,Oklahoma,31429,Danae Fletcher
"Sun, Jan-29-2023",Denver,,,,9.8750,,A,Oklahoma,31429,Danae Fletcher
"Fri, Feb-03-2023",Iowa State,,,,9.9500,,H,Oklahoma,31429,Danae Fletcher
"Sat, Feb-11-2023","Alabama, Arkansas, Georgia, Illinois, Illinois State, Stanford, Utah",9.8500,9.9000,,9.9000,,A,Oklahoma,31429,Danae Fletcher
"Sun, Feb-19-2023",Texas Woman's,9.8750,9.8500,,9.8500,,A,Oklahoma,31429,Danae Fletcher
"Fri, Mar-03-2023",Florida,,9.8250,,9.8500,,H,Oklahoma,31429,Danae Fletcher
"Mon, Mar-06-2023",Michigan,,9.8000,,9.9500,,A,Oklahoma,31429,Danae Fletcher
"Sat, Mar-18-2023","Denver, Iowa State, West Virginia",,9.8750,,,,A,Oklahoma,31429,Danae Fletcher
"Thu, Mar-30-2023",,,9.8250,,,,H,Oklahoma,31429,Danae Fletcher
"Sat, Apr-01-2023",,,9.8750,,9.9000,,H,Oklahoma,31429,Danae Fletcher
"Thu, Apr-13-2023","Alabama, Arizona State, Arkansas, Auburn, Boise State, California, Denver, Florida, Kentucky, LSU, Michigan, Michigan State, Missouri, Ohio State, Oregon State, Penn State, Stanford, UCLA, Utah",,9.8500,,9.8500,,A,Oklahoma,31429,Danae Fletcher
"Sat, Apr-15-2023","Alabama, California, Denver, Florida, Kentucky, LSU, UCLA, Utah",,9.9125,,9.9375,,A,Oklahoma,31429,Danae Fletcher
"Sat, Jan-07-2023","Arizona State, Auburn, BYU, California, Iowa, Michigan, UCLA",,,,9.8500,,A,Oklahoma,31011,Bell Johnson
"Mon, Jan-16-2023",LSU,,,,9.8750,,A,Oklahoma,31011,Bell Johnson
"Sun, Jan-22-2023",Utah,,,,9.6750,,H,Oklahoma,31011,Bell Johnson
"Sun, Jan-29-2023",Denver,,,,9.8750,,A,Oklahoma,31011,Bell Johnson
"Fri, Feb-03-2023",Iowa State,,,,9.7500,,H,Oklahoma,31011,Bell Johnson
"Sun, Feb-19-2023",Texas Woman's,,,,9.9000,,A,Oklahoma,31011,Bell Johnson
"Fri, Feb-24-2023",West Virginia,,,,9.9250,,H,Oklahoma,31011,Bell Johnson
"Fri, Mar-03-2023",Florida,,,,9.7250,,H,Oklahoma,31011,Bell Johnson
"Sun, Mar-12-2023",Arizona State,,,,9.9500,,H,Oklahoma,31011,Bell Johnson
"Sat, Mar-18-2023","Denver, Iowa State, West Virginia",,,,9.8500,,A,Oklahoma,31011,Bell Johnson
"Thu, Mar-30-2023",,,,,9.7250,,H,Oklahoma,31011,Bell Johnson
"Sat, Jan-07-2023","Arizona State, Auburn, BYU, California, Iowa, Michigan, UCLA",9.9000,,,,,A,Oklahoma,31013,Katherine LeVasseur
"Mon, Jan-16-2023",LSU,9.9250,,,,,A,Oklahoma,31013,Katherine LeVasseur
"Sun, Jan-22-2023",Utah,9.9250,,,,,H,Oklahoma,31013,Katherine LeVasseur
"Sun, Jan-29-2023",Denver,9.9750,9.8250,9.9500,,,A,Oklahoma,31013,Katherine LeVasseur
"Fri, Feb-03-2023",Iowa State,9.8500,9.9500,9.9000,,,H,Oklahoma,31013,Katherine LeVasseur
"Sat, Feb-11-2023","Alabama, Arkansas, Georgia, Illinois, Illinois State, Stanford, Utah",9.8000,,,,,A,Oklahoma,31013,Katherine LeVasseur
"Sun, Feb-19-2023",Texas Woman's,9.9000,,,,,A,Oklahoma,31013,Katherine LeVasseur
"Fri, Feb-24-2023",West Virginia,10.0000,,,,,H,Oklahoma,31013,Katherine LeVasseur
"Fri, Mar-03-2023",Florida,9.9000,,,,,H,Oklahoma,31013,Katherine LeVasseur
"Mon, Mar-06-2023",Michigan,9.9000,,,,,A,Oklahoma,31013,Katherine LeVasseur
"Sun, Mar-12-2023",Arizona State,10.0000,,,,,H,Oklahoma,31013,Katherine LeVasseur
"Sat, Mar-18-2023","Denver, Iowa State, West Virginia",9.8750,,,,,A,Oklahoma,31013,Katherine LeVasseur
"Thu, Mar-30-2023",,9.9000,,9.7250,,,H,Oklahoma,31013,Katherine LeVasseur
"Sat, Apr-01-2023",,10.0000,,,,,H,Oklahoma,31013,Katherine LeVasseur
"Thu, Apr-13-2023","Alabama, Arizona State, Arkansas, Auburn, Boise State, California, Denver, Florida, Kentucky, LSU, Michigan, Michigan State, Missouri, Ohio State, Oregon State, Penn State, Stanford, UCLA, Utah",9.9000,,,,,A,Oklahoma,31013,Katherine LeVasseur
"Sat, Apr-15-2023","Alabama, California, Denver, Florida, Kentucky, LSU, UCLA, Utah",9.8875,,,,,A,Oklahoma,31013,Katherine LeVasseur
"Fri, Feb-03-2023",Iowa State,,,,,,H,Oklahoma,31015,Sheridan Ramsey
"Sun, Mar-12-2023",Arizona State,,,,,,H,Oklahoma,31015,Sheridan Ramsey
"Sat, Jan-07-2023","Arizona State, Auburn, BYU, California, Iowa, Michigan, UCLA",,,9.9250,,,A,Oklahoma,31988,Ava Siegfeldt
"Mon, Jan-16-2023",LSU,,,9.7500,,,A,Oklahoma,31988,Ava Siegfeldt
"Sun, Jan-22-2023",Utah,,,9.2250,,,H,Oklahoma,31988,Ava Siegfeldt
"Sun, Mar-12-2023",Arizona State,,,,,,H,Oklahoma,31988,Ava Siegfeldt
"Sat, Jan-07-2023","Arizona State, Auburn, BYU, California, Iowa, Michigan, UCLA",9.8750,9.8750,,,,A,Oklahoma,31432,Danielle Sievers
"Mon, Jan-16-2023",LSU,9.9000,9.8500,,9.8750,,A,Oklahoma,31432,Danielle Sievers
"Sun, Jan-22-2023",Utah,9.9500,9.8750,,9.9000,,H,Oklahoma,31432,Danielle Sievers
"Sun, Jan-29-2023",Denver,9.8750,9.9000,,9.9000,,A,Oklahoma,31432,Danielle Sievers
"Fri, Feb-03-2023",Iowa State,9.9250,9.9250,,9.9250,,H,Oklahoma,31432,Danielle Sievers
"Sat, Feb-11-2023","Alabama, Arkansas, Georgia, Illinois, Illinois State, Stanford, Utah",9.8500,9.9000,,9.9250,,A,Oklahoma,31432,Danielle Sievers
"Sun, Feb-19-2023",Texas Woman's,9.9000,9.9250,,9.8750,,A,Oklahoma,31432,Danielle Sievers
"Fri, Feb-24-2023",West Virginia,9.8750,9.9250,,9.9500,,H,Oklahoma,31432,Danielle Sievers
"Fri, Mar-03-2023",Florida,9.9500,9.9250,,9.9250,,H,Oklahoma,31432,Danielle Sievers
"Mon, Mar-06-2023",Michigan,9.8500,9.9250,,9.8250,,A,Oklahoma,31432,Danielle Sievers
"Sun, Mar-12-2023",Arizona State,9.8750,9.8750,,9.9250,,H,Oklahoma,31432,Danielle Sievers
"Sat, Mar-18-2023","Denver, Iowa State, West Virginia",9.9500,9.9250,,9.9250,,A,Oklahoma,31432,Danielle Sievers
"Thu, Mar-30-2023",,9.9000,9.9500,,9.9000,,H,Oklahoma,31432,Danielle Sievers
"Sat, Apr-01-2023",,9.8750,9.9000,,9.9500,,H,Oklahoma,31432,Danielle Sievers
"Thu, Apr-13-2023","Alabama, Arizona State, Arkansas, Auburn, Boise State, California, Denver, Florida, Kentucky, LSU, Michigan, Michigan State, Missouri, Ohio State, Oregon State, Penn State, Stanford, UCLA, Utah",9.8750,9.9000,,9.9375,,A,Oklahoma,31432,Danielle Sievers
"Sat, Apr-15-2023","Alabama, California, Denver, Florida, Kentucky, LSU, UCLA, Utah",9.8625,9.9250,,9.9500,,A,Oklahoma,31432,Danielle Sievers
"Sat, Jan-07-2023","Arizona State, Auburn, BYU, California, Iowa, Michigan, UCLA",,9.8500,9.8750,9.8500,,A,Oklahoma,30487,Ragan Smith
"Mon, Jan-16-2023",LSU,,9.9500,9.8500,9.9250,,A,Oklahoma,30487,Ragan Smith
"Sun, Jan-22-2023",Utah,,9.7000,9.9500,9.8750,,H,Oklahoma,30487,Ragan Smith
"Sun, Jan-29-2023",Denver,,9.9250,10.0000,9.6750,,A,Oklahoma,30487,Ragan Smith
"Fri, Feb-03-2023",Iowa State,,9.9000,9.9250,9.8250,,H,Oklahoma,30487,Ragan Smith
"Sat, Feb-11-2023","Alabama, Arkansas, Georgia, Illinois, Illinois State, Stanford, Utah",,9.8250,9.8750,9.9000,,A,Oklahoma,30487,Ragan Smith
"Sun, Feb-19-2023",Texas Woman's,,9.9500,9.9500,9.9250,,A,Oklahoma,30487,Ragan Smith
"Fri, Feb-24-2023",West Virginia,,9.9500,9.7250,9.8500,,H,Oklahoma,30487,Ragan Smith
"Fri, Mar-03-2023",Florida,,9.8000,9.9250,,,H,Oklahoma,30487,Ragan Smith
"Mon, Mar-06-2023",Michigan,,9.9000,9.8000,9.8250,,A,Oklahoma,30487,Ragan Smith
"Sun, Mar-12-2023",Arizona State,,9.9000,9.9750,9.9750,,H,Oklahoma,30487,Ragan Smith
"Sat, Mar-18-2023","Denver, Iowa State, West Virginia",,9.8750,10.0000,9.9000,,A,Oklahoma,30487,Ragan Smith
"Thu, Mar-30-2023",,,9.9000,10.0000,9.8500,,H,Oklahoma,30487,Ragan Smith
"Sat, Apr-01-2023",,,9.9000,9.9500,9.9250,,H,Oklahoma,30487,Ragan Smith
"Thu, Apr-13-2023","Alabama, Arizona State, Arkansas, Auburn, Boise State, California, Denver, Florida, Kentucky, LSU, Michigan, Michigan State, Missouri, Ohio State, Oregon State, Penn State, Stanford, UCLA, Utah",,9.9250,9.9000,9.9250,,A,Oklahoma,30487,Ragan Smith
"Sat, Apr-15-2023","Alabama, California, Denver, Florida, Kentucky, LSU, UCLA, Utah",,9.8875,9.9000,9.9125,,A,Oklahoma,30487,Ragan Smith
"Sat, Jan-07-2023","Arizona State, Auburn, BYU, California, Iowa, Michigan, UCLA",9.8000,,,,,A,Oklahoma,30054,Allie Stern
"Mon, Jan-16-2023",LSU,9.8500,,,,,A,Oklahoma,30054,Allie Stern
"Sun, Jan-22-2023",Utah,9.9750,,,,,H,Oklahoma,30054,Allie Stern
"Sun, Jan-29-2023",Denver,9.8500,,,,,A,Oklahoma,30054,Allie Stern
"Fri, Feb-03-2023",Iowa State,9.9500,,,,,H,Oklahoma,30054,Allie Stern
"Sat, Feb-11-2023","Alabama, Arkansas, Georgia, Illinois, Illinois State, Stanford, Utah",9.8500,,,,,A,Oklahoma,30054,Allie Stern
"Sun, Feb-19-2023",Texas Woman's,9.8750,,,,,A,Oklahoma,30054,Allie Stern
"Fri, Feb-24-2023",West Virginia,9.9000,,,,,H,Oklahoma,30054,Allie Stern
"Fri, Mar-03-2023",Florida,9.8750,,,,,H,Oklahoma,30054,Allie Stern
"Mon, Mar-06-2023",Michigan,9.7500,,,,,A,Oklahoma,30054,Allie Stern
"Sun, Mar-12-2023",Arizona State,9.8750,,,,,H,Oklahoma,30054,Allie Stern
"Thu, Mar-30-2023",,9.8500,,,,,H,Oklahoma,30054,Allie Stern
"Sat, Apr-01-2023",,9.9000,,,,,H,Oklahoma,30054,Allie Stern
"Thu, Apr-13-2023","Alabama, Arizona State, Arkansas, Auburn, Boise State, California, Denver, Florida, Kentucky, LSU, Michigan, Michigan State, Missouri, Ohio State, Oregon State, Penn State, Stanford, UCLA, Utah",9.9000,,,,,A,Oklahoma,30054,Allie Stern
"Sat, Apr-15-2023","Alabama, California, Denver, Florida, Kentucky, LSU, UCLA, Utah",9.9000,,,,,A,Oklahoma,30054,Allie Stern
"Sat, Jan-07-2023","Arizona State, Auburn, BYU, California, Iowa, Michigan, UCLA",,9.8750,9.9000,9.9500,,A,Oklahoma,31989,Faith Torrez
"Mon, Jan-16-2023",LSU,9.8750,9.8500,9.8500,9.7500,39.3250,A,Oklahoma,31989,Faith Torrez
"Sun, Jan-22-2023",Utah,9.7750,9.9000,9.9000,9.9500,39.5250,H,Oklahoma,31989,Faith Torrez
"Sun, Jan-29-2023",Denver,9.8500,9.8750,,9.9250,,A,Oklahoma,31989,Faith Torrez
"Fri, Feb-03-2023",Iowa State,9.9000,9.3000,9.8750,9.9250,39.0000,H,Oklahoma,31989,Faith Torrez
"Sat, Feb-11-2023","Alabama, Arkansas, Georgia, Illinois, Illinois State, Stanford, Utah",,9.9750,9.8250,9.9500,,A,Oklahoma,31989,Faith Torrez
"Sun, Feb-19-2023",Texas Woman's,,9.8000,9.9000,9.9500,,A,Oklahoma,31989,Faith Torrez
"Fri, Feb-24-2023",West Virginia,,9.8750,9.9000,9.9500,,H,Oklahoma,31989,Faith Torrez
"Fri, Mar-03-2023",Florida,,,9.3500,9.9500,,H,Oklahoma,31989,Faith Torrez
"Mon, Mar-06-2023",Michigan,,,9.7500,9.9250,,A,Oklahoma,31989,Faith Torrez
"Sun, Mar-12-2023",Arizona State,,9.8750,9.9750,9.9500,,H,Oklahoma,31989,Faith Torrez
"Sat, Mar-18-2023","Denver, Iowa State, West Virginia",9.8500,,9.9750,9.9500,,A,Oklahoma,31989,Faith Torrez
"Thu, Mar-30-2023",,,,9.9250,9.9250,,H,Oklahoma,31989,Faith Torrez
"Sat, Apr-01-2023",,,,9.9750,9.9500,,H,Oklahoma,31989,Faith Torrez
"Thu, Apr-13-2023","Alabama, Arizona State, Arkansas, Auburn, Boise State, California, Denver, Florida, Kentucky, LSU, Michigan, Michigan State, Missouri, Ohio State, Oregon State, Penn State, Stanford, UCLA, Utah",,,9.9250,9.9500,,A,Oklahoma,31989,Faith Torrez
"Sat, Apr-15-2023","Alabama, California, Denver, Florida, Kentucky, LSU, UCLA, Utah",9.9250,,9.9000,9.9250,,A,Oklahoma,31989,Faith Torrez
"Sun, Jan-29-2023",Denver,,,9.9500,,,A,Oklahoma,30055,Olivia Trautman
"Fri, Feb-03-2023",Iowa State,,,9.9000,,,H,Oklahoma,30055,Olivia Trautman
"Sat, Feb-11-2023","Alabama, Arkansas, Georgia, Illinois, Illinois State, Stanford, Utah",,,9.9000,,,A,Oklahoma,30055,Olivia Trautman
"Sun, Feb-19-2023",Texas Woman's,,,9.9000,,,A,Oklahoma,30055,Olivia Trautman
"Fri, Feb-24-2023",West Virginia,9.9750,9.9250,9.9250,,,H,Oklahoma,30055,Olivia Trautman
"Fri, Mar-03-2023",Florida,10.0000,9.9000,9.8250,,,H,Oklahoma,30055,Olivia Trautman
"Mon, Mar-06-2023",Michigan,9.9750,9.9250,9.8500,,,A,Oklahoma,30055,Olivia Trautman
"Sun, Mar-12-2023",Arizona State,9.9250,9.9500,9.2500,,,H,Oklahoma,30055,Olivia Trautman
"Sat, Mar-18-2023","Denver, Iowa State, West Virginia",9.9500,9.9500,9.9500,,,A,Oklahoma,30055,Olivia Trautman
"Thu, Mar-30-2023",,9.9500,9.9250,9.8750,,,H,Oklahoma,30055,Olivia Trautman
"Sat, Apr-01-2023",,9.9750,9.9500,9.3000,,,H,Oklahoma,30055,Olivia Trautman
"Thu, Apr-13-2023","Alabama, Arizona State, Arkansas, Auburn, Boise State, California, Denver, Florida, Kentucky, LSU, Michigan, Michigan State, Missouri, Ohio State, Oregon State, Penn State, Stanford, UCLA, Utah",9.9500,9.8875,9.9500,,,A,Oklahoma,30055,Olivia Trautman
"Sat, Apr-15-2023","Alabama, California, Denver, Florida, Kentucky, LSU, UCLA, Utah",9.9500,9.9500,9.8250,,,A,Oklahoma,30055,Olivia Trautman
"Fri, Jan-06-2023","Fisk, Georgia, North Carolina, Rutgers, Southern Utah, Stanford, Washington",,9.0750,,,,A,Oregon State,31435,Carley Beeman
"Sat, Jan-14-2023","Boise State, California, Iowa, Minnesota, Pittsburgh, UCLA, Washington",,9.8250,,,,A,Oregon State,31435,Carley Beeman
"Sat, Jan-21-2023","Brown, Denver, Sacramento State",,9.8000,,,,H,Oregon State,31435,Carley Beeman
"Fri, Jan-27-2023",Rutgers,,9.8000,,,,H,Oregon State,31435,Carley Beeman
"Sun, Jan-29-2023",UCLA,,9.7750,,,,A,Oregon State,31435,Carley Beeman
"Sat, Feb-04-2023",Washington,,9.8000,,,,A,Oregon State,31435,Carley Beeman
"Fri, Feb-10-2023",California,,9.8500,,,,H,Oregon State,31435,Carley Beeman
"Sat, Feb-18-2023",Arizona,,9.8500,,,,H,Oregon State,31435,Carley Beeman
"Fri, Feb-24-2023",Stanford,,9.7250,,,,A,Oregon State,31435,Carley Beeman
"Sat, Mar-04-2023",Arizona State,,9.8250,,,,A,Oregon State,31435,Carley Beeman
"Sat, Mar-11-2023",Utah,,9.8250,,,,H,Oregon State,31435,Carley Beeman
"Sat, Mar-18-2023","Arizona, Arizona State, California, Stanford, UCLA, Utah, Washington",,9.7250,,,,A,Oregon State,31435,Carley Beeman
"Fri, Mar-31-2023",,,9.8000,,,,A,Oregon State,31435,Carley Beeman
"Sun, Apr-02-2023",,,9.8500,,,,A,Oregon State,31435,Carley Beeman
"Sat, Jan-14-2023","Boise State, California, Iowa, Minnesota, Pittsburgh, UCLA, Washington",,8.9500,,,,A,Oregon State,30489,Kayla Bird
"Fri, Jan-27-2023",Rutgers,,,,9.8250,,H,Oregon State,30489,Kayla Bird
"Sat, Mar-04-2023",Arizona State,,,,9.7500,,A,Oregon State,30489,Kayla Bird
"Fri, Jan-06-2023","Fisk, Georgia, North Carolina, Rutgers, Southern Utah, Stanford, Washington",,9.5250,,,,A,Oregon State,31436,Natalie Briones
"Sat, Jan-14-2023","Boise State, California, Iowa, Minnesota, Pittsburgh, UCLA, Washington",,9.8500,,,,A,Oregon State,31436,Natalie Briones
"Sat, Jan-21-2023","Brown, Denver, Sacramento State",,9.7750,,,,H,Oregon State,31436,Natalie Briones
"Fri, Jan-27-2023",Rutgers,,9.7250,,,,H,Oregon State,31436,Natalie Briones
"Sun, Jan-29-2023",UCLA,9.8000,,,,,A,Oregon State,31436,Natalie Briones
"Sat, Feb-04-2023",Washington,9.7750,9.1500,,,,A,Oregon State,31436,Natalie Briones
"Fri, Feb-10-2023",California,9.8250,9.9000,,,,H,Oregon State,31436,Natalie Briones
"Sat, Feb-18-2023",Arizona,9.7000,8.9750,,,,H,Oregon State,31436,Natalie Briones
"Fri, Feb-24-2023",Stanford,9.8250,,,,,A,Oregon State,31436,Natalie Briones
"Sat, Mar-04-2023",Arizona State,9.7750,,,,,A,Oregon State,31436,Natalie Briones
"Sat, Mar-11-2023",Utah,9.8000,,,,,H,Oregon State,31436,Natalie Briones
"Sat, Mar-18-2023","Arizona, Arizona State, California, Stanford, UCLA, Utah, Washington",9.8000,,,,,A,Oregon State,31436,Natalie Briones
"Fri, Mar-31-2023",,9.8000,,,,,A,Oregon State,31436,Natalie Briones
"Sun, Apr-02-2023",,9.8500,,,,,A,Oregon State,31436,Natalie Briones
"Fri, Jan-06-2023","Fisk, Georgia, North Carolina, Rutgers, Southern Utah, Stanford, Washington",9.8750,9.8250,9.8000,9.8250,39.3250,A,Oregon State,31018,Jade Carey
"Sat, Jan-14-2023","Boise State, California, Iowa, Minnesota, Pittsburgh, UCLA, Washington",10.0000,9.8500,9.9250,10.0000,39.7750,A,Oregon State,31018,Jade Carey
"Sat, Jan-21-2023","Brown, Denver, Sacramento State",9.9750,9.9250,9.9500,9.9750,39.8250,H,Oregon State,31018,Jade Carey
"Fri, Jan-27-2023",Rutgers,9.9000,9.9500,9.9750,,,H,Oregon State,31018,Jade Carey
"Sun, Jan-29-2023",UCLA,9.9500,9.9250,9.9250,9.9750,39.7750,A,Oregon State,31018,Jade Carey
"Sat, Feb-04-2023",Washington,9.9500,9.9750,9.9500,,,A,Oregon State,31018,Jade Carey
"Fri, Feb-10-2023",California,9.9250,9.9750,9.9500,9.9750,39.8250,H,Oregon State,31018,Jade Carey
"Sat, Feb-18-2023",Arizona,10.0000,9.9000,9.9750,10.0000,39.8750,H,Oregon State,31018,Jade Carey
"Fri, Feb-24-2023",Stanford,9.9000,10.0000,9.9750,10.0000,39.8750,A,Oregon State,31018,Jade Carey
"Sat, Mar-04-2023",Arizona State,9.8750,9.9750,10.0000,9.9500,39.8000,A,Oregon State,31018,Jade Carey
"Sat, Mar-11-2023",Utah,9.9250,9.9500,9.9750,9.9750,39.8250,H,Oregon State,31018,Jade Carey
"Sat, Mar-18-2023","Arizona, Arizona State, California, Stanford, UCLA, Utah, Washington",9.8750,9.9250,9.9750,9.9750,39.7500,A,Oregon State,31018,Jade Carey
"Fri, Mar-31-2023",,9.8250,9.9000,9.9500,9.9750,39.6500,A,Oregon State,31018,Jade Carey
"Sun, Apr-02-2023",,9.9000,9.9500,9.9750,9.9000,39.7250,A,Oregon State,31018,Jade Carey
"Thu, Apr-13-2023","Alabama, Arizona State, Arkansas, Auburn, Boise State, California, Denver, Florida, Kentucky, LSU, Michigan, Michigan State, Missouri, Ohio State, Oklahoma, Penn State, Stanford, UCLA, Utah",,,9.9625,,,A,Oregon State,31018,Jade Carey
"Fri, Jan-06-2023","Fisk, Georgia, North Carolina, Rutgers, Southern Utah, Stanford, Washington",,9.6000,,,,A,Oregon State,32127,Francesca Caso
"Sat, Jan-14-2023","Boise State, California, Iowa, Minnesota, Pittsburgh, UCLA, Washington",,9.3500,,,,A,Oregon State,32127,Francesca Caso
"Fri, Jan-27-2023",Rutgers,,9.8250,,,,H,Oregon State,32127,Francesca Caso
"Sun, Jan-29-2023",UCLA,,9.8500,,,,A,Oregon State,32127,Francesca Caso
"Sat, Feb-04-2023",Washington,,9.8250,,,,A,Oregon State,32127,Francesca Caso
"Fri, Feb-10-2023",California,,9.8000,,,,H,Oregon State,32127,Francesca Caso
"Sat, Feb-18-2023",Arizona,,9.3000,,,,H,Oregon State,32127,Francesca Caso
"Fri, Feb-24-2023",Stanford,,9.8000,,,,A,Oregon State,32127,Francesca Caso
"Sat, Mar-04-2023",Arizona State,,9.8250,,,,A,Oregon State,32127,Francesca Caso
"Sat, Mar-11-2023",Utah,,9.9000,,,,H,Oregon State,32127,Francesca Caso
"Sat, Mar-18-2023","Arizona, Arizona State, California, Stanford, UCLA, Utah, Washington",,9.7500,,,,A,Oregon State,32127,Francesca Caso
"Fri, Mar-31-2023",,,9.8000,,,,A,Oregon State,32127,Francesca Caso
"Sun, Apr-02-2023",,,9.8750,,,,A,Oregon State,32127,Francesca Caso
"Fri, Feb-24-2023",Stanford,,,,,,A,Oregon State,31437,Karlie Chavez
"Sat, Mar-18-2023","Arizona, Arizona State, California, Stanford, UCLA, Utah, Washington",9.4500,,,,,A,Oregon State,31437,Karlie Chavez
"Fri, Jan-06-2023","Fisk, Georgia, North Carolina, Rutgers, Southern Utah, Stanford, Washington",9.6500,9.6750,9.7750,9.7500,38.8500,A,Oregon State,30057,Madi Dagen
"Sat, Jan-14-2023","Boise State, California, Iowa, Minnesota, Pittsburgh, UCLA, Washington",9.8500,,9.8000,9.8250,,A,Oregon State,30057,Madi Dagen
"Sat, Jan-21-2023","Brown, Denver, Sacramento State",9.7750,9.8500,9.9000,9.7750,39.3000,H,Oregon State,30057,Madi Dagen
"Fri, Jan-27-2023",Rutgers,9.8250,,9.7750,,,H,Oregon State,30057,Madi Dagen
"Sun, Jan-29-2023",UCLA,9.6750,9.8000,9.8500,9.8750,39.2000,A,Oregon State,30057,Madi Dagen
"Sat, Feb-04-2023",Washington,9.8500,,9.8750,9.9000,,A,Oregon State,30057,Madi Dagen
"Fri, Feb-10-2023",California,9.8000,,9.8750,9.9000,,H,Oregon State,30057,Madi Dagen
"Sat, Feb-18-2023",Arizona,9.8250,,9.9250,9.9500,,H,Oregon State,30057,Madi Dagen
"Fri, Feb-24-2023",Stanford,9.9250,,9.9250,9.9500,,A,Oregon State,30057,Madi Dagen
"Sat, Mar-04-2023",Arizona State,9.8500,,9.9000,9.8750,,A,Oregon State,30057,Madi Dagen
"Sat, Mar-11-2023",Utah,9.8750,,9.9250,9.9500,,H,Oregon State,30057,Madi Dagen
"Sat, Mar-18-2023","Arizona, Arizona State, California, Stanford, UCLA, Utah, Washington",9.7750,,9.8750,9.9000,,A,Oregon State,30057,Madi Dagen
"Fri, Mar-31-2023",,9.9000,,9.8000,9.9000,,A,Oregon State,30057,Madi Dagen
"Sun, Apr-02-2023",,9.9000,,9.8500,9.8250,,A,Oregon State,30057,Madi Dagen
"Fri, Jan-06-2023","Fisk, Georgia, North Carolina, Rutgers, Southern Utah, Stanford, Washington",,,9.8500,,,A,Oregon State,30490,Jenna Domingo
"Sat, Jan-14-2023","Boise State, California, Iowa, Minnesota, Pittsburgh, UCLA, Washington",,,9.8500,,,A,Oregon State,30490,Jenna Domingo
"Sat, Jan-21-2023","Brown, Denver, Sacramento State",,,9.9000,,,H,Oregon State,30490,Jenna Domingo
"Fri, Jan-27-2023",Rutgers,,,9.8500,,,H,Oregon State,30490,Jenna Domingo
"Sun, Jan-29-2023",UCLA,,,9.9000,,,A,Oregon State,30490,Jenna Domingo
"Sat, Feb-04-2023",Washington,,,9.8500,,,A,Oregon State,30490,Jenna Domingo
"Fri, Feb-10-2023",California,,,9.8500,,,H,Oregon State,30490,Jenna Domingo
"Sat, Feb-18-2023",Arizona,,,9.9250,,,H,Oregon State,30490,Jenna Domingo
"Fri, Feb-24-2023",Stanford,,,9.8750,,,A,Oregon State,30490,Jenna Domingo
"Sat, Mar-04-2023",Arizona State,,,9.8500,,,A,Oregon State,30490,Jenna Domingo
"Sat, Mar-11-2023",Utah,,,9.8250,,,H,Oregon State,30490,Jenna Domingo
"Sat, Mar-18-2023","Arizona, Arizona State, California, Stanford, UCLA, Utah, Washington",,,9.9000,,,A,Oregon State,30490,Jenna Domingo
"Fri, Mar-31-2023",,,,9.8250,,,A,Oregon State,30490,Jenna Domingo
"Sun, Apr-02-2023",,,,9.8500,,,A,Oregon State,30490,Jenna Domingo
"Fri, Jan-06-2023","Fisk, Georgia, North Carolina, Rutgers, Southern Utah, Stanford, Washington",9.7750,,,,,A,Oregon State,31438,Kaitlin Garcia
"Sat, Jan-14-2023","Boise State, California, Iowa, Minnesota, Pittsburgh, UCLA, Washington",9.8250,,,,,A,Oregon State,31438,Kaitlin Garcia
"Sat, Jan-21-2023","Brown, Denver, Sacramento State",9.7750,,,9.7750,,H,Oregon State,31438,Kaitlin Garcia
"Fri, Jan-27-2023",Rutgers,9.8250,,,9.8000,,H,Oregon State,31438,Kaitlin Garcia
"Sun, Jan-29-2023",UCLA,9.6500,,,,,A,Oregon State,31438,Kaitlin Garcia
"Sat, Feb-04-2023",Washington,9.7250,,,,,A,Oregon State,31438,Kaitlin Garcia
"Fri, Feb-10-2023",California,9.7500,,,,,H,Oregon State,31438,Kaitlin Garcia
"Sat, Feb-18-2023",Arizona,9.7500,,,,,H,Oregon State,31438,Kaitlin Garcia
"Fri, Feb-24-2023",Stanford,9.8250,,,,,A,Oregon State,31438,Kaitlin Garcia
"Sat, Mar-04-2023",Arizona State,9.8250,,,,,A,Oregon State,31438,Kaitlin Garcia
"Sat, Mar-11-2023",Utah,9.7750,,,,,H,Oregon State,31438,Kaitlin Garcia
"Fri, Mar-31-2023",,9.7250,,,,,A,Oregon State,31438,Kaitlin Garcia
"Sun, Apr-02-2023",,9.8500,,,,,A,Oregon State,31438,Kaitlin Garcia
"Fri, Jan-06-2023","Fisk, Georgia, North Carolina, Rutgers, Southern Utah, Stanford, Washington",9.8000,,9.8500,9.8750,,A,Oregon State,31019,Sydney Gonzales
"Sat, Jan-14-2023","Boise State, California, Iowa, Minnesota, Pittsburgh, UCLA, Washington",9.8250,,9.8500,9.9000,,A,Oregon State,31019,Sydney Gonzales
"Sat, Jan-21-2023","Brown, Denver, Sacramento State",9.7500,,9.9250,9.8250,,H,Oregon State,31019,Sydney Gonzales
"Fri, Jan-27-2023",Rutgers,9.8500,,9.8750,,,H,Oregon State,31019,Sydney Gonzales
"Sun, Jan-29-2023",UCLA,9.9250,,9.6750,9.8750,,A,Oregon State,31019,Sydney Gonzales
"Sat, Feb-04-2023",Washington,9.8750,,9.9500,9.8750,,A,Oregon State,31019,Sydney Gonzales
"Fri, Feb-10-2023",California,9.7750,,9.8750,9.8500,,H,Oregon State,31019,Sydney Gonzales
"Sat, Feb-18-2023",Arizona,9.8000,,9.9250,9.9000,,H,Oregon State,31019,Sydney Gonzales
"Fri, Feb-24-2023",Stanford,9.9000,,9.9500,9.9250,,A,Oregon State,31019,Sydney Gonzales
"Sat, Mar-04-2023",Arizona State,9.8750,,9.9750,9.9000,,A,Oregon State,31019,Sydney Gonzales
"Sat, Mar-11-2023",Utah,9.9000,,9.9000,9.8750,,H,Oregon State,31019,Sydney Gonzales
"Sat, Mar-18-2023","Arizona, Arizona State, California, Stanford, UCLA, Utah, Washington",9.8750,,9.2000,9.8500,,A,Oregon State,31019,Sydney Gonzales
"Fri, Mar-31-2023",,9.8750,,9.9250,9.9000,,A,Oregon State,31019,Sydney Gonzales
"Sun, Apr-02-2023",,9.9000,,9.7000,9.8000,,A,Oregon State,31019,Sydney Gonzales
"Fri, Jan-06-2023","Fisk, Georgia, North Carolina, Rutgers, Southern Utah, Stanford, Washington",9.7250,,9.8250,9.6250,,A,Oregon State,31440,Lauren Letzsch
"Sat, Jan-14-2023","Boise State, California, Iowa, Minnesota, Pittsburgh, UCLA, Washington",9.8000,,9.8750,9.8000,,A,Oregon State,31440,Lauren Letzsch
"Sat, Jan-21-2023","Brown, Denver, Sacramento State",9.8500,,9.8250,,,H,Oregon State,31440,Lauren Letzsch
"Fri, Jan-27-2023",Rutgers,9.8250,,9.8500,9.9500,,H,Oregon State,31440,Lauren Letzsch
"Sun, Jan-29-2023",UCLA,9.8500,,9.8750,9.9000,,A,Oregon State,31440,Lauren Letzsch
"Sat, Feb-04-2023",Washington,9.8500,,9.8750,9.8000,,A,Oregon State,31440,Lauren Letzsch
"Fri, Feb-10-2023",California,9.7500,,9.9000,9.6750,,H,Oregon State,31440,Lauren Letzsch
"Sat, Feb-18-2023",Arizona,9.8250,,9.3500,,,H,Oregon State,31440,Lauren Letzsch
"Fri, Feb-24-2023",Stanford,9.8250,,9.9250,9.7750,,A,Oregon State,31440,Lauren Letzsch
"Sat, Mar-04-2023",Arizona State,9.8750,,9.9000,9.8750,,A,Oregon State,31440,Lauren Letzsch
"Sat, Mar-11-2023",Utah,9.8000,,9.8750,9.8750,,H,Oregon State,31440,Lauren Letzsch
"Sat, Mar-18-2023","Arizona, Arizona State, California, Stanford, UCLA, Utah, Washington",9.8000,,9.9000,9.9000,,A,Oregon State,31440,Lauren Letzsch
"Fri, Mar-31-2023",,9.8500,,9.9000,9.8750,,A,Oregon State,31440,Lauren Letzsch
"Sun, Apr-02-2023",,9.8250,,9.8750,9.8750,,A,Oregon State,31440,Lauren Letzsch
"Fri, Jan-06-2023","Fisk, Georgia, North Carolina, Rutgers, Southern Utah, Stanford, Washington",,9.7500,,,,A,Oregon State,32128,Jennifer McMillan
"Sat, Jan-21-2023","Brown, Denver, Sacramento State",,9.8250,,,,H,Oregon State,32128,Jennifer McMillan
"Fri, Jan-27-2023",Rutgers,,9.8500,,,,H,Oregon State,32128,Jennifer McMillan
"Sun, Jan-29-2023",UCLA,,9.6500,,,,A,Oregon State,32128,Jennifer McMillan
"Sat, Feb-04-2023",Washington,,9.8250,,,,A,Oregon State,32128,Jennifer McMillan
"Fri, Feb-10-2023",California,,9.4750,,,,H,Oregon State,32128,Jennifer McMillan
"Sat, Feb-18-2023",Arizona,,9.8000,,,,H,Oregon State,32128,Jennifer McMillan
"Fri, Feb-24-2023",Stanford,,9.8500,,,,A,Oregon State,32128,Jennifer McMillan
"Sat, Mar-04-2023",Arizona State,,9.8000,,,,A,Oregon State,32128,Jennifer McMillan
"Sat, Mar-11-2023",Utah,,9.9500,,,,H,Oregon State,32128,Jennifer McMillan
"Sat, Mar-18-2023","Arizona, Arizona State, California, Stanford, UCLA, Utah, Washington",,9.8000,,,,A,Oregon State,32128,Jennifer McMillan
"Fri, Mar-31-2023",,,9.8500,,,,A,Oregon State,32128,Jennifer McMillan
"Sun, Apr-02-2023",,,9.9250,,,,A,Oregon State,32128,Jennifer McMillan
"Fri, Jan-27-2023",Rutgers,,,,9.8500,,H,Oregon State,31022,Julia Melchert
"Fri, Jan-06-2023","Fisk, Georgia, North Carolina, Rutgers, Southern Utah, Stanford, Washington",,,,9.8000,,A,Oregon State,32129,Savannah Miller
"Sat, Jan-14-2023","Boise State, California, Iowa, Minnesota, Pittsburgh, UCLA, Washington",,,,9.9000,,A,Oregon State,32129,Savannah Miller
"Sat, Jan-21-2023","Brown, Denver, Sacramento State",,,,9.8500,,H,Oregon State,32129,Savannah Miller
"Fri, Jan-27-2023",Rutgers,,,,9.9000,,H,Oregon State,32129,Savannah Miller
"Sun, Jan-29-2023",UCLA,,,,9.8000,,A,Oregon State,32129,Savannah Miller
"Sat, Feb-04-2023",Washington,,,,9.8250,,A,Oregon State,32129,Savannah Miller
"Fri, Feb-10-2023",California,,,,9.9000,,H,Oregon State,32129,Savannah Miller
"Sat, Feb-18-2023",Arizona,,,,9.9000,,H,Oregon State,32129,Savannah Miller
"Fri, Feb-24-2023",Stanford,,9.8500,,9.8750,,A,Oregon State,32129,Savannah Miller
"Sat, Mar-04-2023",Arizona State,,9.7750,,9.8250,,A,Oregon State,32129,Savannah Miller
"Sat, Mar-11-2023",Utah,,9.8000,,9.8750,,H,Oregon State,32129,Savannah Miller
"Sat, Mar-18-2023","Arizona, Arizona State, California, Stanford, UCLA, Utah, Washington",,9.7500,,9.8750,,A,Oregon State,32129,Savannah Miller
"Fri, Mar-31-2023",,,9.7250,,9.9000,,A,Oregon State,32129,Savannah Miller
"Sun, Apr-02-2023",,,9.8500,,9.9000,,A,Oregon State,32129,Savannah Miller
"Fri, Jan-06-2023","Fisk, Georgia, North Carolina, Rutgers, Southern Utah, Stanford, Washington",,,9.7500,,,A,Oregon State,30059,Kristina Peterson
"Sat, Jan-14-2023","Boise State, California, Iowa, Minnesota, Pittsburgh, UCLA, Washington",,,9.8250,,,A,Oregon State,30059,Kristina Peterson
"Sat, Jan-21-2023","Brown, Denver, Sacramento State",,,9.8500,,,H,Oregon State,30059,Kristina Peterson
"Fri, Jan-27-2023",Rutgers,,,9.8250,9.8750,,H,Oregon State,30059,Kristina Peterson
"Sun, Jan-29-2023",UCLA,,,9.8500,9.8750,,A,Oregon State,30059,Kristina Peterson
"Sat, Feb-04-2023",Washington,,,9.8000,9.7250,,A,Oregon State,30059,Kristina Peterson
"Fri, Feb-10-2023",California,,,9.7750,,,H,Oregon State,30059,Kristina Peterson
"Sat, Feb-18-2023",Arizona,,,9.8750,9.7000,,H,Oregon State,30059,Kristina Peterson
"Fri, Feb-24-2023",Stanford,,,9.8500,,,A,Oregon State,30059,Kristina Peterson
"Sat, Mar-04-2023",Arizona State,,,9.7750,,,A,Oregon State,30059,Kristina Peterson
"Sat, Mar-11-2023",Utah,,,9.8750,,,H,Oregon State,30059,Kristina Peterson
"Sat, Mar-18-2023","Arizona, Arizona State, California, Stanford, UCLA, Utah, Washington",,,9.8500,,,A,Oregon State,30059,Kristina Peterson
"Fri, Mar-31-2023",,,,9.8500,,,A,Oregon State,30059,Kristina Peterson
"Sun, Apr-02-2023",,,,9.8500,,,A,Oregon State,30059,Kristina Peterson
"Sat, Jan-14-2023","Boise State, California, Iowa, Minnesota, Pittsburgh, UCLA, Washington",,9.8500,,,,A,Oregon State,32130,Ellie Weaver
"Sat, Jan-21-2023","Brown, Denver, Sacramento State",,9.0500,,,,H,Oregon State,32130,Ellie Weaver
"Fri, Jan-27-2023",Rutgers,,9.8500,,,,H,Oregon State,32130,Ellie Weaver
"Sun, Jan-29-2023",UCLA,,9.8250,,,,A,Oregon State,32130,Ellie Weaver
"Sat, Feb-04-2023",Washington,,9.8750,,,,A,Oregon State,32130,Ellie Weaver
"Fri, Feb-10-2023",California,,9.8250,,,,H,Oregon State,32130,Ellie Weaver
"Sat, Feb-18-2023",Arizona,,9.9000,,,,H,Oregon State,32130,Ellie Weaver
"Fri, Feb-24-2023",Stanford,,9.8750,,,,A,Oregon State,32130,Ellie Weaver
"Sat, Mar-04-2023",Arizona State,,9.0500,,,,A,Oregon State,32130,Ellie Weaver
"Sat, Mar-11-2023",Utah,,9.9250,,,,H,Oregon State,32130,Ellie Weaver
"Sat, Mar-18-2023","Arizona, Arizona State, California, Stanford, UCLA, Utah, Washington",,9.8500,,,,A,Oregon State,32130,Ellie Weaver
"Fri, Mar-31-2023",,,9.7750,,,,A,Oregon State,32130,Ellie Weaver
"Sun, Apr-02-2023",,,9.9000,,,,A,Oregon State,32130,Ellie Weaver
"Fri, Jan-06-2023","Fisk, Georgia, North Carolina, Rutgers, Southern Utah, Stanford, Washington",9.7500,,,9.8000,,A,Oregon State,31024,Ariana Young
"Sat, Jan-14-2023","Boise State, California, Iowa, Minnesota, Pittsburgh, UCLA, Washington",9.8000,,,9.8750,,A,Oregon State,31024,Ariana Young
"Sat, Jan-21-2023","Brown, Denver, Sacramento State",9.8250,,,9.8750,,H,Oregon State,31024,Ariana Young
"Fri, Jan-27-2023",Rutgers,9.7500,,,,,H,Oregon State,31024,Ariana Young
"Sat, Feb-04-2023",Washington,,,,9.8000,,A,Oregon State,31024,Ariana Young
"Fri, Feb-10-2023",California,,,,9.8750,,H,Oregon State,31024,Ariana Young
"Sat, Feb-18-2023",Arizona,,,,9.7000,,H,Oregon State,31024,Ariana Young
"Fri, Feb-24-2023",Stanford,,,,9.9250,,A,Oregon State,31024,Ariana Young
"Sat, Mar-11-2023",Utah,,,,9.8500,,H,Oregon State,31024,Ariana Young
"Sat, Mar-18-2023","Arizona, Arizona State, California, Stanford, UCLA, Utah, Washington",,,,9.8500,,A,Oregon State,31024,Ariana Young
"Fri, Mar-31-2023",,,,,9.8500,,A,Oregon State,31024,Ariana Young
"Sun, Apr-02-2023",,,,,9.8500,,A,Oregon State,31024,Ariana Young
"Fri, Jan-06-2023","Pennsylvania, Pittsburgh, Temple",,9.7750,,,,A,Penn State,30884,Gabrielle Gallentine
"Sun, Jan-08-2023","Denver, Texas Woman's",,9.9000,,,,A,Penn State,30884,Gabrielle Gallentine
"Fri, Jan-13-2023","LIU, Pennsylvania, Southern Conn.",,9.6750,,,,H,Penn State,30884,Gabrielle Gallentine
"Sat, Jan-21-2023",Minnesota,,9.8250,,,,A,Penn State,30884,Gabrielle Gallentine
"Fri, Feb-24-2023","Illinois, Iowa, Maryland, Michigan, Nebraska",,9.7000,,,,A,Penn State,30884,Gabrielle Gallentine
"Fri, Mar-03-2023",William & Mary,,9.8500,,,,H,Penn State,30884,Gabrielle Gallentine
"Fri, Mar-10-2023",Auburn,,9.8750,,,,A,Penn State,30884,Gabrielle Gallentine
"Sat, Mar-18-2023","Illinois, Iowa, Maryland, Michigan, Michigan State, Minnesota, Nebraska, Ohio State, Rutgers",,9.8750,,,,A,Penn State,30884,Gabrielle Gallentine
"Thu, Mar-30-2023",,,9.8000,,,,A,Penn State,30884,Gabrielle Gallentine
"Fri, Mar-31-2023",,,9.8500,,,,A,Penn State,30884,Gabrielle Gallentine
"Fri, Jan-06-2023","Pennsylvania, Pittsburgh, Temple",,,9.8000,,,A,Penn State,31990,Haleigh Gibble
"Sun, Jan-08-2023","Denver, Texas Woman's",,,9.8500,,,A,Penn State,31990,Haleigh Gibble
"Fri, Jan-13-2023","LIU, Pennsylvania, Southern Conn.",,,9.8500,,,H,Penn State,31990,Haleigh Gibble
"Sat, Jan-21-2023",Minnesota,,,9.6000,,,A,Penn State,31990,Haleigh Gibble
"Mon, Jan-30-2023",Rutgers,,,9.8500,,,H,Penn State,31990,Haleigh Gibble
"Sat, Feb-04-2023",Michigan State,,,9.6500,,,A,Penn State,31990,Haleigh Gibble
"Fri, Feb-10-2023",Nebraska,,,9.8750,,,H,Penn State,31990,Haleigh Gibble
"Fri, Feb-17-2023",Ohio State,,,9.6750,,,H,Penn State,31990,Haleigh Gibble
"Fri, Feb-24-2023","Illinois, Iowa, Maryland, Michigan, Nebraska",,,9.7750,9.7750,,A,Penn State,31990,Haleigh Gibble
"Fri, Mar-03-2023",William & Mary,,,9.6000,9.1250,,H,Penn State,31990,Haleigh Gibble
"Fri, Mar-10-2023",Auburn,,,9.9000,,,A,Penn State,31990,Haleigh Gibble
"Sat, Mar-18-2023","Illinois, Iowa, Maryland, Michigan, Michigan State, Minnesota, Nebraska, Ohio State, Rutgers",,,9.8000,,,A,Penn State,31990,Haleigh Gibble
"Thu, Mar-30-2023",,,,8.9250,,,A,Penn State,31990,Haleigh Gibble
"Fri, Mar-31-2023",,,,9.8000,,,A,Penn State,31990,Haleigh Gibble
"Fri, Jan-06-2023","Pennsylvania, Pittsburgh, Temple",9.8000,,9.9250,9.8250,,A,Penn State,31991,Amani Herring
"Sun, Jan-08-2023","Denver, Texas Woman's",9.7500,,9.8750,9.8000,,A,Penn State,31991,Amani Herring
"Fri, Jan-13-2023","LIU, Pennsylvania, Southern Conn.",9.7750,,9.8500,9.8500,,H,Penn State,31991,Amani Herring
"Sat, Jan-21-2023",Minnesota,9.7000,,9.8250,9.5250,,A,Penn State,31991,Amani Herring
"Mon, Jan-30-2023",Rutgers,9.8000,,9.8000,9.8750,,H,Penn State,31991,Amani Herring
"Sat, Feb-04-2023",Michigan State,9.7750,,9.6750,9.6250,,A,Penn State,31991,Amani Herring
"Fri, Feb-10-2023",Nebraska,9.7750,,9.8000,9.9250,,H,Penn State,31991,Amani Herring
"Fri, Feb-17-2023",Ohio State,9.8000,,9.7500,9.8500,,H,Penn State,31991,Amani Herring
"Thu, Mar-30-2023",,,,,9.8500,,A,Penn State,31991,Amani Herring
"Fri, Mar-31-2023",,,,,9.8500,,A,Penn State,31991,Amani Herring
"Fri, Jan-06-2023","Pennsylvania, Pittsburgh, Temple",9.6250,9.7500,9.2500,9.8750,38.5000,A,Penn State,31446,Jessica Johanson
"Sun, Jan-08-2023","Denver, Texas Woman's",9.8250,9.8000,9.7000,9.8750,39.2000,A,Penn State,31446,Jessica Johanson
"Fri, Jan-13-2023","LIU, Pennsylvania, Southern Conn.",9.7500,9.7000,9.7500,9.7500,38.9500,H,Penn State,31446,Jessica Johanson
"Sat, Jan-21-2023",Minnesota,9.1500,9.7500,9.8250,9.7750,38.5000,A,Penn State,31446,Jessica Johanson
"Mon, Jan-30-2023",Rutgers,9.7750,9.8000,,,,H,Penn State,31446,Jessica Johanson
"Sat, Feb-04-2023",Michigan State,9.8500,9.6750,,9.7000,,A,Penn State,31446,Jessica Johanson
"Fri, Feb-10-2023",Nebraska,9.8250,9.7750,,,,H,Penn State,31446,Jessica Johanson
"Fri, Feb-17-2023",Ohio State,9.8500,9.7000,,9.8500,,H,Penn State,31446,Jessica Johanson
"Fri, Feb-24-2023","Illinois, Iowa, Maryland, Michigan, Nebraska",9.8250,9.7000,9.7250,9.8000,39.0500,A,Penn State,31446,Jessica Johanson
"Fri, Mar-03-2023",William & Mary,9.8500,9.8000,9.8000,9.7500,39.2000,H,Penn State,31446,Jessica Johanson
"Fri, Mar-10-2023",Auburn,9.8250,9.8500,9.8250,9.8500,39.3500,A,Penn State,31446,Jessica Johanson
"Sat, Mar-18-2023","Illinois, Iowa, Maryland, Michigan, Michigan State, Minnesota, Nebraska, Ohio State, Rutgers",9.8500,9.8000,9.2250,9.8500,38.7250,A,Penn State,31446,Jessica Johanson
"Thu, Mar-30-2023",,9.7750,9.8250,9.8500,9.8500,39.3000,A,Penn State,31446,Jessica Johanson
"Fri, Mar-31-2023",,9.7000,9.7500,9.7250,9.9000,39.0750,A,Penn State,31446,Jessica Johanson
"Fri, Jan-06-2023","Pennsylvania, Pittsburgh, Temple",9.6500,9.8250,9.6250,9.7750,38.8750,A,Penn State,31027,Maddie Johnston
"Sun, Jan-08-2023","Denver, Texas Woman's",9.6750,9.8500,9.7500,9.6500,38.9250,A,Penn State,31027,Maddie Johnston
"Fri, Jan-13-2023","LIU, Pennsylvania, Southern Conn.",9.7750,9.7750,9.9000,9.7000,39.1500,H,Penn State,31027,Maddie Johnston
"Sat, Jan-21-2023",Minnesota,9.8000,9.7500,9.7750,8.9000,38.2250,A,Penn State,31027,Maddie Johnston
"Mon, Jan-30-2023",Rutgers,9.8000,9.8250,9.8250,9.7250,39.1750,H,Penn State,31027,Maddie Johnston
"Sat, Feb-04-2023",Michigan State,9.7500,9.7000,9.8250,,,A,Penn State,31027,Maddie Johnston
"Fri, Feb-10-2023",Nebraska,9.8000,9.9000,9.9000,9.7750,39.3750,H,Penn State,31027,Maddie Johnston
"Fri, Feb-17-2023",Ohio State,9.8000,9.8000,9.7750,9.7250,39.1000,H,Penn State,31027,Maddie Johnston
"Fri, Feb-24-2023","Illinois, Iowa, Maryland, Michigan, Nebraska",9.8500,9.8250,9.7500,9.7750,39.2000,A,Penn State,31027,Maddie Johnston
"Fri, Mar-03-2023",William & Mary,9.8750,9.8250,9.8750,9.8500,39.4250,H,Penn State,31027,Maddie Johnston
"Fri, Mar-10-2023",Auburn,9.8250,9.8750,9.9000,9.8000,39.4000,A,Penn State,31027,Maddie Johnston
"Sat, Mar-18-2023","Illinois, Iowa, Maryland, Michigan, Michigan State, Minnesota, Nebraska, Ohio State, Rutgers",9.8250,9.8500,9.8250,9.7500,39.2500,A,Penn State,31027,Maddie Johnston
"Thu, Mar-30-2023",,9.8000,9.6750,9.8500,9.7750,39.1000,A,Penn State,31027,Maddie Johnston
"Fri, Mar-31-2023",,9.8000,9.8500,9.9000,9.8000,39.3500,A,Penn State,31027,Maddie Johnston
"Mon, Jan-30-2023",Rutgers,,9.7000,,,,H,Penn State,31028,Maggie Mace
"Sat, Feb-04-2023",Michigan State,,9.7750,,,,A,Penn State,31028,Maggie Mace
"Fri, Feb-10-2023",Nebraska,,9.7250,,,,H,Penn State,31028,Maggie Mace
"Fri, Feb-17-2023",Ohio State,,9.7250,,,,H,Penn State,31028,Maggie Mace
"Fri, Jan-06-2023","Pennsylvania, Pittsburgh, Temple",9.8250,9.8000,9.7000,9.8500,39.1750,A,Penn State,31992,Ava Piedrahita
"Sun, Jan-08-2023","Denver, Texas Woman's",9.7250,9.7750,9.5250,9.8250,38.8500,A,Penn State,31992,Ava Piedrahita
"Fri, Jan-13-2023","LIU, Pennsylvania, Southern Conn.",9.8500,9.8500,9.1750,9.7250,38.6000,H,Penn State,31992,Ava Piedrahita
"Sat, Jan-21-2023",Minnesota,9.8750,9.8000,9.7750,9.7750,39.2250,A,Penn State,31992,Ava Piedrahita
"Mon, Jan-30-2023",Rutgers,9.8000,9.8750,9.7250,9.8250,39.2250,H,Penn State,31992,Ava Piedrahita
"Sat, Feb-04-2023",Michigan State,9.9250,9.8000,9.8000,9.8250,39.3500,A,Penn State,31992,Ava Piedrahita
"Fri, Feb-10-2023",Nebraska,9.8250,9.8500,9.7750,9.7250,39.1750,H,Penn State,31992,Ava Piedrahita
"Fri, Feb-17-2023",Ohio State,9.9250,9.8250,9.7250,8.9250,38.4000,H,Penn State,31992,Ava Piedrahita
"Fri, Feb-24-2023","Illinois, Iowa, Maryland, Michigan, Nebraska",9.9500,9.8250,9.6750,9.8500,39.3000,A,Penn State,31992,Ava Piedrahita
"Fri, Mar-03-2023",William & Mary,9.9250,9.7250,9.8750,9.9000,39.4250,H,Penn State,31992,Ava Piedrahita
"Fri, Mar-10-2023",Auburn,9.8750,9.8750,9.7750,9.8500,39.3750,A,Penn State,31992,Ava Piedrahita
"Sat, Mar-18-2023","Illinois, Iowa, Maryland, Michigan, Michigan State, Minnesota, Nebraska, Ohio State, Rutgers",9.8500,9.8000,9.7250,9.8000,39.1750,A,Penn State,31992,Ava Piedrahita
"Thu, Mar-30-2023",,9.8500,9.8000,9.8250,9.8500,39.3250,A,Penn State,31992,Ava Piedrahita
"Fri, Mar-31-2023",,9.9000,9.9000,9.8250,9.9000,39.5250,A,Penn State,31992,Ava Piedrahita
"Thu, Apr-13-2023","Alabama, Arizona State, Arkansas, Auburn, Boise State, California, Denver, Florida, Kentucky, LSU, Michigan, Michigan State, Missouri, Ohio State, Oklahoma, Oregon State, Stanford, UCLA, Utah",9.8750,,,,,A,Penn State,31992,Ava Piedrahita
"Fri, Jan-06-2023","Pennsylvania, Pittsburgh, Temple",,9.8000,9.6000,9.0250,,A,Penn State,30494,Cassidy Rushlow
"Sun, Jan-08-2023","Denver, Texas Woman's",,9.8250,9.8250,,,A,Penn State,30494,Cassidy Rushlow
"Fri, Jan-13-2023","LIU, Pennsylvania, Southern Conn.",,9.9000,9.8000,9.1500,,H,Penn State,30494,Cassidy Rushlow
"Sat, Jan-21-2023",Minnesota,,9.8000,9.7750,,,A,Penn State,30494,Cassidy Rushlow
"Mon, Jan-30-2023",Rutgers,,9.9500,9.8000,9.7750,,H,Penn State,30494,Cassidy Rushlow
"Sat, Feb-04-2023",Michigan State,,9.8500,9.7750,9.7000,,A,Penn State,30494,Cassidy Rushlow
"Fri, Feb-10-2023",Nebraska,,9.9750,9.2750,9.8000,,H,Penn State,30494,Cassidy Rushlow
"Fri, Feb-17-2023",Ohio State,,9.9500,9.7000,9.7250,,H,Penn State,30494,Cassidy Rushlow
"Fri, Feb-24-2023","Illinois, Iowa, Maryland, Michigan, Nebraska",9.8500,9.9250,9.8500,9.5750,39.2000,A,Penn State,30494,Cassidy Rushlow
"Fri, Mar-03-2023",William & Mary,9.7500,9.8250,9.8750,9.8250,39.2750,H,Penn State,30494,Cassidy Rushlow
"Fri, Mar-10-2023",Auburn,9.7500,9.8750,9.8500,9.6250,39.1000,A,Penn State,30494,Cassidy Rushlow
"Sat, Mar-18-2023","Illinois, Iowa, Maryland, Michigan, Michigan State, Minnesota, Nebraska, Ohio State, Rutgers",9.7500,9.9250,9.7000,9.5000,38.8750,A,Penn State,30494,Cassidy Rushlow
"Thu, Mar-30-2023",,9.7750,9.9000,9.1000,,,A,Penn State,30494,Cassidy Rushlow
"Fri, Mar-31-2023",,9.8000,9.9500,9.7500,,,A,Penn State,30494,Cassidy Rushlow
"Thu, Apr-13-2023","Alabama, Arizona State, Arkansas, Auburn, Boise State, California, Denver, Florida, Kentucky, LSU, Michigan, Michigan State, Missouri, Ohio State, Oklahoma, Oregon State, Stanford, UCLA, Utah",,9.8250,,,,A,Penn State,30494,Cassidy Rushlow
"Fri, Jan-06-2023","Pennsylvania, Pittsburgh, Temple",9.7500,,,,,A,Penn State,31447,Isabella Salcedo
"Sun, Jan-08-2023","Denver, Texas Woman's",9.6250,,,9.8250,,A,Penn State,31447,Isabella Salcedo
"Fri, Jan-13-2023","LIU, Pennsylvania, Southern Conn.",9.8500,,,,,H,Penn State,31447,Isabella Salcedo
"Sat, Jan-21-2023",Minnesota,9.7750,,,9.8250,,A,Penn State,31447,Isabella Salcedo
"Mon, Jan-30-2023",Rutgers,9.8000,,9.8750,9.7500,,H,Penn State,31447,Isabella Salcedo
"Sat, Feb-04-2023",Michigan State,9.8000,,9.7000,9.8250,,A,Penn State,31447,Isabella Salcedo
"Fri, Feb-10-2023",Nebraska,9.5000,,9.8250,9.5250,,H,Penn State,31447,Isabella Salcedo
"Fri, Feb-17-2023",Ohio State,9.8500,,9.8750,,,H,Penn State,31447,Isabella Salcedo
"Fri, Feb-24-2023","Illinois, Iowa, Maryland, Michigan, Nebraska",9.8250,,9.7250,,,A,Penn State,31447,Isabella Salcedo
"Fri, Mar-03-2023",William & Mary,9.8500,,9.8000,,,H,Penn State,31447,Isabella Salcedo
"Fri, Mar-10-2023",Auburn,9.7500,,9.9500,9.8000,,A,Penn State,31447,Isabella Salcedo
"Sat, Mar-18-2023","Illinois, Iowa, Maryland, Michigan, Michigan State, Minnesota, Nebraska, Ohio State, Rutgers",9.6750,,9.8750,9.8500,,A,Penn State,31447,Isabella Salcedo
"Thu, Mar-30-2023",,9.6750,,9.8000,9.8500,,A,Penn State,31447,Isabella Salcedo
"Fri, Mar-31-2023",,9.8000,,9.8750,9.9000,,A,Penn State,31447,Isabella Salcedo
"Fri, Jan-06-2023","Pennsylvania, Pittsburgh, Temple",9.7250,9.7750,,9.7750,,A,Penn State,31448,Elina Vihrova
"Sun, Jan-08-2023","Denver, Texas Woman's",9.7000,9.7750,,9.7250,,A,Penn State,31448,Elina Vihrova
"Fri, Jan-13-2023","LIU, Pennsylvania, Southern Conn.",9.6250,9.8000,,9.8000,,H,Penn State,31448,Elina Vihrova
"Sat, Jan-21-2023",Minnesota,9.7750,9.8250,,9.7250,,A,Penn State,31448,Elina Vihrova
"Mon, Jan-30-2023",Rutgers,9.7250,9.8250,,9.9250,,H,Penn State,31448,Elina Vihrova
"Sat, Feb-04-2023",Michigan State,9.7750,9.7500,,9.6500,,A,Penn State,31448,Elina Vihrova
"Fri, Feb-10-2023",Nebraska,9.7500,9.7250,,9.7500,,H,Penn State,31448,Elina Vihrova
"Fri, Feb-17-2023",Ohio State,9.8500,9.8250,,9.7500,,H,Penn State,31448,Elina Vihrova
"Fri, Feb-24-2023","Illinois, Iowa, Maryland, Michigan, Nebraska",9.8500,9.7250,,9.7500,,A,Penn State,31448,Elina Vihrova
"Fri, Mar-03-2023",William & Mary,9.8750,9.8000,,9.8500,,H,Penn State,31448,Elina Vihrova
"Fri, Mar-10-2023",Auburn,9.8000,9.8000,,9.8750,,A,Penn State,31448,Elina Vihrova
"Sat, Mar-18-2023","Illinois, Iowa, Maryland, Michigan, Michigan State, Minnesota, Nebraska, Ohio State, Rutgers",9.7250,9.6250,,9.7750,,A,Penn State,31448,Elina Vihrova
"Thu, Mar-30-2023",,9.7500,9.7750,,9.8250,,A,Penn State,31448,Elina Vihrova
"Fri, Mar-31-2023",,9.0750,9.7750,,9.7500,,A,Penn State,31448,Elina Vihrova
"Fri, Jan-06-2023","Penn State, Pittsburgh, Temple",9.0000,,,9.7000,,A,Pennsylvania,30496,Ariyana Agarwala
"Fri, Jan-13-2023","LIU, Penn State, Southern Conn.",9.7750,,,9.6750,,A,Pennsylvania,30496,Ariyana Agarwala
"Sun, Jan-22-2023",William & Mary,9.7000,,,9.5750,,H,Pennsylvania,30496,Ariyana Agarwala
"Thu, Mar-02-2023",New Hampshire,9.8000,,,,,H,Pennsylvania,30496,Ariyana Agarwala
"Sun, Mar-05-2023","Brown, Maryland, New Hampshire",9.8250,,,9.7750,,A,Pennsylvania,30496,Ariyana Agarwala
"Sun, Mar-12-2023","Rutgers, West Virginia",9.7500,,,9.7000,,A,Pennsylvania,30496,Ariyana Agarwala
"Sat, Mar-18-2023","Bridgeport, Brown, Cornell, Southern Conn., West Chester, William & Mary, Yale",9.7000,,,9.8000,,A,Pennsylvania,30496,Ariyana Agarwala
"Fri, Jan-06-2023","Penn State, Pittsburgh, Temple",9.2500,,9.7750,,,A,Pennsylvania,31030,Kiersten Belkoff
"Fri, Jan-13-2023","LIU, Penn State, Southern Conn.",9.8000,,9.8000,9.6000,,A,Pennsylvania,31030,Kiersten Belkoff
"Sun, Jan-22-2023",William & Mary,9.8000,,9.6750,9.7000,,H,Pennsylvania,31030,Kiersten Belkoff
"Sun, Jan-29-2023","New Hampshire, UW-Whitewater, Yale",9.7750,,9.7250,9.7000,,A,Pennsylvania,31030,Kiersten Belkoff
"Sun, Feb-05-2023",Cornell,9.8250,,9.8250,9.7500,,A,Pennsylvania,31030,Kiersten Belkoff
"Sun, Feb-12-2023","Towson, Ursinus College, West Chester",9.8250,,9.0500,9.6750,,H,Pennsylvania,31030,Kiersten Belkoff
"Sun, Feb-19-2023","George Washington, North Carolina State, Temple",9.8000,,9.8500,,,A,Pennsylvania,31030,Kiersten Belkoff
"Sun, Feb-26-2023","Brown, Cornell, Yale",9.8000,,9.7000,9.6500,,A,Pennsylvania,31030,Kiersten Belkoff
"Thu, Mar-02-2023",New Hampshire,9.8750,,9.8250,9.6000,,H,Pennsylvania,31030,Kiersten Belkoff
"Sun, Mar-05-2023","Brown, Maryland, New Hampshire",9.8250,,9.6750,,,A,Pennsylvania,31030,Kiersten Belkoff
"Sun, Mar-12-2023","Rutgers, West Virginia",9.8750,,9.8000,,,A,Pennsylvania,31030,Kiersten Belkoff
"Sat, Mar-18-2023","Bridgeport, Brown, Cornell, Southern Conn., West Chester, William & Mary, Yale",9.6750,,9.7000,,,A,Pennsylvania,31030,Kiersten Belkoff
"Sun, Jan-29-2023","New Hampshire, UW-Whitewater, Yale",,,,9.7000,,A,Pennsylvania,31450,Emma Davies
"Sun, Feb-05-2023",Cornell,,9.5000,,9.7750,,A,Pennsylvania,31450,Emma Davies
"Sun, Feb-12-2023","Towson, Ursinus College, West Chester",,9.7250,,9.8000,,H,Pennsylvania,31450,Emma Davies
"Sun, Feb-19-2023","George Washington, North Carolina State, Temple",9.6250,9.6750,,9.5500,,A,Pennsylvania,31450,Emma Davies
"Sun, Feb-26-2023","Brown, Cornell, Yale",,8.6500,,9.7500,,A,Pennsylvania,31450,Emma Davies
"Thu, Mar-02-2023",New Hampshire,,,,9.8250,,H,Pennsylvania,31450,Emma Davies
"Sun, Mar-05-2023","Brown, Maryland, New Hampshire",,,,9.5500,,A,Pennsylvania,31450,Emma Davies
"Sun, Mar-12-2023","Rutgers, West Virginia",,,,9.7500,,A,Pennsylvania,31450,Emma Davies
"Sat, Mar-18-2023","Bridgeport, Brown, Cornell, Southern Conn., West Chester, William & Mary, Yale",,,,9.9000,,A,Pennsylvania,31450,Emma Davies
"Sun, Feb-05-2023",Cornell,9.7500,,,,,A,Pennsylvania,31451,Rose Debarberie
"Sun, Feb-12-2023","Towson, Ursinus College, West Chester",8.9500,,,,,H,Pennsylvania,31451,Rose Debarberie
"Sun, Feb-19-2023","George Washington, North Carolina State, Temple",9.8000,,,,,A,Pennsylvania,31451,Rose Debarberie
"Sun, Feb-26-2023","Brown, Cornell, Yale",9.8000,,,,,A,Pennsylvania,31451,Rose Debarberie
"Thu, Mar-02-2023",New Hampshire,9.7750,,,,,H,Pennsylvania,31451,Rose Debarberie
"Sun, Mar-05-2023","Brown, Maryland, New Hampshire",9.6750,,,,,A,Pennsylvania,31451,Rose Debarberie
"Sun, Mar-12-2023","Rutgers, West Virginia",9.6750,,,,,A,Pennsylvania,31451,Rose Debarberie
"Fri, Jan-13-2023","LIU, Penn State, Southern Conn.",,9.6500,,,,A,Pennsylvania,31454,Zara Gazdak
"Sun, Jan-22-2023",William & Mary,,9.0250,,,,H,Pennsylvania,31454,Zara Gazdak
"Fri, Jan-06-2023","Penn State, Pittsburgh, Temple",9.7750,9.6750,9.7250,9.8500,39.0250,A,Pennsylvania,31033,Sara Kenefick
"Fri, Jan-13-2023","LIU, Penn State, Southern Conn.",9.7500,9.6500,9.5000,9.7750,38.6750,A,Pennsylvania,31033,Sara Kenefick
"Sun, Jan-22-2023",William & Mary,9.7000,9.6000,9.6750,9.8750,38.8500,H,Pennsylvania,31033,Sara Kenefick
"Sun, Jan-29-2023","New Hampshire, UW-Whitewater, Yale",9.5500,9.7250,8.9500,9.4000,37.6250,A,Pennsylvania,31033,Sara Kenefick
"Sun, Feb-05-2023",Cornell,,9.6000,9.8000,9.7500,,A,Pennsylvania,31033,Sara Kenefick
"Sun, Feb-12-2023","Towson, Ursinus College, West Chester",,9.6250,8.7250,9.6000,,H,Pennsylvania,31033,Sara Kenefick
"Sun, Feb-19-2023","George Washington, North Carolina State, Temple",,9.8000,,9.6500,,A,Pennsylvania,31033,Sara Kenefick
"Sun, Feb-26-2023","Brown, Cornell, Yale",9.6750,9.7000,,9.7000,,A,Pennsylvania,31033,Sara Kenefick
"Thu, Mar-02-2023",New Hampshire,,9.7500,,8.6750,,H,Pennsylvania,31033,Sara Kenefick
"Sun, Mar-05-2023","Brown, Maryland, New Hampshire",,9.1000,,9.8000,,A,Pennsylvania,31033,Sara Kenefick
"Sun, Mar-12-2023","Rutgers, West Virginia",,9.7250,,9.8000,,A,Pennsylvania,31033,Sara Kenefick
"Sat, Mar-18-2023","Bridgeport, Brown, Cornell, Southern Conn., West Chester, William & Mary, Yale",,9.6250,9.7750,8.9250,,A,Pennsylvania,31033,Sara Kenefick
"Fri, Jan-06-2023","Penn State, Pittsburgh, Temple",9.6750,9.7500,9.8750,9.8250,39.1250,A,Pennsylvania,31994,Skyelar Kerico
"Fri, Jan-13-2023","LIU, Penn State, Southern Conn.",9.8500,9.6750,9.8250,9.7250,39.0750,A,Pennsylvania,31994,Skyelar Kerico
"Sun, Jan-22-2023",William & Mary,9.7250,9.7500,9.7500,9.8000,39.0250,H,Pennsylvania,31994,Skyelar Kerico
"Sun, Jan-29-2023","New Hampshire, UW-Whitewater, Yale",9.6750,9.8750,9.8000,9.7500,39.1000,A,Pennsylvania,31994,Skyelar Kerico
"Sun, Feb-26-2023","Brown, Cornell, Yale",,9.4250,,,,A,Pennsylvania,31994,Skyelar Kerico
"Thu, Mar-02-2023",New Hampshire,9.7500,9.7250,,,,H,Pennsylvania,31994,Skyelar Kerico
"Sun, Mar-05-2023","Brown, Maryland, New Hampshire",,9.8250,,,,A,Pennsylvania,31994,Skyelar Kerico
"Sun, Mar-12-2023","Rutgers, West Virginia",9.7500,9.8250,9.0750,,,A,Pennsylvania,31994,Skyelar Kerico
"Sat, Mar-18-2023","Bridgeport, Brown, Cornell, Southern Conn., West Chester, William & Mary, Yale",9.7750,9.6500,9.8250,,,A,Pennsylvania,31994,Skyelar Kerico
"Fri, Jan-06-2023","Penn State, Pittsburgh, Temple",,,9.6250,,,A,Pennsylvania,31034,Kristen Kuhn
"Fri, Jan-13-2023","LIU, Penn State, Southern Conn.",,,9.6000,,,A,Pennsylvania,31034,Kristen Kuhn
"Sun, Jan-22-2023",William & Mary,,9.8000,,,,H,Pennsylvania,31034,Kristen Kuhn
"Sun, Jan-29-2023","New Hampshire, UW-Whitewater, Yale",,9.7750,,,,A,Pennsylvania,31034,Kristen Kuhn
"Sun, Feb-05-2023",Cornell,,9.6250,9.7250,,,A,Pennsylvania,31034,Kristen Kuhn
"Sun, Feb-12-2023","Towson, Ursinus College, West Chester",,9.8000,9.7000,,,H,Pennsylvania,31034,Kristen Kuhn
"Sun, Feb-19-2023","George Washington, North Carolina State, Temple",,9.8000,9.8500,,,A,Pennsylvania,31034,Kristen Kuhn
"Sun, Feb-26-2023","Brown, Cornell, Yale",,9.8000,9.7250,,,A,Pennsylvania,31034,Kristen Kuhn
"Thu, Mar-02-2023",New Hampshire,,9.8750,9.8250,,,H,Pennsylvania,31034,Kristen Kuhn
"Sun, Mar-05-2023","Brown, Maryland, New Hampshire",,9.7250,9.6750,,,A,Pennsylvania,31034,Kristen Kuhn
"Sun, Mar-12-2023","Rutgers, West Virginia",,8.0500,9.5000,,,A,Pennsylvania,31034,Kristen Kuhn
"Sat, Mar-18-2023","Bridgeport, Brown, Cornell, Southern Conn., West Chester, William & Mary, Yale",,9.8500,,,,A,Pennsylvania,31034,Kristen Kuhn
"Fri, Jan-06-2023","Penn State, Pittsburgh, Temple",9.6500,8.8750,,9.7000,,A,Pennsylvania,31995,Marissa Lassiter
"Fri, Jan-13-2023","LIU, Penn State, Southern Conn.",9.7250,,,9.8000,,A,Pennsylvania,31995,Marissa Lassiter
"Sun, Jan-22-2023",William & Mary,9.8000,9.6500,,9.8000,,H,Pennsylvania,31995,Marissa Lassiter
"Sun, Jan-29-2023","New Hampshire, UW-Whitewater, Yale",9.7250,9.7500,,9.7750,,A,Pennsylvania,31995,Marissa Lassiter
"Sun, Feb-05-2023",Cornell,9.8250,9.7500,,9.8500,,A,Pennsylvania,31995,Marissa Lassiter
"Sun, Feb-12-2023","Towson, Ursinus College, West Chester",9.8000,9.7750,,9.8750,,H,Pennsylvania,31995,Marissa Lassiter
"Sun, Feb-19-2023","George Washington, North Carolina State, Temple",,9.1000,,9.7500,,A,Pennsylvania,31995,Marissa Lassiter
"Sun, Feb-26-2023","Brown, Cornell, Yale",9.8000,,,9.8000,,A,Pennsylvania,31995,Marissa Lassiter
"Thu, Mar-02-2023",New Hampshire,9.7250,9.7000,,8.9750,,H,Pennsylvania,31995,Marissa Lassiter
"Sun, Mar-05-2023","Brown, Maryland, New Hampshire",9.8000,9.7250,,9.7500,,A,Pennsylvania,31995,Marissa Lassiter
"Sun, Mar-12-2023","Rutgers, West Virginia",9.7250,9.8000,,9.7500,,A,Pennsylvania,31995,Marissa Lassiter
"Sat, Mar-18-2023","Bridgeport, Brown, Cornell, Southern Conn., West Chester, William & Mary, Yale",9.6250,9.7000,,9.8750,,A,Pennsylvania,31995,Marissa Lassiter
"Sun, Jan-22-2023",William & Mary,,,9.8250,,,H,Pennsylvania,31035,Campbell Marr
"Sun, Jan-29-2023","New Hampshire, UW-Whitewater, Yale",9.7000,,9.8000,,,A,Pennsylvania,31035,Campbell Marr
"Sun, Feb-05-2023",Cornell,9.8000,,9.9250,,,A,Pennsylvania,31035,Campbell Marr
"Sun, Feb-12-2023","Towson, Ursinus College, West Chester",9.7750,,8.9000,,,H,Pennsylvania,31035,Campbell Marr
"Sun, Feb-19-2023","George Washington, North Carolina State, Temple",9.9000,,9.9500,,,A,Pennsylvania,31035,Campbell Marr
"Sun, Feb-26-2023","Brown, Cornell, Yale",9.8000,,9.2500,,,A,Pennsylvania,31035,Campbell Marr
"Thu, Mar-02-2023",New Hampshire,9.7000,,9.7000,,,H,Pennsylvania,31035,Campbell Marr
"Sun, Mar-05-2023","Brown, Maryland, New Hampshire",9.5500,,9.7500,,,A,Pennsylvania,31035,Campbell Marr
"Sun, Mar-12-2023","Rutgers, West Virginia",9.6250,,9.7250,,,A,Pennsylvania,31035,Campbell Marr
"Sat, Mar-18-2023","Bridgeport, Brown, Cornell, Southern Conn., West Chester, William & Mary, Yale",9.6750,,9.6500,,,A,Pennsylvania,31035,Campbell Marr
"Fri, Jan-06-2023","Penn State, Pittsburgh, Temple",,,9.8250,,,A,Pennsylvania,30502,Mccaleigh Marr
"Fri, Jan-13-2023","LIU, Penn State, Southern Conn.",,,9.8250,,,A,Pennsylvania,30502,Mccaleigh Marr
"Sun, Jan-22-2023",William & Mary,,,9.4000,,,H,Pennsylvania,30502,Mccaleigh Marr
"Sun, Jan-29-2023","New Hampshire, UW-Whitewater, Yale",,9.8750,9.7000,,,A,Pennsylvania,30502,Mccaleigh Marr
"Sun, Feb-05-2023",Cornell,,9.8500,9.8000,,,A,Pennsylvania,30502,Mccaleigh Marr
"Sun, Feb-12-2023","Towson, Ursinus College, West Chester",,9.7250,9.8250,,,H,Pennsylvania,30502,Mccaleigh Marr
"Sun, Feb-19-2023","George Washington, North Carolina State, Temple",,9.8500,9.9500,,,A,Pennsylvania,30502,Mccaleigh Marr
"Sun, Feb-26-2023","Brown, Cornell, Yale",,9.8500,9.8500,,,A,Pennsylvania,30502,Mccaleigh Marr
"Thu, Mar-02-2023",New Hampshire,,9.8250,9.0500,,,H,Pennsylvania,30502,Mccaleigh Marr
"Sun, Mar-05-2023","Brown, Maryland, New Hampshire",,9.9000,9.8750,,,A,Pennsylvania,30502,Mccaleigh Marr
"Sun, Mar-12-2023","Rutgers, West Virginia",,9.4250,9.8250,,,A,Pennsylvania,30502,Mccaleigh Marr
"Sat, Mar-18-2023","Bridgeport, Brown, Cornell, Southern Conn., West Chester, William & Mary, Yale",,9.1500,9.7250,,,A,Pennsylvania,30502,Mccaleigh Marr
"Fri, Jan-06-2023","Penn State, Pittsburgh, Temple",,9.7250,,9.7000,,A,Pennsylvania,31996,Carly Oniki
"Fri, Jan-13-2023","LIU, Penn State, Southern Conn.",,9.7500,,,,A,Pennsylvania,31996,Carly Oniki
"Sun, Jan-22-2023",William & Mary,,9.7500,,,,H,Pennsylvania,31996,Carly Oniki
"Sun, Jan-29-2023","New Hampshire, UW-Whitewater, Yale",,9.8000,,,,A,Pennsylvania,31996,Carly Oniki
"Sun, Feb-05-2023",Cornell,,9.5750,,9.5750,,A,Pennsylvania,31996,Carly Oniki
"Sun, Feb-12-2023","Towson, Ursinus College, West Chester",,9.7500,,9.7750,,H,Pennsylvania,31996,Carly Oniki
"Sun, Feb-19-2023","George Washington, North Carolina State, Temple",,8.9500,,9.7750,,A,Pennsylvania,31996,Carly Oniki
"Sun, Feb-26-2023","Brown, Cornell, Yale",,9.8000,,9.7500,,A,Pennsylvania,31996,Carly Oniki
"Thu, Mar-02-2023",New Hampshire,,8.9500,,9.5750,,H,Pennsylvania,31996,Carly Oniki
"Sun, Mar-05-2023","Brown, Maryland, New Hampshire",,9.7500,,9.6250,,A,Pennsylvania,31996,Carly Oniki
"Sun, Mar-12-2023","Rutgers, West Virginia",,9.6250,,9.6250,,A,Pennsylvania,31996,Carly Oniki
"Sat, Mar-18-2023","Bridgeport, Brown, Cornell, Southern Conn., West Chester, William & Mary, Yale",,9.7250,,9.7000,,A,Pennsylvania,31996,Carly Oniki
"Fri, Jan-06-2023","Penn State, Pittsburgh, Temple",,8.7250,,,,A,Pennsylvania,30503,Sarah Penuela-Wermers
"Fri, Jan-13-2023","LIU, Penn State, Southern Conn.",,9.0250,,,,A,Pennsylvania,30503,Sarah Penuela-Wermers
"Fri, Jan-13-2023","LIU, Penn State, Southern Conn.",,,,,,A,Pennsylvania,31997,Alyssa Rosen
"Sun, Feb-05-2023",Cornell,,,9.7000,,,A,Pennsylvania,31997,Alyssa Rosen
"Sun, Feb-12-2023","Towson, Ursinus College, West Chester",,,9.0250,,,H,Pennsylvania,31997,Alyssa Rosen
"Sun, Feb-19-2023","George Washington, North Carolina State, Temple",,,9.8750,9.8250,,A,Pennsylvania,31997,Alyssa Rosen
"Sun, Feb-26-2023","Brown, Cornell, Yale",,,9.7500,9.7000,,A,Pennsylvania,31997,Alyssa Rosen
"Thu, Mar-02-2023",New Hampshire,,,9.7500,9.6750,,H,Pennsylvania,31997,Alyssa Rosen
"Sun, Mar-05-2023","Brown, Maryland, New Hampshire",,,9.6000,9.6500,,A,Pennsylvania,31997,Alyssa Rosen
"Sun, Mar-12-2023","Rutgers, West Virginia",,,,9.7000,,A,Pennsylvania,31997,Alyssa Rosen
"Sat, Mar-18-2023","Bridgeport, Brown, Cornell, Southern Conn., West Chester, William & Mary, Yale",,,,9.8000,,A,Pennsylvania,31997,Alyssa Rosen
"Fri, Jan-06-2023","Penn State, Pittsburgh, Temple",9.7250,9.6500,,9.6000,,A,Pennsylvania,31456,Isabel Song
"Fri, Jan-13-2023","LIU, Penn State, Southern Conn.",,9.7250,,9.7500,,A,Pennsylvania,31456,Isabel Song
"Sun, Jan-22-2023",William & Mary,,,,9.6750,,H,Pennsylvania,31456,Isabel Song
"Sun, Jan-29-2023","New Hampshire, UW-Whitewater, Yale",,,,9.7750,,A,Pennsylvania,31456,Isabel Song
"Fri, Jan-13-2023","LIU, Penn State, Southern Conn.",9.7000,,,,,A,Pennsylvania,31457,Olivia Vanhorn
"Sun, Jan-22-2023",William & Mary,9.6750,,,,,H,Pennsylvania,31457,Olivia Vanhorn
"Sun, Feb-05-2023",Cornell,9.8750,,,9.0500,,A,Pennsylvania,31457,Olivia Vanhorn
"Sun, Feb-12-2023","Towson, Ursinus College, West Chester",9.7000,,,9.8250,,H,Pennsylvania,31457,Olivia Vanhorn
"Sun, Feb-19-2023","George Washington, North Carolina State, Temple",9.2500,,,8.9500,,A,Pennsylvania,31457,Olivia Vanhorn
"Sun, Mar-05-2023","Brown, Maryland, New Hampshire",9.6750,,,,,A,Pennsylvania,31457,Olivia Vanhorn
"Sat, Mar-18-2023","Bridgeport, Brown, Cornell, Southern Conn., West Chester, William & Mary, Yale",9.7000,,,,,A,Pennsylvania,31457,Olivia Vanhorn
"Sun, Jan-29-2023","New Hampshire, UW-Whitewater, Yale",9.6000,,,,,A,Pennsylvania,31998,Alisha Werlen
"Sun, Feb-05-2023",Cornell,9.6000,,,,,A,Pennsylvania,31998,Alisha Werlen
"Sun, Feb-12-2023","Towson, Ursinus College, West Chester",9.7000,,,,,H,Pennsylvania,31998,Alisha Werlen
"Sun, Feb-19-2023","George Washington, North Carolina State, Temple",9.7500,,9.7250,,,A,Pennsylvania,31998,Alisha Werlen
"Sun, Feb-26-2023","Brown, Cornell, Yale",9.7000,,9.7250,,,A,Pennsylvania,31998,Alisha Werlen
"Thu, Mar-02-2023",New Hampshire,,,9.8000,,,H,Pennsylvania,31998,Alisha Werlen
"Sun, Mar-05-2023","Brown, Maryland, New Hampshire",,,9.8000,,,A,Pennsylvania,31998,Alisha Werlen
"Sun, Mar-12-2023","Rutgers, West Virginia",,,9.7500,,,A,Pennsylvania,31998,Alisha Werlen
"Sat, Mar-18-2023","Bridgeport, Brown, Cornell, Southern Conn., West Chester, William & Mary, Yale",,,9.7500,,,A,Pennsylvania,31998,Alisha Werlen
"Fri, Jan-06-2023","Penn State, Pittsburgh, Temple",,,9.8000,,,A,Pennsylvania,31999,Samantha Wu
"Fri, Jan-13-2023","LIU, Penn State, Southern Conn.",,,9.7750,,,A,Pennsylvania,31999,Samantha Wu
"Sun, Jan-22-2023",William & Mary,,,9.7500,,,H,Pennsylvania,31999,Samantha Wu
"Sun, Jan-29-2023","New Hampshire, UW-Whitewater, Yale",,,9.7500,,,A,Pennsylvania,31999,Samantha Wu
"Sat, Jan-14-2023","Ball State, Towson, UW-Oshkosh",,9.6500,,,,H,Rutgers,32006,Nailah Adams
"Mon, Jan-16-2023","Fisk, Georgia, Ohio State",,9.1000,,,,A,Rutgers,32006,Nailah Adams
"Fri, Jan-27-2023",Oregon State,,8.7500,,,,A,Rutgers,32006,Nailah Adams
"Sun, Mar-12-2023","Pennsylvania, West Virginia",,9.8000,,,,H,Rutgers,32006,Nailah Adams
"Sat, Mar-18-2023","Illinois, Iowa, Maryland, Michigan, Michigan State, Minnesota, Nebraska, Ohio State, Penn State",,9.5500,,,,A,Rutgers,32006,Nailah Adams
"Fri, Jan-06-2023","Fisk, Georgia, North Carolina, Oregon State, Southern Utah, Stanford, Washington",9.8000,9.5250,9.7500,9.9000,38.9750,A,Rutgers,31766,Elia Aird
"Sat, Jan-14-2023","Ball State, Towson, UW-Oshkosh",9.7000,9.8000,9.8500,9.6000,38.9500,H,Rutgers,31766,Elia Aird
"Mon, Jan-16-2023","Fisk, Georgia, Ohio State",9.7750,9.8750,9.3500,9.8000,38.8000,A,Rutgers,31766,Elia Aird
"Sat, Jan-21-2023",Illinois,9.8000,9.7750,9.8250,9.8000,39.2000,H,Rutgers,31766,Elia Aird
"Fri, Jan-27-2023",Oregon State,9.7000,9.7250,9.1750,9.8000,38.4000,A,Rutgers,31766,Elia Aird
"Mon, Jan-30-2023",Penn State,9.7750,9.7750,,9.7250,,A,Rutgers,31766,Elia Aird
"Fri, Feb-03-2023","Fisk, Michigan, Southern Conn.",,9.5250,,,,H,Rutgers,31766,Elia Aird
"Sat, Feb-11-2023",Maryland,,9.8250,,,,H,Rutgers,31766,Elia Aird
"Sat, Feb-18-2023",Iowa,,9.7750,,,,A,Rutgers,31766,Elia Aird
"Sat, Feb-25-2023","Michigan State, Minnesota, Nebraska, Ohio State",,9.6000,,,,A,Rutgers,31766,Elia Aird
"Sat, Mar-04-2023",North Carolina State,,9.7750,,,,A,Rutgers,31766,Elia Aird
"Sun, Mar-12-2023","Pennsylvania, West Virginia",9.8750,9.2000,9.7500,,,H,Rutgers,31766,Elia Aird
"Sat, Mar-18-2023","Illinois, Iowa, Maryland, Michigan, Michigan State, Minnesota, Nebraska, Ohio State, Penn State",9.7500,9.7250,9.6750,,,A,Rutgers,31766,Elia Aird
"Fri, Jan-06-2023","Fisk, Georgia, North Carolina, Oregon State, Southern Utah, Stanford, Washington",,9.8250,,,,A,Rutgers,31039,Avery Balser
"Sat, Jan-14-2023","Ball State, Towson, UW-Oshkosh",,9.8750,,,,H,Rutgers,31039,Avery Balser
"Mon, Jan-16-2023","Fisk, Georgia, Ohio State",,9.8250,,,,A,Rutgers,31039,Avery Balser
"Sat, Jan-21-2023",Illinois,,9.8250,,,,H,Rutgers,31039,Avery Balser
"Fri, Jan-27-2023",Oregon State,,9.8500,,,,A,Rutgers,31039,Avery Balser
"Mon, Jan-30-2023",Penn State,,9.7750,,,,A,Rutgers,31039,Avery Balser
"Fri, Feb-03-2023","Fisk, Michigan, Southern Conn.",,9.9000,,9.8000,,H,Rutgers,31039,Avery Balser
"Sat, Feb-11-2023",Maryland,,9.9500,,9.6750,,H,Rutgers,31039,Avery Balser
"Sat, Feb-18-2023",Iowa,,9.8250,,9.6750,,A,Rutgers,31039,Avery Balser
"Sat, Feb-25-2023","Michigan State, Minnesota, Nebraska, Ohio State",,9.8250,,9.7000,,A,Rutgers,31039,Avery Balser
"Sat, Mar-04-2023",North Carolina State,,9.8750,,9.8250,,A,Rutgers,31039,Avery Balser
"Sun, Mar-12-2023","Pennsylvania, West Virginia",,9.8750,,9.7250,,H,Rutgers,31039,Avery Balser
"Sat, Mar-18-2023","Illinois, Iowa, Maryland, Michigan, Michigan State, Minnesota, Nebraska, Ohio State, Penn State",,9.5750,,8.7000,,A,Rutgers,31039,Avery Balser
"Fri, Jan-06-2023","Fisk, Georgia, North Carolina, Oregon State, Southern Utah, Stanford, Washington",,,8.7000,,,A,Rutgers,31767,Brayden Battavio
"Sat, Jan-14-2023","Ball State, Towson, UW-Oshkosh",,,9.7500,,,H,Rutgers,31767,Brayden Battavio
"Mon, Jan-16-2023","Fisk, Georgia, Ohio State",,,9.6000,,,A,Rutgers,31767,Brayden Battavio
"Sat, Jan-21-2023",Illinois,,,9.8500,,,H,Rutgers,31767,Brayden Battavio
"Fri, Jan-27-2023",Oregon State,,,9.7250,,,A,Rutgers,31767,Brayden Battavio
"Mon, Jan-30-2023",Penn State,,,9.7750,,,A,Rutgers,31767,Brayden Battavio
"Fri, Feb-03-2023","Fisk, Michigan, Southern Conn.",,,9.1250,,,H,Rutgers,31767,Brayden Battavio
"Sat, Feb-11-2023",Maryland,,,9.7500,,,H,Rutgers,31767,Brayden Battavio
"Sat, Feb-18-2023",Iowa,,,9.2500,,,A,Rutgers,31767,Brayden Battavio
"Sat, Mar-04-2023",North Carolina State,,,8.8000,,,A,Rutgers,31767,Brayden Battavio
"Sat, Jan-14-2023","Ball State, Towson, UW-Oshkosh",,9.6500,,,,H,Rutgers,30504,Kaitlyn Bertola
"Mon, Jan-16-2023","Fisk, Georgia, Ohio State",,9.5500,,,,A,Rutgers,30504,Kaitlyn Bertola
"Sat, Jan-21-2023",Illinois,,9.6250,,,,H,Rutgers,30504,Kaitlyn Bertola
"Fri, Jan-27-2023",Oregon State,,8.7000,,,,A,Rutgers,30504,Kaitlyn Bertola
"Fri, Feb-03-2023","Fisk, Michigan, Southern Conn.",9.2000,,,,,H,Rutgers,32007,Gabrielle Dildy
"Sat, Feb-11-2023",Maryland,9.7500,,,,,H,Rutgers,32007,Gabrielle Dildy
"Sat, Feb-18-2023",Iowa,9.5500,,,,,A,Rutgers,32007,Gabrielle Dildy
"Sat, Feb-25-2023","Michigan State, Minnesota, Nebraska, Ohio State",9.8000,,,,,A,Rutgers,32007,Gabrielle Dildy
"Sat, Mar-04-2023",North Carolina State,9.7750,,,,,A,Rutgers,32007,Gabrielle Dildy
"Sat, Mar-18-2023","Illinois, Iowa, Maryland, Michigan, Michigan State, Minnesota, Nebraska, Ohio State, Penn State",9.7750,,,,,A,Rutgers,32007,Gabrielle Dildy
"Sat, Jan-14-2023","Ball State, Towson, UW-Oshkosh",9.7500,,,,,H,Rutgers,31769,Maya Jones
"Mon, Jan-16-2023","Fisk, Georgia, Ohio State",9.6250,,,,,A,Rutgers,31769,Maya Jones
"Sat, Jan-21-2023",Illinois,9.8000,,,,,H,Rutgers,31769,Maya Jones
"Fri, Jan-27-2023",Oregon State,9.7500,,,,,A,Rutgers,31769,Maya Jones
"Mon, Jan-30-2023",Penn State,9.6250,,,,,A,Rutgers,31769,Maya Jones
"Fri, Feb-03-2023","Fisk, Michigan, Southern Conn.",9.7250,,,9.8000,,H,Rutgers,31769,Maya Jones
"Sat, Feb-11-2023",Maryland,9.7250,,,9.7750,,H,Rutgers,31769,Maya Jones
"Sat, Feb-18-2023",Iowa,9.6750,,,9.8000,,A,Rutgers,31769,Maya Jones
"Sat, Feb-25-2023","Michigan State, Minnesota, Nebraska, Ohio State",9.6750,,,9.6500,,A,Rutgers,31769,Maya Jones
"Sat, Mar-04-2023",North Carolina State,9.6500,,,9.8500,,A,Rutgers,31769,Maya Jones
"Sun, Mar-12-2023","Pennsylvania, West Virginia",9.8000,,,9.7750,,H,Rutgers,31769,Maya Jones
"Sat, Mar-18-2023","Illinois, Iowa, Maryland, Michigan, Michigan State, Minnesota, Nebraska, Ohio State, Penn State",9.7000,,,9.7750,,A,Rutgers,31769,Maya Jones
"Fri, Jan-06-2023","Fisk, Georgia, North Carolina, Oregon State, Southern Utah, Stanford, Washington",9.7000,9.7500,9.7250,9.8750,39.0500,A,Rutgers,30508,Hannah Joyner
"Sat, Jan-14-2023","Ball State, Towson, UW-Oshkosh",9.7500,9.8500,9.7500,9.8250,39.1750,H,Rutgers,30508,Hannah Joyner
"Mon, Jan-16-2023","Fisk, Georgia, Ohio State",9.7500,9.7250,9.8750,9.8250,39.1750,A,Rutgers,30508,Hannah Joyner
"Sat, Jan-21-2023",Illinois,9.8250,9.9000,9.9250,9.8750,39.5250,H,Rutgers,30508,Hannah Joyner
"Fri, Jan-27-2023",Oregon State,9.7000,9.7500,9.7750,9.7250,38.9500,A,Rutgers,30508,Hannah Joyner
"Mon, Jan-30-2023",Penn State,9.7750,9.8000,9.8500,9.7250,39.1500,A,Rutgers,30508,Hannah Joyner
"Fri, Feb-03-2023","Fisk, Michigan, Southern Conn.",9.8250,9.7750,9.8000,9.9000,39.3000,H,Rutgers,30508,Hannah Joyner
"Sat, Feb-11-2023",Maryland,9.8250,9.9250,9.8750,9.9500,39.5750,H,Rutgers,30508,Hannah Joyner
"Sat, Feb-18-2023",Iowa,9.7250,9.7750,9.9500,9.8250,39.2750,A,Rutgers,30508,Hannah Joyner
"Sat, Feb-25-2023","Michigan State, Minnesota, Nebraska, Ohio State",9.7250,9.7750,9.9000,9.8250,39.2250,A,Rutgers,30508,Hannah Joyner
"Sat, Mar-04-2023",North Carolina State,9.8250,9.9000,9.8500,9.9250,39.5000,A,Rutgers,30508,Hannah Joyner
"Sun, Mar-12-2023","Pennsylvania, West Virginia",9.9000,9.8500,9.8750,9.9000,39.5250,H,Rutgers,30508,Hannah Joyner
"Sat, Mar-18-2023","Illinois, Iowa, Maryland, Michigan, Michigan State, Minnesota, Nebraska, Ohio State, Penn State",9.7000,9.7750,9.9000,9.8500,39.2250,A,Rutgers,30508,Hannah Joyner
"Thu, Mar-30-2023",,9.7500,9.8500,9.9000,9.8750,39.3750,A,Rutgers,30508,Hannah Joyner
"Fri, Jan-06-2023","Fisk, Georgia, North Carolina, Oregon State, Southern Utah, Stanford, Washington",9.8750,,,9.9000,,A,Rutgers,31044,Emily Leese
"Sat, Jan-14-2023","Ball State, Towson, UW-Oshkosh",9.8750,,,9.8750,,H,Rutgers,31044,Emily Leese
"Mon, Jan-16-2023","Fisk, Georgia, Ohio State",9.7750,,,9.7250,,A,Rutgers,31044,Emily Leese
"Sat, Jan-21-2023",Illinois,9.8500,,,9.8750,,H,Rutgers,31044,Emily Leese
"Fri, Jan-27-2023",Oregon State,9.8250,,,9.8000,,A,Rutgers,31044,Emily Leese
"Mon, Jan-30-2023",Penn State,9.9000,,,9.8500,,A,Rutgers,31044,Emily Leese
"Fri, Feb-03-2023","Fisk, Michigan, Southern Conn.",9.3500,,9.6750,9.8250,,H,Rutgers,31044,Emily Leese
"Sat, Feb-11-2023",Maryland,9.7500,,9.8250,9.9250,,H,Rutgers,31044,Emily Leese
"Sat, Feb-18-2023",Iowa,9.7500,,9.6500,9.7750,,A,Rutgers,31044,Emily Leese
"Sat, Feb-25-2023","Michigan State, Minnesota, Nebraska, Ohio State",9.8500,,9.7750,9.7250,,A,Rutgers,31044,Emily Leese
"Sat, Mar-04-2023",North Carolina State,9.8000,,9.8000,9.9000,,A,Rutgers,31044,Emily Leese
"Sun, Mar-12-2023","Pennsylvania, West Virginia",9.9250,,9.8250,9.9000,,H,Rutgers,31044,Emily Leese
"Sat, Mar-18-2023","Illinois, Iowa, Maryland, Michigan, Michigan State, Minnesota, Nebraska, Ohio State, Penn State",9.8250,,9.8500,9.6250,,A,Rutgers,31044,Emily Leese
"Thu, Mar-30-2023",,9.8500,,,,,A,Rutgers,31044,Emily Leese
"Sat, Feb-18-2023",Iowa,,,,,,A,Rutgers,32009,Lainey Link
"Fri, Jan-06-2023","Fisk, Georgia, North Carolina, Oregon State, Southern Utah, Stanford, Washington",9.6500,8.6250,,,,A,Rutgers,32010,Valentina Lorente-Garcia
"Sat, Jan-14-2023","Ball State, Towson, UW-Oshkosh",9.6500,,,,,H,Rutgers,32010,Valentina Lorente-Garcia
"Mon, Jan-16-2023","Fisk, Georgia, Ohio State",9.3500,,,,,A,Rutgers,32010,Valentina Lorente-Garcia
"Sat, Jan-21-2023",Illinois,9.6750,9.7000,,,,H,Rutgers,32010,Valentina Lorente-Garcia
"Fri, Jan-27-2023",Oregon State,9.6750,9.6250,,,,A,Rutgers,32010,Valentina Lorente-Garcia
"Mon, Jan-30-2023",Penn State,9.5750,8.9000,,,,A,Rutgers,32010,Valentina Lorente-Garcia
"Fri, Feb-03-2023","Fisk, Michigan, Southern Conn.",9.7250,9.0250,,,,H,Rutgers,32010,Valentina Lorente-Garcia
"Sat, Feb-11-2023",Maryland,9.5250,9.5750,,,,H,Rutgers,32010,Valentina Lorente-Garcia
"Sat, Feb-18-2023",Iowa,9.6750,9.6750,,,,A,Rutgers,32010,Valentina Lorente-Garcia
"Sat, Feb-25-2023","Michigan State, Minnesota, Nebraska, Ohio State",9.7250,9.6000,,,,A,Rutgers,32010,Valentina Lorente-Garcia
"Sat, Mar-04-2023",North Carolina State,9.6250,9.7500,,,,A,Rutgers,32010,Valentina Lorente-Garcia
"Sun, Mar-12-2023","Pennsylvania, West Virginia",9.7750,,,,,H,Rutgers,32010,Valentina Lorente-Garcia
"Mon, Jan-30-2023",Penn State,,,9.8250,,,A,Rutgers,31770,Jackie Manifold
"Fri, Feb-03-2023","Fisk, Michigan, Southern Conn.",,,9.8000,,,H,Rutgers,31770,Jackie Manifold
"Sat, Feb-11-2023",Maryland,,,9.8000,,,H,Rutgers,31770,Jackie Manifold
"Sat, Feb-18-2023",Iowa,,,9.8500,,,A,Rutgers,31770,Jackie Manifold
"Sat, Feb-25-2023","Michigan State, Minnesota, Nebraska, Ohio State",,,9.8500,,,A,Rutgers,31770,Jackie Manifold
"Sat, Mar-04-2023",North Carolina State,,,9.6750,,,A,Rutgers,31770,Jackie Manifold
"Sun, Mar-12-2023","Pennsylvania, West Virginia",,,9.9000,,,H,Rutgers,31770,Jackie Manifold
"Sat, Mar-18-2023","Illinois, Iowa, Maryland, Michigan, Michigan State, Minnesota, Nebraska, Ohio State, Penn State",,,9.8750,,,A,Rutgers,31770,Jackie Manifold
"Fri, Jan-06-2023","Fisk, Georgia, North Carolina, Oregon State, Southern Utah, Stanford, Washington",,9.6500,9.6250,,,A,Rutgers,30923,Gianna Ortiz
"Sat, Jan-14-2023","Ball State, Towson, UW-Oshkosh",,9.7250,9.8500,,,H,Rutgers,30923,Gianna Ortiz
"Mon, Jan-16-2023","Fisk, Georgia, Ohio State",,9.7500,9.7000,,,A,Rutgers,30923,Gianna Ortiz
"Sat, Jan-21-2023",Illinois,,9.6250,9.8750,,,H,Rutgers,30923,Gianna Ortiz
"Fri, Jan-27-2023",Oregon State,,,9.8000,,,A,Rutgers,30923,Gianna Ortiz
"Mon, Jan-30-2023",Penn State,,9.7750,9.8250,,,A,Rutgers,30923,Gianna Ortiz
"Fri, Feb-03-2023","Fisk, Michigan, Southern Conn.",,9.7000,9.7500,,,H,Rutgers,30923,Gianna Ortiz
"Sat, Feb-11-2023",Maryland,,9.7750,9.7500,,,H,Rutgers,30923,Gianna Ortiz
"Sat, Feb-18-2023",Iowa,,9.7500,9.8000,,,A,Rutgers,30923,Gianna Ortiz
"Sat, Feb-25-2023","Michigan State, Minnesota, Nebraska, Ohio State",,9.5250,9.8250,,,A,Rutgers,30923,Gianna Ortiz
"Sat, Mar-04-2023",North Carolina State,,9.8250,9.8500,,,A,Rutgers,30923,Gianna Ortiz
"Sun, Mar-12-2023","Pennsylvania, West Virginia",,9.7250,9.8750,,,H,Rutgers,30923,Gianna Ortiz
"Sat, Mar-18-2023","Illinois, Iowa, Maryland, Michigan, Michigan State, Minnesota, Nebraska, Ohio State, Penn State",,9.7000,9.0500,,,A,Rutgers,30923,Gianna Ortiz
"Fri, Jan-06-2023","Fisk, Georgia, North Carolina, Oregon State, Southern Utah, Stanford, Washington",9.7750,,9.5500,9.7750,,A,Rutgers,31771,Anna Pagliaro
"Sat, Jan-14-2023","Ball State, Towson, UW-Oshkosh",9.6500,,9.2750,9.8250,,H,Rutgers,31771,Anna Pagliaro
"Mon, Jan-16-2023","Fisk, Georgia, Ohio State",9.6250,,9.5500,9.7750,,A,Rutgers,31771,Anna Pagliaro
"Sat, Jan-21-2023",Illinois,9.8250,,9.8750,9.7250,,H,Rutgers,31771,Anna Pagliaro
"Fri, Jan-27-2023",Oregon State,9.7500,,9.7750,9.7750,,A,Rutgers,31771,Anna Pagliaro
"Mon, Jan-30-2023",Penn State,9.7250,,9.6000,9.6500,,A,Rutgers,31771,Anna Pagliaro
"Sat, Feb-25-2023","Michigan State, Minnesota, Nebraska, Ohio State",9.8250,,,,,A,Rutgers,31771,Anna Pagliaro
"Sat, Mar-04-2023",North Carolina State,9.6000,,,,,A,Rutgers,31771,Anna Pagliaro
"Sun, Mar-12-2023","Pennsylvania, West Virginia",9.7000,,,,,H,Rutgers,31771,Anna Pagliaro
"Sat, Mar-18-2023","Illinois, Iowa, Maryland, Michigan, Michigan State, Minnesota, Nebraska, Ohio State, Penn State",9.8000,,,,,A,Rutgers,31771,Anna Pagliaro
"Fri, Jan-06-2023","Fisk, Georgia, North Carolina, Oregon State, Southern Utah, Stanford, Washington",9.6000,,,9.4500,,A,Rutgers,32013,Harmony Webster
"Fri, Feb-03-2023","Fisk, Michigan, Southern Conn.",9.5000,,,,,H,Rutgers,32013,Harmony Webster
"Sat, Feb-11-2023",Maryland,9.4750,,,,,H,Rutgers,32013,Harmony Webster
"Sat, Feb-18-2023",Iowa,9.4000,,,,,A,Rutgers,32013,Harmony Webster
"Sun, Mar-12-2023","Pennsylvania, West Virginia",,,,9.8000,,H,Rutgers,32013,Harmony Webster
"Sat, Mar-18-2023","Illinois, Iowa, Maryland, Michigan, Michigan State, Minnesota, Nebraska, Ohio State, Penn State",,,,9.4250,,A,Rutgers,32013,Harmony Webster
"Sat, Jan-14-2023","Ball State, Towson, UW-Oshkosh",,,,9.8500,,H,Rutgers,31049,Emily Wood
"Mon, Jan-16-2023","Fisk, Georgia, Ohio State",,,,9.7250,,A,Rutgers,31049,Emily Wood
"Sat, Jan-21-2023",Illinois,,,,9.8000,,H,Rutgers,31049,Emily Wood
"Fri, Jan-27-2023",Oregon State,,,,9.8500,,A,Rutgers,31049,Emily Wood
"Mon, Jan-30-2023",Penn State,,,,9.5250,,A,Rutgers,31049,Emily Wood
"Fri, Feb-03-2023","Fisk, Michigan, Southern Conn.",,,,9.8750,,H,Rutgers,31049,Emily Wood
"Sat, Feb-11-2023",Maryland,,,,9.9250,,H,Rutgers,31049,Emily Wood
"Sat, Feb-18-2023",Iowa,,,,9.6750,,A,Rutgers,31049,Emily Wood
"Sat, Feb-25-2023","Michigan State, Minnesota, Nebraska, Ohio State",,,,9.7750,,A,Rutgers,31049,Emily Wood
"Sat, Mar-04-2023",North Carolina State,,,,9.9000,,A,Rutgers,31049,Emily Wood
"Sun, Mar-12-2023","Pennsylvania, West Virginia",,,,9.8750,,H,Rutgers,31049,Emily Wood
"Sat, Mar-18-2023","Illinois, Iowa, Maryland, Michigan, Michigan State, Minnesota, Nebraska, Ohio State, Penn State",,,,9.8750,,A,Rutgers,31049,Emily Wood
"Fri, Jan-06-2023","Fisk, Georgia, North Carolina, Oregon State, Southern Utah, Stanford, Washington",,,9.8500,9.7000,,A,Rutgers,31050,Stephanie Zannella
"Sat, Jan-14-2023","Ball State, Towson, UW-Oshkosh",,,9.7250,9.6250,,H,Rutgers,31050,Stephanie Zannella
"Mon, Jan-16-2023","Fisk, Georgia, Ohio State",,,9.8000,9.7500,,A,Rutgers,31050,Stephanie Zannella
"Sat, Jan-21-2023",Illinois,,,9.8500,9.7250,,H,Rutgers,31050,Stephanie Zannella
"Fri, Jan-27-2023",Oregon State,,,9.7000,9.0500,,A,Rutgers,31050,Stephanie Zannella
"Mon, Jan-30-2023",Penn State,,,9.8250,9.1000,,A,Rutgers,31050,Stephanie Zannella
"Fri, Feb-03-2023","Fisk, Michigan, Southern Conn.",,,9.8250,9.7750,,H,Rutgers,31050,Stephanie Zannella
"Sat, Feb-11-2023",Maryland,,,9.8000,9.8500,,H,Rutgers,31050,Stephanie Zannella
"Sat, Feb-18-2023",Iowa,,,9.9250,9.6500,,A,Rutgers,31050,Stephanie Zannella
"Sat, Feb-25-2023","Michigan State, Minnesota, Nebraska, Ohio State",,,9.8750,9.5750,,A,Rutgers,31050,Stephanie Zannella
"Sat, Mar-04-2023",North Carolina State,,,9.8250,9.7750,,A,Rutgers,31050,Stephanie Zannella
"Sun, Mar-12-2023","Pennsylvania, West Virginia",,,9.9250,,,H,Rutgers,31050,Stephanie Zannella
"Sat, Mar-18-2023","Illinois, Iowa, Maryland, Michigan, Michigan State, Minnesota, Nebraska, Ohio State, Penn State",,,9.9250,,,A,Rutgers,31050,Stephanie Zannella
"Thu, Mar-30-2023",,,,9.5750,,,A,Rutgers,31050,Stephanie Zannella
"Fri, Jan-06-2023","Fisk, Georgia, North Carolina, Oregon State, Southern Utah, Stanford, Washington",,9.5000,,,,A,Rutgers,30511,Jordyn Zieden-Weber
"Mon, Jan-30-2023",Penn State,,9.6500,,,,A,Rutgers,30511,Jordyn Zieden-Weber
"Fri, Feb-03-2023","Fisk, Michigan, Southern Conn.",,9.6250,,,,H,Rutgers,30511,Jordyn Zieden-Weber
"Sat, Feb-11-2023",Maryland,,9.8000,,,,H,Rutgers,30511,Jordyn Zieden-Weber
"Sat, Feb-18-2023",Iowa,,9.7000,,,,A,Rutgers,30511,Jordyn Zieden-Weber
"Sat, Feb-25-2023","Michigan State, Minnesota, Nebraska, Ohio State",,9.6000,8.9750,,,A,Rutgers,30511,Jordyn Zieden-Weber
"Sat, Mar-04-2023",North Carolina State,,9.7750,,,,A,Rutgers,30511,Jordyn Zieden-Weber
"Sun, Mar-12-2023","Pennsylvania, West Virginia",,9.7000,,,,H,Rutgers,30511,Jordyn Zieden-Weber
"Sat, Mar-18-2023","Illinois, Iowa, Maryland, Michigan, Michigan State, Minnesota, Nebraska, Ohio State, Penn State",,9.7250,,,,A,Rutgers,30511,Jordyn Zieden-Weber
"Sat, Jan-21-2023","Brown, Denver, Oregon State",,,,9.5750,,A,Sacramento State,30626,Simone Dumas-Guzman
"Fri, Jan-27-2023",Alaska,,,,9.4500,,H,Sacramento State,30626,Simone Dumas-Guzman
"Sun, Jan-29-2023","San Jose State, UW-La Crosse",,,,9.6500,,A,Sacramento State,30626,Simone Dumas-Guzman
"Fri, Feb-03-2023",Air Force,,,,9.5750,,A,Sacramento State,30626,Simone Dumas-Guzman
"Sun, Feb-12-2023",UC Davis,,,,9.7500,,A,Sacramento State,30626,Simone Dumas-Guzman
"Fri, Feb-17-2023",San Jose State,,,,9.7000,,H,Sacramento State,30626,Simone Dumas-Guzman
"Sun, Jan-08-2023",UC Davis,9.6500,,,,,H,Sacramento State,31145,Sarah Fitzgerald
"Sat, Jan-21-2023","Brown, Denver, Oregon State",9.6500,,,,,A,Sacramento State,31145,Sarah Fitzgerald
"Fri, Jan-27-2023",Alaska,9.7500,,,,,H,Sacramento State,31145,Sarah Fitzgerald
"Sun, Jan-29-2023","San Jose State, UW-La Crosse",9.5250,,,,,A,Sacramento State,31145,Sarah Fitzgerald
"Fri, Feb-03-2023",Air Force,9.6500,,,,,A,Sacramento State,31145,Sarah Fitzgerald
"Sun, Feb-12-2023",UC Davis,9.7750,9.8000,9.6000,,,A,Sacramento State,31145,Sarah Fitzgerald
"Fri, Feb-17-2023",San Jose State,9.7500,9.2000,9.3750,,,H,Sacramento State,31145,Sarah Fitzgerald
"Fri, Feb-24-2023",Air Force,9.7250,9.8250,,,,H,Sacramento State,31145,Sarah Fitzgerald
"Fri, Mar-03-2023","San Jose State, Southern Utah, UC Davis",9.7500,9.7250,,,,H,Sacramento State,31145,Sarah Fitzgerald
"Sun, Mar-12-2023","Arizona, California, UC Davis",9.7750,,,,,A,Sacramento State,31145,Sarah Fitzgerald
"Sat, Mar-18-2023","Air Force, Alaska, San Jose State, UC Davis",9.6750,,,,,A,Sacramento State,31145,Sarah Fitzgerald
"Sun, Jan-08-2023",UC Davis,,,9.5000,,,H,Sacramento State,30513,Peyton Gillen
"Sat, Jan-21-2023","Brown, Denver, Oregon State",,,9.6750,,,A,Sacramento State,30513,Peyton Gillen
"Fri, Jan-27-2023",Alaska,,,9.8000,,,H,Sacramento State,30513,Peyton Gillen
"Sun, Jan-29-2023","San Jose State, UW-La Crosse",,,9.8500,,,A,Sacramento State,30513,Peyton Gillen
"Fri, Feb-03-2023",Air Force,,,9.5250,,,A,Sacramento State,30513,Peyton Gillen
"Fri, Feb-17-2023",San Jose State,,,9.8250,,,H,Sacramento State,30513,Peyton Gillen
"Fri, Feb-24-2023",Air Force,,,9.8000,,,H,Sacramento State,30513,Peyton Gillen
"Fri, Mar-03-2023","San Jose State, Southern Utah, UC Davis",,,9.8750,,,H,Sacramento State,30513,Peyton Gillen
"Sun, Mar-12-2023","Arizona, California, UC Davis",,,9.8750,,,A,Sacramento State,30513,Peyton Gillen
"Sat, Mar-18-2023","Air Force, Alaska, San Jose State, UC Davis",,,9.3000,,,A,Sacramento State,30513,Peyton Gillen
"Sun, Jan-08-2023",UC Davis,9.7000,,9.7000,9.5500,,H,Sacramento State,31470,Grace Gilman
"Sat, Jan-21-2023","Brown, Denver, Oregon State",9.1750,,9.1750,9.6500,,A,Sacramento State,31470,Grace Gilman
"Fri, Jan-27-2023",Alaska,,,9.7250,,,H,Sacramento State,31470,Grace Gilman
"Sun, Jan-29-2023","San Jose State, UW-La Crosse",9.6500,,9.9000,9.0750,,A,Sacramento State,31470,Grace Gilman
"Fri, Feb-03-2023",Air Force,9.4000,,9.8500,9.7750,,A,Sacramento State,31470,Grace Gilman
"Sun, Feb-12-2023",UC Davis,9.1000,,9.7500,9.6500,,A,Sacramento State,31470,Grace Gilman
"Fri, Feb-17-2023",San Jose State,9.6000,,9.8250,9.8000,,H,Sacramento State,31470,Grace Gilman
"Fri, Feb-24-2023",Air Force,9.6750,,9.8250,9.7250,,H,Sacramento State,31470,Grace Gilman
"Fri, Mar-03-2023","San Jose State, Southern Utah, UC Davis",9.7250,,9.1000,9.7500,,H,Sacramento State,31470,Grace Gilman
"Sun, Mar-12-2023","Arizona, California, UC Davis",,,9.8250,9.6500,,A,Sacramento State,31470,Grace Gilman
"Sat, Mar-18-2023","Air Force, Alaska, San Jose State, UC Davis",,,9.8000,9.8000,,A,Sacramento State,31470,Grace Gilman
"Sun, Jan-08-2023",UC Davis,,9.4750,,,,H,Sacramento State,32017,Kara Houghton
"Sat, Jan-21-2023","Brown, Denver, Oregon State",,9.1000,,,,A,Sacramento State,32017,Kara Houghton
"Fri, Jan-27-2023",Alaska,,9.7250,,9.6250,,H,Sacramento State,32017,Kara Houghton
"Sun, Jan-29-2023","San Jose State, UW-La Crosse",,9.7000,,9.6500,,A,Sacramento State,32017,Kara Houghton
"Fri, Feb-03-2023",Air Force,,9.2500,,9.6750,,A,Sacramento State,32017,Kara Houghton
"Sun, Feb-12-2023",UC Davis,,9.8000,9.1000,9.7750,,A,Sacramento State,32017,Kara Houghton
"Fri, Feb-17-2023",San Jose State,,9.7750,,,,H,Sacramento State,32017,Kara Houghton
"Fri, Feb-24-2023",Air Force,,9.8750,9.7000,9.8500,,H,Sacramento State,32017,Kara Houghton
"Fri, Mar-03-2023","San Jose State, Southern Utah, UC Davis",,9.7750,9.6500,9.7750,,H,Sacramento State,32017,Kara Houghton
"Sun, Mar-12-2023","Arizona, California, UC Davis",,9.7000,9.7500,9.7750,,A,Sacramento State,32017,Kara Houghton
"Sat, Mar-18-2023","Air Force, Alaska, San Jose State, UC Davis",,9.3000,9.6500,9.7500,,A,Sacramento State,32017,Kara Houghton
"Sun, Jan-08-2023",UC Davis,,8.6750,9.1500,9.7500,,H,Sacramento State,30168,Amber Koeth
"Sat, Jan-21-2023","Brown, Denver, Oregon State",,9.7500,9.8250,9.7250,,A,Sacramento State,30168,Amber Koeth
"Fri, Jan-27-2023",Alaska,,9.7500,9.8000,9.8750,,H,Sacramento State,30168,Amber Koeth
"Sun, Jan-29-2023","San Jose State, UW-La Crosse",,9.8000,9.7750,9.8500,,A,Sacramento State,30168,Amber Koeth
"Fri, Feb-03-2023",Air Force,,9.6000,9.9000,9.8250,,A,Sacramento State,30168,Amber Koeth
"Fri, Feb-17-2023",San Jose State,,9.8500,9.9250,9.7000,,H,Sacramento State,30168,Amber Koeth
"Fri, Feb-24-2023",Air Force,,9.8750,9.9000,9.8500,,H,Sacramento State,30168,Amber Koeth
"Fri, Mar-03-2023","San Jose State, Southern Utah, UC Davis",,9.7750,9.9500,9.9500,,H,Sacramento State,30168,Amber Koeth
"Sun, Mar-12-2023","Arizona, California, UC Davis",,9.6750,9.8500,9.8250,,A,Sacramento State,30168,Amber Koeth
"Sat, Mar-18-2023","Air Force, Alaska, San Jose State, UC Davis",,9.8000,9.8500,9.8250,,A,Sacramento State,30168,Amber Koeth
"Thu, Mar-30-2023",,,,9.8750,,,A,Sacramento State,30168,Amber Koeth
"Sun, Jan-08-2023",UC Davis,,9.4250,,,,H,Sacramento State,30514,Bella Lahmidi
"Sat, Jan-21-2023","Brown, Denver, Oregon State",9.6750,9.7250,,,,A,Sacramento State,30514,Bella Lahmidi
"Fri, Jan-27-2023",Alaska,9.7250,9.7250,,,,H,Sacramento State,30514,Bella Lahmidi
"Sun, Jan-29-2023","San Jose State, UW-La Crosse",9.5250,9.6750,,,,A,Sacramento State,30514,Bella Lahmidi
"Fri, Feb-03-2023",Air Force,9.6500,9.5250,,,,A,Sacramento State,30514,Bella Lahmidi
"Sun, Feb-12-2023",UC Davis,9.7000,9.7750,,9.7250,,A,Sacramento State,30514,Bella Lahmidi
"Fri, Feb-17-2023",San Jose State,9.6750,9.8000,,9.6250,,H,Sacramento State,30514,Bella Lahmidi
"Fri, Feb-24-2023",Air Force,9.6250,9.7250,,9.7000,,H,Sacramento State,30514,Bella Lahmidi
"Fri, Mar-03-2023","San Jose State, Southern Utah, UC Davis",9.7500,9.7000,,9.5500,,H,Sacramento State,30514,Bella Lahmidi
"Sun, Mar-12-2023","Arizona, California, UC Davis",9.6750,9.6000,,9.5250,,A,Sacramento State,30514,Bella Lahmidi
"Sat, Mar-18-2023","Air Force, Alaska, San Jose State, UC Davis",9.6250,9.8250,,,,A,Sacramento State,30514,Bella Lahmidi
"Sun, Jan-08-2023",UC Davis,,,,9.3750,,H,Sacramento State,30515,Anna LeRoy
"Sat, Jan-21-2023","Brown, Denver, Oregon State",,,,9.5000,,A,Sacramento State,30515,Anna LeRoy
"Fri, Jan-27-2023",Alaska,,,,9.6000,,H,Sacramento State,30515,Anna LeRoy
"Fri, Feb-24-2023",Air Force,,,,9.5750,,H,Sacramento State,30515,Anna LeRoy
"Sun, Jan-08-2023",UC Davis,9.7500,9.7250,9.5250,9.4500,38.4500,H,Sacramento State,32014,Sarah Lutrel
"Sat, Jan-21-2023","Brown, Denver, Oregon State",9.5000,9.0500,9.2500,9.7250,37.5250,A,Sacramento State,32014,Sarah Lutrel
"Fri, Jan-27-2023",Alaska,9.8000,9.7250,9.8500,9.7750,39.1500,H,Sacramento State,32014,Sarah Lutrel
"Sun, Jan-29-2023","San Jose State, UW-La Crosse",9.7000,9.7750,9.9250,9.6750,39.0750,A,Sacramento State,32014,Sarah Lutrel
"Fri, Feb-03-2023",Air Force,9.8250,9.5000,9.7000,9.7750,38.8000,A,Sacramento State,32014,Sarah Lutrel
"Sun, Feb-12-2023",UC Davis,9.7250,9.7250,9.7500,9.7000,38.9000,A,Sacramento State,32014,Sarah Lutrel
"Fri, Mar-03-2023","San Jose State, Southern Utah, UC Davis",,9.7500,9.7000,,,H,Sacramento State,32014,Sarah Lutrel
"Sun, Mar-12-2023","Arizona, California, UC Davis",9.7250,9.6500,9.9000,,,A,Sacramento State,32014,Sarah Lutrel
"Sat, Mar-18-2023","Air Force, Alaska, San Jose State, UC Davis",9.6000,9.8250,9.2000,9.6750,38.3000,A,Sacramento State,32014,Sarah Lutrel
"Sun, Jan-08-2023",UC Davis,9.7750,9.4500,9.6750,9.5500,38.4500,H,Sacramento State,31146,Emma Morgenthaler
"Sat, Jan-21-2023","Brown, Denver, Oregon State",9.8250,9.7750,8.8500,9.7500,38.2000,A,Sacramento State,31146,Emma Morgenthaler
"Fri, Jan-27-2023",Alaska,9.8000,9.7000,9.8250,9.8250,39.1500,H,Sacramento State,31146,Emma Morgenthaler
"Sun, Jan-29-2023","San Jose State, UW-La Crosse",9.7500,8.7500,9.7750,9.8250,38.1000,A,Sacramento State,31146,Emma Morgenthaler
"Fri, Feb-03-2023",Air Force,9.2250,9.4250,9.8000,9.8000,38.2500,A,Sacramento State,31146,Emma Morgenthaler
"Sun, Feb-12-2023",UC Davis,9.8750,9.7250,9.8000,9.8500,39.2500,A,Sacramento State,31146,Emma Morgenthaler
"Fri, Feb-17-2023",San Jose State,9.8000,9.7500,9.8000,9.8250,39.1750,H,Sacramento State,31146,Emma Morgenthaler
"Fri, Feb-24-2023",Air Force,9.8000,9.6750,9.7500,9.8250,39.0500,H,Sacramento State,31146,Emma Morgenthaler
"Fri, Mar-03-2023","San Jose State, Southern Utah, UC Davis",9.7500,,9.5750,9.8750,,H,Sacramento State,31146,Emma Morgenthaler
"Sun, Mar-12-2023","Arizona, California, UC Davis",9.7000,9.3750,9.7500,9.8250,38.6500,A,Sacramento State,31146,Emma Morgenthaler
"Sat, Mar-18-2023","Air Force, Alaska, San Jose State, UC Davis",9.7000,9.8500,9.7500,9.7500,39.0500,A,Sacramento State,31146,Emma Morgenthaler
"Sun, Jan-08-2023",UC Davis,9.4250,,,8.1500,,H,Sacramento State,32015,Olivia Schmitt
"Sun, Jan-08-2023",UC Davis,,9.6000,,,,H,Sacramento State,31148,Torri Tavenner
"Sat, Jan-21-2023","Brown, Denver, Oregon State",9.7000,9.7000,,,,A,Sacramento State,31148,Torri Tavenner
"Fri, Jan-27-2023",Alaska,9.6750,9.7250,,,,H,Sacramento State,31148,Torri Tavenner
"Sun, Jan-29-2023","San Jose State, UW-La Crosse",9.5750,9.7250,,,,A,Sacramento State,31148,Torri Tavenner
"Fri, Feb-03-2023",Air Force,,9.6750,,,,A,Sacramento State,31148,Torri Tavenner
"Sun, Feb-12-2023",UC Davis,,7.5000,,,,A,Sacramento State,31148,Torri Tavenner
"Fri, Feb-17-2023",San Jose State,9.6500,9.7750,,8.9750,,H,Sacramento State,31148,Torri Tavenner
"Fri, Feb-24-2023",Air Force,9.6750,9.8500,,,,H,Sacramento State,31148,Torri Tavenner
"Fri, Mar-03-2023","San Jose State, Southern Utah, UC Davis",9.6500,9.7500,,9.8500,,H,Sacramento State,31148,Torri Tavenner
"Sun, Mar-12-2023","Arizona, California, UC Davis",9.7500,9.6000,,9.7000,,A,Sacramento State,31148,Torri Tavenner
"Sat, Mar-18-2023","Air Force, Alaska, San Jose State, UC Davis",9.6500,9.7000,,9.7000,,A,Sacramento State,31148,Torri Tavenner
"Sun, Jan-08-2023",UC Davis,9.6000,,8.9750,,,H,Sacramento State,32016,Rylin Zimmerman
"Sat, Jan-21-2023","Brown, Denver, Oregon State",,,9.6500,,,A,Sacramento State,32016,Rylin Zimmerman
"Fri, Jan-27-2023",Alaska,9.2000,,9.0500,,,H,Sacramento State,32016,Rylin Zimmerman
"Sun, Jan-29-2023","San Jose State, UW-La Crosse",,,9.1000,,,A,Sacramento State,32016,Rylin Zimmerman
"Fri, Feb-03-2023",Air Force,9.7750,,9.2250,,,A,Sacramento State,32016,Rylin Zimmerman
"Sun, Feb-12-2023",UC Davis,9.3500,,9.6750,,,A,Sacramento State,32016,Rylin Zimmerman
"Fri, Feb-17-2023",San Jose State,9.7250,,9.4000,,,H,Sacramento State,32016,Rylin Zimmerman
"Fri, Feb-24-2023",Air Force,9.7750,,9.4750,,,H,Sacramento State,32016,Rylin Zimmerman
"Fri, Mar-03-2023","San Jose State, Southern Utah, UC Davis",9.7500,,,,,H,Sacramento State,32016,Rylin Zimmerman
"Sun, Mar-12-2023","Arizona, California, UC Davis",9.7250,,,,,A,Sacramento State,32016,Rylin Zimmerman
"Sat, Mar-18-2023","Air Force, Alaska, San Jose State, UC Davis",9.7250,,,,,A,Sacramento State,32016,Rylin Zimmerman
"Sun, Feb-05-2023",UC Davis,,,9.8250,,,A,San Jose State,30108,Ariana Castrence
"Fri, Feb-10-2023",Air Force,,,9.6000,,,H,San Jose State,30108,Ariana Castrence
"Fri, Mar-03-2023","Sacramento State, Southern Utah, UC Davis",9.8000,9.7750,9.7750,,,A,San Jose State,30108,Ariana Castrence
"Sun, Mar-05-2023",Southern Utah,9.8000,9.8250,9.4500,,,H,San Jose State,30108,Ariana Castrence
"Fri, Mar-10-2023","Iowa, Southern Utah",9.7750,9.7750,,,,A,San Jose State,30108,Ariana Castrence
"Sat, Mar-18-2023","Air Force, Alaska, Sacramento State, UC Davis",9.8250,9.7750,,,,A,San Jose State,30108,Ariana Castrence
"Sat, Jan-14-2023",Stanford,9.7000,,9.8000,9.6500,,A,San Jose State,32018,Kyra Cato
"Mon, Jan-16-2023",Air Force,9.6750,,,8.2500,,A,San Jose State,32018,Kyra Cato
"Sun, Feb-05-2023",UC Davis,9.8500,,,,,A,San Jose State,32018,Kyra Cato
"Fri, Feb-10-2023",Air Force,9.6500,,9.7750,,,H,San Jose State,32018,Kyra Cato
"Fri, Feb-17-2023",Sacramento State,9.8250,,9.8500,,,A,San Jose State,32018,Kyra Cato
"Fri, Feb-24-2023",UC Davis,9.7500,,9.8250,,,H,San Jose State,32018,Kyra Cato
"Fri, Mar-03-2023","Sacramento State, Southern Utah, UC Davis",9.7750,,9.8250,,,A,San Jose State,32018,Kyra Cato
"Sun, Mar-05-2023",Southern Utah,9.6500,,9.6500,,,H,San Jose State,32018,Kyra Cato
"Fri, Mar-10-2023","Iowa, Southern Utah",,,9.9000,,,A,San Jose State,32018,Kyra Cato
"Sat, Mar-18-2023","Air Force, Alaska, Sacramento State, UC Davis",8.4500,,9.8250,,,A,San Jose State,32018,Kyra Cato
"Sun, Jan-29-2023","Sacramento State, UW-La Crosse",,,,9.1000,,H,San Jose State,31051,Natasha Forrand
"Sun, Feb-05-2023",UC Davis,,,,9.7000,,A,San Jose State,31051,Natasha Forrand
"Fri, Feb-10-2023",Air Force,,,,,,H,San Jose State,31051,Natasha Forrand
"Fri, Feb-24-2023",UC Davis,,,,,,H,San Jose State,31051,Natasha Forrand
"Fri, Mar-03-2023","Sacramento State, Southern Utah, UC Davis",,,,,,A,San Jose State,31051,Natasha Forrand
"Sat, Jan-14-2023",Stanford,9.5250,,,9.7000,,A,San Jose State,31473,Micheala Gentry
"Mon, Jan-16-2023",Air Force,9.6750,,,9.6750,,A,San Jose State,31473,Micheala Gentry
"Sun, Jan-29-2023","Sacramento State, UW-La Crosse",9.7250,,,9.6250,,H,San Jose State,31473,Micheala Gentry
"Sun, Feb-05-2023",UC Davis,9.7000,,,9.7500,,A,San Jose State,31473,Micheala Gentry
"Fri, Feb-10-2023",Air Force,9.6750,,,9.8000,,H,San Jose State,31473,Micheala Gentry
"Fri, Feb-17-2023",Sacramento State,9.7500,,,9.7500,,A,San Jose State,31473,Micheala Gentry
"Fri, Feb-24-2023",UC Davis,9.7250,,,9.7250,,H,San Jose State,31473,Micheala Gentry
"Fri, Mar-03-2023","Sacramento State, Southern Utah, UC Davis",,,,9.8250,,A,San Jose State,31473,Micheala Gentry
"Sun, Mar-05-2023",Southern Utah,,,,9.8750,,H,San Jose State,31473,Micheala Gentry
"Fri, Mar-10-2023","Iowa, Southern Utah",9.8000,,,9.7000,,A,San Jose State,31473,Micheala Gentry
"Sat, Mar-18-2023","Air Force, Alaska, Sacramento State, UC Davis",9.7000,,,9.8000,,A,San Jose State,31473,Micheala Gentry
"Fri, Feb-17-2023",Sacramento State,,9.7000,,,,A,San Jose State,31474,Trinity Johnson
"Fri, Feb-24-2023",UC Davis,,9.4750,,,,H,San Jose State,31474,Trinity Johnson
"Sat, Jan-14-2023",Stanford,,,,9.7750,,A,San Jose State,30631,Cameron Kelperis
"Mon, Jan-16-2023",Air Force,,,,9.4750,,A,San Jose State,30631,Cameron Kelperis
"Sun, Jan-29-2023","Sacramento State, UW-La Crosse",,,,9.8250,,H,San Jose State,30631,Cameron Kelperis
"Sun, Feb-05-2023",UC Davis,,,,9.8500,,A,San Jose State,30631,Cameron Kelperis
"Fri, Feb-10-2023",Air Force,,,,9.8500,,H,San Jose State,30631,Cameron Kelperis
"Fri, Feb-17-2023",Sacramento State,,,,9.7250,,A,San Jose State,30631,Cameron Kelperis
"Fri, Feb-24-2023",UC Davis,,,,9.8250,,H,San Jose State,30631,Cameron Kelperis
"Fri, Mar-03-2023","Sacramento State, Southern Utah, UC Davis",,,,9.9000,,A,San Jose State,30631,Cameron Kelperis
"Sun, Mar-05-2023",Southern Utah,,,,9.9250,,H,San Jose State,30631,Cameron Kelperis
"Fri, Mar-10-2023","Iowa, Southern Utah",,,,9.7750,,A,San Jose State,30631,Cameron Kelperis
"Sat, Mar-18-2023","Air Force, Alaska, Sacramento State, UC Davis",,,,9.8500,,A,San Jose State,30631,Cameron Kelperis
"Sat, Jan-14-2023",Stanford,9.6000,,9.8250,,,A,San Jose State,31052,Madison Kirsch
"Mon, Jan-16-2023",Air Force,9.8500,,9.7000,,,A,San Jose State,31052,Madison Kirsch
"Sun, Jan-29-2023","Sacramento State, UW-La Crosse",8.9250,,9.8000,,,H,San Jose State,31052,Madison Kirsch
"Sun, Feb-05-2023",UC Davis,9.8500,,9.8000,,,A,San Jose State,31052,Madison Kirsch
"Fri, Feb-10-2023",Air Force,9.8500,,9.8250,,,H,San Jose State,31052,Madison Kirsch
"Fri, Feb-17-2023",Sacramento State,9.7500,,9.8000,,,A,San Jose State,31052,Madison Kirsch
"Fri, Feb-24-2023",UC Davis,9.6750,,9.7250,,,H,San Jose State,31052,Madison Kirsch
"Fri, Mar-03-2023","Sacramento State, Southern Utah, UC Davis",9.8000,,9.6250,,,A,San Jose State,31052,Madison Kirsch
"Sun, Mar-05-2023",Southern Utah,9.7500,,9.7250,,,H,San Jose State,31052,Madison Kirsch
"Fri, Mar-10-2023","Iowa, Southern Utah",9.8750,,8.9750,,,A,San Jose State,31052,Madison Kirsch
"Sat, Mar-18-2023","Air Force, Alaska, Sacramento State, UC Davis",9.7000,,8.9500,,,A,San Jose State,31052,Madison Kirsch
"Sat, Jan-14-2023",Stanford,,9.7250,,,,A,San Jose State,31475,Sophia Konieczny
"Mon, Jan-16-2023",Air Force,,9.7250,,,,A,San Jose State,31475,Sophia Konieczny
"Fri, Feb-10-2023",Air Force,,,,,,H,San Jose State,31475,Sophia Konieczny
"Fri, Feb-17-2023",Sacramento State,,9.7000,,,,A,San Jose State,31475,Sophia Konieczny
"Fri, Feb-24-2023",UC Davis,,,,,,H,San Jose State,31475,Sophia Konieczny
"Sun, Mar-05-2023",Southern Utah,,,,,,H,San Jose State,31475,Sophia Konieczny
"Sat, Jan-14-2023",Stanford,9.8250,9.7000,9.8000,9.7250,39.0500,A,San Jose State,31053,Jaudai Lopes
"Mon, Jan-16-2023",Air Force,9.8250,9.6750,9.7250,9.8250,39.0500,A,San Jose State,31053,Jaudai Lopes
"Sun, Jan-29-2023","Sacramento State, UW-La Crosse",9.8500,9.7500,9.7000,9.8250,39.1250,H,San Jose State,31053,Jaudai Lopes
"Sun, Feb-05-2023",UC Davis,9.8500,9.7250,9.0750,9.8750,38.5250,A,San Jose State,31053,Jaudai Lopes
"Fri, Feb-10-2023",Air Force,9.8500,9.7750,,9.8250,,H,San Jose State,31053,Jaudai Lopes
"Fri, Feb-17-2023",Sacramento State,9.9500,9.8000,9.7750,9.8750,39.4000,A,San Jose State,31053,Jaudai Lopes
"Fri, Feb-24-2023",UC Davis,9.8750,9.7250,9.6750,8.9500,38.2250,H,San Jose State,31053,Jaudai Lopes
"Fri, Mar-03-2023","Sacramento State, Southern Utah, UC Davis",9.8500,9.7000,,,,A,San Jose State,31053,Jaudai Lopes
"Sun, Mar-05-2023",Southern Utah,9.9250,,,9.8750,,H,San Jose State,31053,Jaudai Lopes
"Fri, Mar-10-2023","Iowa, Southern Utah",9.8250,,9.8250,9.8000,,A,San Jose State,31053,Jaudai Lopes
"Sat, Mar-18-2023","Air Force, Alaska, Sacramento State, UC Davis",9.8250,9.7250,9.2500,9.8750,38.6750,A,San Jose State,31053,Jaudai Lopes
"Thu, Mar-30-2023",,9.8000,,,,,A,San Jose State,31053,Jaudai Lopes
"Sat, Jan-14-2023",Stanford,9.8000,9.8250,9.8500,9.8500,39.3250,A,San Jose State,31054,Lauren Macpherson
"Mon, Jan-16-2023",Air Force,9.8000,9.7500,9.8250,9.7250,39.1000,A,San Jose State,31054,Lauren Macpherson
"Sun, Jan-29-2023","Sacramento State, UW-La Crosse",9.7500,9.8500,9.8250,9.2500,38.6750,H,San Jose State,31054,Lauren Macpherson
"Sun, Feb-05-2023",UC Davis,9.7500,9.8000,9.8250,9.9000,39.2750,A,San Jose State,31054,Lauren Macpherson
"Fri, Feb-10-2023",Air Force,9.8250,9.9000,9.9250,9.7250,39.3750,H,San Jose State,31054,Lauren Macpherson
"Fri, Feb-17-2023",Sacramento State,9.8000,9.8750,9.9250,9.9000,39.5000,A,San Jose State,31054,Lauren Macpherson
"Fri, Feb-24-2023",UC Davis,9.8000,9.7500,9.8750,9.8250,39.2500,H,San Jose State,31054,Lauren Macpherson
"Fri, Mar-03-2023","Sacramento State, Southern Utah, UC Davis",9.8750,9.8000,9.9500,9.9250,39.5500,A,San Jose State,31054,Lauren Macpherson
"Sun, Mar-05-2023",Southern Utah,9.7750,9.8250,9.9000,9.8750,39.3750,H,San Jose State,31054,Lauren Macpherson
"Fri, Mar-10-2023","Iowa, Southern Utah",9.6250,9.9000,9.8250,9.7750,39.1250,A,San Jose State,31054,Lauren Macpherson
"Sat, Mar-18-2023","Air Force, Alaska, Sacramento State, UC Davis",9.7500,9.8500,9.8750,9.8250,39.3000,A,San Jose State,31054,Lauren Macpherson
"Thu, Mar-30-2023",,9.8000,9.8500,9.8500,9.7000,39.2000,A,San Jose State,31054,Lauren Macpherson
"Sat, Jan-14-2023",Stanford,9.8000,9.9000,8.9500,9.9000,38.5500,A,San Jose State,30632,Jada Mazury
"Mon, Jan-16-2023",Air Force,9.7000,9.7500,9.9000,9.8750,39.2250,A,San Jose State,30632,Jada Mazury
"Sun, Jan-29-2023","Sacramento State, UW-La Crosse",9.5250,9.9000,9.2000,9.8250,38.4500,H,San Jose State,30632,Jada Mazury
"Sun, Feb-05-2023",UC Davis,,9.7750,,9.9000,,A,San Jose State,30632,Jada Mazury
"Fri, Feb-10-2023",Air Force,,8.8500,,9.9250,,H,San Jose State,30632,Jada Mazury
"Fri, Feb-17-2023",Sacramento State,,,,9.9000,,A,San Jose State,30632,Jada Mazury
"Fri, Feb-24-2023",UC Davis,,9.8500,,9.9250,,H,San Jose State,30632,Jada Mazury
"Fri, Mar-03-2023","Sacramento State, Southern Utah, UC Davis",9.8000,9.7750,,9.9250,,A,San Jose State,30632,Jada Mazury
"Sun, Mar-05-2023",Southern Utah,9.7500,9.8250,,9.8750,,H,San Jose State,30632,Jada Mazury
"Fri, Mar-10-2023","Iowa, Southern Utah",9.7500,8.9750,,9.8750,,A,San Jose State,30632,Jada Mazury
"Sat, Mar-18-2023","Air Force, Alaska, Sacramento State, UC Davis",,9.9000,,9.8500,,A,San Jose State,30632,Jada Mazury
"Thu, Mar-30-2023",,,,,9.6750,,A,San Jose State,30632,Jada Mazury
"Sat, Jan-14-2023",Stanford,,9.8000,9.8750,,,A,San Jose State,30633,Emma Milne
"Mon, Jan-16-2023",Air Force,,9.8750,9.8250,,,A,San Jose State,30633,Emma Milne
"Sun, Jan-29-2023","Sacramento State, UW-La Crosse",,9.9250,9.9250,,,H,San Jose State,30633,Emma Milne
"Sun, Feb-05-2023",UC Davis,,9.8500,9.8750,,,A,San Jose State,30633,Emma Milne
"Fri, Feb-10-2023",Air Force,,9.9000,9.8500,,,H,San Jose State,30633,Emma Milne
"Fri, Feb-17-2023",Sacramento State,,9.8750,9.9500,,,A,San Jose State,30633,Emma Milne
"Fri, Feb-24-2023",UC Davis,,9.9000,9.8500,,,H,San Jose State,30633,Emma Milne
"Fri, Mar-03-2023","Sacramento State, Southern Utah, UC Davis",,9.8500,9.8500,,,A,San Jose State,30633,Emma Milne
"Sun, Mar-05-2023",Southern Utah,,8.9250,9.0750,,,H,San Jose State,30633,Emma Milne
"Fri, Mar-10-2023","Iowa, Southern Utah",,9.7250,9.8000,,,A,San Jose State,30633,Emma Milne
"Sat, Mar-18-2023","Air Force, Alaska, Sacramento State, UC Davis",,9.8250,9.7500,,,A,San Jose State,30633,Emma Milne
"Thu, Mar-30-2023",,,9.8750,9.8750,,,A,San Jose State,30633,Emma Milne
"Sun, Jan-29-2023","Sacramento State, UW-La Crosse",9.4750,,,,,H,San Jose State,32020,Mikaela Pitts
"Sun, Feb-05-2023",UC Davis,9.6750,,,,,A,San Jose State,32020,Mikaela Pitts
"Fri, Feb-10-2023",Air Force,9.7250,,,,,H,San Jose State,32020,Mikaela Pitts
"Fri, Feb-17-2023",Sacramento State,9.7500,,,,,A,San Jose State,32020,Mikaela Pitts
"Fri, Feb-24-2023",UC Davis,9.0750,,,,,H,San Jose State,32020,Mikaela Pitts
"Sun, Jan-29-2023","Sacramento State, UW-La Crosse",,9.8500,,,,H,San Jose State,30635,Alexa Solomon
"Sun, Feb-05-2023",UC Davis,,9.8000,,,,A,San Jose State,30635,Alexa Solomon
"Fri, Feb-10-2023",Air Force,,9.9000,,,,H,San Jose State,30635,Alexa Solomon
"Fri, Feb-17-2023",Sacramento State,,9.1750,,,,A,San Jose State,30635,Alexa Solomon
"Fri, Feb-24-2023",UC Davis,,9.8750,,,,H,San Jose State,30635,Alexa Solomon
"Fri, Mar-03-2023","Sacramento State, Southern Utah, UC Davis",,9.8500,,,,A,San Jose State,30635,Alexa Solomon
"Sun, Mar-05-2023",Southern Utah,,9.8750,,,,H,San Jose State,30635,Alexa Solomon
"Fri, Mar-10-2023","Iowa, Southern Utah",,9.8750,,,,A,San Jose State,30635,Alexa Solomon
"Sat, Mar-18-2023","Air Force, Alaska, Sacramento State, UC Davis",,9.7500,,,,A,San Jose State,30635,Alexa Solomon
"Sat, Jan-14-2023",Stanford,,9.7750,,,,A,San Jose State,31476,Katherine Weyhmiller
"Mon, Jan-16-2023",Air Force,,9.4500,9.7750,,,A,San Jose State,31476,Katherine Weyhmiller
"Sun, Jan-29-2023","Sacramento State, UW-La Crosse",,9.8000,9.9000,,,H,San Jose State,31476,Katherine Weyhmiller
"Sun, Feb-05-2023",UC Davis,,9.6750,9.7500,,,A,San Jose State,31476,Katherine Weyhmiller
"Fri, Feb-10-2023",Air Force,,9.1250,9.7750,9.0750,,H,San Jose State,31476,Katherine Weyhmiller
"Fri, Feb-17-2023",Sacramento State,,,9.8000,9.8500,,A,San Jose State,31476,Katherine Weyhmiller
"Fri, Feb-24-2023",UC Davis,,,9.8000,9.8500,,H,San Jose State,31476,Katherine Weyhmiller
"Fri, Mar-03-2023","Sacramento State, Southern Utah, UC Davis",,,9.5500,9.8250,,A,San Jose State,31476,Katherine Weyhmiller
"Sun, Mar-05-2023",Southern Utah,,9.9000,9.7750,8.9250,,H,San Jose State,31476,Katherine Weyhmiller
"Fri, Mar-10-2023","Iowa, Southern Utah",,9.0250,9.8250,9.7000,,A,San Jose State,31476,Katherine Weyhmiller
"Sat, Mar-18-2023","Air Force, Alaska, Sacramento State, UC Davis",,,9.8000,9.7750,,A,San Jose State,31476,Katherine Weyhmiller
"Fri, Jan-06-2023","Fisk, Georgia, North Carolina, Oregon State, Rutgers, Stanford, Washington",,9.6750,,,,A,Southern Utah,30086,Mayson Bentley
"Fri, Jan-13-2023","BYU, Utah, Utah State",,9.7500,,,,A,Southern Utah,30086,Mayson Bentley
"Fri, Jan-20-2023",Utah State,,9.7500,,,,H,Southern Utah,30086,Mayson Bentley
"Fri, Feb-03-2023",BYU,,9.8250,,,,H,Southern Utah,30086,Mayson Bentley
"Fri, Feb-10-2023",BYU,,9.8500,,,,A,Southern Utah,30086,Mayson Bentley
"Fri, Feb-17-2023",Utah State,,9.9000,,,,A,Southern Utah,30086,Mayson Bentley
"Fri, Mar-03-2023","Sacramento State, San Jose State, UC Davis",,8.8750,,,,A,Southern Utah,30086,Mayson Bentley
"Sun, Mar-05-2023",San Jose State,,9.7250,,,,A,Southern Utah,30086,Mayson Bentley
"Fri, Mar-10-2023","Iowa, San Jose State",,9.8000,,,,H,Southern Utah,30086,Mayson Bentley
"Thu, Mar-30-2023",,,9.7500,,,,A,Southern Utah,30086,Mayson Bentley
"Fri, Jan-06-2023","Fisk, Georgia, North Carolina, Oregon State, Rutgers, Stanford, Washington",9.7750,,9.7750,9.5750,,A,Southern Utah,31482,Ellie Cacciola
"Mon, Jan-09-2023",New Hampshire,9.8000,,9.8250,9.7250,,H,Southern Utah,31482,Ellie Cacciola
"Fri, Jan-13-2023","BYU, Utah, Utah State",9.8250,,9.7750,9.8500,,A,Southern Utah,31482,Ellie Cacciola
"Fri, Jan-20-2023",Utah State,9.8500,,9.9250,9.8500,,H,Southern Utah,31482,Ellie Cacciola
"Fri, Jan-27-2023",Boise State,9.8000,,9.8750,9.7750,,A,Southern Utah,31482,Ellie Cacciola
"Fri, Feb-03-2023",BYU,9.7750,,9.9000,9.8750,,H,Southern Utah,31482,Ellie Cacciola
"Fri, Feb-10-2023",BYU,9.8500,,9.7250,9.8750,,A,Southern Utah,31482,Ellie Cacciola
"Fri, Feb-17-2023",Utah State,9.8500,,9.8500,9.6500,,A,Southern Utah,31482,Ellie Cacciola
"Wed, Feb-22-2023",Boise State,9.8250,,9.8750,9.7500,,H,Southern Utah,31482,Ellie Cacciola
"Fri, Mar-03-2023","Sacramento State, San Jose State, UC Davis",9.8500,,9.9000,9.6250,,A,Southern Utah,31482,Ellie Cacciola
"Sun, Mar-05-2023",San Jose State,9.8250,,9.9000,9.8250,,A,Southern Utah,31482,Ellie Cacciola
"Fri, Mar-10-2023","Iowa, San Jose State",9.8250,,9.8000,9.8750,,H,Southern Utah,31482,Ellie Cacciola
"Sat, Mar-18-2023","BYU, Boise State, Utah State",9.9000,,9.9000,9.8500,,H,Southern Utah,31482,Ellie Cacciola
"Thu, Mar-30-2023",,9.8500,,9.3250,9.8000,,A,Southern Utah,31482,Ellie Cacciola
"Wed, Feb-22-2023",Boise State,,9.2000,,,,H,Southern Utah,31161,Aly Coutu
"Fri, Jan-06-2023","Fisk, Georgia, North Carolina, Oregon State, Rutgers, Stanford, Washington",,9.9000,,,,A,Southern Utah,32043,Trista Goodman
"Mon, Jan-09-2023",New Hampshire,,9.8250,,,,H,Southern Utah,32043,Trista Goodman
"Fri, Jan-27-2023",Boise State,,9.7250,,,,A,Southern Utah,32043,Trista Goodman
"Fri, Feb-03-2023",BYU,,9.8250,,,,H,Southern Utah,32043,Trista Goodman
"Wed, Feb-22-2023",Boise State,,9.8250,,,,H,Southern Utah,32043,Trista Goodman
"Sat, Mar-18-2023","BYU, Boise State, Utah State",,9.8750,,,,H,Southern Utah,32043,Trista Goodman
"Mon, Jan-09-2023",New Hampshire,,,,9.7500,,H,Southern Utah,31483,Taylor Gull
"Fri, Jan-13-2023","BYU, Utah, Utah State",,,,9.8000,,A,Southern Utah,31483,Taylor Gull
"Fri, Jan-20-2023",Utah State,,,,8.9250,,H,Southern Utah,31483,Taylor Gull
"Fri, Jan-27-2023",Boise State,,,,9.7500,,A,Southern Utah,31483,Taylor Gull
"Fri, Feb-03-2023",BYU,,,,9.8000,,H,Southern Utah,31483,Taylor Gull
"Fri, Feb-10-2023",BYU,,,,9.9000,,A,Southern Utah,31483,Taylor Gull
"Fri, Feb-17-2023",Utah State,,,,9.8750,,A,Southern Utah,31483,Taylor Gull
"Wed, Feb-22-2023",Boise State,,,,9.8500,,H,Southern Utah,31483,Taylor Gull
"Fri, Mar-03-2023","Sacramento State, San Jose State, UC Davis",,,,9.7750,,A,Southern Utah,31483,Taylor Gull
"Sun, Mar-05-2023",San Jose State,,,,9.8500,,A,Southern Utah,31483,Taylor Gull
"Fri, Mar-10-2023","Iowa, San Jose State",,,,9.1750,,H,Southern Utah,31483,Taylor Gull
"Sat, Mar-18-2023","BYU, Boise State, Utah State",,,,9.6250,,H,Southern Utah,31483,Taylor Gull
"Thu, Mar-30-2023",,,,,9.7750,,A,Southern Utah,31483,Taylor Gull
"Mon, Jan-09-2023",New Hampshire,9.6500,,,,,H,Southern Utah,31203,Anna Hartley
"Fri, Jan-20-2023",Utah State,9.7000,,,,,H,Southern Utah,31203,Anna Hartley
"Fri, Jan-06-2023","Fisk, Georgia, North Carolina, Oregon State, Rutgers, Stanford, Washington",,,,9.6750,,A,Southern Utah,31202,Emma Ingrassia
"Mon, Jan-09-2023",New Hampshire,,,,9.7250,,H,Southern Utah,31202,Emma Ingrassia
"Wed, Feb-22-2023",Boise State,,,,9.9000,,H,Southern Utah,31202,Emma Ingrassia
"Fri, Mar-03-2023","Sacramento State, San Jose State, UC Davis",,,,9.8500,,A,Southern Utah,31202,Emma Ingrassia
"Sun, Mar-05-2023",San Jose State,,,,9.8500,,A,Southern Utah,31202,Emma Ingrassia
"Sat, Mar-18-2023","BYU, Boise State, Utah State",,,,9.6500,,H,Southern Utah,31202,Emma Ingrassia
"Thu, Mar-30-2023",,,,,9.8500,,A,Southern Utah,31202,Emma Ingrassia
"Fri, Jan-06-2023","Fisk, Georgia, North Carolina, Oregon State, Rutgers, Stanford, Washington",9.8000,9.7250,,,,A,Southern Utah,30087,Caitlin Kho
"Mon, Jan-09-2023",New Hampshire,,9.2250,,,,H,Southern Utah,30087,Caitlin Kho
"Fri, Jan-13-2023","BYU, Utah, Utah State",9.6750,9.8500,,,,A,Southern Utah,30087,Caitlin Kho
"Fri, Jan-20-2023",Utah State,,9.6250,,,,H,Southern Utah,30087,Caitlin Kho
"Fri, Jan-27-2023",Boise State,9.7250,9.8000,,,,A,Southern Utah,30087,Caitlin Kho
"Fri, Feb-03-2023",BYU,9.7250,9.8250,,,,H,Southern Utah,30087,Caitlin Kho
"Fri, Feb-10-2023",BYU,9.8500,9.8250,,,,A,Southern Utah,30087,Caitlin Kho
"Fri, Feb-17-2023",Utah State,9.8500,9.8500,,,,A,Southern Utah,30087,Caitlin Kho
"Wed, Feb-22-2023",Boise State,9.9000,9.8000,,,,H,Southern Utah,30087,Caitlin Kho
"Fri, Mar-03-2023","Sacramento State, San Jose State, UC Davis",9.3250,9.7250,,,,A,Southern Utah,30087,Caitlin Kho
"Sun, Mar-05-2023",San Jose State,9.8000,9.8000,,,,A,Southern Utah,30087,Caitlin Kho
"Fri, Mar-10-2023","Iowa, San Jose State",9.9000,9.8500,,,,H,Southern Utah,30087,Caitlin Kho
"Sat, Mar-18-2023","BYU, Boise State, Utah State",9.8750,9.7500,,,,H,Southern Utah,30087,Caitlin Kho
"Thu, Mar-30-2023",,9.9250,9.7500,,,,A,Southern Utah,30087,Caitlin Kho
"Mon, Jan-09-2023",New Hampshire,,,9.8250,,,H,Southern Utah,30530,Kaylee Kho
"Fri, Jan-13-2023","BYU, Utah, Utah State",,,9.0750,,,A,Southern Utah,30530,Kaylee Kho
"Wed, Feb-22-2023",Boise State,,,9.3000,,,H,Southern Utah,30530,Kaylee Kho
"Fri, Jan-06-2023","Fisk, Georgia, North Carolina, Oregon State, Rutgers, Stanford, Washington",9.7500,9.8250,9.7500,9.8500,39.1750,A,Southern Utah,30088,Karley McClain
"Mon, Jan-09-2023",New Hampshire,9.8250,9.9000,9.8500,9.9000,39.4750,H,Southern Utah,30088,Karley McClain
"Fri, Jan-13-2023","BYU, Utah, Utah State",9.8000,9.8000,9.8000,9.9250,39.3250,A,Southern Utah,30088,Karley McClain
"Fri, Jan-20-2023",Utah State,9.8250,9.8500,9.8750,9.9250,39.4750,H,Southern Utah,30088,Karley McClain
"Fri, Jan-27-2023",Boise State,9.7750,9.8250,9.6000,9.9000,39.1000,A,Southern Utah,30088,Karley McClain
"Fri, Feb-03-2023",BYU,9.8250,9.8750,9.8250,9.9500,39.4750,H,Southern Utah,30088,Karley McClain
"Fri, Feb-10-2023",BYU,9.8250,9.8250,9.8500,9.9250,39.4250,A,Southern Utah,30088,Karley McClain
"Fri, Feb-17-2023",Utah State,9.8000,9.8750,9.9250,9.8750,39.4750,A,Southern Utah,30088,Karley McClain
"Wed, Feb-22-2023",Boise State,9.7000,9.9000,9.2500,9.9000,38.7500,H,Southern Utah,30088,Karley McClain
"Fri, Mar-03-2023","Sacramento State, San Jose State, UC Davis",9.7500,9.8750,9.2750,9.9250,38.8250,A,Southern Utah,30088,Karley McClain
"Sun, Mar-05-2023",San Jose State,9.7250,9.7250,9.8500,9.9000,39.2000,A,Southern Utah,30088,Karley McClain
"Fri, Mar-10-2023","Iowa, San Jose State",9.8500,9.8250,9.9250,9.8750,39.4750,H,Southern Utah,30088,Karley McClain
"Sat, Mar-18-2023","BYU, Boise State, Utah State",9.8250,9.8500,9.9250,9.9250,39.5250,H,Southern Utah,30088,Karley McClain
"Thu, Mar-30-2023",,9.7500,9.8500,9.8750,9.9250,39.4000,A,Southern Utah,30088,Karley McClain
"Wed, Feb-22-2023",Boise State,9.7250,,,,,H,Southern Utah,32045,Kennedi McClain
"Fri, Jan-06-2023","Fisk, Georgia, North Carolina, Oregon State, Rutgers, Stanford, Washington",,9.8250,9.8000,,,A,Southern Utah,30089,Shylen Murakami
"Fri, Jan-13-2023","BYU, Utah, Utah State",,9.8750,9.7750,,,A,Southern Utah,30089,Shylen Murakami
"Fri, Jan-20-2023",Utah State,,9.9250,9.7000,,,H,Southern Utah,30089,Shylen Murakami
"Fri, Jan-27-2023",Boise State,,9.8750,9.8750,,,A,Southern Utah,30089,Shylen Murakami
"Fri, Feb-03-2023",BYU,,9.9000,9.7250,,,H,Southern Utah,30089,Shylen Murakami
"Fri, Feb-10-2023",BYU,,9.9250,9.8000,,,A,Southern Utah,30089,Shylen Murakami
"Fri, Feb-17-2023",Utah State,,9.8750,9.8500,,,A,Southern Utah,30089,Shylen Murakami
"Wed, Feb-22-2023",Boise State,,9.9000,9.1250,,,H,Southern Utah,30089,Shylen Murakami
"Fri, Mar-03-2023","Sacramento State, San Jose State, UC Davis",,9.9000,9.8750,,,A,Southern Utah,30089,Shylen Murakami
"Sun, Mar-05-2023",San Jose State,,9.9000,9.8500,,,A,Southern Utah,30089,Shylen Murakami
"Fri, Mar-10-2023","Iowa, San Jose State",,9.9000,9.9250,,,H,Southern Utah,30089,Shylen Murakami
"Sat, Mar-18-2023","BYU, Boise State, Utah State",,9.8000,9.8250,,,H,Southern Utah,30089,Shylen Murakami
"Thu, Mar-30-2023",,,9.9000,9.8500,,,A,Southern Utah,30089,Shylen Murakami
"Mon, Jan-09-2023",New Hampshire,,9.8500,,,,H,Southern Utah,31485,Isabella Neff
"Fri, Jan-13-2023","BYU, Utah, Utah State",,9.8000,,,,A,Southern Utah,31485,Isabella Neff
"Fri, Jan-20-2023",Utah State,,9.8000,,,,H,Southern Utah,31485,Isabella Neff
"Fri, Jan-27-2023",Boise State,,9.7750,,,,A,Southern Utah,31485,Isabella Neff
"Fri, Feb-03-2023",BYU,,9.8250,,,,H,Southern Utah,31485,Isabella Neff
"Fri, Feb-10-2023",BYU,,9.8250,,,,A,Southern Utah,31485,Isabella Neff
"Fri, Feb-17-2023",Utah State,,9.7250,,,,A,Southern Utah,31485,Isabella Neff
"Fri, Mar-03-2023","Sacramento State, San Jose State, UC Davis",,9.7250,,,,A,Southern Utah,31485,Isabella Neff
"Sun, Mar-05-2023",San Jose State,,9.8250,,,,A,Southern Utah,31485,Isabella Neff
"Sat, Mar-18-2023","BYU, Boise State, Utah State",,9.7750,,,,H,Southern Utah,31485,Isabella Neff
"Thu, Mar-30-2023",,,6.2000,,,,A,Southern Utah,31485,Isabella Neff
"Fri, Jan-06-2023","Fisk, Georgia, North Carolina, Oregon State, Rutgers, Stanford, Washington",9.8500,,,,,A,Southern Utah,32048,Kayla Pardue
"Mon, Jan-09-2023",New Hampshire,9.7750,,,,,H,Southern Utah,32048,Kayla Pardue
"Fri, Jan-13-2023","BYU, Utah, Utah State",9.7250,,,,,A,Southern Utah,32048,Kayla Pardue
"Fri, Jan-20-2023",Utah State,9.8500,,,,,H,Southern Utah,32048,Kayla Pardue
"Fri, Jan-27-2023",Boise State,9.8250,,,,,A,Southern Utah,32048,Kayla Pardue
"Fri, Feb-03-2023",BYU,9.8250,,,,,H,Southern Utah,32048,Kayla Pardue
"Fri, Feb-10-2023",BYU,9.8750,,,,,A,Southern Utah,32048,Kayla Pardue
"Fri, Feb-17-2023",Utah State,9.8750,,,,,A,Southern Utah,32048,Kayla Pardue
"Wed, Feb-22-2023",Boise State,9.8250,,,,,H,Southern Utah,32048,Kayla Pardue
"Fri, Mar-03-2023","Sacramento State, San Jose State, UC Davis",9.9000,,,,,A,Southern Utah,32048,Kayla Pardue
"Sun, Mar-05-2023",San Jose State,9.8500,,,,,A,Southern Utah,32048,Kayla Pardue
"Fri, Mar-10-2023","Iowa, San Jose State",9.8250,,,,,H,Southern Utah,32048,Kayla Pardue
"Sat, Mar-18-2023","BYU, Boise State, Utah State",9.8500,,,,,H,Southern Utah,32048,Kayla Pardue
"Thu, Mar-30-2023",,9.8500,,,,,A,Southern Utah,32048,Kayla Pardue
"Fri, Jan-06-2023","Fisk, Georgia, North Carolina, Oregon State, Rutgers, Stanford, Washington",,9.7750,9.8000,9.8500,,A,Southern Utah,31162,Aubri Schwartze
"Mon, Jan-09-2023",New Hampshire,,9.7250,9.8000,9.6000,,H,Southern Utah,31162,Aubri Schwartze
"Fri, Jan-13-2023","BYU, Utah, Utah State",,9.8250,9.7500,9.8750,,A,Southern Utah,31162,Aubri Schwartze
"Fri, Jan-20-2023",Utah State,,9.0250,9.9000,9.8500,,H,Southern Utah,31162,Aubri Schwartze
"Fri, Jan-27-2023",Boise State,,9.8250,9.8250,9.8000,,A,Southern Utah,31162,Aubri Schwartze
"Fri, Feb-03-2023",BYU,,,9.8500,9.9250,,H,Southern Utah,31162,Aubri Schwartze
"Fri, Feb-10-2023",BYU,,9.6750,9.7000,9.9250,,A,Southern Utah,31162,Aubri Schwartze
"Fri, Feb-17-2023",Utah State,,9.7750,9.8500,9.8500,,A,Southern Utah,31162,Aubri Schwartze
"Wed, Feb-22-2023",Boise State,,,,9.8500,,H,Southern Utah,31162,Aubri Schwartze
"Fri, Mar-03-2023","Sacramento State, San Jose State, UC Davis",,,9.8750,9.8750,,A,Southern Utah,31162,Aubri Schwartze
"Sun, Mar-05-2023",San Jose State,,,9.1500,,,A,Southern Utah,31162,Aubri Schwartze
"Fri, Mar-10-2023","Iowa, San Jose State",,9.8500,9.9000,9.8750,,H,Southern Utah,31162,Aubri Schwartze
"Sat, Mar-18-2023","BYU, Boise State, Utah State",,9.8000,9.8000,9.8500,,H,Southern Utah,31162,Aubri Schwartze
"Thu, Mar-30-2023",,,9.7000,9.8250,9.8500,,A,Southern Utah,31162,Aubri Schwartze
"Fri, Jan-06-2023","Fisk, Georgia, North Carolina, Oregon State, Rutgers, Stanford, Washington",9.7750,,9.7250,9.7000,,A,Southern Utah,30090,Rachel Smith
"Mon, Jan-09-2023",New Hampshire,9.8250,,9.8250,,,H,Southern Utah,30090,Rachel Smith
"Fri, Jan-13-2023","BYU, Utah, Utah State",9.7250,,9.7500,9.8250,,A,Southern Utah,30090,Rachel Smith
"Fri, Jan-20-2023",Utah State,9.7750,,9.8000,9.9250,,H,Southern Utah,30090,Rachel Smith
"Fri, Jan-27-2023",Boise State,9.7500,,9.8000,9.8000,,A,Southern Utah,30090,Rachel Smith
"Fri, Feb-03-2023",BYU,9.7500,,9.8000,9.8500,,H,Southern Utah,30090,Rachel Smith
"Fri, Feb-10-2023",BYU,9.8250,,9.9000,9.8750,,A,Southern Utah,30090,Rachel Smith
"Fri, Feb-17-2023",Utah State,9.8250,,9.9000,9.7500,,A,Southern Utah,30090,Rachel Smith
"Wed, Feb-22-2023",Boise State,9.8000,,9.7750,,,H,Southern Utah,30090,Rachel Smith
"Fri, Mar-03-2023","Sacramento State, San Jose State, UC Davis",9.8250,,9.8750,,,A,Southern Utah,30090,Rachel Smith
"Sun, Mar-05-2023",San Jose State,9.7750,,9.1750,9.9000,,A,Southern Utah,30090,Rachel Smith
"Fri, Mar-10-2023","Iowa, San Jose State",9.8000,,9.7750,9.6500,,H,Southern Utah,30090,Rachel Smith
"Sat, Mar-18-2023","BYU, Boise State, Utah State",9.7500,,9.8250,,,H,Southern Utah,30090,Rachel Smith
"Thu, Mar-30-2023",,9.7750,,9.8250,,,A,Southern Utah,30090,Rachel Smith
"Mon, Jan-09-2023",New Hampshire,,9.7250,,,,H,Southern Utah,30531,Tiffani Stufflebeam
"Wed, Feb-22-2023",Boise State,,9.8500,,,,H,Southern Utah,30532,Nikki Thomas
"Fri, Mar-03-2023","Sacramento State, San Jose State, UC Davis",,9.7500,,,,A,Southern Utah,30532,Nikki Thomas
"Sun, Mar-05-2023",San Jose State,,9.5000,,,,A,Southern Utah,30532,Nikki Thomas
"Fri, Mar-10-2023","Iowa, San Jose State",,9.7250,,,,H,Southern Utah,30532,Nikki Thomas
"Fri, Jan-06-2023","Fisk, Georgia, North Carolina, Oregon State, Rutgers, Stanford, Washington",9.7000,,9.0750,9.8750,,A,Southern Utah,31163,Hailey Vultaggio
"Mon, Jan-09-2023",New Hampshire,9.8000,,9.0250,9.8250,,H,Southern Utah,31163,Hailey Vultaggio
"Fri, Jan-13-2023","BYU, Utah, Utah State",9.7500,,,9.8750,,A,Southern Utah,31163,Hailey Vultaggio
"Fri, Jan-20-2023",Utah State,9.7250,,8.9750,9.8750,,H,Southern Utah,31163,Hailey Vultaggio
"Fri, Jan-27-2023",Boise State,9.6500,,9.9000,9.6750,,A,Southern Utah,31163,Hailey Vultaggio
"Fri, Feb-03-2023",BYU,9.6750,,9.9000,9.9000,,H,Southern Utah,31163,Hailey Vultaggio
"Fri, Feb-10-2023",BYU,9.7250,,9.8750,9.8750,,A,Southern Utah,31163,Hailey Vultaggio
"Fri, Feb-17-2023",Utah State,9.7500,,9.9250,9.8500,,A,Southern Utah,31163,Hailey Vultaggio
"Wed, Feb-22-2023",Boise State,,,9.7250,9.6250,,H,Southern Utah,31163,Hailey Vultaggio
"Fri, Mar-03-2023","Sacramento State, San Jose State, UC Davis",9.8500,,9.1000,9.8250,,A,Southern Utah,31163,Hailey Vultaggio
"Sun, Mar-05-2023",San Jose State,9.7750,,9.0750,9.7750,,A,Southern Utah,31163,Hailey Vultaggio
"Fri, Mar-10-2023","Iowa, San Jose State",9.8000,,9.7500,9.8750,,H,Southern Utah,31163,Hailey Vultaggio
"Sat, Mar-18-2023","BYU, Boise State, Utah State",9.8500,,9.8250,9.9000,,H,Southern Utah,31163,Hailey Vultaggio
"Thu, Mar-30-2023",,9.7500,,9.8500,9.8500,,A,Southern Utah,31163,Hailey Vultaggio
"Fri, Jan-06-2023","Fisk, Georgia, North Carolina, Oregon State, Rutgers, Southern Utah, Washington",,9.8000,,,,A,Stanford,31061,Ira Alexeeva
"Sat, Jan-14-2023",San Jose State,,9.8750,9.8500,,,H,Stanford,31061,Ira Alexeeva
"Fri, Jan-20-2023",Arizona State,,9.8500,9.8500,,,A,Stanford,31061,Ira Alexeeva
"Sat, Jan-28-2023",California,,9.9000,9.6750,,,A,Stanford,31061,Ira Alexeeva
"Sat, Feb-04-2023",Arizona,,9.0000,9.9250,,,H,Stanford,31061,Ira Alexeeva
"Sat, Feb-11-2023","Alabama, Arkansas, Georgia, Illinois, Illinois State, Oklahoma, Utah",,9.8000,9.8000,,,A,Stanford,31061,Ira Alexeeva
"Mon, Feb-13-2023",Washington,,9.8000,9.9250,,,H,Stanford,31061,Ira Alexeeva
"Mon, Feb-20-2023",Washington,,9.8250,9.8500,,,A,Stanford,31061,Ira Alexeeva
"Fri, Feb-24-2023",Oregon State,,9.8500,9.9000,,,H,Stanford,31061,Ira Alexeeva
"Sun, Mar-05-2023",UCLA,,9.7750,9.9000,,,A,Stanford,31061,Ira Alexeeva
"Fri, Mar-10-2023","California, Ohio State, Utah State",,9.9500,9.4250,,,A,Stanford,31061,Ira Alexeeva
"Sat, Mar-18-2023","Arizona, Arizona State, California, Oregon State, UCLA, Utah, Washington",,9.7500,9.8750,,,A,Stanford,31061,Ira Alexeeva
"Thu, Mar-30-2023",,,9.8750,9.7750,,,A,Stanford,31061,Ira Alexeeva
"Fri, Jan-06-2023","Fisk, Georgia, North Carolina, Oregon State, Rutgers, Southern Utah, Washington",9.8500,9.7000,,9.7250,,A,Stanford,30103,Madison Brunette
"Sat, Jan-14-2023",San Jose State,9.8000,9.8250,,9.8750,,H,Stanford,30103,Madison Brunette
"Fri, Jan-20-2023",Arizona State,9.7750,9.8000,,,,A,Stanford,30103,Madison Brunette
"Sat, Jan-28-2023",California,9.7500,9.8750,,9.7250,,A,Stanford,30103,Madison Brunette
"Sat, Feb-04-2023",Arizona,9.8000,9.7500,,9.8000,,H,Stanford,30103,Madison Brunette
"Sat, Feb-11-2023","Alabama, Arkansas, Georgia, Illinois, Illinois State, Oklahoma, Utah",9.8000,9.8750,,9.8500,,A,Stanford,30103,Madison Brunette
"Mon, Feb-13-2023",Washington,9.7750,9.7500,,9.9000,,H,Stanford,30103,Madison Brunette
"Mon, Feb-20-2023",Washington,9.8000,9.8750,,8.4750,,A,Stanford,30103,Madison Brunette
"Fri, Feb-24-2023",Oregon State,9.8250,9.8250,,9.8750,,H,Stanford,30103,Madison Brunette
"Sun, Mar-05-2023",UCLA,9.8500,9.8000,,9.8750,,A,Stanford,30103,Madison Brunette
"Fri, Mar-10-2023","California, Ohio State, Utah State",9.8250,9.8000,,9.7500,,A,Stanford,30103,Madison Brunette
"Sat, Mar-18-2023","Arizona, Arizona State, California, Oregon State, UCLA, Utah, Washington",9.8000,9.7250,,9.1500,,A,Stanford,30103,Madison Brunette
"Thu, Mar-30-2023",,9.8750,9.8500,,9.8500,,A,Stanford,30103,Madison Brunette
"Sat, Jan-14-2023",San Jose State,9.6500,,,,,H,Stanford,30533,Jade Chrobok
"Fri, Jan-20-2023",Arizona State,9.6000,,,,,A,Stanford,30533,Jade Chrobok
"Sat, Jan-28-2023",California,9.7250,,,,,A,Stanford,30533,Jade Chrobok
"Sat, Feb-04-2023",Arizona,9.7750,,,,,H,Stanford,30533,Jade Chrobok
"Sat, Feb-11-2023","Alabama, Arkansas, Georgia, Illinois, Illinois State, Oklahoma, Utah",9.7500,,,,,A,Stanford,30533,Jade Chrobok
"Mon, Feb-13-2023",Washington,9.7250,,,,,H,Stanford,30533,Jade Chrobok
"Mon, Feb-20-2023",Washington,9.6750,,,,,A,Stanford,30533,Jade Chrobok
"Fri, Feb-24-2023",Oregon State,9.7500,,,,,H,Stanford,30533,Jade Chrobok
"Sun, Mar-05-2023",UCLA,9.7000,,,,,A,Stanford,30533,Jade Chrobok
"Fri, Jan-06-2023","Fisk, Georgia, North Carolina, Oregon State, Rutgers, Southern Utah, Washington",,9.7750,9.6250,9.8250,,A,Stanford,32052,Claire Dean
"Sat, Jan-14-2023",San Jose State,,9.7750,9.6250,9.9000,,H,Stanford,32052,Claire Dean
"Fri, Jan-20-2023",Arizona State,,9.7750,9.8750,9.7750,,A,Stanford,32052,Claire Dean
"Sat, Jan-28-2023",California,,9.8000,9.9000,9.8250,,A,Stanford,32052,Claire Dean
"Sat, Feb-04-2023",Arizona,,9.8250,9.8750,9.8750,,H,Stanford,32052,Claire Dean
"Sat, Feb-11-2023","Alabama, Arkansas, Georgia, Illinois, Illinois State, Oklahoma, Utah",,9.7750,9.7750,9.8500,,A,Stanford,32052,Claire Dean
"Mon, Feb-13-2023",Washington,,9.8750,9.8000,9.9000,,H,Stanford,32052,Claire Dean
"Mon, Feb-20-2023",Washington,,9.8250,9.8250,9.8250,,A,Stanford,32052,Claire Dean
"Fri, Feb-24-2023",Oregon State,,9.8750,9.7750,9.8750,,H,Stanford,32052,Claire Dean
"Sun, Mar-05-2023",UCLA,,9.8500,9.8250,9.8750,,A,Stanford,32052,Claire Dean
"Fri, Mar-10-2023","California, Ohio State, Utah State",9.7750,9.8750,9.8750,9.6250,39.1500,A,Stanford,32052,Claire Dean
"Sat, Mar-18-2023","Arizona, Arizona State, California, Oregon State, UCLA, Utah, Washington",9.7250,9.7000,9.8500,9.8500,39.1250,A,Stanford,32052,Claire Dean
"Thu, Mar-30-2023",,9.7500,9.8750,9.8500,9.7500,39.2250,A,Stanford,32052,Claire Dean
"Mon, Feb-13-2023",Washington,,,,,,H,Stanford,31062,Sandra Jessen
"Fri, Jan-06-2023","Fisk, Georgia, North Carolina, Oregon State, Rutgers, Southern Utah, Washington",9.7500,9.8750,9.6750,9.8750,39.1750,A,Stanford,31491,Brenna Neault
"Sat, Jan-14-2023",San Jose State,9.6250,9.0000,9.8750,9.8750,38.3750,H,Stanford,31491,Brenna Neault
"Fri, Jan-20-2023",Arizona State,,9.3000,9.2250,9.8000,,A,Stanford,31491,Brenna Neault
"Sat, Jan-28-2023",California,9.8000,9.9000,9.3250,9.8250,38.8500,A,Stanford,31491,Brenna Neault
"Sat, Feb-04-2023",Arizona,9.7750,9.8500,9.8500,9.8500,39.3250,H,Stanford,31491,Brenna Neault
"Sat, Feb-11-2023","Alabama, Arkansas, Georgia, Illinois, Illinois State, Oklahoma, Utah",9.8000,9.8500,9.8750,9.9000,39.4250,A,Stanford,31491,Brenna Neault
"Mon, Feb-13-2023",Washington,9.7750,9.8500,9.9000,9.8500,39.3750,H,Stanford,31491,Brenna Neault
"Mon, Feb-20-2023",Washington,9.8500,9.9500,9.9500,9.9000,39.6500,A,Stanford,31491,Brenna Neault
"Fri, Feb-24-2023",Oregon State,9.8750,9.9000,9.7750,9.9250,39.4750,H,Stanford,31491,Brenna Neault
"Sun, Mar-05-2023",UCLA,9.8000,9.9000,9.8750,9.9000,39.4750,A,Stanford,31491,Brenna Neault
"Fri, Mar-10-2023","California, Ohio State, Utah State",9.8500,9.9000,9.8750,9.8750,39.5000,A,Stanford,31491,Brenna Neault
"Sat, Mar-18-2023","Arizona, Arizona State, California, Oregon State, UCLA, Utah, Washington",9.7750,9.8750,9.9500,9.8000,39.4000,A,Stanford,31491,Brenna Neault
"Thu, Mar-30-2023",,9.8500,9.8250,9.9000,9.8250,39.4000,A,Stanford,31491,Brenna Neault
"Fri, Jan-06-2023","Fisk, Georgia, North Carolina, Oregon State, Rutgers, Southern Utah, Washington",9.8000,,9.6250,9.8000,,A,Stanford,32053,Taralyn Nguyen
"Sat, Jan-14-2023",San Jose State,9.7250,,,9.8500,,H,Stanford,32053,Taralyn Nguyen
"Fri, Jan-20-2023",Arizona State,9.8250,,,9.7750,,A,Stanford,32053,Taralyn Nguyen
"Sat, Jan-28-2023",California,9.8500,,,9.8750,,A,Stanford,32053,Taralyn Nguyen
"Sat, Feb-04-2023",Arizona,9.8000,,,9.8500,,H,Stanford,32053,Taralyn Nguyen
"Mon, Feb-13-2023",Washington,9.6750,,,9.8750,,H,Stanford,32053,Taralyn Nguyen
"Mon, Feb-20-2023",Washington,9.7500,,,9.8750,,A,Stanford,32053,Taralyn Nguyen
"Fri, Feb-24-2023",Oregon State,9.7750,,,9.8750,,H,Stanford,32053,Taralyn Nguyen
"Sun, Mar-05-2023",UCLA,9.8500,,9.7750,9.8250,,A,Stanford,32053,Taralyn Nguyen
"Fri, Mar-10-2023","California, Ohio State, Utah State",9.8500,,9.8500,9.8500,,A,Stanford,32053,Taralyn Nguyen
"Sat, Mar-18-2023","Arizona, Arizona State, California, Oregon State, UCLA, Utah, Washington",9.8250,,,9.0000,,A,Stanford,32053,Taralyn Nguyen
"Thu, Mar-30-2023",,9.8500,,,9.6500,,A,Stanford,32053,Taralyn Nguyen
"Fri, Jan-06-2023","Fisk, Georgia, North Carolina, Oregon State, Rutgers, Southern Utah, Washington",,,9.7500,,,A,Stanford,31063,Isabela Onyshko
"Sat, Jan-14-2023",San Jose State,,,9.7750,,,H,Stanford,31063,Isabela Onyshko
"Fri, Jan-20-2023",Arizona State,,,9.8500,,,A,Stanford,31063,Isabela Onyshko
"Sat, Jan-28-2023",California,,,9.8000,,,A,Stanford,31063,Isabela Onyshko
"Sat, Feb-04-2023",Arizona,,,9.9250,,,H,Stanford,31063,Isabela Onyshko
"Sat, Feb-11-2023","Alabama, Arkansas, Georgia, Illinois, Illinois State, Oklahoma, Utah",,,9.8250,,,A,Stanford,31063,Isabela Onyshko
"Mon, Feb-13-2023",Washington,,,9.8750,,,H,Stanford,31063,Isabela Onyshko
"Mon, Feb-20-2023",Washington,,,9.7250,,,A,Stanford,31063,Isabela Onyshko
"Fri, Feb-24-2023",Oregon State,,,9.8750,,,H,Stanford,31063,Isabela Onyshko
"Sun, Mar-05-2023",UCLA,,,9.7750,,,A,Stanford,31063,Isabela Onyshko
"Sat, Mar-18-2023","Arizona, Arizona State, California, Oregon State, UCLA, Utah, Washington",,,9.1250,,,A,Stanford,31063,Isabela Onyshko
"Thu, Mar-30-2023",,,,9.8750,,,A,Stanford,31063,Isabela Onyshko
"Fri, Jan-06-2023","Fisk, Georgia, North Carolina, Oregon State, Rutgers, Southern Utah, Washington",9.9000,8.6750,9.8000,9.8500,38.2250,A,Stanford,32054,Anna Roberts
"Sat, Jan-14-2023",San Jose State,9.9000,9.3500,9.7750,9.9000,38.9250,H,Stanford,32054,Anna Roberts
"Fri, Jan-20-2023",Arizona State,9.8750,9.8250,9.7750,9.8750,39.3500,A,Stanford,32054,Anna Roberts
"Sat, Jan-28-2023",California,9.9000,9.8500,9.7000,9.9250,39.3750,A,Stanford,32054,Anna Roberts
"Sat, Feb-04-2023",Arizona,9.8750,9.8500,9.7750,9.9000,39.4000,H,Stanford,32054,Anna Roberts
"Sat, Feb-11-2023","Alabama, Arkansas, Georgia, Illinois, Illinois State, Oklahoma, Utah",9.8750,9.8500,9.7500,9.8750,39.3500,A,Stanford,32054,Anna Roberts
"Mon, Feb-13-2023",Washington,9.8000,9.8750,9.1750,9.9000,38.7500,H,Stanford,32054,Anna Roberts
"Mon, Feb-20-2023",Washington,9.9000,9.9000,9.7500,9.9000,39.4500,A,Stanford,32054,Anna Roberts
"Fri, Feb-24-2023",Oregon State,9.9000,9.8500,9.8750,9.9500,39.5750,H,Stanford,32054,Anna Roberts
"Sun, Mar-05-2023",UCLA,9.8000,9.8000,,9.5250,,A,Stanford,32054,Anna Roberts
"Fri, Mar-10-2023","California, Ohio State, Utah State",9.9000,9.8250,9.9000,9.8750,39.5000,A,Stanford,32054,Anna Roberts
"Sat, Mar-18-2023","Arizona, Arizona State, California, Oregon State, UCLA, Utah, Washington",9.8500,9.2250,9.8000,9.8750,38.7500,A,Stanford,32054,Anna Roberts
"Thu, Mar-30-2023",,9.9500,9.8250,9.8500,9.8750,39.5000,A,Stanford,32054,Anna Roberts
"Sat, Feb-11-2023","Alabama, Arkansas, Georgia, Illinois, Illinois State, Oklahoma, Utah",,,,9.6500,,A,Stanford,31492,Katya Sander
"Mon, Feb-13-2023",Washington,,,,9.8500,,H,Stanford,31492,Katya Sander
"Mon, Feb-20-2023",Washington,,,,9.7250,,A,Stanford,31492,Katya Sander
"Sun, Mar-05-2023",UCLA,,,,9.7750,,A,Stanford,31492,Katya Sander
"Sat, Mar-18-2023","Arizona, Arizona State, California, Oregon State, UCLA, Utah, Washington",,,,9.8000,,A,Stanford,31492,Katya Sander
"Fri, Jan-06-2023","Fisk, Georgia, North Carolina, Oregon State, Rutgers, Southern Utah, Washington",9.8250,9.8750,9.8750,9.9500,39.5250,A,Stanford,30536,Chloe Widner
"Sat, Jan-14-2023",San Jose State,9.8000,9.8250,9.9000,7.8000,37.3250,H,Stanford,30536,Chloe Widner
"Fri, Jan-20-2023",Arizona State,9.7750,9.8250,9.9000,9.7250,39.2250,A,Stanford,30536,Chloe Widner
"Sat, Jan-28-2023",California,9.8000,9.8750,9.3250,9.7000,38.7000,A,Stanford,30536,Chloe Widner
"Sat, Feb-04-2023",Arizona,9.7750,9.2000,9.9250,,,H,Stanford,30536,Chloe Widner
"Sat, Feb-11-2023","Alabama, Arkansas, Georgia, Illinois, Illinois State, Oklahoma, Utah",9.7500,9.8750,9.9000,,,A,Stanford,30536,Chloe Widner
"Mon, Feb-13-2023",Washington,9.7250,9.9250,9.5750,,,H,Stanford,30536,Chloe Widner
"Mon, Feb-20-2023",Washington,9.8750,9.9750,9.7750,,,A,Stanford,30536,Chloe Widner
"Fri, Feb-24-2023",Oregon State,9.9000,9.9500,9.9500,9.8250,39.6250,H,Stanford,30536,Chloe Widner
"Sun, Mar-05-2023",UCLA,9.8250,9.9500,9.3750,,,A,Stanford,30536,Chloe Widner
"Fri, Mar-10-2023","California, Ohio State, Utah State",9.7250,9.9250,9.9750,9.9000,39.5250,A,Stanford,30536,Chloe Widner
"Sat, Mar-18-2023","Arizona, Arizona State, California, Oregon State, UCLA, Utah, Washington",9.8000,9.9000,9.9250,,,A,Stanford,30536,Chloe Widner
"Thu, Mar-30-2023",,9.9250,9.8500,9.9250,9.8500,39.5500,A,Stanford,30536,Chloe Widner
"Thu, Apr-13-2023","Alabama, Arizona State, Arkansas, Auburn, Boise State, California, Denver, Florida, Kentucky, LSU, Michigan, Michigan State, Missouri, Ohio State, Oklahoma, Oregon State, Penn State, UCLA, Utah",9.7750,9.8500,9.9500,8.7875,38.3625,A,Stanford,30536,Chloe Widner
"Fri, Jan-06-2023","Fisk, Georgia, North Carolina, Oregon State, Rutgers, Southern Utah, Washington",9.4750,,,,,A,Stanford,31065,Amanda Zeng
"Fri, Jan-20-2023",Arizona State,9.5500,,,9.8250,,A,Stanford,31065,Amanda Zeng
"Sat, Feb-04-2023",Arizona,,,,9.6750,,H,Stanford,31065,Amanda Zeng
"Sat, Feb-11-2023","Alabama, Arkansas, Georgia, Illinois, Illinois State, Oklahoma, Utah",9.6750,,,9.8500,,A,Stanford,31065,Amanda Zeng
"Fri, Jan-06-2023","Penn State, Pennsylvania, Pittsburgh",9.6750,,,,,A,Temple,31066,Mackenzie Aresta
"Sun, Jan-15-2023","Central Michigan, New Hampshire",9.5500,,,,,A,Temple,31066,Mackenzie Aresta
"Fri, Jan-20-2023","Bridgeport, Cornell, LIU",9.7000,,,,,H,Temple,31066,Mackenzie Aresta
"Sun, Feb-05-2023",Yale,9.7750,,,,,A,Temple,31066,Mackenzie Aresta
"Fri, Feb-10-2023","North Carolina State, Pittsburgh, Towson",9.7000,,,,,A,Temple,31066,Mackenzie Aresta
"Fri, Feb-17-2023","George Washington, North Carolina, Yale",9.7000,,,,,A,Temple,31066,Mackenzie Aresta
"Sun, Feb-19-2023","George Washington, North Carolina State, Pennsylvania",9.7750,,,,,H,Temple,31066,Mackenzie Aresta
"Fri, Feb-24-2023",North Carolina,9.6500,,,,,A,Temple,31066,Mackenzie Aresta
"Sun, Feb-26-2023","LIU, North Carolina State",9.8000,,,,,A,Temple,31066,Mackenzie Aresta
"Thu, Mar-02-2023","Maryland, Towson, West Chester",9.8250,,,,,H,Temple,31066,Mackenzie Aresta
"Sun, Mar-05-2023","Fisk, Southern Conn., Ursinus College",8.6000,,,,,H,Temple,31066,Mackenzie Aresta
"Sun, Mar-12-2023","George Washington, Maryland, Towson, Yale",9.8000,,,,,A,Temple,31066,Mackenzie Aresta
"Sat, Mar-18-2023","George Washington, LIU, New Hampshire, North Carolina, North Carolina State, Pittsburgh, Towson",9.7000,,,,,A,Temple,31066,Mackenzie Aresta
"Sun, Feb-05-2023",Yale,9.7500,,,9.7500,,A,Temple,32058,Charlie Behner
"Fri, Feb-10-2023","North Carolina State, Pittsburgh, Towson",9.7750,,,9.5750,,A,Temple,32058,Charlie Behner
"Fri, Feb-17-2023","George Washington, North Carolina, Yale",9.7500,,,,,A,Temple,32058,Charlie Behner
"Sun, Feb-19-2023","George Washington, North Carolina State, Pennsylvania",9.7750,,,,,H,Temple,32058,Charlie Behner
"Fri, Feb-24-2023",North Carolina,9.7250,,,,,A,Temple,32058,Charlie Behner
"Sun, Feb-26-2023","LIU, North Carolina State",9.1250,,,,,A,Temple,32058,Charlie Behner
"Thu, Mar-02-2023","Maryland, Towson, West Chester",9.9000,,,,,H,Temple,32058,Charlie Behner
"Sun, Mar-05-2023","Fisk, Southern Conn., Ursinus College",9.8750,,,,,H,Temple,32058,Charlie Behner
"Sun, Mar-12-2023","George Washington, Maryland, Towson, Yale",9.8750,,,,,A,Temple,32058,Charlie Behner
"Sat, Mar-18-2023","George Washington, LIU, New Hampshire, North Carolina, North Carolina State, Pittsburgh, Towson",9.6250,,,,,A,Temple,32058,Charlie Behner
"Fri, Jan-06-2023","Penn State, Pennsylvania, Pittsburgh",,9.6500,,,,A,Temple,30537,Madison Brooks
"Sun, Jan-15-2023","Central Michigan, New Hampshire",9.4750,9.6750,,,,A,Temple,30537,Madison Brooks
"Fri, Jan-20-2023","Bridgeport, Cornell, LIU",9.7250,9.5250,,,,H,Temple,30537,Madison Brooks
"Sun, Feb-05-2023",Yale,9.7750,9.5750,,,,A,Temple,30537,Madison Brooks
"Fri, Feb-10-2023","North Carolina State, Pittsburgh, Towson",9.5500,9.7750,,,,A,Temple,30537,Madison Brooks
"Fri, Feb-17-2023","George Washington, North Carolina, Yale",9.7250,9.7750,,,,A,Temple,30537,Madison Brooks
"Sun, Feb-19-2023","George Washington, North Carolina State, Pennsylvania",9.7750,9.7000,,,,H,Temple,30537,Madison Brooks
"Fri, Feb-24-2023",North Carolina,9.6250,9.7250,,,,A,Temple,30537,Madison Brooks
"Sun, Feb-26-2023","LIU, North Carolina State",9.8000,9.0250,,,,A,Temple,30537,Madison Brooks
"Thu, Mar-02-2023","Maryland, Towson, West Chester",9.7500,9.7000,,,,H,Temple,30537,Madison Brooks
"Sun, Mar-05-2023","Fisk, Southern Conn., Ursinus College",9.6750,9.8000,,,,H,Temple,30537,Madison Brooks
"Sun, Mar-12-2023","George Washington, Maryland, Towson, Yale",,9.8250,,,,A,Temple,30537,Madison Brooks
"Sat, Mar-18-2023","George Washington, LIU, New Hampshire, North Carolina, North Carolina State, Pittsburgh, Towson",9.8000,9.7750,,,,A,Temple,30537,Madison Brooks
"Fri, Jan-06-2023","Penn State, Pennsylvania, Pittsburgh",,,9.8250,9.7500,,A,Temple,31068,Brooke Donabedian
"Sun, Jan-15-2023","Central Michigan, New Hampshire",,,9.7750,9.5500,,A,Temple,31068,Brooke Donabedian
"Fri, Jan-20-2023","Bridgeport, Cornell, LIU",,,9.8750,9.9000,,H,Temple,31068,Brooke Donabedian
"Sun, Feb-05-2023",Yale,,,9.8250,9.7750,,A,Temple,31068,Brooke Donabedian
"Fri, Feb-10-2023","North Carolina State, Pittsburgh, Towson",,,9.9000,9.8750,,A,Temple,31068,Brooke Donabedian
"Fri, Feb-17-2023","George Washington, North Carolina, Yale",,,9.7750,9.9250,,A,Temple,31068,Brooke Donabedian
"Sun, Feb-19-2023","George Washington, North Carolina State, Pennsylvania",,,9.9000,9.9250,,H,Temple,31068,Brooke Donabedian
"Fri, Feb-24-2023",North Carolina,,,9.8250,9.8250,,A,Temple,31068,Brooke Donabedian
"Sun, Feb-26-2023","LIU, North Carolina State",,,9.6500,9.9250,,A,Temple,31068,Brooke Donabedian
"Thu, Mar-02-2023","Maryland, Towson, West Chester",,,9.7750,9.9000,,H,Temple,31068,Brooke Donabedian
"Sun, Mar-05-2023","Fisk, Southern Conn., Ursinus College",,,9.8000,9.9500,,H,Temple,31068,Brooke Donabedian
"Sun, Mar-12-2023","George Washington, Maryland, Towson, Yale",,,9.6750,9.9000,,A,Temple,31068,Brooke Donabedian
"Sat, Mar-18-2023","George Washington, LIU, New Hampshire, North Carolina, North Carolina State, Pittsburgh, Towson",,,9.8750,9.6250,,A,Temple,31068,Brooke Donabedian
"Fri, Mar-31-2023",,,,,9.8250,,A,Temple,31068,Brooke Donabedian
"Fri, Jan-06-2023","Penn State, Pennsylvania, Pittsburgh",,9.7250,9.7250,9.5500,,A,Temple,31494,Madison Dorunda
"Sun, Jan-15-2023","Central Michigan, New Hampshire",,8.5500,9.7750,,,A,Temple,31494,Madison Dorunda
"Fri, Jan-20-2023","Bridgeport, Cornell, LIU",,9.2000,9.7000,8.9500,,H,Temple,31494,Madison Dorunda
"Sun, Feb-05-2023",Yale,,9.7000,9.8250,9.6750,,A,Temple,31494,Madison Dorunda
"Fri, Feb-10-2023","North Carolina State, Pittsburgh, Towson",,9.6750,9.8750,8.8000,,A,Temple,31494,Madison Dorunda
"Fri, Feb-17-2023","George Washington, North Carolina, Yale",,9.6000,9.8000,9.8000,,A,Temple,31494,Madison Dorunda
"Sun, Feb-19-2023","George Washington, North Carolina State, Pennsylvania",,9.6750,9.8250,9.8250,,H,Temple,31494,Madison Dorunda
"Fri, Feb-24-2023",North Carolina,,9.7750,9.8250,9.5750,,A,Temple,31494,Madison Dorunda
"Sun, Feb-26-2023","LIU, North Carolina State",,9.8000,9.8750,9.6000,,A,Temple,31494,Madison Dorunda
"Thu, Mar-02-2023","Maryland, Towson, West Chester",,9.7000,9.8000,9.5250,,H,Temple,31494,Madison Dorunda
"Sun, Mar-05-2023","Fisk, Southern Conn., Ursinus College",,9.7500,9.8250,9.7250,,H,Temple,31494,Madison Dorunda
"Sun, Mar-12-2023","George Washington, Maryland, Towson, Yale",,9.8000,9.8250,9.7250,,A,Temple,31494,Madison Dorunda
"Sat, Mar-18-2023","George Washington, LIU, New Hampshire, North Carolina, North Carolina State, Pittsburgh, Towson",,9.6000,9.8500,9.8000,,A,Temple,31494,Madison Dorunda
"Fri, Jan-06-2023","Penn State, Pennsylvania, Pittsburgh",,9.7250,,,,A,Temple,32060,Madisson Elmore
"Sun, Jan-15-2023","Central Michigan, New Hampshire",,9.6750,,,,A,Temple,32060,Madisson Elmore
"Fri, Jan-20-2023","Bridgeport, Cornell, LIU",,9.0500,,,,H,Temple,32060,Madisson Elmore
"Fri, Jan-06-2023","Penn State, Pennsylvania, Pittsburgh",9.7500,,,,,A,Temple,32061,Ashley Glynn
"Sun, Jan-15-2023","Central Michigan, New Hampshire",9.8500,,,,,A,Temple,32061,Ashley Glynn
"Fri, Jan-20-2023","Bridgeport, Cornell, LIU",9.8000,,,,,H,Temple,32061,Ashley Glynn
"Sun, Feb-05-2023",Yale,9.2250,9.8250,9.6750,,,A,Temple,32061,Ashley Glynn
"Fri, Feb-10-2023","North Carolina State, Pittsburgh, Towson",9.8250,9.8250,9.8000,,,A,Temple,32061,Ashley Glynn
"Fri, Feb-17-2023","George Washington, North Carolina, Yale",9.8500,9.8250,9.0500,9.8250,38.5500,A,Temple,32061,Ashley Glynn
"Sun, Feb-19-2023","George Washington, North Carolina State, Pennsylvania",9.6250,9.7500,9.7250,9.8500,38.9500,H,Temple,32061,Ashley Glynn
"Fri, Feb-24-2023",North Carolina,9.5250,9.3750,9.7500,9.8250,38.4750,A,Temple,32061,Ashley Glynn
"Sun, Feb-26-2023","LIU, North Carolina State",9.7500,9.8750,9.8250,9.6500,39.1000,A,Temple,32061,Ashley Glynn
"Thu, Mar-02-2023","Maryland, Towson, West Chester",9.8750,9.8000,9.7000,9.8000,39.1750,H,Temple,32061,Ashley Glynn
"Sun, Mar-05-2023","Fisk, Southern Conn., Ursinus College",9.8500,9.7500,9.8000,9.8000,39.2000,H,Temple,32061,Ashley Glynn
"Sun, Mar-12-2023","George Washington, Maryland, Towson, Yale",9.8250,9.8250,9.8000,9.8000,39.2500,A,Temple,32061,Ashley Glynn
"Sat, Mar-18-2023","George Washington, LIU, New Hampshire, North Carolina, North Carolina State, Pittsburgh, Towson",9.8750,9.7750,9.6250,9.6250,38.9000,A,Temple,32061,Ashley Glynn
"Sun, Jan-15-2023","Central Michigan, New Hampshire",,,,8.9500,,A,Temple,31495,Anna Hill
"Fri, Jan-20-2023","Bridgeport, Cornell, LIU",,,,9.7000,,H,Temple,31495,Anna Hill
"Sun, Feb-05-2023",Yale,9.8000,,,,,A,Temple,31495,Anna Hill
"Fri, Feb-10-2023","North Carolina State, Pittsburgh, Towson",9.7250,,,9.6500,,A,Temple,31495,Anna Hill
"Fri, Feb-17-2023","George Washington, North Carolina, Yale",9.7250,,,9.7250,,A,Temple,31495,Anna Hill
"Sun, Feb-19-2023","George Washington, North Carolina State, Pennsylvania",9.8000,,,9.8250,,H,Temple,31495,Anna Hill
"Fri, Feb-24-2023",North Carolina,9.7500,,,9.6000,,A,Temple,31495,Anna Hill
"Sun, Feb-26-2023","LIU, North Carolina State",9.6750,,,9.8500,,A,Temple,31495,Anna Hill
"Thu, Mar-02-2023","Maryland, Towson, West Chester",9.9000,,,9.6500,,H,Temple,31495,Anna Hill
"Sun, Mar-05-2023","Fisk, Southern Conn., Ursinus College",9.8750,,,9.9000,,H,Temple,31495,Anna Hill
"Sun, Mar-12-2023","George Washington, Maryland, Towson, Yale",9.7750,,,9.7750,,A,Temple,31495,Anna Hill
"Sat, Mar-18-2023","George Washington, LIU, New Hampshire, North Carolina, North Carolina State, Pittsburgh, Towson",9.8500,,,9.7750,,A,Temple,31495,Anna Hill
"Fri, Jan-20-2023","Bridgeport, Cornell, LIU",,,,8.8000,,H,Temple,32062,Angelina Hogan
"Fri, Jan-06-2023","Penn State, Pennsylvania, Pittsburgh",9.5750,,,,,A,Temple,32063,Emily Johnson
"Fri, Jan-06-2023","Penn State, Pennsylvania, Pittsburgh",,,9.8250,9.1000,,A,Temple,30296,Julianna Roland
"Sun, Jan-15-2023","Central Michigan, New Hampshire",,,9.0500,9.3250,,A,Temple,30296,Julianna Roland
"Fri, Jan-20-2023","Bridgeport, Cornell, LIU",,,9.6000,,,H,Temple,30296,Julianna Roland
"Sun, Feb-05-2023",Yale,,,9.8250,9.0500,,A,Temple,30296,Julianna Roland
"Sun, Feb-19-2023","George Washington, North Carolina State, Pennsylvania",,,9.8000,,,H,Temple,30296,Julianna Roland
"Fri, Feb-24-2023",North Carolina,,,9.6750,,,A,Temple,30296,Julianna Roland
"Sun, Feb-26-2023","LIU, North Carolina State",,,9.7750,,,A,Temple,30296,Julianna Roland
"Thu, Mar-02-2023","Maryland, Towson, West Chester",,,9.7750,,,H,Temple,30296,Julianna Roland
"Sun, Mar-05-2023","Fisk, Southern Conn., Ursinus College",,,9.7000,,,H,Temple,30296,Julianna Roland
"Sun, Mar-12-2023","George Washington, Maryland, Towson, Yale",,,9.7750,,,A,Temple,30296,Julianna Roland
"Sat, Mar-18-2023","George Washington, LIU, New Hampshire, North Carolina, North Carolina State, Pittsburgh, Towson",,,9.7250,,,A,Temple,30296,Julianna Roland
"Fri, Jan-06-2023","Penn State, Pennsylvania, Pittsburgh",9.4250,,,9.8250,,A,Temple,31496,Summer Ruskey
"Sun, Jan-15-2023","Central Michigan, New Hampshire",,,,9.6750,,A,Temple,31496,Summer Ruskey
"Fri, Jan-20-2023","Bridgeport, Cornell, LIU",9.5750,,,9.8750,,H,Temple,31496,Summer Ruskey
"Sun, Feb-05-2023",Yale,,,,9.5250,,A,Temple,31496,Summer Ruskey
"Fri, Feb-10-2023","North Carolina State, Pittsburgh, Towson",,,,9.7500,,A,Temple,31496,Summer Ruskey
"Fri, Feb-17-2023","George Washington, North Carolina, Yale",,,,9.8500,,A,Temple,31496,Summer Ruskey
"Sun, Feb-19-2023","George Washington, North Carolina State, Pennsylvania",,,,9.8750,,H,Temple,31496,Summer Ruskey
"Fri, Feb-24-2023",North Carolina,,,,9.8000,,A,Temple,31496,Summer Ruskey
"Sun, Feb-26-2023","LIU, North Carolina State",,,,9.8750,,A,Temple,31496,Summer Ruskey
"Thu, Mar-02-2023","Maryland, Towson, West Chester",,,,9.7000,,H,Temple,31496,Summer Ruskey
"Sun, Mar-05-2023","Fisk, Southern Conn., Ursinus College",,,,9.5500,,H,Temple,31496,Summer Ruskey
"Sun, Mar-12-2023","George Washington, Maryland, Towson, Yale",,,,9.8000,,A,Temple,31496,Summer Ruskey
"Sat, Mar-18-2023","George Washington, LIU, New Hampshire, North Carolina, North Carolina State, Pittsburgh, Towson",,,,9.8250,,A,Temple,31496,Summer Ruskey
"Fri, Feb-10-2023","North Carolina State, Pittsburgh, Towson",,,9.8250,,,A,Temple,32065,Amanda Scheuerman
"Fri, Feb-17-2023","George Washington, North Carolina, Yale",,,9.4750,,,A,Temple,32065,Amanda Scheuerman
"Sun, Feb-19-2023","George Washington, North Carolina State, Pennsylvania",,,8.9000,,,H,Temple,32065,Amanda Scheuerman
"Fri, Feb-24-2023",North Carolina,,,9.6250,,,A,Temple,32065,Amanda Scheuerman
"Sun, Feb-26-2023","LIU, North Carolina State",,,9.7750,,,A,Temple,32065,Amanda Scheuerman
"Thu, Mar-02-2023","Maryland, Towson, West Chester",,,8.9500,,,H,Temple,32065,Amanda Scheuerman
"Fri, Jan-06-2023","Penn State, Pennsylvania, Pittsburgh",9.6250,,9.8500,9.6750,,A,Temple,31072,Renee Schugman
"Sun, Jan-15-2023","Central Michigan, New Hampshire",9.6250,,9.4500,9.8500,,A,Temple,31072,Renee Schugman
"Fri, Jan-20-2023","Bridgeport, Cornell, LIU",9.7000,,9.6000,9.6750,,H,Temple,31072,Renee Schugman
"Sun, Feb-05-2023",Yale,9.6250,,9.7250,9.8500,,A,Temple,31072,Renee Schugman
"Fri, Feb-10-2023","North Carolina State, Pittsburgh, Towson",,,9.6500,9.7500,,A,Temple,31072,Renee Schugman
"Fri, Feb-17-2023","George Washington, North Carolina, Yale",,,,9.9000,,A,Temple,31072,Renee Schugman
"Sun, Feb-19-2023","George Washington, North Carolina State, Pennsylvania",9.7750,,,9.9250,,H,Temple,31072,Renee Schugman
"Fri, Feb-24-2023",North Carolina,9.7500,,9.7000,9.8500,,A,Temple,31072,Renee Schugman
"Sun, Feb-26-2023","LIU, North Carolina State",9.1250,,9.7250,9.8750,,A,Temple,31072,Renee Schugman
"Thu, Mar-02-2023","Maryland, Towson, West Chester",9.6750,,9.7250,9.9000,,H,Temple,31072,Renee Schugman
"Sun, Mar-05-2023","Fisk, Southern Conn., Ursinus College",9.8250,,9.7750,9.9250,,H,Temple,31072,Renee Schugman
"Sun, Mar-12-2023","George Washington, Maryland, Towson, Yale",9.7500,,9.7750,9.9000,,A,Temple,31072,Renee Schugman
"Sat, Mar-18-2023","George Washington, LIU, New Hampshire, North Carolina, North Carolina State, Pittsburgh, Towson",9.7500,,9.7250,9.8500,,A,Temple,31072,Renee Schugman
"Fri, Mar-31-2023",,,,,9.8250,,A,Temple,31072,Renee Schugman
"Fri, Jan-06-2023","Penn State, Pennsylvania, Pittsburgh",9.6500,9.7750,9.8750,8.9750,38.2750,A,Temple,31498,Hannah Stallings
"Sun, Jan-15-2023","Central Michigan, New Hampshire",9.6250,9.7000,9.6250,9.4750,38.4250,A,Temple,31498,Hannah Stallings
"Fri, Jan-20-2023","Bridgeport, Cornell, LIU",9.7000,9.8750,9.9000,,,H,Temple,31498,Hannah Stallings
"Sun, Feb-05-2023",Yale,,9.7000,8.9750,,,A,Temple,31498,Hannah Stallings
"Fri, Feb-10-2023","North Carolina State, Pittsburgh, Towson",,9.7750,9.8000,,,A,Temple,31498,Hannah Stallings
"Fri, Feb-17-2023","George Washington, North Carolina, Yale",,9.0500,9.0000,,,A,Temple,31498,Hannah Stallings
"Sun, Feb-19-2023","George Washington, North Carolina State, Pennsylvania",,9.8000,8.8500,,,H,Temple,31498,Hannah Stallings
"Fri, Feb-24-2023",North Carolina,,9.7500,,,,A,Temple,31498,Hannah Stallings
"Sun, Feb-26-2023","LIU, North Carolina State",,9.7250,,,,A,Temple,31498,Hannah Stallings
"Thu, Mar-02-2023","Maryland, Towson, West Chester",,9.1500,,,,H,Temple,31498,Hannah Stallings
"Sun, Mar-05-2023","Fisk, Southern Conn., Ursinus College",,9.0500,,,,H,Temple,31498,Hannah Stallings
"Sun, Mar-12-2023","George Washington, Maryland, Towson, Yale",,9.8000,,,,A,Temple,31498,Hannah Stallings
"Sat, Mar-18-2023","George Washington, LIU, New Hampshire, North Carolina, North Carolina State, Pittsburgh, Towson",,9.3000,,,,A,Temple,31498,Hannah Stallings
"Fri, Jan-06-2023","Penn State, Pennsylvania, Pittsburgh",,9.8500,9.7750,,,A,Temple,31499,Sarah Stallings
"Sun, Jan-15-2023","Central Michigan, New Hampshire",9.7250,9.8500,9.7000,,,A,Temple,31499,Sarah Stallings
"Fri, Jan-20-2023","Bridgeport, Cornell, LIU",,9.8750,9.6000,,,H,Temple,31499,Sarah Stallings
"Sun, Feb-05-2023",Yale,,9.8250,,,,A,Temple,31499,Sarah Stallings
"Fri, Feb-10-2023","North Carolina State, Pittsburgh, Towson",9.6250,9.8000,,,,A,Temple,31499,Sarah Stallings
"Fri, Feb-17-2023","George Washington, North Carolina, Yale",9.7250,9.8000,9.0000,,,A,Temple,31499,Sarah Stallings
"Sun, Feb-19-2023","George Washington, North Carolina State, Pennsylvania",,9.9000,,,,H,Temple,31499,Sarah Stallings
"Fri, Feb-24-2023",North Carolina,,9.7000,,,,A,Temple,31499,Sarah Stallings
"Sun, Feb-26-2023","LIU, North Carolina State",,9.6500,,,,A,Temple,31499,Sarah Stallings
"Thu, Mar-02-2023","Maryland, Towson, West Chester",,9.8250,,,,H,Temple,31499,Sarah Stallings
"Sun, Mar-05-2023","Fisk, Southern Conn., Ursinus College",,9.8500,8.9250,,,H,Temple,31499,Sarah Stallings
"Sun, Mar-12-2023","George Washington, Maryland, Towson, Yale",9.7500,9.8750,9.4500,,,A,Temple,31499,Sarah Stallings
"Sat, Mar-18-2023","George Washington, LIU, New Hampshire, North Carolina, North Carolina State, Pittsburgh, Towson",,9.7750,9.6750,,,A,Temple,31499,Sarah Stallings
"Fri, Jan-06-2023","Penn State, Pennsylvania, Pittsburgh",,9.8250,,,,A,Temple,31074,Cyrena Whalen
"Sun, Jan-15-2023","Central Michigan, New Hampshire",,9.7250,,,,A,Temple,31074,Cyrena Whalen
"Fri, Jan-20-2023","Bridgeport, Cornell, LIU",,9.7750,,,,H,Temple,31074,Cyrena Whalen
"Sun, Feb-05-2023",Yale,,9.7250,,,,A,Temple,31074,Cyrena Whalen
"Fri, Feb-10-2023","North Carolina State, Pittsburgh, Towson",,9.2250,,,,A,Temple,31074,Cyrena Whalen
"Fri, Feb-17-2023","George Washington, North Carolina, Yale",,9.8000,,,,A,Temple,31074,Cyrena Whalen
"Sun, Feb-19-2023","George Washington, North Carolina State, Pennsylvania",,9.8500,,,,H,Temple,31074,Cyrena Whalen
"Fri, Feb-24-2023",North Carolina,,9.8250,,,,A,Temple,31074,Cyrena Whalen
"Sun, Feb-26-2023","LIU, North Carolina State",,9.8250,,,,A,Temple,31074,Cyrena Whalen
"Thu, Mar-02-2023","Maryland, Towson, West Chester",,9.2750,,,,H,Temple,31074,Cyrena Whalen
"Sun, Mar-05-2023","Fisk, Southern Conn., Ursinus College",,9.9250,,,,H,Temple,31074,Cyrena Whalen
"Sun, Mar-12-2023","George Washington, Maryland, Towson, Yale",,9.8750,,,,A,Temple,31074,Cyrena Whalen
"Sat, Mar-18-2023","George Washington, LIU, New Hampshire, North Carolina, North Carolina State, Pittsburgh, Towson",,8.0000,,,,A,Temple,31074,Cyrena Whalen
"Sun, Jan-08-2023","Denver, Penn State",,8.4500,,,,A,Texas Woman's,31503,Delaney Bruns
"Fri, Jan-27-2023",S.E. Missouri,,8.5500,,,,A,Texas Woman's,31503,Delaney Bruns
"Sun, Jan-08-2023","Denver, Penn State",,9.8750,,,,A,Texas Woman's,32066,Brooke Ferrari
"Sat, Jan-14-2023","Arizona, Bowling Green, Illinois",,9.7500,,,,A,Texas Woman's,32066,Brooke Ferrari
"Fri, Jan-20-2023","Air Force, Centenary College, UW-Eau Claire",,9.7500,,,,H,Texas Woman's,32066,Brooke Ferrari
"Fri, Jan-27-2023",S.E. Missouri,,9.7000,,,,A,Texas Woman's,32066,Brooke Ferrari
"Sun, Jan-29-2023","Lindenwood, Missouri",,9.7750,,9.5750,,A,Texas Woman's,32066,Brooke Ferrari
"Sun, Feb-05-2023","Iowa State, New Hampshire",,9.9000,,,,H,Texas Woman's,32066,Brooke Ferrari
"Fri, Feb-10-2023",Centenary College,,9.6750,,,,A,Texas Woman's,32066,Brooke Ferrari
"Sun, Feb-19-2023",Oklahoma,,9.7750,,,,H,Texas Woman's,32066,Brooke Ferrari
"Sun, Feb-26-2023",West Virginia,,9.3500,,,,H,Texas Woman's,32066,Brooke Ferrari
"Sat, Mar-04-2023",Centenary College,,9.8250,,,,A,Texas Woman's,32066,Brooke Ferrari
"Sun, Mar-12-2023","Florida, North Carolina State, Washington",,9.7000,,,,H,Texas Woman's,32066,Brooke Ferrari
"Fri, Mar-17-2023","Centenary College, Illinois State, Lindenwood, S.E. Missouri",,9.7500,,,,A,Texas Woman's,32066,Brooke Ferrari
"Thu, Apr-06-2023","Air Force, Bridgeport, Brown, Centenary College, Cornell, Fisk, Lindenwood, S.E. Missouri, Southern Conn., West Chester, Yale",,9.8250,,,,H,Texas Woman's,32066,Brooke Ferrari
"Fri, Apr-07-2023","Air Force, Brown, Lindenwood, S.E. Missouri, Southern Conn., West Chester, Yale",,9.8250,,,,H,Texas Woman's,32066,Brooke Ferrari
"Sat, Apr-08-2023","Air Force, Bridgeport, Brown, Centenary College, Cornell, Fisk, Lindenwood, S.E. Missouri, Southern Conn., West Chester, Yale",,9.8130,,,,H,Texas Woman's,32066,Brooke Ferrari
"Sun, Jan-08-2023","Denver, Penn State",,,9.7750,,,A,Texas Woman's,32258,Ruby Goad
"Sat, Jan-14-2023","Arizona, Bowling Green, Illinois",,,9.8000,9.7250,,A,Texas Woman's,32258,Ruby Goad
"Fri, Jan-20-2023","Air Force, Centenary College, UW-Eau Claire",,,9.8250,9.7000,,H,Texas Woman's,32258,Ruby Goad
"Fri, Jan-27-2023",S.E. Missouri,,,9.3000,9.7500,,A,Texas Woman's,32258,Ruby Goad
"Sun, Jan-29-2023","Lindenwood, Missouri",,,9.7000,9.8500,,A,Texas Woman's,32258,Ruby Goad
"Sun, Feb-05-2023","Iowa State, New Hampshire",,,9.3500,9.7500,,H,Texas Woman's,32258,Ruby Goad
"Sun, Feb-19-2023",Oklahoma,,,9.8500,,,H,Texas Woman's,32258,Ruby Goad
"Sat, Mar-04-2023",Centenary College,,,,9.3250,,A,Texas Woman's,32258,Ruby Goad
"Sun, Jan-08-2023","Denver, Penn State",9.6500,,9.6750,9.7500,,A,Texas Woman's,31075,Madeline Gose
"Sat, Jan-14-2023","Arizona, Bowling Green, Illinois",9.6750,,9.7250,9.7750,,A,Texas Woman's,31075,Madeline Gose
"Fri, Jan-20-2023","Air Force, Centenary College, UW-Eau Claire",9.7500,,9.8500,9.7000,,H,Texas Woman's,31075,Madeline Gose
"Fri, Jan-27-2023",S.E. Missouri,9.7750,,9.1750,8.8250,,A,Texas Woman's,31075,Madeline Gose
"Sun, Jan-29-2023","Lindenwood, Missouri",9.7000,,9.6750,,,A,Texas Woman's,31075,Madeline Gose
"Sun, Feb-05-2023","Iowa State, New Hampshire",9.6750,,9.0750,9.8000,,H,Texas Woman's,31075,Madeline Gose
"Fri, Feb-10-2023",Centenary College,9.7750,,9.3500,9.6750,,A,Texas Woman's,31075,Madeline Gose
"Sun, Feb-19-2023",Oklahoma,9.7750,,9.7250,9.7500,,H,Texas Woman's,31075,Madeline Gose
"Sun, Feb-26-2023",West Virginia,9.7750,,,9.8000,,H,Texas Woman's,31075,Madeline Gose
"Sat, Mar-04-2023",Centenary College,9.8000,,,9.7000,,A,Texas Woman's,31075,Madeline Gose
"Sun, Mar-12-2023","Florida, North Carolina State, Washington",9.8250,,9.8000,9.8000,,H,Texas Woman's,31075,Madeline Gose
"Fri, Mar-17-2023","Centenary College, Illinois State, Lindenwood, S.E. Missouri",9.5500,,9.8500,9.7500,,A,Texas Woman's,31075,Madeline Gose
"Thu, Apr-06-2023","Air Force, Bridgeport, Brown, Centenary College, Cornell, Fisk, Lindenwood, S.E. Missouri, Southern Conn., West Chester, Yale",9.8000,,,9.8750,,H,Texas Woman's,31075,Madeline Gose
"Fri, Apr-07-2023","Air Force, Brown, Lindenwood, S.E. Missouri, Southern Conn., West Chester, Yale",9.1250,,,9.7250,,H,Texas Woman's,31075,Madeline Gose
"Sat, Apr-08-2023","Air Force, Bridgeport, Brown, Centenary College, Cornell, Fisk, Lindenwood, S.E. Missouri, Southern Conn., West Chester, Yale",9.7630,,,9.8630,,H,Texas Woman's,31075,Madeline Gose
"Sun, Jan-08-2023","Denver, Penn State",9.6750,9.8250,,,,A,Texas Woman's,30662,Maddie Griffith
"Sat, Jan-14-2023","Arizona, Bowling Green, Illinois",9.5250,9.4500,,,,A,Texas Woman's,30662,Maddie Griffith
"Fri, Jan-20-2023","Air Force, Centenary College, UW-Eau Claire",9.5750,9.6000,,,,H,Texas Woman's,30662,Maddie Griffith
"Fri, Jan-27-2023",S.E. Missouri,9.8500,9.8000,,,,A,Texas Woman's,30662,Maddie Griffith
"Sun, Jan-29-2023","Lindenwood, Missouri",9.7500,9.7500,,,,A,Texas Woman's,30662,Maddie Griffith
"Sun, Feb-05-2023","Iowa State, New Hampshire",9.6000,9.7250,,,,H,Texas Woman's,30662,Maddie Griffith
"Fri, Feb-10-2023",Centenary College,,9.6000,,,,A,Texas Woman's,30662,Maddie Griffith
"Sun, Feb-19-2023",Oklahoma,9.6500,9.8250,,,,H,Texas Woman's,30662,Maddie Griffith
"Sun, Feb-26-2023",West Virginia,,9.8500,,,,H,Texas Woman's,30662,Maddie Griffith
"Sat, Mar-04-2023",Centenary College,9.8000,9.8000,,,,A,Texas Woman's,30662,Maddie Griffith
"Sun, Mar-12-2023","Florida, North Carolina State, Washington",9.7250,9.8500,,,,H,Texas Woman's,30662,Maddie Griffith
"Fri, Mar-17-2023","Centenary College, Illinois State, Lindenwood, S.E. Missouri",9.7500,8.8500,,,,A,Texas Woman's,30662,Maddie Griffith
"Thu, Apr-06-2023","Air Force, Bridgeport, Brown, Centenary College, Cornell, Fisk, Lindenwood, S.E. Missouri, Southern Conn., West Chester, Yale",9.7500,9.7500,,,,H,Texas Woman's,30662,Maddie Griffith
"Fri, Apr-07-2023","Air Force, Brown, Lindenwood, S.E. Missouri, Southern Conn., West Chester, Yale",9.5500,9.6500,,,,H,Texas Woman's,30662,Maddie Griffith
"Sun, Jan-08-2023","Denver, Penn State",9.7250,8.8250,,9.8250,,A,Texas Woman's,30663,Mara Johnson
"Sat, Jan-14-2023","Arizona, Bowling Green, Illinois",9.7250,9.5250,,9.8250,,A,Texas Woman's,30663,Mara Johnson
"Fri, Jan-20-2023","Air Force, Centenary College, UW-Eau Claire",9.6500,9.4750,,,,H,Texas Woman's,30663,Mara Johnson
"Sun, Feb-05-2023","Iowa State, New Hampshire",9.5250,,,,,H,Texas Woman's,30663,Mara Johnson
"Fri, Feb-10-2023",Centenary College,9.6500,9.4500,,9.6750,,A,Texas Woman's,30663,Mara Johnson
"Sun, Feb-19-2023",Oklahoma,9.4250,9.4750,,9.8000,,H,Texas Woman's,30663,Mara Johnson
"Sun, Feb-26-2023",West Virginia,9.7500,9.6500,,9.8500,,H,Texas Woman's,30663,Mara Johnson
"Sat, Mar-04-2023",Centenary College,9.7250,9.7250,,9.8250,,A,Texas Woman's,30663,Mara Johnson
"Sun, Mar-12-2023","Florida, North Carolina State, Washington",9.7000,9.6000,,9.8500,,H,Texas Woman's,30663,Mara Johnson
"Fri, Mar-17-2023","Centenary College, Illinois State, Lindenwood, S.E. Missouri",,9.6250,,9.8000,,A,Texas Woman's,30663,Mara Johnson
"Thu, Apr-06-2023","Air Force, Bridgeport, Brown, Centenary College, Cornell, Fisk, Lindenwood, S.E. Missouri, Southern Conn., West Chester, Yale",9.6750,9.6500,,9.9000,,H,Texas Woman's,30663,Mara Johnson
"Fri, Apr-07-2023","Air Force, Brown, Lindenwood, S.E. Missouri, Southern Conn., West Chester, Yale",9.7500,9.7250,,9.7000,,H,Texas Woman's,30663,Mara Johnson
"Sat, Apr-08-2023","Air Force, Bridgeport, Brown, Centenary College, Cornell, Fisk, Lindenwood, S.E. Missouri, Southern Conn., West Chester, Yale",,,,9.7500,,H,Texas Woman's,30663,Mara Johnson
"Sun, Jan-29-2023","Lindenwood, Missouri",,,8.9500,,,A,Texas Woman's,31076,Steelie King
"Sun, Feb-05-2023","Iowa State, New Hampshire",,,9.8500,9.6500,,H,Texas Woman's,31076,Steelie King
"Fri, Feb-10-2023",Centenary College,9.6750,,9.2750,9.7000,,A,Texas Woman's,31076,Steelie King
"Sun, Feb-19-2023",Oklahoma,9.8250,,9.6250,9.8000,,H,Texas Woman's,31076,Steelie King
"Sun, Feb-26-2023",West Virginia,9.8500,9.6500,9.1500,8.9750,37.6250,H,Texas Woman's,31076,Steelie King
"Sat, Mar-04-2023",Centenary College,9.7250,9.7750,9.8250,,,A,Texas Woman's,31076,Steelie King
"Sun, Mar-12-2023","Florida, North Carolina State, Washington",9.8500,9.7500,9.7250,9.8000,39.1250,H,Texas Woman's,31076,Steelie King
"Fri, Mar-17-2023","Centenary College, Illinois State, Lindenwood, S.E. Missouri",9.8000,9.7000,9.8500,9.8000,39.1500,A,Texas Woman's,31076,Steelie King
"Thu, Apr-06-2023","Air Force, Bridgeport, Brown, Centenary College, Cornell, Fisk, Lindenwood, S.E. Missouri, Southern Conn., West Chester, Yale",9.7750,9.0750,9.7750,9.8000,38.4250,H,Texas Woman's,31076,Steelie King
"Fri, Apr-07-2023","Air Force, Brown, Lindenwood, S.E. Missouri, Southern Conn., West Chester, Yale",9.7750,9.7250,9.8500,9.6000,,H,Texas Woman's,31076,Steelie King
"Sun, Feb-26-2023",West Virginia,,,9.7500,,,H,Texas Woman's,30664,Mackenzie Kunzman
"Sat, Mar-04-2023",Centenary College,,,9.7750,,,A,Texas Woman's,30664,Mackenzie Kunzman
"Sun, Mar-12-2023","Florida, North Carolina State, Washington",,,9.7750,,,H,Texas Woman's,30664,Mackenzie Kunzman
"Fri, Mar-17-2023","Centenary College, Illinois State, Lindenwood, S.E. Missouri",,,9.7750,,,A,Texas Woman's,30664,Mackenzie Kunzman
"Thu, Apr-06-2023","Air Force, Bridgeport, Brown, Centenary College, Cornell, Fisk, Lindenwood, S.E. Missouri, Southern Conn., West Chester, Yale",,,9.8000,,,H,Texas Woman's,30664,Mackenzie Kunzman
"Fri, Apr-07-2023","Air Force, Brown, Lindenwood, S.E. Missouri, Southern Conn., West Chester, Yale",,,9.7250,,,H,Texas Woman's,30664,Mackenzie Kunzman
"Sat, Apr-08-2023","Air Force, Bridgeport, Brown, Centenary College, Cornell, Fisk, Lindenwood, S.E. Missouri, Southern Conn., West Chester, Yale",,,9.4750,,,H,Texas Woman's,30664,Mackenzie Kunzman
"Sun, Jan-08-2023","Denver, Penn State",9.5250,,,,,A,Texas Woman's,30665,Beth Lazarus
"Sat, Jan-14-2023","Arizona, Bowling Green, Illinois",9.7000,9.6500,,,,A,Texas Woman's,30665,Beth Lazarus
"Fri, Jan-20-2023","Air Force, Centenary College, UW-Eau Claire",9.6250,8.8750,,,,H,Texas Woman's,30665,Beth Lazarus
"Fri, Jan-27-2023",S.E. Missouri,9.7500,,,,,A,Texas Woman's,30665,Beth Lazarus
"Sun, Jan-29-2023","Lindenwood, Missouri",9.6750,9.6500,,,,A,Texas Woman's,30665,Beth Lazarus
"Sun, Feb-05-2023","Iowa State, New Hampshire",9.5000,9.0000,,,,H,Texas Woman's,30665,Beth Lazarus
"Fri, Feb-10-2023",Centenary College,9.7000,8.4000,,,,A,Texas Woman's,30665,Beth Lazarus
"Sun, Feb-19-2023",Oklahoma,9.7500,,,,,H,Texas Woman's,30665,Beth Lazarus
"Sun, Mar-12-2023","Florida, North Carolina State, Washington",9.7750,,,,,H,Texas Woman's,30665,Beth Lazarus
"Fri, Mar-17-2023","Centenary College, Illinois State, Lindenwood, S.E. Missouri",9.5250,9.3000,,,,A,Texas Woman's,30665,Beth Lazarus
"Thu, Apr-06-2023","Air Force, Bridgeport, Brown, Centenary College, Cornell, Fisk, Lindenwood, S.E. Missouri, Southern Conn., West Chester, Yale",9.0750,,,,,H,Texas Woman's,30665,Beth Lazarus
"Sun, Jan-08-2023","Denver, Penn State",,,,8.9500,,A,Texas Woman's,31505,Sierra Muns
"Fri, Jan-20-2023","Air Force, Centenary College, UW-Eau Claire",9.5250,,,9.7750,,H,Texas Woman's,31505,Sierra Muns
"Sun, Jan-29-2023","Lindenwood, Missouri",9.7750,,,9.3500,,A,Texas Woman's,31505,Sierra Muns
"Sun, Feb-05-2023","Iowa State, New Hampshire",9.6500,,,9.8250,,H,Texas Woman's,31505,Sierra Muns
"Fri, Feb-10-2023",Centenary College,9.7250,,,,,A,Texas Woman's,31505,Sierra Muns
"Sun, Jan-08-2023","Denver, Penn State",,,9.0750,8.8500,,A,Texas Woman's,30628,Alixandra Pierce
"Sat, Jan-14-2023","Arizona, Bowling Green, Illinois",,,9.6750,9.7750,,A,Texas Woman's,30628,Alixandra Pierce
"Fri, Jan-20-2023","Air Force, Centenary College, UW-Eau Claire",,,9.7500,9.9000,,H,Texas Woman's,30628,Alixandra Pierce
"Fri, Jan-27-2023",S.E. Missouri,,9.7500,9.8250,9.8500,,A,Texas Woman's,30628,Alixandra Pierce
"Sun, Jan-29-2023","Lindenwood, Missouri",,9.5500,9.7500,9.8500,,A,Texas Woman's,30628,Alixandra Pierce
"Sun, Feb-05-2023","Iowa State, New Hampshire",,9.8250,9.7250,9.8750,,H,Texas Woman's,30628,Alixandra Pierce
"Fri, Feb-10-2023",Centenary College,,8.9500,9.8500,9.8250,,A,Texas Woman's,30628,Alixandra Pierce
"Sun, Feb-19-2023",Oklahoma,,9.5500,9.8750,9.8750,,H,Texas Woman's,30628,Alixandra Pierce
"Sun, Feb-26-2023",West Virginia,,9.6250,9.8500,9.7500,,H,Texas Woman's,30628,Alixandra Pierce
"Sat, Mar-04-2023",Centenary College,,9.7500,9.8000,9.8250,,A,Texas Woman's,30628,Alixandra Pierce
"Sun, Mar-12-2023","Florida, North Carolina State, Washington",,9.8000,9.6750,9.4750,,H,Texas Woman's,30628,Alixandra Pierce
"Fri, Mar-17-2023","Centenary College, Illinois State, Lindenwood, S.E. Missouri",,9.6750,9.8750,9.8250,,A,Texas Woman's,30628,Alixandra Pierce
"Thu, Apr-06-2023","Air Force, Bridgeport, Brown, Centenary College, Cornell, Fisk, Lindenwood, S.E. Missouri, Southern Conn., West Chester, Yale",,9.7000,9.7750,9.8250,,H,Texas Woman's,30628,Alixandra Pierce
"Fri, Apr-07-2023","Air Force, Brown, Lindenwood, S.E. Missouri, Southern Conn., West Chester, Yale",,9.8000,9.7000,9.7500,,H,Texas Woman's,30628,Alixandra Pierce
"Sat, Apr-08-2023","Air Force, Bridgeport, Brown, Centenary College, Cornell, Fisk, Lindenwood, S.E. Missouri, Southern Conn., West Chester, Yale",,,9.5130,9.8500,,H,Texas Woman's,30628,Alixandra Pierce
"Sun, Jan-08-2023","Denver, Penn State",,9.6250,9.6750,9.6250,,A,Texas Woman's,30666,Kyla Podges
"Sat, Jan-14-2023","Arizona, Bowling Green, Illinois",,9.4250,9.7500,9.6250,,A,Texas Woman's,30666,Kyla Podges
"Fri, Jan-20-2023","Air Force, Centenary College, UW-Eau Claire",,9.4750,9.7500,9.6500,,H,Texas Woman's,30666,Kyla Podges
"Fri, Jan-27-2023",S.E. Missouri,,8.9500,9.0250,9.6750,,A,Texas Woman's,30666,Kyla Podges
"Sun, Jan-29-2023","Lindenwood, Missouri",,9.5000,9.7500,9.7750,,A,Texas Woman's,30666,Kyla Podges
"Sun, Feb-05-2023","Iowa State, New Hampshire",,9.4750,9.8000,,,H,Texas Woman's,30666,Kyla Podges
"Fri, Feb-10-2023",Centenary College,,,9.8250,9.6750,,A,Texas Woman's,30666,Kyla Podges
"Sun, Feb-19-2023",Oklahoma,,9.3250,9.8250,9.7500,,H,Texas Woman's,30666,Kyla Podges
"Sun, Feb-26-2023",West Virginia,,,9.8000,9.7250,,H,Texas Woman's,30666,Kyla Podges
"Sat, Mar-04-2023",Centenary College,,,9.7750,9.7250,,A,Texas Woman's,30666,Kyla Podges
"Sun, Mar-12-2023","Florida, North Carolina State, Washington",,,9.7250,9.7250,,H,Texas Woman's,30666,Kyla Podges
"Fri, Mar-17-2023","Centenary College, Illinois State, Lindenwood, S.E. Missouri",,,9.6500,9.7000,,A,Texas Woman's,30666,Kyla Podges
"Thu, Apr-06-2023","Air Force, Bridgeport, Brown, Centenary College, Cornell, Fisk, Lindenwood, S.E. Missouri, Southern Conn., West Chester, Yale",,9.6250,9.7750,9.8000,,H,Texas Woman's,30666,Kyla Podges
"Fri, Apr-07-2023","Air Force, Brown, Lindenwood, S.E. Missouri, Southern Conn., West Chester, Yale",,9.7500,9.7250,9.6000,,H,Texas Woman's,30666,Kyla Podges
"Sun, Jan-08-2023","Denver, Penn State",9.4250,,9.7250,,,A,Texas Woman's,31506,Emily Six
"Sat, Jan-14-2023","Arizona, Bowling Green, Illinois",9.5250,,9.3500,,,A,Texas Woman's,31506,Emily Six
"Fri, Jan-20-2023","Air Force, Centenary College, UW-Eau Claire",,,9.7250,,,H,Texas Woman's,31506,Emily Six
"Fri, Jan-27-2023",S.E. Missouri,9.6500,,9.8250,,,A,Texas Woman's,31506,Emily Six
"Fri, Feb-10-2023",Centenary College,,,9.6000,,,A,Texas Woman's,31506,Emily Six
"Sun, Feb-26-2023",West Virginia,9.7750,,9.8250,,,H,Texas Woman's,31506,Emily Six
"Sat, Mar-04-2023",Centenary College,9.7000,,9.6250,,,A,Texas Woman's,31506,Emily Six
"Fri, Mar-17-2023","Centenary College, Illinois State, Lindenwood, S.E. Missouri",9.7500,,9.7250,,,A,Texas Woman's,31506,Emily Six
"Thu, Apr-06-2023","Air Force, Bridgeport, Brown, Centenary College, Cornell, Fisk, Lindenwood, S.E. Missouri, Southern Conn., West Chester, Yale",,,9.8000,,,H,Texas Woman's,31506,Emily Six
"Fri, Apr-07-2023","Air Force, Brown, Lindenwood, S.E. Missouri, Southern Conn., West Chester, Yale",9.7750,,9.8000,,,H,Texas Woman's,31506,Emily Six
"Sat, Apr-08-2023","Air Force, Bridgeport, Brown, Centenary College, Cornell, Fisk, Lindenwood, S.E. Missouri, Southern Conn., West Chester, Yale",,,9.8380,,,H,Texas Woman's,31506,Emily Six
"Sun, Jan-08-2023","Denver, Penn State",9.7500,,9.1250,9.6500,,A,Texas Woman's,30772,Daisy Woodring
"Sat, Jan-14-2023","Arizona, Bowling Green, Illinois",9.8000,,9.5000,9.8000,,A,Texas Woman's,30772,Daisy Woodring
"Fri, Jan-20-2023","Air Force, Centenary College, UW-Eau Claire",9.8000,,9.6250,9.8250,,H,Texas Woman's,30772,Daisy Woodring
"Fri, Jan-27-2023",S.E. Missouri,9.7500,,9.7000,9.8500,,A,Texas Woman's,30772,Daisy Woodring
"Sun, Jan-29-2023","Lindenwood, Missouri",9.8250,,9.5750,9.6750,,A,Texas Woman's,30772,Daisy Woodring
"Sun, Feb-05-2023","Iowa State, New Hampshire",9.7500,,9.6000,9.7250,,H,Texas Woman's,30772,Daisy Woodring
"Fri, Feb-10-2023",Centenary College,9.8250,,9.6250,9.8000,,A,Texas Woman's,30772,Daisy Woodring
"Sun, Feb-19-2023",Oklahoma,9.8250,,9.7000,9.7750,,H,Texas Woman's,30772,Daisy Woodring
"Sun, Feb-26-2023",West Virginia,9.8500,,9.8000,9.7250,,H,Texas Woman's,30772,Daisy Woodring
"Sat, Mar-04-2023",Centenary College,9.8000,,9.8000,9.8500,,A,Texas Woman's,30772,Daisy Woodring
"Sun, Mar-12-2023","Florida, North Carolina State, Washington",9.9000,,9.3500,9.8500,,H,Texas Woman's,30772,Daisy Woodring
"Fri, Mar-17-2023","Centenary College, Illinois State, Lindenwood, S.E. Missouri",9.8500,,,9.9000,,A,Texas Woman's,30772,Daisy Woodring
"Thu, Apr-06-2023","Air Force, Bridgeport, Brown, Centenary College, Cornell, Fisk, Lindenwood, S.E. Missouri, Southern Conn., West Chester, Yale",9.8000,,9.7750,9.7500,,H,Texas Woman's,30772,Daisy Woodring
"Fri, Apr-07-2023","Air Force, Brown, Lindenwood, S.E. Missouri, Southern Conn., West Chester, Yale",9.7750,,9.6500,9.8750,,H,Texas Woman's,30772,Daisy Woodring
"Sat, Apr-08-2023","Air Force, Bridgeport, Brown, Centenary College, Cornell, Fisk, Lindenwood, S.E. Missouri, Southern Conn., West Chester, Yale",9.8250,,,,,H,Texas Woman's,30772,Daisy Woodring
"Sun, Jan-08-2023","Denver, Penn State",,9.7250,,,,A,Texas Woman's,32259,Kami Zarlengo
"Sat, Jan-14-2023","Arizona, Bowling Green, Illinois",,9.6000,,,,A,Texas Woman's,32259,Kami Zarlengo
"Fri, Jan-20-2023","Air Force, Centenary College, UW-Eau Claire",,9.6500,,,,H,Texas Woman's,32259,Kami Zarlengo
"Fri, Jan-27-2023",S.E. Missouri,9.6000,9.6500,,9.7500,,A,Texas Woman's,32259,Kami Zarlengo
"Sun, Jan-29-2023","Lindenwood, Missouri",9.5750,9.7250,,,,A,Texas Woman's,32259,Kami Zarlengo
"Sun, Feb-05-2023","Iowa State, New Hampshire",,9.0000,,,,H,Texas Woman's,32259,Kami Zarlengo
"Fri, Feb-10-2023",Centenary College,,8.4000,,,,A,Texas Woman's,32259,Kami Zarlengo
"Sun, Feb-19-2023",Oklahoma,,9.6500,,,,H,Texas Woman's,32259,Kami Zarlengo
"Sun, Feb-26-2023",West Virginia,9.8000,9.6750,,,,H,Texas Woman's,32259,Kami Zarlengo
"Sat, Mar-04-2023",Centenary College,,9.7500,,,,A,Texas Woman's,32259,Kami Zarlengo
"Sun, Mar-12-2023","Florida, North Carolina State, Washington",,9.6750,,,,H,Texas Woman's,32259,Kami Zarlengo
"Sat, Jan-14-2023","Ball State, Rutgers, UW-Oshkosh",9.8250,,,9.7750,,A,Towson,32067,Polina Belanovski
"Fri, Jan-20-2023","New Hampshire, West Chester, West Virginia",9.7500,,,9.3000,,H,Towson,32067,Polina Belanovski
"Sun, Jan-29-2023","Eastern Michigan, Iowa State, West Virginia",9.7750,,,9.7750,,A,Towson,32067,Polina Belanovski
"Wed, Feb-01-2023",George Washington,9.8250,,,9.8250,,H,Towson,32067,Polina Belanovski
"Fri, Feb-10-2023","North Carolina State, Pittsburgh, Temple",9.9000,,,9.8250,,H,Towson,32067,Polina Belanovski
"Sun, Feb-12-2023","Pennsylvania, Ursinus College, West Chester",9.9000,,,9.8500,,A,Towson,32067,Polina Belanovski
"Sat, Feb-18-2023",LIU,9.8500,,,9.8250,,A,Towson,32067,Polina Belanovski
"Mon, Feb-20-2023","Bridgeport, Brown, LIU",9.8750,,,9.7750,,A,Towson,32067,Polina Belanovski
"Sun, Feb-26-2023","Fisk, George Washington, William & Mary",9.9250,,,9.8250,,H,Towson,32067,Polina Belanovski
"Thu, Mar-02-2023","Maryland, Temple, West Chester",9.8250,,,9.7500,,A,Towson,32067,Polina Belanovski
"Sun, Mar-05-2023",Denver,9.8500,,,9.7750,,A,Towson,32067,Polina Belanovski
"Fri, Mar-10-2023","George Washington, Maryland, William & Mary",9.8500,,,9.8750,,A,Towson,32067,Polina Belanovski
"Sun, Mar-12-2023","George Washington, Maryland, Temple, Yale",9.9000,,,9.6750,,A,Towson,32067,Polina Belanovski
"Sat, Mar-18-2023","George Washington, LIU, New Hampshire, North Carolina, North Carolina State, Pittsburgh, Temple",9.8250,,,9.7750,,A,Towson,32067,Polina Belanovski
"Thu, Mar-30-2023",,9.8500,,,9.8250,,A,Towson,32067,Polina Belanovski
"Fri, Mar-31-2023",,9.8000,,,,,A,Towson,32067,Polina Belanovski
"Sat, Jan-14-2023","Ball State, Rutgers, UW-Oshkosh",9.7750,,9.6750,,,A,Towson,30636,Lauren Bolen
"Fri, Jan-20-2023","New Hampshire, West Chester, West Virginia",9.7000,,9.7250,,,H,Towson,30636,Lauren Bolen
"Sun, Jan-29-2023","Eastern Michigan, Iowa State, West Virginia",9.7250,,9.7500,,,A,Towson,30636,Lauren Bolen
"Wed, Feb-01-2023",George Washington,9.7500,,9.7000,,,H,Towson,30636,Lauren Bolen
"Fri, Feb-10-2023","North Carolina State, Pittsburgh, Temple",9.8500,,9.7500,,,H,Towson,30636,Lauren Bolen
"Sun, Feb-12-2023","Pennsylvania, Ursinus College, West Chester",9.8250,,9.7500,,,A,Towson,30636,Lauren Bolen
"Sat, Feb-18-2023",LIU,9.8000,,9.8000,,,A,Towson,30636,Lauren Bolen
"Mon, Feb-20-2023","Bridgeport, Brown, LIU",9.7750,,9.8250,,,A,Towson,30636,Lauren Bolen
"Sun, Feb-26-2023","Fisk, George Washington, William & Mary",9.9000,,9.7750,,,H,Towson,30636,Lauren Bolen
"Thu, Mar-02-2023","Maryland, Temple, West Chester",9.8750,,9.7500,,,A,Towson,30636,Lauren Bolen
"Sun, Mar-05-2023",Denver,9.8000,,9.7750,,,A,Towson,30636,Lauren Bolen
"Fri, Mar-10-2023","George Washington, Maryland, William & Mary",9.8250,,9.8000,,,A,Towson,30636,Lauren Bolen
"Sun, Mar-12-2023","George Washington, Maryland, Temple, Yale",9.8250,,9.8000,,,A,Towson,30636,Lauren Bolen
"Sat, Mar-18-2023","George Washington, LIU, New Hampshire, North Carolina, North Carolina State, Pittsburgh, Temple",9.8000,,9.8250,,,A,Towson,30636,Lauren Bolen
"Thu, Mar-30-2023",,9.8250,,9.0500,,,A,Towson,30636,Lauren Bolen
"Sat, Jan-14-2023","Ball State, Rutgers, UW-Oshkosh",,,,9.8500,,A,Towson,32068,Carmella Calafati
"Fri, Jan-20-2023","New Hampshire, West Chester, West Virginia",,,,9.8750,,H,Towson,32068,Carmella Calafati
"Sun, Jan-29-2023","Eastern Michigan, Iowa State, West Virginia",,,,9.8750,,A,Towson,32068,Carmella Calafati
"Wed, Feb-01-2023",George Washington,,,,9.8750,,H,Towson,32068,Carmella Calafati
"Mon, Feb-20-2023","Bridgeport, Brown, LIU",,,,9.8000,,A,Towson,32068,Carmella Calafati
"Sun, Feb-26-2023","Fisk, George Washington, William & Mary",,,,9.8250,,H,Towson,32068,Carmella Calafati
"Thu, Mar-02-2023","Maryland, Temple, West Chester",,,,9.8250,,A,Towson,32068,Carmella Calafati
"Sun, Mar-05-2023",Denver,,,,9.7750,,A,Towson,32068,Carmella Calafati
"Fri, Mar-10-2023","George Washington, Maryland, William & Mary",,,,9.8750,,A,Towson,32068,Carmella Calafati
"Sun, Mar-12-2023","George Washington, Maryland, Temple, Yale",,,,9.7750,,A,Towson,32068,Carmella Calafati
"Sat, Mar-18-2023","George Washington, LIU, New Hampshire, North Carolina, North Carolina State, Pittsburgh, Temple",,,,9.8250,,A,Towson,32068,Carmella Calafati
"Thu, Mar-30-2023",,,,,9.8750,,A,Towson,32068,Carmella Calafati
"Sat, Jan-14-2023","Ball State, Rutgers, UW-Oshkosh",,,,9.8000,,A,Towson,30638,Paige Casper
"Fri, Jan-20-2023","New Hampshire, West Chester, West Virginia",,,,9.7500,,H,Towson,30638,Paige Casper
"Sun, Jan-29-2023","Eastern Michigan, Iowa State, West Virginia",,,,9.8250,,A,Towson,30638,Paige Casper
"Wed, Feb-01-2023",George Washington,,,,9.8500,,H,Towson,30638,Paige Casper
"Fri, Feb-10-2023","North Carolina State, Pittsburgh, Temple",,,,9.7250,,H,Towson,30638,Paige Casper
"Sun, Feb-12-2023","Pennsylvania, Ursinus College, West Chester",,,,9.9250,,A,Towson,30638,Paige Casper
"Sat, Feb-18-2023",LIU,,,,9.8750,,A,Towson,30638,Paige Casper
"Mon, Feb-20-2023","Bridgeport, Brown, LIU",,,,9.8000,,A,Towson,30638,Paige Casper
"Sun, Feb-26-2023","Fisk, George Washington, William & Mary",,,,9.9250,,H,Towson,30638,Paige Casper
"Thu, Mar-02-2023","Maryland, Temple, West Chester",,,,9.5750,,A,Towson,30638,Paige Casper
"Sun, Mar-05-2023",Denver,,,,9.6750,,A,Towson,30638,Paige Casper
"Fri, Mar-10-2023","George Washington, Maryland, William & Mary",,,,9.8750,,A,Towson,30638,Paige Casper
"Sun, Mar-12-2023","George Washington, Maryland, Temple, Yale",,,,9.0500,,A,Towson,30638,Paige Casper
"Sat, Mar-18-2023","George Washington, LIU, New Hampshire, North Carolina, North Carolina State, Pittsburgh, Temple",,,,9.8500,,A,Towson,30638,Paige Casper
"Thu, Mar-30-2023",,9.7500,,,9.8000,,A,Towson,30638,Paige Casper
"Sat, Jan-14-2023","Ball State, Rutgers, UW-Oshkosh",9.7500,,,,,A,Towson,31507,Mia Davis
"Fri, Jan-20-2023","New Hampshire, West Chester, West Virginia",9.7250,,,,,H,Towson,31507,Mia Davis
"Sun, Jan-29-2023","Eastern Michigan, Iowa State, West Virginia",9.7750,,,,,A,Towson,31507,Mia Davis
"Wed, Feb-01-2023",George Washington,9.6750,,,,,H,Towson,31507,Mia Davis
"Fri, Feb-10-2023","North Carolina State, Pittsburgh, Temple",9.7500,,,,,H,Towson,31507,Mia Davis
"Sun, Feb-12-2023","Pennsylvania, Ursinus College, West Chester",9.8000,,,,,A,Towson,31507,Mia Davis
"Sun, Feb-26-2023","Fisk, George Washington, William & Mary",9.8750,,,,,H,Towson,31507,Mia Davis
"Thu, Mar-02-2023","Maryland, Temple, West Chester",9.8000,,,,,A,Towson,31507,Mia Davis
"Sun, Mar-05-2023",Denver,9.6750,,,,,A,Towson,31507,Mia Davis
"Fri, Mar-10-2023","George Washington, Maryland, William & Mary",9.6250,,,,,A,Towson,31507,Mia Davis
"Sun, Mar-12-2023","George Washington, Maryland, Temple, Yale",9.6750,,,,,A,Towson,31507,Mia Davis
"Sat, Jan-14-2023","Ball State, Rutgers, UW-Oshkosh",,,9.7750,,,A,Towson,31079,Sarah Girot
"Fri, Jan-20-2023","New Hampshire, West Chester, West Virginia",,,9.7250,,,H,Towson,31079,Sarah Girot
"Sun, Jan-29-2023","Eastern Michigan, Iowa State, West Virginia",,,9.8000,,,A,Towson,31079,Sarah Girot
"Wed, Feb-01-2023",George Washington,,,9.7750,,,H,Towson,31079,Sarah Girot
"Fri, Feb-10-2023","North Carolina State, Pittsburgh, Temple",,,9.7000,,,H,Towson,31079,Sarah Girot
"Sun, Feb-12-2023","Pennsylvania, Ursinus College, West Chester",,,9.8000,,,A,Towson,31079,Sarah Girot
"Sat, Feb-18-2023",LIU,,,9.0000,,,A,Towson,31079,Sarah Girot
"Mon, Feb-20-2023","Bridgeport, Brown, LIU",,,9.8000,,,A,Towson,31079,Sarah Girot
"Sun, Feb-26-2023","Fisk, George Washington, William & Mary",,,9.2250,,,H,Towson,31079,Sarah Girot
"Fri, Mar-10-2023","George Washington, Maryland, William & Mary",,,9.8500,,,A,Towson,31079,Sarah Girot
"Sun, Mar-12-2023","George Washington, Maryland, Temple, Yale",,,9.7250,,,A,Towson,31079,Sarah Girot
"Sat, Mar-18-2023","George Washington, LIU, New Hampshire, North Carolina, North Carolina State, Pittsburgh, Temple",,,8.8000,,,A,Towson,31079,Sarah Girot
"Sat, Jan-14-2023","Ball State, Rutgers, UW-Oshkosh",,9.6750,,,,A,Towson,32069,Lauren Greene
"Fri, Jan-20-2023","New Hampshire, West Chester, West Virginia",,9.8000,,,,H,Towson,32069,Lauren Greene
"Sun, Jan-29-2023","Eastern Michigan, Iowa State, West Virginia",,9.8500,,,,A,Towson,32069,Lauren Greene
"Wed, Feb-01-2023",George Washington,,9.8250,,,,H,Towson,32069,Lauren Greene
"Fri, Feb-10-2023","North Carolina State, Pittsburgh, Temple",,9.2000,,,,H,Towson,32069,Lauren Greene
"Sun, Feb-12-2023","Pennsylvania, Ursinus College, West Chester",,9.8500,,,,A,Towson,32069,Lauren Greene
"Sat, Feb-18-2023",LIU,,9.8250,,,,A,Towson,32069,Lauren Greene
"Mon, Feb-20-2023","Bridgeport, Brown, LIU",,9.8000,,,,A,Towson,32069,Lauren Greene
"Sun, Feb-26-2023","Fisk, George Washington, William & Mary",,9.7750,,,,H,Towson,32069,Lauren Greene
"Thu, Mar-02-2023","Maryland, Temple, West Chester",,9.7500,,,,A,Towson,32069,Lauren Greene
"Sun, Mar-05-2023",Denver,,9.8000,,,,A,Towson,32069,Lauren Greene
"Fri, Mar-10-2023","George Washington, Maryland, William & Mary",,9.5250,,,,A,Towson,32069,Lauren Greene
"Sun, Mar-12-2023","George Washington, Maryland, Temple, Yale",,9.8000,,,,A,Towson,32069,Lauren Greene
"Sat, Mar-18-2023","George Washington, LIU, New Hampshire, North Carolina, North Carolina State, Pittsburgh, Temple",,9.8000,,,,A,Towson,32069,Lauren Greene
"Thu, Mar-30-2023",,,9.7750,,,,A,Towson,32069,Lauren Greene
"Sun, Jan-29-2023","Eastern Michigan, Iowa State, West Virginia",9.7000,,,,,A,Towson,32070,Adriana Hoffman
"Wed, Feb-01-2023",George Washington,9.8000,,,,,H,Towson,32070,Adriana Hoffman
"Fri, Feb-10-2023","North Carolina State, Pittsburgh, Temple",9.6500,,,,,H,Towson,32070,Adriana Hoffman
"Sun, Feb-12-2023","Pennsylvania, Ursinus College, West Chester",9.8000,,,,,A,Towson,32070,Adriana Hoffman
"Sat, Feb-18-2023",LIU,9.6750,,,,,A,Towson,32070,Adriana Hoffman
"Mon, Feb-20-2023","Bridgeport, Brown, LIU",9.7000,,,,,A,Towson,32070,Adriana Hoffman
"Sun, Feb-26-2023","Fisk, George Washington, William & Mary",9.8250,,,,,H,Towson,32070,Adriana Hoffman
"Thu, Mar-02-2023","Maryland, Temple, West Chester",9.8000,,,,,A,Towson,32070,Adriana Hoffman
"Sun, Mar-05-2023",Denver,9.7500,,,,,A,Towson,32070,Adriana Hoffman
"Fri, Mar-10-2023","George Washington, Maryland, William & Mary",9.7750,,,,,A,Towson,32070,Adriana Hoffman
"Sun, Mar-12-2023","George Washington, Maryland, Temple, Yale",9.7500,,,,,A,Towson,32070,Adriana Hoffman
"Sat, Mar-18-2023","George Washington, LIU, New Hampshire, North Carolina, North Carolina State, Pittsburgh, Temple",9.7500,,,,,A,Towson,32070,Adriana Hoffman
"Thu, Mar-30-2023",,9.7750,,,,,A,Towson,32070,Adriana Hoffman
"Sat, Jan-14-2023","Ball State, Rutgers, UW-Oshkosh",,9.8000,9.7250,,,A,Towson,31508,Clara Hong
"Fri, Jan-20-2023","New Hampshire, West Chester, West Virginia",,9.6750,9.1500,,,H,Towson,31508,Clara Hong
"Sun, Jan-29-2023","Eastern Michigan, Iowa State, West Virginia",,9.8750,9.8000,,,A,Towson,31508,Clara Hong
"Wed, Feb-01-2023",George Washington,,9.9250,9.7750,9.8000,,H,Towson,31508,Clara Hong
"Fri, Feb-10-2023","North Carolina State, Pittsburgh, Temple",,9.8000,9.8000,9.8250,,H,Towson,31508,Clara Hong
"Sun, Feb-12-2023","Pennsylvania, Ursinus College, West Chester",,9.8250,9.7000,9.8250,,A,Towson,31508,Clara Hong
"Sat, Feb-18-2023",LIU,9.6000,9.6750,,,,A,Towson,31508,Clara Hong
"Sun, Mar-05-2023",Denver,,9.8250,,,,A,Towson,31508,Clara Hong
"Fri, Mar-10-2023","George Washington, Maryland, William & Mary",,9.8750,,,,A,Towson,31508,Clara Hong
"Sun, Mar-12-2023","George Washington, Maryland, Temple, Yale",,9.8500,9.8000,,,A,Towson,31508,Clara Hong
"Sat, Mar-18-2023","George Washington, LIU, New Hampshire, North Carolina, North Carolina State, Pittsburgh, Temple",,9.7500,9.7500,,,A,Towson,31508,Clara Hong
"Thu, Mar-30-2023",,,9.8500,9.8500,,,A,Towson,31508,Clara Hong
"Sat, Jan-14-2023","Ball State, Rutgers, UW-Oshkosh",,9.8250,9.7500,,,A,Towson,31509,Lauren Keener
"Fri, Jan-20-2023","New Hampshire, West Chester, West Virginia",,9.8250,9.7250,,,H,Towson,31509,Lauren Keener
"Sun, Jan-29-2023","Eastern Michigan, Iowa State, West Virginia",,9.7500,9.8250,,,A,Towson,31509,Lauren Keener
"Wed, Feb-01-2023",George Washington,,9.8500,9.7000,,,H,Towson,31509,Lauren Keener
"Fri, Feb-10-2023","North Carolina State, Pittsburgh, Temple",,9.8750,9.7500,,,H,Towson,31509,Lauren Keener
"Sun, Feb-12-2023","Pennsylvania, Ursinus College, West Chester",,9.8250,,,,A,Towson,31509,Lauren Keener
"Sat, Feb-18-2023",LIU,,9.8250,9.8000,,,A,Towson,31509,Lauren Keener
"Mon, Feb-20-2023","Bridgeport, Brown, LIU",,9.8500,9.8000,,,A,Towson,31509,Lauren Keener
"Sun, Feb-26-2023","Fisk, George Washington, William & Mary",,9.8250,9.8750,,,H,Towson,31509,Lauren Keener
"Thu, Mar-02-2023","Maryland, Temple, West Chester",,9.8000,9.8000,,,A,Towson,31509,Lauren Keener
"Sun, Mar-05-2023",Denver,,9.8000,9.8250,,,A,Towson,31509,Lauren Keener
"Fri, Mar-10-2023","George Washington, Maryland, William & Mary",,9.7000,9.7750,,,A,Towson,31509,Lauren Keener
"Sun, Mar-12-2023","George Washington, Maryland, Temple, Yale",,9.9000,9.8250,,,A,Towson,31509,Lauren Keener
"Sat, Mar-18-2023","George Washington, LIU, New Hampshire, North Carolina, North Carolina State, Pittsburgh, Temple",,9.7750,9.9000,,,A,Towson,31509,Lauren Keener
"Thu, Mar-30-2023",,,9.7750,9.8000,,,A,Towson,31509,Lauren Keener
"Sat, Jan-14-2023","Ball State, Rutgers, UW-Oshkosh",,9.7000,,,,A,Towson,31510,Steph Macasu
"Fri, Jan-20-2023","New Hampshire, West Chester, West Virginia",,9.8000,,,,H,Towson,31510,Steph Macasu
"Sun, Jan-29-2023","Eastern Michigan, Iowa State, West Virginia",,9.8500,,,,A,Towson,31510,Steph Macasu
"Wed, Feb-01-2023",George Washington,,9.8500,,,,H,Towson,31510,Steph Macasu
"Fri, Feb-10-2023","North Carolina State, Pittsburgh, Temple",,9.8750,,,,H,Towson,31510,Steph Macasu
"Sun, Feb-12-2023","Pennsylvania, Ursinus College, West Chester",,9.8000,9.5000,,,A,Towson,31510,Steph Macasu
"Sat, Feb-18-2023",LIU,,8.4500,,,,A,Towson,31510,Steph Macasu
"Mon, Feb-20-2023","Bridgeport, Brown, LIU",,9.7500,,,,A,Towson,31510,Steph Macasu
"Sun, Feb-26-2023","Fisk, George Washington, William & Mary",,8.9500,,,,H,Towson,31510,Steph Macasu
"Thu, Mar-02-2023","Maryland, Temple, West Chester",,9.9000,9.7500,,,A,Towson,31510,Steph Macasu
"Sun, Mar-05-2023",Denver,,9.9250,9.3000,,,A,Towson,31510,Steph Macasu
"Fri, Mar-10-2023","George Washington, Maryland, William & Mary",,9.0750,,,,A,Towson,31510,Steph Macasu
"Sun, Mar-12-2023","George Washington, Maryland, Temple, Yale",,9.8500,,,,A,Towson,31510,Steph Macasu
"Sat, Mar-18-2023","George Washington, LIU, New Hampshire, North Carolina, North Carolina State, Pittsburgh, Temple",,9.7750,,,,A,Towson,31510,Steph Macasu
"Sat, Jan-14-2023","Ball State, Rutgers, UW-Oshkosh",,9.9000,,,,A,Towson,32071,Isabella Minervini
"Fri, Jan-20-2023","New Hampshire, West Chester, West Virginia",,9.8750,,,,H,Towson,32071,Isabella Minervini
"Sun, Jan-29-2023","Eastern Michigan, Iowa State, West Virginia",,9.9000,,9.8750,,A,Towson,32071,Isabella Minervini
"Wed, Feb-01-2023",George Washington,,9.8250,,9.9000,,H,Towson,32071,Isabella Minervini
"Fri, Feb-10-2023","North Carolina State, Pittsburgh, Temple",,9.9500,,9.8500,,H,Towson,32071,Isabella Minervini
"Sun, Feb-12-2023","Pennsylvania, Ursinus College, West Chester",,9.9250,,9.7750,,A,Towson,32071,Isabella Minervini
"Sat, Feb-18-2023",LIU,,9.8250,,9.8250,,A,Towson,32071,Isabella Minervini
"Mon, Feb-20-2023","Bridgeport, Brown, LIU",,9.7750,,9.8750,,A,Towson,32071,Isabella Minervini
"Sun, Feb-26-2023","Fisk, George Washington, William & Mary",,9.8500,,9.9000,,H,Towson,32071,Isabella Minervini
"Thu, Mar-02-2023","Maryland, Temple, West Chester",,9.8250,,9.8000,,A,Towson,32071,Isabella Minervini
"Sun, Mar-05-2023",Denver,,9.8500,,9.8250,,A,Towson,32071,Isabella Minervini
"Fri, Mar-10-2023","George Washington, Maryland, William & Mary",,9.7500,,9.8500,,A,Towson,32071,Isabella Minervini
"Sun, Mar-12-2023","George Washington, Maryland, Temple, Yale",,9.9500,,9.8750,,A,Towson,32071,Isabella Minervini
"Sat, Mar-18-2023","George Washington, LIU, New Hampshire, North Carolina, North Carolina State, Pittsburgh, Temple",,9.8750,,9.8750,,A,Towson,32071,Isabella Minervini
"Thu, Mar-30-2023",,,9.9250,,9.1500,,A,Towson,32071,Isabella Minervini
"Fri, Mar-31-2023",,,9.9500,,,,A,Towson,32071,Isabella Minervini
"Mon, Feb-20-2023","Bridgeport, Brown, LIU",,9.4500,,,,A,Towson,31081,Amanda Pedicelli
"Mon, Feb-20-2023","Bridgeport, Brown, LIU",9.7000,,,,,A,Towson,31511,Felicia Poblete
"Sat, Mar-18-2023","George Washington, LIU, New Hampshire, North Carolina, North Carolina State, Pittsburgh, Temple",9.7000,,,,,A,Towson,31511,Felicia Poblete
"Thu, Mar-30-2023",,9.7000,,,,,A,Towson,31511,Felicia Poblete
"Sat, Jan-14-2023","Ball State, Rutgers, UW-Oshkosh",,,,9.7000,,A,Towson,30640,Amy Stewart
"Fri, Jan-20-2023","New Hampshire, West Chester, West Virginia",,,,9.8000,,H,Towson,30640,Amy Stewart
"Wed, Feb-01-2023",George Washington,,,,9.9250,,H,Towson,30640,Amy Stewart
"Fri, Feb-10-2023","North Carolina State, Pittsburgh, Temple",,,,9.6750,,H,Towson,30640,Amy Stewart
"Sun, Feb-12-2023","Pennsylvania, Ursinus College, West Chester",,,,9.9000,,A,Towson,30640,Amy Stewart
"Sat, Feb-18-2023",LIU,,,,9.8750,,A,Towson,30640,Amy Stewart
"Mon, Feb-20-2023","Bridgeport, Brown, LIU",,,,9.8750,,A,Towson,30640,Amy Stewart
"Sun, Feb-26-2023","Fisk, George Washington, William & Mary",,,,9.8250,,H,Towson,30640,Amy Stewart
"Thu, Mar-02-2023","Maryland, Temple, West Chester",,,,9.8000,,A,Towson,30640,Amy Stewart
"Sun, Mar-05-2023",Denver,,,,9.8500,,A,Towson,30640,Amy Stewart
"Fri, Mar-10-2023","George Washington, Maryland, William & Mary",,,,9.8000,,A,Towson,30640,Amy Stewart
"Sun, Mar-12-2023","George Washington, Maryland, Temple, Yale",,,,9.8750,,A,Towson,30640,Amy Stewart
"Sat, Mar-18-2023","George Washington, LIU, New Hampshire, North Carolina, North Carolina State, Pittsburgh, Temple",,,,9.8250,,A,Towson,30640,Amy Stewart
"Fri, Feb-10-2023","North Carolina State, Pittsburgh, Temple",,,9.7500,,,H,Towson,31082,Cassidy Stuart
"Sun, Feb-12-2023","Pennsylvania, Ursinus College, West Chester",,,9.8000,,,A,Towson,31082,Cassidy Stuart
"Sat, Feb-18-2023",LIU,,,9.7000,,,A,Towson,31082,Cassidy Stuart
"Mon, Feb-20-2023","Bridgeport, Brown, LIU",,,9.8250,,,A,Towson,31082,Cassidy Stuart
"Sun, Feb-26-2023","Fisk, George Washington, William & Mary",,,9.8250,,,H,Towson,31082,Cassidy Stuart
"Thu, Mar-02-2023","Maryland, Temple, West Chester",,,9.7000,,,A,Towson,31082,Cassidy Stuart
"Sun, Mar-05-2023",Denver,,,9.7500,,,A,Towson,31082,Cassidy Stuart
"Fri, Mar-10-2023","George Washington, Maryland, William & Mary",,,9.6250,,,A,Towson,31082,Cassidy Stuart
"Sun, Mar-12-2023","George Washington, Maryland, Temple, Yale",,,9.7500,,,A,Towson,31082,Cassidy Stuart
"Sat, Mar-18-2023","George Washington, LIU, New Hampshire, North Carolina, North Carolina State, Pittsburgh, Temple",,,9.8000,,,A,Towson,31082,Cassidy Stuart
"Thu, Mar-30-2023",,,,9.6500,,,A,Towson,31082,Cassidy Stuart
"Sat, Jan-14-2023","Ball State, Rutgers, UW-Oshkosh",9.8000,,,9.8000,,A,Towson,31512,Elise Tisler
"Fri, Jan-20-2023","New Hampshire, West Chester, West Virginia",9.7000,,,9.4750,,H,Towson,31512,Elise Tisler
"Sun, Jan-29-2023","Eastern Michigan, Iowa State, West Virginia",,,,8.8000,,A,Towson,31512,Elise Tisler
"Sat, Jan-14-2023","Ball State, Rutgers, UW-Oshkosh",,9.9250,9.8250,9.7500,,A,Towson,31083,Grace Vaillancourt
"Fri, Jan-20-2023","New Hampshire, West Chester, West Virginia",,9.8250,9.7750,9.8250,,H,Towson,31083,Grace Vaillancourt
"Sun, Jan-29-2023","Eastern Michigan, Iowa State, West Virginia",,9.8750,9.7500,9.6250,,A,Towson,31083,Grace Vaillancourt
"Wed, Feb-01-2023",George Washington,,9.8250,9.6250,,,H,Towson,31083,Grace Vaillancourt
"Fri, Feb-10-2023","North Carolina State, Pittsburgh, Temple",,9.9000,9.6000,9.8500,,H,Towson,31083,Grace Vaillancourt
"Sun, Feb-12-2023","Pennsylvania, Ursinus College, West Chester",,9.9500,,9.8500,,A,Towson,31083,Grace Vaillancourt
"Sat, Feb-18-2023",LIU,,9.8750,9.6750,9.8750,,A,Towson,31083,Grace Vaillancourt
"Mon, Feb-20-2023","Bridgeport, Brown, LIU",,9.9000,9.3250,9.8750,,A,Towson,31083,Grace Vaillancourt
"Sun, Feb-26-2023","Fisk, George Washington, William & Mary",,9.9000,9.6250,,,H,Towson,31083,Grace Vaillancourt
"Thu, Mar-02-2023","Maryland, Temple, West Chester",,9.8750,9.7500,,,A,Towson,31083,Grace Vaillancourt
"Sun, Mar-05-2023",Denver,,9.9250,9.8750,,,A,Towson,31083,Grace Vaillancourt
"Fri, Mar-10-2023","George Washington, Maryland, William & Mary",,9.7750,9.3750,9.9000,,A,Towson,31083,Grace Vaillancourt
"Sun, Mar-12-2023","George Washington, Maryland, Temple, Yale",,9.8500,9.8750,9.8250,,A,Towson,31083,Grace Vaillancourt
"Sat, Mar-18-2023","George Washington, LIU, New Hampshire, North Carolina, North Carolina State, Pittsburgh, Temple",,9.8500,9.9500,9.8750,,A,Towson,31083,Grace Vaillancourt
"Thu, Mar-30-2023",,,9.8500,9.2500,9.7500,,A,Towson,31083,Grace Vaillancourt
"Fri, Mar-31-2023",,,9.7500,,,,A,Towson,31083,Grace Vaillancourt
"Sat, Jan-14-2023","Ball State, Rutgers, UW-Oshkosh",9.8250,,,,,A,Towson,30641,Camille Vitoff
"Fri, Jan-20-2023","New Hampshire, West Chester, West Virginia",9.7500,,,,,H,Towson,30641,Camille Vitoff
"Sun, Jan-29-2023","Eastern Michigan, Iowa State, West Virginia",9.7750,,,,,A,Towson,30641,Camille Vitoff
"Wed, Feb-01-2023",George Washington,9.7750,,,,,H,Towson,30641,Camille Vitoff
"Fri, Feb-10-2023","North Carolina State, Pittsburgh, Temple",9.8500,,,,,H,Towson,30641,Camille Vitoff
"Sun, Feb-12-2023","Pennsylvania, Ursinus College, West Chester",9.6250,,,,,A,Towson,30641,Camille Vitoff
"Sat, Feb-18-2023",LIU,9.7250,,,,,A,Towson,30641,Camille Vitoff
"Mon, Feb-20-2023","Bridgeport, Brown, LIU",9.8250,,,,,A,Towson,30641,Camille Vitoff
"Sun, Feb-26-2023","Fisk, George Washington, William & Mary",9.8750,9.8250,,,,H,Towson,30641,Camille Vitoff
"Thu, Mar-02-2023","Maryland, Temple, West Chester",9.9250,9.8250,,,,A,Towson,30641,Camille Vitoff
"Sun, Mar-05-2023",Denver,9.7000,,,,,A,Towson,30641,Camille Vitoff
"Fri, Mar-10-2023","George Washington, Maryland, William & Mary",9.8250,,,,,A,Towson,30641,Camille Vitoff
"Sun, Mar-12-2023","George Washington, Maryland, Temple, Yale",9.8750,,,,,A,Towson,30641,Camille Vitoff
"Sat, Mar-18-2023","George Washington, LIU, New Hampshire, North Carolina, North Carolina State, Pittsburgh, Temple",9.8250,,,,,A,Towson,30641,Camille Vitoff
"Thu, Mar-30-2023",,9.8000,9.7250,,,,A,Towson,30641,Camille Vitoff
"Sat, Jan-14-2023","Ball State, Rutgers, UW-Oshkosh",9.7000,,9.6500,,,A,Towson,30642,Jenna Weitz
"Fri, Jan-20-2023","New Hampshire, West Chester, West Virginia",9.7000,,9.6500,,,H,Towson,30642,Jenna Weitz
"Sun, Jan-29-2023","Eastern Michigan, Iowa State, West Virginia",9.7250,,9.7250,,,A,Towson,30642,Jenna Weitz
"Wed, Feb-01-2023",George Washington,9.7000,,9.6750,,,H,Towson,30642,Jenna Weitz
"Fri, Feb-10-2023","North Carolina State, Pittsburgh, Temple",9.8000,,,,,H,Towson,30642,Jenna Weitz
"Sun, Feb-12-2023","Pennsylvania, Ursinus College, West Chester",9.6250,,9.7250,,,A,Towson,30642,Jenna Weitz
"Sat, Feb-18-2023",LIU,9.7750,,9.8250,9.7250,,A,Towson,30642,Jenna Weitz
"Mon, Feb-20-2023","Bridgeport, Brown, LIU",9.7500,,9.8750,,,A,Towson,30642,Jenna Weitz
"Sun, Feb-26-2023","Fisk, George Washington, William & Mary",9.7250,,9.8000,9.8250,,H,Towson,30642,Jenna Weitz
"Thu, Mar-02-2023","Maryland, Temple, West Chester",9.9000,,9.6250,9.4750,,A,Towson,30642,Jenna Weitz
"Sun, Mar-05-2023",Denver,9.7500,,9.6500,9.6500,,A,Towson,30642,Jenna Weitz
"Fri, Mar-10-2023","George Washington, Maryland, William & Mary",9.7250,,9.1250,,,A,Towson,30642,Jenna Weitz
"Sun, Mar-12-2023","George Washington, Maryland, Temple, Yale",9.7500,,,,,A,Towson,30642,Jenna Weitz
"Sat, Mar-18-2023","George Washington, LIU, New Hampshire, North Carolina, North Carolina State, Pittsburgh, Temple",9.7500,,,,,A,Towson,30642,Jenna Weitz
"Thu, Mar-30-2023",,,,9.6250,9.8500,,A,Towson,30642,Jenna Weitz
"Sun, Jan-08-2023",Sacramento State,9.8750,,8.8250,9.5500,,A,UC Davis,31690,Keanna Abraham
"Fri, Jan-13-2023","Arizona State, Eastern Michigan",9.8250,,9.7000,9.7750,,A,UC Davis,31690,Keanna Abraham
"Fri, Jan-20-2023","Eastern Michigan, Iowa State",9.6750,,9.5500,9.7250,,A,UC Davis,31690,Keanna Abraham
"Sun, Jan-29-2023","Air Force, Alaska",9.8750,,9.7250,9.8750,,H,UC Davis,31690,Keanna Abraham
"Sun, Feb-05-2023",San Jose State,9.9250,,8.7250,9.9750,,H,UC Davis,31690,Keanna Abraham
"Sun, Feb-12-2023",Sacramento State,9.9250,,9.6500,9.9250,,H,UC Davis,31690,Keanna Abraham
"Fri, Feb-17-2023","Air Force, Denver",9.6750,,9.7500,9.8250,,A,UC Davis,31690,Keanna Abraham
"Fri, Feb-24-2023",San Jose State,9.7500,,,9.9000,,A,UC Davis,31690,Keanna Abraham
"Fri, Mar-03-2023","Sacramento State, San Jose State, Southern Utah",9.8500,,9.7250,9.8250,,A,UC Davis,31690,Keanna Abraham
"Sun, Mar-12-2023","Arizona, California, Sacramento State",9.8500,,9.8000,9.9000,,A,UC Davis,31690,Keanna Abraham
"Sat, Mar-18-2023","Air Force, Alaska, Sacramento State, San Jose State",9.8000,,9.8500,9.8500,,A,UC Davis,31690,Keanna Abraham
"Fri, Mar-31-2023",,9.8500,,,9.8500,,A,UC Davis,31690,Keanna Abraham
"Fri, Feb-24-2023",San Jose State,,9.8000,,,,A,UC Davis,30705,Logan Clagg
"Fri, Mar-03-2023","Sacramento State, San Jose State, Southern Utah",,9.7500,,,,A,UC Davis,30705,Logan Clagg
"Sun, Mar-12-2023","Arizona, California, Sacramento State",,9.7250,,,,A,UC Davis,30705,Logan Clagg
"Sat, Mar-18-2023","Air Force, Alaska, Sacramento State, San Jose State",,9.8250,,,,A,UC Davis,30705,Logan Clagg
"Sun, Jan-08-2023",Sacramento State,9.7250,9.7000,,,,A,UC Davis,31153,Isabella Fitz-Gerald
"Fri, Jan-13-2023","Arizona State, Eastern Michigan",9.7500,9.8250,,,,A,UC Davis,31153,Isabella Fitz-Gerald
"Fri, Jan-20-2023","Eastern Michigan, Iowa State",,9.7250,,,,A,UC Davis,31153,Isabella Fitz-Gerald
"Sun, Jan-29-2023","Air Force, Alaska",9.7250,9.8000,,,,H,UC Davis,31153,Isabella Fitz-Gerald
"Sun, Feb-05-2023",San Jose State,9.7500,9.8000,,,,H,UC Davis,31153,Isabella Fitz-Gerald
"Sun, Feb-12-2023",Sacramento State,9.7000,9.8500,,,,H,UC Davis,31153,Isabella Fitz-Gerald
"Fri, Feb-17-2023","Air Force, Denver",9.7000,9.7750,,,,A,UC Davis,31153,Isabella Fitz-Gerald
"Fri, Feb-24-2023",San Jose State,9.7250,9.8000,,,,A,UC Davis,31153,Isabella Fitz-Gerald
"Fri, Mar-03-2023","Sacramento State, San Jose State, Southern Utah",9.7250,9.7750,9.0500,,,A,UC Davis,31153,Isabella Fitz-Gerald
"Sun, Mar-12-2023","Arizona, California, Sacramento State",9.7500,9.6250,,,,A,UC Davis,31153,Isabella Fitz-Gerald
"Sat, Mar-18-2023","Air Force, Alaska, Sacramento State, San Jose State",9.6500,9.8750,,,,A,UC Davis,31153,Isabella Fitz-Gerald
"Sun, Jan-08-2023",Sacramento State,,,9.4000,9.5500,,A,UC Davis,31154,Anna Holtan
"Fri, Jan-13-2023","Arizona State, Eastern Michigan",,,8.2250,9.7000,,A,UC Davis,31154,Anna Holtan
"Fri, Jan-20-2023","Eastern Michigan, Iowa State",,,9.3750,9.7250,,A,UC Davis,31154,Anna Holtan
"Sun, Jan-29-2023","Air Force, Alaska",,,9.8250,9.8250,,H,UC Davis,31154,Anna Holtan
"Sun, Feb-05-2023",San Jose State,,,9.7250,9.8750,,H,UC Davis,31154,Anna Holtan
"Sun, Feb-12-2023",Sacramento State,,,9.7250,9.8000,,H,UC Davis,31154,Anna Holtan
"Fri, Feb-17-2023","Air Force, Denver",,,9.3000,9.7250,,A,UC Davis,31154,Anna Holtan
"Fri, Feb-24-2023",San Jose State,,,8.6500,9.7250,,A,UC Davis,31154,Anna Holtan
"Fri, Mar-03-2023","Sacramento State, San Jose State, Southern Utah",,,,9.8000,,A,UC Davis,31154,Anna Holtan
"Sun, Mar-12-2023","Arizona, California, Sacramento State",,,,9.8000,,A,UC Davis,31154,Anna Holtan
"Sat, Mar-18-2023","Air Force, Alaska, Sacramento State, San Jose State",,,,9.7750,,A,UC Davis,31154,Anna Holtan
"Sun, Jan-08-2023",Sacramento State,,9.7250,,,,A,UC Davis,31155,Marisa Laird
"Fri, Jan-13-2023","Arizona State, Eastern Michigan",,9.6500,9.2750,,,A,UC Davis,31155,Marisa Laird
"Fri, Jan-20-2023","Eastern Michigan, Iowa State",,9.6000,,,,A,UC Davis,31155,Marisa Laird
"Sun, Jan-29-2023","Air Force, Alaska",,9.6000,,,,H,UC Davis,31155,Marisa Laird
"Sun, Feb-12-2023",Sacramento State,,9.8750,,,,H,UC Davis,31155,Marisa Laird
"Fri, Feb-17-2023","Air Force, Denver",,9.6250,,,,A,UC Davis,31155,Marisa Laird
"Sun, Jan-08-2023",Sacramento State,,9.6500,9.7500,,,A,UC Davis,31156,Kaitlyn Lyle
"Fri, Jan-20-2023","Eastern Michigan, Iowa State",,9.7000,9.8250,,,A,UC Davis,31156,Kaitlyn Lyle
"Sun, Jan-29-2023","Air Force, Alaska",,9.8750,9.8250,,,H,UC Davis,31156,Kaitlyn Lyle
"Sun, Feb-05-2023",San Jose State,,9.7750,9.8500,,,H,UC Davis,31156,Kaitlyn Lyle
"Sun, Feb-12-2023",Sacramento State,,,9.8000,,,H,UC Davis,31156,Kaitlyn Lyle
"Fri, Feb-17-2023","Air Force, Denver",,,9.7750,,,A,UC Davis,31156,Kaitlyn Lyle
"Fri, Feb-24-2023",San Jose State,,,9.7750,,,A,UC Davis,31156,Kaitlyn Lyle
"Fri, Mar-03-2023","Sacramento State, San Jose State, Southern Utah",,,9.9000,,,A,UC Davis,31156,Kaitlyn Lyle
"Sun, Mar-12-2023","Arizona, California, Sacramento State",,,9.8500,,,A,UC Davis,31156,Kaitlyn Lyle
"Sat, Mar-18-2023","Air Force, Alaska, Sacramento State, San Jose State",,,9.8000,,,A,UC Davis,31156,Kaitlyn Lyle
"Sun, Mar-12-2023","Arizona, California, Sacramento State",,,,,,A,UC Davis,31157,Kaya Madden
"Sun, Jan-08-2023",Sacramento State,,9.7250,,,,A,UC Davis,30709,Thea Michovsky
"Fri, Jan-13-2023","Arizona State, Eastern Michigan",,9.8000,,,,A,UC Davis,30709,Thea Michovsky
"Fri, Jan-20-2023","Eastern Michigan, Iowa State",,8.8000,,,,A,UC Davis,30709,Thea Michovsky
"Sun, Jan-29-2023","Air Force, Alaska",,9.8500,,,,H,UC Davis,30709,Thea Michovsky
"Sun, Feb-05-2023",San Jose State,,9.7750,,,,H,UC Davis,30709,Thea Michovsky
"Sun, Feb-12-2023",Sacramento State,,9.7750,,,,H,UC Davis,30709,Thea Michovsky
"Fri, Feb-17-2023","Air Force, Denver",,9.8750,,,,A,UC Davis,30709,Thea Michovsky
"Fri, Feb-24-2023",San Jose State,,9.9000,,,,A,UC Davis,30709,Thea Michovsky
"Fri, Mar-03-2023","Sacramento State, San Jose State, Southern Utah",,9.8500,,,,A,UC Davis,30709,Thea Michovsky
"Sun, Mar-12-2023","Arizona, California, Sacramento State",,9.2750,,,,A,UC Davis,30709,Thea Michovsky
"Sat, Mar-18-2023","Air Force, Alaska, Sacramento State, San Jose State",,9.8250,,,,A,UC Davis,30709,Thea Michovsky
"Sun, Jan-08-2023",Sacramento State,9.7000,,,9.6500,,A,UC Davis,32176,Amelia Moneymaker
"Fri, Jan-13-2023","Arizona State, Eastern Michigan",9.7250,,,9.7250,,A,UC Davis,32176,Amelia Moneymaker
"Fri, Jan-20-2023","Eastern Michigan, Iowa State",9.5000,,,9.6750,,A,UC Davis,32176,Amelia Moneymaker
"Sun, Jan-29-2023","Air Force, Alaska",9.7000,,,9.8500,,H,UC Davis,32176,Amelia Moneymaker
"Sun, Feb-05-2023",San Jose State,9.7500,9.7500,,9.9000,,H,UC Davis,32176,Amelia Moneymaker
"Sun, Feb-12-2023",Sacramento State,9.7500,9.8500,,9.9250,,H,UC Davis,32176,Amelia Moneymaker
"Fri, Feb-17-2023","Air Force, Denver",9.7250,9.8000,,9.6750,,A,UC Davis,32176,Amelia Moneymaker
"Fri, Feb-24-2023",San Jose State,9.7750,9.7000,,9.8250,,A,UC Davis,32176,Amelia Moneymaker
"Fri, Mar-03-2023","Sacramento State, San Jose State, Southern Utah",9.8000,9.7750,,9.8750,,A,UC Davis,32176,Amelia Moneymaker
"Sun, Mar-12-2023","Arizona, California, Sacramento State",9.7500,9.7750,,9.8500,,A,UC Davis,32176,Amelia Moneymaker
"Sat, Mar-18-2023","Air Force, Alaska, Sacramento State, San Jose State",9.6250,9.6750,,9.8250,,A,UC Davis,32176,Amelia Moneymaker
"Sun, Jan-08-2023",Sacramento State,9.8000,,,,,A,UC Davis,31158,Emma Otsu
"Fri, Jan-13-2023","Arizona State, Eastern Michigan",9.8250,8.6500,,,,A,UC Davis,31158,Emma Otsu
"Fri, Jan-20-2023","Eastern Michigan, Iowa State",9.7500,,,,,A,UC Davis,31158,Emma Otsu
"Sun, Jan-29-2023","Air Force, Alaska",9.8000,9.8000,,9.5250,,H,UC Davis,31158,Emma Otsu
"Sun, Feb-05-2023",San Jose State,9.8500,9.8500,,,,H,UC Davis,31158,Emma Otsu
"Sun, Feb-12-2023",Sacramento State,9.8250,9.8500,,,,H,UC Davis,31158,Emma Otsu
"Fri, Feb-17-2023","Air Force, Denver",9.8500,9.8000,,,,A,UC Davis,31158,Emma Otsu
"Fri, Feb-24-2023",San Jose State,9.8500,9.7000,9.8750,,,A,UC Davis,31158,Emma Otsu
"Fri, Mar-03-2023","Sacramento State, San Jose State, Southern Utah",9.7500,9.7500,9.8000,,,A,UC Davis,31158,Emma Otsu
"Sun, Mar-12-2023","Arizona, California, Sacramento State",9.8750,9.7000,9.9000,,,A,UC Davis,31158,Emma Otsu
"Sat, Mar-18-2023","Air Force, Alaska, Sacramento State, San Jose State",9.7500,9.8250,9.8000,,,A,UC Davis,31158,Emma Otsu
"Fri, Jan-20-2023","Eastern Michigan, Iowa State",9.6500,,,,,A,UC Davis,31694,Emily Pires
"Sun, Feb-05-2023",San Jose State,9.7000,,,9.8500,,H,UC Davis,31694,Emily Pires
"Sun, Feb-12-2023",Sacramento State,9.7250,,,9.8750,,H,UC Davis,31694,Emily Pires
"Fri, Feb-17-2023","Air Force, Denver",9.8000,,,9.8250,,A,UC Davis,31694,Emily Pires
"Fri, Feb-24-2023",San Jose State,9.7500,,,9.7250,,A,UC Davis,31694,Emily Pires
"Fri, Mar-03-2023","Sacramento State, San Jose State, Southern Utah",9.8500,,,9.8250,,A,UC Davis,31694,Emily Pires
"Sun, Mar-12-2023","Arizona, California, Sacramento State",9.8250,,,9.8500,,A,UC Davis,31694,Emily Pires
"Sat, Mar-18-2023","Air Force, Alaska, Sacramento State, San Jose State",9.6250,,,9.8000,,A,UC Davis,31694,Emily Pires
"Sun, Jan-08-2023",Sacramento State,9.8750,,9.7000,9.6750,,A,UC Davis,31695,Megan Ray
"Fri, Jan-13-2023","Arizona State, Eastern Michigan",9.8000,,9.6500,9.8000,,A,UC Davis,31695,Megan Ray
"Fri, Jan-20-2023","Eastern Michigan, Iowa State",9.7250,,9.7250,9.7000,,A,UC Davis,31695,Megan Ray
"Sun, Jan-29-2023","Air Force, Alaska",9.7250,,9.7250,9.8000,,H,UC Davis,31695,Megan Ray
"Sun, Feb-05-2023",San Jose State,9.8500,,8.9000,9.9250,,H,UC Davis,31695,Megan Ray
"Sun, Feb-12-2023",Sacramento State,9.8250,,9.7750,9.9000,,H,UC Davis,31695,Megan Ray
"Fri, Feb-17-2023","Air Force, Denver",9.7750,,9.7750,9.8500,,A,UC Davis,31695,Megan Ray
"Fri, Feb-24-2023",San Jose State,9.8750,,8.8000,9.8750,,A,UC Davis,31695,Megan Ray
"Fri, Mar-03-2023","Sacramento State, San Jose State, Southern Utah",9.8500,,,9.9250,,A,UC Davis,31695,Megan Ray
"Sun, Mar-12-2023","Arizona, California, Sacramento State",9.9250,,9.8000,9.9000,,A,UC Davis,31695,Megan Ray
"Sat, Mar-18-2023","Air Force, Alaska, Sacramento State, San Jose State",9.8000,,9.8000,9.9000,,A,UC Davis,31695,Megan Ray
"Fri, Mar-31-2023",,9.8250,,,9.8500,,A,UC Davis,31695,Megan Ray
"Sun, Jan-08-2023",Sacramento State,,9.7250,9.7750,,,A,UC Davis,31696,Ava Scafani
"Fri, Jan-13-2023","Arizona State, Eastern Michigan",,9.7500,9.0000,,,A,UC Davis,31696,Ava Scafani
"Fri, Jan-20-2023","Eastern Michigan, Iowa State",,9.6500,9.7500,,,A,UC Davis,31696,Ava Scafani
"Sun, Jan-29-2023","Air Force, Alaska",,9.7750,9.8000,,,H,UC Davis,31696,Ava Scafani
"Sun, Feb-05-2023",San Jose State,,9.7500,9.8500,,,H,UC Davis,31696,Ava Scafani
"Sun, Feb-12-2023",Sacramento State,,8.8500,9.8000,,,H,UC Davis,31696,Ava Scafani
"Fri, Feb-17-2023","Air Force, Denver",,9.7000,9.8500,,,A,UC Davis,31696,Ava Scafani
"Fri, Feb-24-2023",San Jose State,,9.7750,9.8500,,,A,UC Davis,31696,Ava Scafani
"Fri, Mar-03-2023","Sacramento State, San Jose State, Southern Utah",,9.7000,9.8750,,,A,UC Davis,31696,Ava Scafani
"Sun, Mar-12-2023","Arizona, California, Sacramento State",,9.7500,9.8500,,,A,UC Davis,31696,Ava Scafani
"Sat, Mar-18-2023","Air Force, Alaska, Sacramento State, San Jose State",,9.8500,9.9000,,,A,UC Davis,31696,Ava Scafani
"Sun, Jan-08-2023",Sacramento State,,,9.5000,,,A,UC Davis,30710,Rachel Schuelke-Lombardi
"Fri, Jan-13-2023","Arizona State, Eastern Michigan",,,9.8250,,,A,UC Davis,30710,Rachel Schuelke-Lombardi
"Fri, Jan-20-2023","Eastern Michigan, Iowa State",,,9.7750,,,A,UC Davis,30710,Rachel Schuelke-Lombardi
"Sun, Jan-29-2023","Air Force, Alaska",,,9.9000,,,H,UC Davis,30710,Rachel Schuelke-Lombardi
"Sun, Feb-05-2023",San Jose State,,,9.5250,,,H,UC Davis,30710,Rachel Schuelke-Lombardi
"Sun, Feb-12-2023",Sacramento State,,,9.8750,,,H,UC Davis,30710,Rachel Schuelke-Lombardi
"Fri, Feb-17-2023","Air Force, Denver",,,9.1500,,,A,UC Davis,30710,Rachel Schuelke-Lombardi
"Fri, Feb-24-2023",San Jose State,,,9.8000,,,A,UC Davis,30710,Rachel Schuelke-Lombardi
"Fri, Mar-03-2023","Sacramento State, San Jose State, Southern Utah",,,9.8250,,,A,UC Davis,30710,Rachel Schuelke-Lombardi
"Sun, Mar-12-2023","Arizona, California, Sacramento State",,,9.8750,,,A,UC Davis,30710,Rachel Schuelke-Lombardi
"Sat, Mar-18-2023","Air Force, Alaska, Sacramento State, San Jose State",,,9.8000,,,A,UC Davis,30710,Rachel Schuelke-Lombardi
"Sun, Jan-08-2023",Sacramento State,,9.6000,,9.7000,,A,UC Davis,31159,Nandhini Senthil
"Fri, Jan-13-2023","Arizona State, Eastern Michigan",,9.7750,,9.5750,,A,UC Davis,31159,Nandhini Senthil
"Fri, Jan-20-2023","Eastern Michigan, Iowa State",,9.6000,,9.5250,,A,UC Davis,31159,Nandhini Senthil
"Sun, Jan-08-2023",Sacramento State,9.6500,,,9.8500,,A,UC Davis,31697,Bella Trejo
"Fri, Jan-13-2023","Arizona State, Eastern Michigan",9.7500,,,9.7500,,A,UC Davis,31697,Bella Trejo
"Fri, Jan-20-2023","Eastern Michigan, Iowa State",9.6250,,,9.4500,,A,UC Davis,31697,Bella Trejo
"Sun, Jan-29-2023","Air Force, Alaska",9.6750,,,9.8250,,H,UC Davis,31697,Bella Trejo
"Sun, Feb-05-2023",San Jose State,,,,9.8500,,H,UC Davis,31697,Bella Trejo
"Sun, Feb-12-2023",Sacramento State,,,,9.9000,,H,UC Davis,31697,Bella Trejo
"Fri, Feb-17-2023","Air Force, Denver",,,,9.8250,,A,UC Davis,31697,Bella Trejo
"Fri, Feb-24-2023",San Jose State,,,,9.8500,,A,UC Davis,31697,Bella Trejo
"Fri, Mar-03-2023","Sacramento State, San Jose State, Southern Utah",,,,9.9000,,A,UC Davis,31697,Bella Trejo
"Sun, Mar-12-2023","Arizona, California, Sacramento State",,,,9.8500,,A,UC Davis,31697,Bella Trejo
"Sat, Mar-18-2023","Air Force, Alaska, Sacramento State, San Jose State",,,,9.8500,,A,UC Davis,31697,Bella Trejo
"Sat, Jan-07-2023","Arizona State, Auburn, BYU, California, Iowa, Michigan, Oklahoma",,,9.7500,,,A,UCLA,32073,Ciena Alipio
"Sat, Jan-14-2023","Boise State, California, Iowa, Minnesota, Oregon State, Pittsburgh, Washington",,,9.8500,,,A,UCLA,32073,Ciena Alipio
"Sat, Jan-21-2023",Washington,,,9.5750,,,A,UCLA,32073,Ciena Alipio
"Sun, Jan-29-2023",Oregon State,,,9.8000,,,H,UCLA,32073,Ciena Alipio
"Fri, Feb-03-2023",Utah,,,9.8750,,,A,UCLA,32073,Ciena Alipio
"Sat, Feb-11-2023",Arizona State,,,9.8250,,,H,UCLA,32073,Ciena Alipio
"Sat, Feb-18-2023",California,,,9.9000,,,A,UCLA,32073,Ciena Alipio
"Sun, Feb-26-2023",Arizona,,,9.8750,,,A,UCLA,32073,Ciena Alipio
"Sun, Mar-05-2023",Stanford,,,9.8250,,,H,UCLA,32073,Ciena Alipio
"Sat, Mar-11-2023",Iowa State,,,9.9000,,,H,UCLA,32073,Ciena Alipio
"Sat, Mar-18-2023","Arizona, Arizona State, California, Oregon State, Stanford, Utah, Washington",,,9.8500,,,A,UCLA,32073,Ciena Alipio
"Thu, Mar-30-2023",,,,9.9250,,,H,UCLA,32073,Ciena Alipio
"Sat, Apr-01-2023",,,,9.8000,,,H,UCLA,32073,Ciena Alipio
"Thu, Apr-13-2023","Alabama, Arizona State, Arkansas, Auburn, Boise State, California, Denver, Florida, Kentucky, LSU, Michigan, Michigan State, Missouri, Ohio State, Oklahoma, Oregon State, Penn State, Stanford, Utah",,,9.9000,,,A,UCLA,32073,Ciena Alipio
"Sat, Jan-21-2023",Washington,,,,,,A,UCLA,30540,Emma Andres
"Sat, Jan-07-2023","Arizona State, Auburn, BYU, California, Iowa, Michigan, Oklahoma",9.7750,,,,,A,UCLA,32074,Madisyn Anyimi
"Sat, Jan-14-2023","Boise State, California, Iowa, Minnesota, Oregon State, Pittsburgh, Washington",9.6500,,,,,A,UCLA,32074,Madisyn Anyimi
"Sat, Jan-21-2023",Washington,9.7000,,,,,A,UCLA,32074,Madisyn Anyimi
"Sun, Jan-29-2023",Oregon State,9.8250,,,,,H,UCLA,32074,Madisyn Anyimi
"Fri, Feb-03-2023",Utah,9.7750,9.7500,,9.6250,,A,UCLA,32074,Madisyn Anyimi
"Sat, Feb-11-2023",Arizona State,9.7250,,,,,H,UCLA,32074,Madisyn Anyimi
"Sat, Feb-18-2023",California,9.8250,,,,,A,UCLA,32074,Madisyn Anyimi
"Sun, Feb-26-2023",Arizona,9.8000,,,,,A,UCLA,32074,Madisyn Anyimi
"Sun, Mar-05-2023",Stanford,9.7500,,,,,H,UCLA,32074,Madisyn Anyimi
"Sat, Mar-11-2023",Iowa State,9.7750,,,,,H,UCLA,32074,Madisyn Anyimi
"Sat, Jan-07-2023","Arizona State, Auburn, BYU, California, Iowa, Michigan, Oklahoma",9.9250,9.8250,9.6500,9.9500,39.3500,A,UCLA,31085,Chae Campbell
"Sat, Jan-14-2023","Boise State, California, Iowa, Minnesota, Oregon State, Pittsburgh, Washington",9.8750,9.8250,9.9000,9.9500,39.5500,A,UCLA,31085,Chae Campbell
"Sat, Jan-21-2023",Washington,9.9000,9.8000,9.7250,9.9250,39.3500,A,UCLA,31085,Chae Campbell
"Sun, Jan-29-2023",Oregon State,9.9250,9.8250,8.8250,9.9500,38.5250,H,UCLA,31085,Chae Campbell
"Sat, Feb-11-2023",Arizona State,9.8500,9.8500,,9.9250,,H,UCLA,31085,Chae Campbell
"Sat, Feb-18-2023",California,9.9000,9.8500,,9.9500,,A,UCLA,31085,Chae Campbell
"Sun, Feb-26-2023",Arizona,9.9250,9.8000,,9.9000,,A,UCLA,31085,Chae Campbell
"Sun, Mar-05-2023",Stanford,9.9500,9.7750,,9.9500,,H,UCLA,31085,Chae Campbell
"Sat, Mar-11-2023",Iowa State,9.9000,,,,,H,UCLA,31085,Chae Campbell
"Sat, Mar-18-2023","Arizona, Arizona State, California, Oregon State, Stanford, Utah, Washington",9.9000,9.8750,,9.9000,,A,UCLA,31085,Chae Campbell
"Thu, Mar-30-2023",,9.9500,9.8500,,9.9000,,H,UCLA,31085,Chae Campbell
"Sat, Apr-01-2023",,9.8250,9.8000,,9.9500,,H,UCLA,31085,Chae Campbell
"Thu, Apr-13-2023","Alabama, Arizona State, Arkansas, Auburn, Boise State, California, Denver, Florida, Kentucky, LSU, Michigan, Michigan State, Missouri, Ohio State, Oklahoma, Oregon State, Penn State, Stanford, Utah",9.9000,9.9000,,9.9375,,A,UCLA,31085,Chae Campbell
"Sat, Jan-07-2023","Arizona State, Auburn, BYU, California, Iowa, Michigan, Oklahoma",9.9000,9.9750,9.9000,9.8750,39.6500,A,UCLA,31789,Jordan Chiles
"Sat, Jan-14-2023","Boise State, California, Iowa, Minnesota, Oregon State, Pittsburgh, Washington",9.9250,9.9500,9.9250,9.9250,39.7250,A,UCLA,31789,Jordan Chiles
"Sat, Jan-21-2023",Washington,9.6500,9.9250,9.7000,9.9500,39.2250,A,UCLA,31789,Jordan Chiles
"Sun, Jan-29-2023",Oregon State,9.9000,9.9750,9.8500,9.9750,39.7000,H,UCLA,31789,Jordan Chiles
"Fri, Feb-03-2023",Utah,9.9750,9.9500,9.9000,9.9500,39.7750,A,UCLA,31789,Jordan Chiles
"Sat, Feb-11-2023",Arizona State,9.9500,9.9750,9.9000,10.0000,39.8250,H,UCLA,31789,Jordan Chiles
"Sat, Feb-18-2023",California,9.8500,9.9500,9.9500,9.9250,39.6750,A,UCLA,31789,Jordan Chiles
"Sun, Feb-26-2023",Arizona,9.9750,9.9750,9.9500,9.9500,39.8500,A,UCLA,31789,Jordan Chiles
"Sun, Mar-05-2023",Stanford,9.9250,10.0000,9.9750,9.9750,39.8750,H,UCLA,31789,Jordan Chiles
"Sat, Mar-11-2023",Iowa State,9.9750,10.0000,9.9500,9.9750,39.9000,H,UCLA,31789,Jordan Chiles
"Sat, Mar-18-2023","Arizona, Arizona State, California, Oregon State, Stanford, Utah, Washington",9.9000,9.9750,9.3000,9.9750,39.1500,A,UCLA,31789,Jordan Chiles
"Thu, Mar-30-2023",,9.9250,9.9750,9.9000,9.9500,39.7500,H,UCLA,31789,Jordan Chiles
"Sat, Apr-01-2023",,9.9000,9.9750,9.8500,10.0000,39.7250,H,UCLA,31789,Jordan Chiles
"Thu, Apr-13-2023","Alabama, Arizona State, Arkansas, Auburn, Boise State, California, Denver, Florida, Kentucky, LSU, Michigan, Michigan State, Missouri, Ohio State, Oklahoma, Oregon State, Penn State, Stanford, Utah",9.9000,10.0000,9.8250,9.9875,39.7125,A,UCLA,31789,Jordan Chiles
"Sat, Jan-07-2023","Arizona State, Auburn, BYU, California, Iowa, Michigan, Oklahoma",9.8000,9.9500,,9.5000,,A,UCLA,30123,Margzetta Frazier
"Sat, Jan-14-2023","Boise State, California, Iowa, Minnesota, Oregon State, Pittsburgh, Washington",9.7500,9.9000,,9.9250,,A,UCLA,30123,Margzetta Frazier
"Sat, Jan-21-2023",Washington,9.7250,9.8750,,,,A,UCLA,30123,Margzetta Frazier
"Sun, Jan-29-2023",Oregon State,9.8250,9.8250,,9.9000,,H,UCLA,30123,Margzetta Frazier
"Fri, Feb-03-2023",Utah,9.7750,9.8500,,9.8750,,A,UCLA,30123,Margzetta Frazier
"Sat, Feb-11-2023",Arizona State,9.7750,9.9000,,9.9500,,H,UCLA,30123,Margzetta Frazier
"Sat, Feb-18-2023",California,9.8250,9.9000,,9.9250,,A,UCLA,30123,Margzetta Frazier
"Sun, Feb-26-2023",Arizona,,9.6500,,9.9000,,A,UCLA,30123,Margzetta Frazier
"Sun, Mar-05-2023",Stanford,,9.9250,,9.8250,,H,UCLA,30123,Margzetta Frazier
"Sat, Mar-11-2023",Iowa State,9.7500,9.9000,,9.9000,,H,UCLA,30123,Margzetta Frazier
"Sat, Mar-18-2023","Arizona, Arizona State, California, Oregon State, Stanford, Utah, Washington",9.7750,9.8750,,9.9000,,A,UCLA,30123,Margzetta Frazier
"Thu, Mar-30-2023",,9.9000,9.9250,,9.8250,,H,UCLA,30123,Margzetta Frazier
"Sat, Apr-01-2023",,9.8500,9.8500,,9.9500,,H,UCLA,30123,Margzetta Frazier
"Thu, Apr-13-2023","Alabama, Arizona State, Arkansas, Auburn, Boise State, California, Denver, Florida, Kentucky, LSU, Michigan, Michigan State, Missouri, Ohio State, Oklahoma, Oregon State, Penn State, Stanford, Utah",9.7875,9.9000,,9.9500,,A,UCLA,30123,Margzetta Frazier
"Sat, Jan-07-2023","Arizona State, Auburn, BYU, California, Iowa, Michigan, Oklahoma",9.9000,9.9000,9.8000,9.9000,39.5000,A,UCLA,32075,Selena Harris-Miranda
"Sat, Jan-14-2023","Boise State, California, Iowa, Minnesota, Oregon State, Pittsburgh, Washington",9.9000,9.9750,9.9250,9.9250,39.7250,A,UCLA,32075,Selena Harris-Miranda
"Sat, Jan-21-2023",Washington,9.9500,9.9250,9.9250,9.9250,39.7250,A,UCLA,32075,Selena Harris-Miranda
"Sun, Jan-29-2023",Oregon State,9.9250,9.9250,9.8750,9.9250,39.6500,H,UCLA,32075,Selena Harris-Miranda
"Fri, Feb-03-2023",Utah,9.8750,9.9250,9.9500,9.9000,39.6500,A,UCLA,32075,Selena Harris-Miranda
"Sat, Feb-11-2023",Arizona State,9.8000,9.9500,9.9500,9.8750,39.5750,H,UCLA,32075,Selena Harris-Miranda
"Sat, Feb-18-2023",California,9.9000,9.8750,9.9500,9.9250,39.6500,A,UCLA,32075,Selena Harris-Miranda
"Sun, Feb-26-2023",Arizona,9.7250,9.8500,9.9000,,,A,UCLA,32075,Selena Harris-Miranda
"Sun, Mar-05-2023",Stanford,9.8500,9.9500,9.9250,9.9000,39.6250,H,UCLA,32075,Selena Harris-Miranda
"Sat, Mar-11-2023",Iowa State,9.9750,9.9000,9.9500,9.9250,39.7500,H,UCLA,32075,Selena Harris-Miranda
"Sat, Mar-18-2023","Arizona, Arizona State, California, Oregon State, Stanford, Utah, Washington",9.8000,9.9500,9.9500,9.9250,39.6250,A,UCLA,32075,Selena Harris-Miranda
"Thu, Mar-30-2023",,9.9000,9.8750,9.9750,9.9000,39.6500,H,UCLA,32075,Selena Harris-Miranda
"Sat, Apr-01-2023",,10.0000,9.9000,9.9500,9.9000,39.7500,H,UCLA,32075,Selena Harris-Miranda
"Thu, Apr-13-2023","Alabama, Arizona State, Arkansas, Auburn, Boise State, California, Denver, Florida, Kentucky, LSU, Michigan, Michigan State, Missouri, Ohio State, Oklahoma, Oregon State, Penn State, Stanford, Utah",9.8000,9.9125,9.9375,9.9500,39.6000,A,UCLA,32075,Selena Harris-Miranda
"Sat, Jan-21-2023",Washington,,,,9.8500,,A,UCLA,30542,Chloe Lashbrooke
"Sun, Feb-26-2023",Arizona,,,,9.6250,,A,UCLA,30542,Chloe Lashbrooke
"Sat, Mar-11-2023",Iowa State,,,,9.8750,,H,UCLA,30542,Chloe Lashbrooke
"Sat, Jan-07-2023","Arizona State, Auburn, BYU, California, Iowa, Michigan, Oklahoma",9.8500,9.7750,9.3000,,,A,UCLA,31515,Emily Lee
"Sat, Jan-14-2023","Boise State, California, Iowa, Minnesota, Oregon State, Pittsburgh, Washington",9.8000,9.6500,9.8000,,,A,UCLA,31515,Emily Lee
"Sat, Jan-21-2023",Washington,9.8500,9.8000,9.8250,,,A,UCLA,31515,Emily Lee
"Sun, Jan-29-2023",Oregon State,9.8250,,9.9000,9.8500,,H,UCLA,31515,Emily Lee
"Fri, Feb-03-2023",Utah,9.7500,,9.9000,9.7500,,A,UCLA,31515,Emily Lee
"Sat, Feb-11-2023",Arizona State,9.7500,,9.9000,9.9000,,H,UCLA,31515,Emily Lee
"Sat, Feb-18-2023",California,9.7750,,9.9250,9.7500,,A,UCLA,31515,Emily Lee
"Sun, Feb-26-2023",Arizona,9.8750,,9.7000,9.9000,,A,UCLA,31515,Emily Lee
"Sun, Mar-05-2023",Stanford,9.8250,,9.8000,9.9000,,H,UCLA,31515,Emily Lee
"Sat, Mar-11-2023",Iowa State,9.8500,9.8750,9.9500,9.8250,39.5000,H,UCLA,31515,Emily Lee
"Sat, Mar-18-2023","Arizona, Arizona State, California, Oregon State, Stanford, Utah, Washington",9.8000,,9.9250,9.8750,,A,UCLA,31515,Emily Lee
"Thu, Mar-30-2023",,9.8500,9.8000,9.9000,9.8000,39.3500,H,UCLA,31515,Emily Lee
"Sat, Apr-01-2023",,9.8500,,9.8500,9.8000,,H,UCLA,31515,Emily Lee
"Thu, Apr-13-2023","Alabama, Arizona State, Arkansas, Auburn, Boise State, California, Denver, Florida, Kentucky, LSU, Michigan, Michigan State, Missouri, Ohio State, Oklahoma, Oregon State, Penn State, Stanford, Utah",9.7000,,9.9000,,,A,UCLA,31515,Emily Lee
"Sat, Jan-07-2023","Arizona State, Auburn, BYU, California, Iowa, Michigan, Oklahoma",,,9.9000,9.9000,,A,UCLA,31516,Emma Malabuyo
"Sat, Jan-14-2023","Boise State, California, Iowa, Minnesota, Oregon State, Pittsburgh, Washington",,,9.9000,9.8750,,A,UCLA,31516,Emma Malabuyo
"Sat, Jan-21-2023",Washington,,,9.7750,9.8250,,A,UCLA,31516,Emma Malabuyo
"Sun, Jan-29-2023",Oregon State,,,9.3750,9.8750,,H,UCLA,31516,Emma Malabuyo
"Fri, Feb-03-2023",Utah,,,9.9500,9.8500,,A,UCLA,31516,Emma Malabuyo
"Sat, Feb-11-2023",Arizona State,,,9.8500,9.9000,,H,UCLA,31516,Emma Malabuyo
"Sat, Feb-18-2023",California,,,9.8500,9.9250,,A,UCLA,31516,Emma Malabuyo
"Sun, Feb-26-2023",Arizona,9.8250,,9.9250,9.9250,,A,UCLA,31516,Emma Malabuyo
"Sun, Mar-05-2023",Stanford,9.8000,,9.9000,9.9500,,H,UCLA,31516,Emma Malabuyo
"Sat, Mar-11-2023",Iowa State,,,9.6750,9.9250,,H,UCLA,31516,Emma Malabuyo
"Sat, Mar-18-2023","Arizona, Arizona State, California, Oregon State, Stanford, Utah, Washington",9.5750,,9.9250,9.9000,,A,UCLA,31516,Emma Malabuyo
"Thu, Mar-30-2023",,,,9.9750,,,H,UCLA,31516,Emma Malabuyo
"Sat, Apr-01-2023",,,,9.8250,9.9000,,H,UCLA,31516,Emma Malabuyo
"Thu, Apr-13-2023","Alabama, Arizona State, Arkansas, Auburn, Boise State, California, Denver, Florida, Kentucky, LSU, Michigan, Michigan State, Missouri, Ohio State, Oklahoma, Oregon State, Penn State, Stanford, Utah",,,9.9500,9.8875,,A,UCLA,31516,Emma Malabuyo
"Sat, Jan-07-2023","Arizona State, Auburn, BYU, California, Iowa, Michigan, Oklahoma",,,,9.7750,,A,UCLA,31102,Katie McNamara
"Sat, Jan-14-2023","Boise State, California, Iowa, Minnesota, Oregon State, Pittsburgh, Washington",,,,9.7750,,A,UCLA,31102,Katie McNamara
"Sat, Jan-21-2023",Washington,,,,9.8250,,A,UCLA,31102,Katie McNamara
"Thu, Mar-30-2023",,9.9000,,,9.9250,,H,UCLA,31087,Brooklyn Moors
"Sat, Apr-01-2023",,9.9000,,,,,H,UCLA,31087,Brooklyn Moors
"Thu, Apr-13-2023","Alabama, Arizona State, Arkansas, Auburn, Boise State, California, Denver, Florida, Kentucky, LSU, Michigan, Michigan State, Missouri, Ohio State, Oklahoma, Oregon State, Penn State, Stanford, Utah",9.7875,,,9.8625,,A,UCLA,31087,Brooklyn Moors
"Sat, Jan-07-2023","Arizona State, Auburn, BYU, California, Iowa, Michigan, Oklahoma",,9.8500,,,,A,UCLA,31519,Ana Padurariu
"Sat, Jan-14-2023","Boise State, California, Iowa, Minnesota, Oregon State, Pittsburgh, Washington",,9.8500,,,,A,UCLA,31519,Ana Padurariu
"Sun, Jan-29-2023",Oregon State,,9.8750,,,,H,UCLA,31519,Ana Padurariu
"Fri, Feb-03-2023",Utah,,9.9000,9.7500,,,A,UCLA,31519,Ana Padurariu
"Sat, Feb-11-2023",Arizona State,,9.9000,9.7250,,,H,UCLA,31519,Ana Padurariu
"Sat, Feb-18-2023",California,,9.8000,9.9000,,,A,UCLA,31519,Ana Padurariu
"Sun, Feb-26-2023",Arizona,,9.9000,9.9500,,,A,UCLA,31519,Ana Padurariu
"Sun, Mar-05-2023",Stanford,,9.9500,9.7750,,,H,UCLA,31519,Ana Padurariu
"Sat, Mar-11-2023",Iowa State,,9.9000,9.8750,,,H,UCLA,31519,Ana Padurariu
"Sat, Mar-18-2023","Arizona, Arizona State, California, Oregon State, Stanford, Utah, Washington",,9.9000,9.8500,,,A,UCLA,31519,Ana Padurariu
"Thu, Mar-30-2023",,,9.9000,9.8000,,,H,UCLA,31519,Ana Padurariu
"Sat, Apr-01-2023",,,9.8750,9.8500,,,H,UCLA,31519,Ana Padurariu
"Thu, Apr-13-2023","Alabama, Arizona State, Arkansas, Auburn, Boise State, California, Denver, Florida, Kentucky, LSU, Michigan, Michigan State, Missouri, Ohio State, Oklahoma, Oregon State, Penn State, Stanford, Utah",,9.8000,9.7875,,,A,UCLA,31519,Ana Padurariu
"Sat, Jan-21-2023",Washington,,9.8250,,,,A,UCLA,30543,Kalyany Steele
"Sun, Jan-29-2023",Oregon State,,9.8500,,,,H,UCLA,30543,Kalyany Steele
"Fri, Feb-03-2023",Utah,,9.7750,,,,A,UCLA,30543,Kalyany Steele
"Sat, Feb-11-2023",Arizona State,,9.8250,,,,H,UCLA,30543,Kalyany Steele
"Sat, Feb-18-2023",California,,9.8250,,,,A,UCLA,30543,Kalyany Steele
"Sun, Feb-26-2023",Arizona,,9.8000,,,,A,UCLA,30543,Kalyany Steele
"Sun, Mar-05-2023",Stanford,,9.9000,,,,H,UCLA,30543,Kalyany Steele
"Sat, Mar-11-2023",Iowa State,,9.8750,,,,H,UCLA,30543,Kalyany Steele
"Sat, Mar-18-2023","Arizona, Arizona State, California, Oregon State, Stanford, Utah, Washington",,9.7500,,,,A,UCLA,30543,Kalyany Steele
"Sat, Apr-01-2023",,,9.7750,,,,H,UCLA,30543,Kalyany Steele
"Thu, Apr-13-2023","Alabama, Arizona State, Arkansas, Auburn, Boise State, California, Denver, Florida, Kentucky, LSU, Michigan, Michigan State, Missouri, Ohio State, Oklahoma, Oregon State, Penn State, Stanford, Utah",,9.5875,,,,A,UCLA,30543,Kalyany Steele
"Sat, Jan-21-2023",Washington,,,,,,A,UCLA,32076,Clara Wren
"Fri, Feb-03-2023",Utah,9.7250,,,,,A,UCLA,32076,Clara Wren
"Fri, Jan-06-2023",LSU,9.8750,9.8000,,,,H,Utah,30018,Abby Brenner
"Fri, Jan-13-2023","BYU, Southern Utah, Utah State",9.8250,9.8500,,,,A,Utah,30018,Abby Brenner
"Sun, Jan-22-2023",Oklahoma,9.8750,9.8500,,,,A,Utah,30018,Abby Brenner
"Sat, Jan-28-2023",Washington,9.8500,9.8500,,9.8750,,H,Utah,30018,Abby Brenner
"Fri, Feb-03-2023",UCLA,9.8500,9.8500,,9.8750,,H,Utah,30018,Abby Brenner
"Sat, Feb-11-2023","Alabama, Arkansas, Georgia, Illinois, Illinois State, Oklahoma, Stanford",9.8000,9.8750,,9.8750,,A,Utah,30018,Abby Brenner
"Mon, Feb-20-2023",Arizona State,9.8000,9.9250,,9.9000,,A,Utah,30018,Abby Brenner
"Fri, Feb-24-2023",California,9.9000,9.9500,,9.9250,,H,Utah,30018,Abby Brenner
"Fri, Mar-03-2023",Arizona,9.8750,9.8000,,9.9250,,H,Utah,30018,Abby Brenner
"Sat, Mar-11-2023",Oregon State,9.9000,9.9000,,9.8750,,A,Utah,30018,Abby Brenner
"Sat, Mar-18-2023","Arizona, Arizona State, California, Oregon State, Stanford, UCLA, Washington",9.9250,9.8750,,9.6750,,A,Utah,30018,Abby Brenner
"Thu, Mar-30-2023",,9.9500,9.8750,,9.7750,,A,Utah,30018,Abby Brenner
"Sat, Apr-01-2023",,9.9000,9.8500,,9.8750,,A,Utah,30018,Abby Brenner
"Thu, Apr-13-2023","Alabama, Arizona State, Arkansas, Auburn, Boise State, California, Denver, Florida, Kentucky, LSU, Michigan, Michigan State, Missouri, Ohio State, Oklahoma, Oregon State, Penn State, Stanford, UCLA",9.8500,9.9375,,9.8875,,A,Utah,30018,Abby Brenner
"Sat, Apr-15-2023","Alabama, California, Denver, Florida, Kentucky, LSU, Oklahoma, UCLA",9.9000,9.8750,,9.8750,,A,Utah,30018,Abby Brenner
"Fri, Jan-06-2023",LSU,,,9.9000,,,H,Utah,31528,Kara Eaker
"Fri, Jan-13-2023","BYU, Southern Utah, Utah State",,,10.0000,,,A,Utah,31528,Kara Eaker
"Sun, Jan-22-2023",Oklahoma,,,9.9000,9.6750,,A,Utah,31528,Kara Eaker
"Sat, Jan-28-2023",Washington,,,9.9000,,,H,Utah,31528,Kara Eaker
"Fri, Feb-03-2023",UCLA,,,9.9750,,,H,Utah,31528,Kara Eaker
"Sat, Feb-11-2023","Alabama, Arkansas, Georgia, Illinois, Illinois State, Oklahoma, Stanford",,,9.9500,9.9000,,A,Utah,31528,Kara Eaker
"Mon, Feb-20-2023",Arizona State,,,9.9750,9.8500,,A,Utah,31528,Kara Eaker
"Fri, Feb-24-2023",California,,,9.9750,,,H,Utah,31528,Kara Eaker
"Sat, Mar-18-2023","Arizona, Arizona State, California, Oregon State, Stanford, UCLA, Washington",,,9.9500,,,A,Utah,31528,Kara Eaker
"Thu, Mar-30-2023",,,,9.3000,,,A,Utah,31528,Kara Eaker
"Sat, Apr-01-2023",,,,9.9500,,,A,Utah,31528,Kara Eaker
"Thu, Apr-13-2023","Alabama, Arizona State, Arkansas, Auburn, Boise State, California, Denver, Florida, Kentucky, LSU, Michigan, Michigan State, Missouri, Ohio State, Oklahoma, Oregon State, Penn State, Stanford, UCLA",,,9.9125,,,A,Utah,31528,Kara Eaker
"Sat, Apr-15-2023","Alabama, California, Denver, Florida, Kentucky, LSU, Oklahoma, UCLA",,,9.9125,,,A,Utah,31528,Kara Eaker
"Fri, Jan-06-2023",LSU,,,,9.8500,,H,Utah,31089,Jaylene Gilstrap
"Fri, Jan-13-2023","BYU, Southern Utah, Utah State",,,,9.9000,,A,Utah,31089,Jaylene Gilstrap
"Sun, Jan-22-2023",Oklahoma,,,,9.8500,,A,Utah,31089,Jaylene Gilstrap
"Sat, Jan-28-2023",Washington,9.8500,,,9.8750,,H,Utah,31089,Jaylene Gilstrap
"Fri, Feb-03-2023",UCLA,9.8000,,,9.8750,,H,Utah,31089,Jaylene Gilstrap
"Sat, Feb-11-2023","Alabama, Arkansas, Georgia, Illinois, Illinois State, Oklahoma, Stanford",9.7250,,,9.9000,,A,Utah,31089,Jaylene Gilstrap
"Mon, Feb-20-2023",Arizona State,9.7250,,,9.9000,,A,Utah,31089,Jaylene Gilstrap
"Fri, Feb-24-2023",California,9.8250,,,9.9250,,H,Utah,31089,Jaylene Gilstrap
"Fri, Mar-03-2023",Arizona,9.8500,,9.8500,9.9250,,H,Utah,31089,Jaylene Gilstrap
"Sat, Mar-11-2023",Oregon State,9.8250,,9.9000,9.9000,,A,Utah,31089,Jaylene Gilstrap
"Sat, Mar-18-2023","Arizona, Arizona State, California, Oregon State, Stanford, UCLA, Washington",9.8250,,,9.9250,,A,Utah,31089,Jaylene Gilstrap
"Thu, Mar-30-2023",,9.9000,,9.8250,9.9000,,A,Utah,31089,Jaylene Gilstrap
"Sat, Apr-01-2023",,9.8250,,9.8500,9.9000,,A,Utah,31089,Jaylene Gilstrap
"Thu, Apr-13-2023","Alabama, Arizona State, Arkansas, Auburn, Boise State, California, Denver, Florida, Kentucky, LSU, Michigan, Michigan State, Missouri, Ohio State, Oklahoma, Oregon State, Penn State, Stanford, UCLA",9.8375,,,9.9000,,A,Utah,31089,Jaylene Gilstrap
"Sat, Apr-15-2023","Alabama, California, Denver, Florida, Kentucky, LSU, Oklahoma, UCLA",9.8125,,,9.8750,,A,Utah,31089,Jaylene Gilstrap
"Fri, Jan-06-2023",LSU,9.8250,,,,,H,Utah,30544,Jillian Hoffman
"Fri, Jan-13-2023","BYU, Southern Utah, Utah State",9.8000,,,,,A,Utah,30544,Jillian Hoffman
"Sun, Jan-22-2023",Oklahoma,9.8250,,,,,A,Utah,30544,Jillian Hoffman
"Sat, Jan-28-2023",Washington,9.9500,,,,,H,Utah,30544,Jillian Hoffman
"Fri, Feb-03-2023",UCLA,9.9750,,,,,H,Utah,30544,Jillian Hoffman
"Sat, Feb-11-2023","Alabama, Arkansas, Georgia, Illinois, Illinois State, Oklahoma, Stanford",9.8000,,,,,A,Utah,30544,Jillian Hoffman
"Mon, Feb-20-2023",Arizona State,9.8250,,,,,A,Utah,30544,Jillian Hoffman
"Fri, Feb-24-2023",California,9.9500,,,,,H,Utah,30544,Jillian Hoffman
"Fri, Mar-03-2023",Arizona,9.8750,,,9.7750,,H,Utah,30544,Jillian Hoffman
"Thu, Mar-30-2023",,9.9000,,,,,A,Utah,30544,Jillian Hoffman
"Sat, Apr-01-2023",,9.9000,,,,,A,Utah,30544,Jillian Hoffman
"Thu, Apr-13-2023","Alabama, Arizona State, Arkansas, Auburn, Boise State, California, Denver, Florida, Kentucky, LSU, Michigan, Michigan State, Missouri, Ohio State, Oklahoma, Oregon State, Penn State, Stanford, UCLA",9.8750,,,,,A,Utah,30544,Jillian Hoffman
"Sat, Apr-15-2023","Alabama, California, Denver, Florida, Kentucky, LSU, Oklahoma, UCLA",9.7625,,,,,A,Utah,30544,Jillian Hoffman
"Fri, Jan-06-2023",LSU,,9.7750,9.8750,,,H,Utah,30153,Cristal Isa
"Fri, Jan-13-2023","BYU, Southern Utah, Utah State",,9.8500,9.9000,,,A,Utah,30153,Cristal Isa
"Sun, Jan-22-2023",Oklahoma,,9.8750,9.8500,,,A,Utah,30153,Cristal Isa
"Sat, Jan-28-2023",Washington,,9.8500,9.9500,,,H,Utah,30153,Cristal Isa
"Fri, Feb-03-2023",UCLA,,9.9500,9.9500,,,H,Utah,30153,Cristal Isa
"Sat, Feb-11-2023","Alabama, Arkansas, Georgia, Illinois, Illinois State, Oklahoma, Stanford",,9.9750,9.9250,,,A,Utah,30153,Cristal Isa
"Mon, Feb-20-2023",Arizona State,,9.9000,9.9000,,,A,Utah,30153,Cristal Isa
"Fri, Feb-24-2023",California,,9.9250,9.8500,,,H,Utah,30153,Cristal Isa
"Fri, Mar-03-2023",Arizona,,9.9000,10.0000,,,H,Utah,30153,Cristal Isa
"Sat, Mar-11-2023",Oregon State,,9.9500,9.9250,,,A,Utah,30153,Cristal Isa
"Sat, Mar-18-2023","Arizona, Arizona State, California, Oregon State, Stanford, UCLA, Washington",,9.5500,9.9500,,,A,Utah,30153,Cristal Isa
"Thu, Mar-30-2023",,,9.9500,9.9250,,,A,Utah,30153,Cristal Isa
"Sat, Apr-01-2023",,,9.9000,9.8750,,,A,Utah,30153,Cristal Isa
"Thu, Apr-13-2023","Alabama, Arizona State, Arkansas, Auburn, Boise State, California, Denver, Florida, Kentucky, LSU, Michigan, Michigan State, Missouri, Ohio State, Oklahoma, Oregon State, Penn State, Stanford, UCLA",,9.9250,9.9625,,,A,Utah,30153,Cristal Isa
"Sat, Apr-15-2023","Alabama, California, Denver, Florida, Kentucky, LSU, Oklahoma, UCLA",,9.8750,9.9500,,,A,Utah,30153,Cristal Isa
"Fri, Jan-06-2023",LSU,9.3000,9.9250,9.8750,9.8500,38.9500,H,Utah,31529,Grace McCallum
"Fri, Jan-13-2023","BYU, Southern Utah, Utah State",9.8500,9.9750,9.9250,9.9250,39.6750,A,Utah,31529,Grace McCallum
"Sun, Jan-22-2023",Oklahoma,9.9000,9.7500,9.7750,9.9250,39.3500,A,Utah,31529,Grace McCallum
"Sat, Jan-28-2023",Washington,9.8500,9.9500,9.9000,9.9500,39.6500,H,Utah,31529,Grace McCallum
"Fri, Feb-03-2023",UCLA,9.9000,9.9500,9.9750,9.9250,39.7500,H,Utah,31529,Grace McCallum
"Sat, Feb-11-2023","Alabama, Arkansas, Georgia, Illinois, Illinois State, Oklahoma, Stanford",9.2000,,,,,A,Utah,31529,Grace McCallum
"Thu, Apr-13-2023","Alabama, Arizona State, Arkansas, Auburn, Boise State, California, Denver, Florida, Kentucky, LSU, Michigan, Michigan State, Missouri, Ohio State, Oklahoma, Oregon State, Penn State, Stanford, UCLA",,9.9500,9.9250,,,A,Utah,31529,Grace McCallum
"Sat, Apr-15-2023","Alabama, California, Denver, Florida, Kentucky, LSU, Oklahoma, UCLA",,9.9375,9.8875,,,A,Utah,31529,Grace McCallum
"Fri, Jan-06-2023",LSU,,,9.8250,,,H,Utah,31530,Amelie Morgan
"Fri, Jan-13-2023","BYU, Southern Utah, Utah State",,,9.8750,,,A,Utah,31530,Amelie Morgan
"Sun, Jan-22-2023",Oklahoma,,9.8250,9.9000,,,A,Utah,31530,Amelie Morgan
"Sat, Jan-28-2023",Washington,,9.8500,9.8250,,,H,Utah,31530,Amelie Morgan
"Fri, Feb-03-2023",UCLA,,9.8750,9.8750,,,H,Utah,31530,Amelie Morgan
"Sat, Feb-11-2023","Alabama, Arkansas, Georgia, Illinois, Illinois State, Oklahoma, Stanford",,9.8750,9.5000,,,A,Utah,31530,Amelie Morgan
"Mon, Feb-20-2023",Arizona State,,9.8250,9.8000,,,A,Utah,31530,Amelie Morgan
"Fri, Feb-24-2023",California,,9.8750,9.9250,,,H,Utah,31530,Amelie Morgan
"Fri, Mar-03-2023",Arizona,,9.9000,9.7750,,,H,Utah,31530,Amelie Morgan
"Sat, Mar-11-2023",Oregon State,,9.8750,9.8250,,,A,Utah,31530,Amelie Morgan
"Sat, Mar-18-2023","Arizona, Arizona State, California, Oregon State, Stanford, UCLA, Washington",,9.8750,9.9000,,,A,Utah,31530,Amelie Morgan
"Thu, Mar-30-2023",,,9.9250,9.8500,,,A,Utah,31530,Amelie Morgan
"Sat, Apr-01-2023",,,9.8500,9.8000,,,A,Utah,31530,Amelie Morgan
"Thu, Apr-13-2023","Alabama, Arizona State, Arkansas, Auburn, Boise State, California, Denver, Florida, Kentucky, LSU, Michigan, Michigan State, Missouri, Ohio State, Oklahoma, Oregon State, Penn State, Stanford, UCLA",,9.8125,9.8875,,,A,Utah,31530,Amelie Morgan
"Sat, Apr-15-2023","Alabama, California, Denver, Florida, Kentucky, LSU, Oklahoma, UCLA",,9.8500,9.9125,,,A,Utah,31530,Amelie Morgan
"Fri, Jan-06-2023",LSU,,9.8500,9.9500,9.8500,,H,Utah,30545,Maile O'Keefe
"Fri, Jan-13-2023","BYU, Southern Utah, Utah State",,9.8000,9.9500,9.8500,,A,Utah,30545,Maile O'Keefe
"Sun, Jan-22-2023",Oklahoma,,9.8500,9.9750,,,A,Utah,30545,Maile O'Keefe
"Sat, Jan-28-2023",Washington,,9.9500,9.9750,,,H,Utah,30545,Maile O'Keefe
"Fri, Feb-03-2023",UCLA,,9.9500,10.0000,9.9250,,H,Utah,30545,Maile O'Keefe
"Sat, Feb-11-2023","Alabama, Arkansas, Georgia, Illinois, Illinois State, Oklahoma, Stanford",,9.9250,10.0000,,,A,Utah,30545,Maile O'Keefe
"Mon, Feb-20-2023",Arizona State,,9.9000,9.9250,,,A,Utah,30545,Maile O'Keefe
"Fri, Feb-24-2023",California,9.8500,9.9500,10.0000,9.9500,39.7500,H,Utah,30545,Maile O'Keefe
"Fri, Mar-03-2023",Arizona,9.9000,9.8250,9.9000,9.9000,39.5250,H,Utah,30545,Maile O'Keefe
"Sat, Mar-11-2023",Oregon State,9.7750,9.8750,9.4250,9.9250,39.0000,A,Utah,30545,Maile O'Keefe
"Sat, Mar-18-2023","Arizona, Arizona State, California, Oregon State, Stanford, UCLA, Washington",9.8500,9.9250,9.9500,9.9500,39.6750,A,Utah,30545,Maile O'Keefe
"Thu, Mar-30-2023",,9.8250,9.8500,10.0000,9.8750,39.5500,A,Utah,30545,Maile O'Keefe
"Sat, Apr-01-2023",,9.9250,9.8250,9.9500,9.9250,39.6250,A,Utah,30545,Maile O'Keefe
"Thu, Apr-13-2023","Alabama, Arizona State, Arkansas, Auburn, Boise State, California, Denver, Florida, Kentucky, LSU, Michigan, Michigan State, Missouri, Ohio State, Oklahoma, Oregon State, Penn State, Stanford, UCLA",9.8625,9.9500,10.0000,9.9500,39.7625,A,Utah,30545,Maile O'Keefe
"Sat, Apr-15-2023","Alabama, California, Denver, Florida, Kentucky, LSU, Oklahoma, UCLA",9.7375,9.9250,10.0000,9.9000,39.5625,A,Utah,30545,Maile O'Keefe
"Fri, Jan-06-2023",LSU,,,9.8750,9.8000,,H,Utah,30546,Abby Paulson
"Fri, Jan-13-2023","BYU, Southern Utah, Utah State",,,9.9000,9.7750,,A,Utah,30546,Abby Paulson
"Sun, Jan-22-2023",Oklahoma,,,9.0750,9.8250,,A,Utah,30546,Abby Paulson
"Sat, Jan-28-2023",Washington,,,9.9000,9.8500,,H,Utah,30546,Abby Paulson
"Fri, Feb-03-2023",UCLA,,,9.8750,,,H,Utah,30546,Abby Paulson
"Sat, Feb-11-2023","Alabama, Arkansas, Georgia, Illinois, Illinois State, Oklahoma, Stanford",,,9.9250,9.8750,,A,Utah,30546,Abby Paulson
"Mon, Feb-20-2023",Arizona State,,,9.9750,9.8500,,A,Utah,30546,Abby Paulson
"Fri, Feb-24-2023",California,,,9.9750,9.9500,,H,Utah,30546,Abby Paulson
"Fri, Mar-03-2023",Arizona,,,9.8750,9.9250,,H,Utah,30546,Abby Paulson
"Sat, Mar-11-2023",Oregon State,,,9.9250,9.9000,,A,Utah,30546,Abby Paulson
"Sat, Mar-18-2023","Arizona, Arizona State, California, Oregon State, Stanford, UCLA, Washington",,,9.7750,9.9000,,A,Utah,30546,Abby Paulson
"Thu, Mar-30-2023",,,,9.9000,9.9250,,A,Utah,30546,Abby Paulson
"Sat, Apr-01-2023",,,,9.9000,9.9000,,A,Utah,30546,Abby Paulson
"Thu, Apr-13-2023","Alabama, Arizona State, Arkansas, Auburn, Boise State, California, Denver, Florida, Kentucky, LSU, Michigan, Michigan State, Missouri, Ohio State, Oklahoma, Oregon State, Penn State, Stanford, UCLA",,,9.8500,9.8375,,A,Utah,30546,Abby Paulson
"Sat, Apr-15-2023","Alabama, California, Denver, Florida, Kentucky, LSU, Oklahoma, UCLA",,,9.9625,9.9000,,A,Utah,30546,Abby Paulson
"Fri, Jan-06-2023",LSU,9.8750,,,9.0000,,H,Utah,30547,Jaedyn Rucker
"Fri, Jan-13-2023","BYU, Southern Utah, Utah State",9.9250,,,9.8500,,A,Utah,30547,Jaedyn Rucker
"Sun, Jan-22-2023",Oklahoma,9.9750,,,9.7250,,A,Utah,30547,Jaedyn Rucker
"Sat, Jan-28-2023",Washington,9.8750,,,9.9250,,H,Utah,30547,Jaedyn Rucker
"Fri, Feb-03-2023",UCLA,9.8250,,,9.8500,,H,Utah,30547,Jaedyn Rucker
"Sat, Feb-11-2023","Alabama, Arkansas, Georgia, Illinois, Illinois State, Oklahoma, Stanford",9.8500,,,9.9000,,A,Utah,30547,Jaedyn Rucker
"Mon, Feb-20-2023",Arizona State,9.3500,,,9.8500,,A,Utah,30547,Jaedyn Rucker
"Fri, Feb-24-2023",California,10.0000,,,9.8750,,H,Utah,30547,Jaedyn Rucker
"Fri, Mar-03-2023",Arizona,9.8750,,,9.9500,,H,Utah,30547,Jaedyn Rucker
"Sat, Mar-11-2023",Oregon State,9.9000,,,9.7000,,A,Utah,30547,Jaedyn Rucker
"Sat, Mar-18-2023","Arizona, Arizona State, California, Oregon State, Stanford, UCLA, Washington",9.9000,,,9.9000,,A,Utah,30547,Jaedyn Rucker
"Thu, Mar-30-2023",,10.0000,,,9.9000,,A,Utah,30547,Jaedyn Rucker
"Sat, Apr-01-2023",,10.0000,,,9.9250,,A,Utah,30547,Jaedyn Rucker
"Thu, Apr-13-2023","Alabama, Arizona State, Arkansas, Auburn, Boise State, California, Denver, Florida, Kentucky, LSU, Michigan, Michigan State, Missouri, Ohio State, Oklahoma, Oregon State, Penn State, Stanford, UCLA",9.8750,,,9.8875,,A,Utah,30547,Jaedyn Rucker
"Sat, Apr-15-2023","Alabama, California, Denver, Florida, Kentucky, LSU, Oklahoma, UCLA",9.8375,,,9.9000,,A,Utah,30547,Jaedyn Rucker
"Fri, Jan-06-2023",LSU,9.9000,9.8500,,9.8750,,H,Utah,32083,Makenna Smith
"Fri, Jan-13-2023","BYU, Southern Utah, Utah State",9.8500,9.8750,,9.8500,,A,Utah,32083,Makenna Smith
"Sun, Jan-22-2023",Oklahoma,9.9500,,,9.8750,,A,Utah,32083,Makenna Smith
"Sat, Jan-28-2023",Washington,9.9000,9.8250,,9.8000,,H,Utah,32083,Makenna Smith
"Fri, Feb-03-2023",UCLA,9.8250,9.8500,,9.8750,,H,Utah,32083,Makenna Smith
"Sat, Feb-11-2023","Alabama, Arkansas, Georgia, Illinois, Illinois State, Oklahoma, Stanford",9.8000,9.9000,9.8000,9.9000,39.4000,A,Utah,32083,Makenna Smith
"Mon, Feb-20-2023",Arizona State,9.7500,9.8500,9.9250,9.8750,39.4000,A,Utah,32083,Makenna Smith
"Fri, Feb-24-2023",California,9.8250,9.8750,9.8750,9.9250,39.5000,H,Utah,32083,Makenna Smith
"Fri, Mar-03-2023",Arizona,9.9000,9.9000,9.9250,,,H,Utah,32083,Makenna Smith
"Sat, Mar-11-2023",Oregon State,9.8250,9.8500,9.8750,9.8750,39.4250,A,Utah,32083,Makenna Smith
"Sat, Mar-18-2023","Arizona, Arizona State, California, Oregon State, Stanford, UCLA, Washington",9.9000,9.8500,9.7250,9.9250,39.4000,A,Utah,32083,Makenna Smith
"Thu, Mar-30-2023",,9.8750,9.9250,,9.7500,,A,Utah,32083,Makenna Smith
"Sat, Apr-01-2023",,9.8500,9.8750,,9.9500,,A,Utah,32083,Makenna Smith
"Thu, Apr-13-2023","Alabama, Arizona State, Arkansas, Auburn, Boise State, California, Denver, Florida, Kentucky, LSU, Michigan, Michigan State, Missouri, Ohio State, Oklahoma, Oregon State, Penn State, Stanford, UCLA",9.9000,,,9.8750,,A,Utah,32083,Makenna Smith
"Sat, Apr-15-2023","Alabama, California, Denver, Florida, Kentucky, LSU, Oklahoma, UCLA",9.8375,,,9.9250,,A,Utah,32083,Makenna Smith
"Fri, Jan-06-2023",LSU,9.8750,,,,,H,Utah,31092,Lucy Stanhope
"Fri, Jan-13-2023","BYU, Southern Utah, Utah State",9.9000,,,,,A,Utah,31092,Lucy Stanhope
"Sun, Jan-22-2023",Oklahoma,9.8000,,,,,A,Utah,31092,Lucy Stanhope
"Sat, Mar-11-2023",Oregon State,8.9250,,,,,A,Utah,31092,Lucy Stanhope
"Sat, Mar-18-2023","Arizona, Arizona State, California, Oregon State, Stanford, UCLA, Washington",9.8500,,,,,A,Utah,31092,Lucy Stanhope
"Fri, Jan-06-2023",LSU,,9.8000,,,,H,Utah,31531,Sage Thompson
"Fri, Jan-13-2023","BYU, Southern Utah, Utah State",,9.8000,,,,A,Utah,31531,Sage Thompson
"Sun, Jan-22-2023",Oklahoma,,9.6750,,,,A,Utah,31531,Sage Thompson
"Sat, Feb-11-2023","Alabama, Arkansas, Georgia, Illinois, Illinois State, Oklahoma, Stanford",,9.8750,,,,A,Utah,31531,Sage Thompson
"Mon, Feb-20-2023",Arizona State,9.8250,9.9250,,,,A,Utah,31531,Sage Thompson
"Fri, Feb-24-2023",California,,9.9000,,,,H,Utah,31531,Sage Thompson
"Fri, Mar-03-2023",Arizona,,9.3250,,,,H,Utah,31531,Sage Thompson
"Sat, Mar-11-2023",Oregon State,,9.9500,,,,A,Utah,31531,Sage Thompson
"Sat, Mar-18-2023","Arizona, Arizona State, California, Oregon State, Stanford, UCLA, Washington",,9.8500,,,,A,Utah,31531,Sage Thompson
"Thu, Mar-30-2023",,,9.9500,,,,A,Utah,31531,Sage Thompson
"Sat, Apr-01-2023",,,9.8750,,,,A,Utah,31531,Sage Thompson
"Thu, Apr-13-2023","Alabama, Arizona State, Arkansas, Auburn, Boise State, California, Denver, Florida, Kentucky, LSU, Michigan, Michigan State, Missouri, Ohio State, Oklahoma, Oregon State, Penn State, Stanford, UCLA",,9.9125,,,,A,Utah,31531,Sage Thompson
"Sat, Apr-15-2023","Alabama, California, Denver, Florida, Kentucky, LSU, Oklahoma, UCLA",,9.9375,,,,A,Utah,31531,Sage Thompson
"Fri, Jan-13-2023","BYU, Southern Utah, Utah",,9.8000,9.8000,,,A,Utah State,30548,Lexi Aragon
"Fri, Jan-20-2023",Southern Utah,,9.2500,9.1500,,,A,Utah State,30548,Lexi Aragon
"Fri, Jan-27-2023",BYU,,9.7000,9.8000,,,H,Utah State,30548,Lexi Aragon
"Fri, Feb-03-2023",Boise State,,9.5750,9.7000,,,A,Utah State,30548,Lexi Aragon
"Fri, Feb-10-2023",Boise State,,8.8000,,,,H,Utah State,30548,Lexi Aragon
"Fri, Feb-17-2023",Southern Utah,,9.7750,9.7750,,,H,Utah State,30548,Lexi Aragon
"Fri, Feb-24-2023",BYU,,9.7250,9.5000,,,A,Utah State,30548,Lexi Aragon
"Fri, Mar-03-2023","Alaska, Nebraska",,9.8250,8.9750,,,H,Utah State,30548,Lexi Aragon
"Fri, Mar-10-2023","California, Ohio State, Stanford",,9.0250,,,,A,Utah State,30548,Lexi Aragon
"Sat, Mar-18-2023","BYU, Boise State, Southern Utah",,9.7500,,,,A,Utah State,30548,Lexi Aragon
"Fri, Feb-03-2023",Boise State,,,9.8000,,,A,Utah State,29999,Carley Bayles
"Fri, Feb-10-2023",Boise State,,,9.7250,,,H,Utah State,29999,Carley Bayles
"Fri, Feb-17-2023",Southern Utah,,,9.8000,,,H,Utah State,29999,Carley Bayles
"Fri, Feb-24-2023",BYU,,,9.9000,,,A,Utah State,29999,Carley Bayles
"Fri, Mar-03-2023","Alaska, Nebraska",,,8.6750,,,H,Utah State,29999,Carley Bayles
"Fri, Mar-10-2023","California, Ohio State, Stanford",,,9.1750,,,A,Utah State,29999,Carley Bayles
"Sat, Mar-18-2023","BYU, Boise State, Southern Utah",,,9.7500,,,A,Utah State,29999,Carley Bayles
"Fri, Jan-13-2023","BYU, Southern Utah, Utah",,9.8250,,,,A,Utah State,32240,Avery Bibbey
"Fri, Jan-20-2023",Southern Utah,,9.1500,,,,A,Utah State,32240,Avery Bibbey
"Fri, Jan-27-2023",BYU,,9.8000,,,,H,Utah State,32240,Avery Bibbey
"Fri, Feb-03-2023",Boise State,,9.8250,,,,A,Utah State,32240,Avery Bibbey
"Fri, Feb-10-2023",Boise State,,9.6750,,9.2000,,H,Utah State,32240,Avery Bibbey
"Fri, Feb-17-2023",Southern Utah,,9.8500,,,,H,Utah State,32240,Avery Bibbey
"Fri, Feb-24-2023",BYU,9.5250,9.7250,,,,A,Utah State,32240,Avery Bibbey
"Fri, Mar-03-2023","Alaska, Nebraska",,9.8500,,,,H,Utah State,32240,Avery Bibbey
"Fri, Mar-10-2023","California, Ohio State, Stanford",,9.2250,,,,A,Utah State,32240,Avery Bibbey
"Sat, Mar-18-2023","BYU, Boise State, Southern Utah",,9.7750,,,,A,Utah State,32240,Avery Bibbey
"Fri, Jan-13-2023","BYU, Southern Utah, Utah",9.8250,9.7750,9.8250,,,A,Utah State,31095,Brianna Brooks
"Fri, Jan-20-2023",Southern Utah,9.7750,9.8750,9.7750,9.3750,38.8000,A,Utah State,31095,Brianna Brooks
"Fri, Jan-27-2023",BYU,9.7000,9.8750,9.7500,9.0250,38.3500,H,Utah State,31095,Brianna Brooks
"Fri, Feb-03-2023",Boise State,9.8500,9.8750,9.6750,9.8000,39.2000,A,Utah State,31095,Brianna Brooks
"Fri, Feb-10-2023",Boise State,9.7000,9.7750,9.8250,9.7750,39.0750,H,Utah State,31095,Brianna Brooks
"Fri, Feb-17-2023",Southern Utah,9.8000,9.9000,9.9000,9.7000,39.3000,H,Utah State,31095,Brianna Brooks
"Fri, Feb-24-2023",BYU,9.6500,9.7750,9.9000,9.7250,39.0500,A,Utah State,31095,Brianna Brooks
"Fri, Mar-03-2023","Alaska, Nebraska",9.7750,9.9000,9.9250,9.6750,39.2750,H,Utah State,31095,Brianna Brooks
"Fri, Mar-10-2023","California, Ohio State, Stanford",9.8250,9.8750,9.7500,9.6750,39.1250,A,Utah State,31095,Brianna Brooks
"Sat, Mar-18-2023","BYU, Boise State, Southern Utah",9.7500,9.8500,9.8750,9.6500,39.1250,A,Utah State,31095,Brianna Brooks
"Fri, Mar-31-2023",,,9.9250,,,,A,Utah State,31095,Brianna Brooks
"Fri, Jan-13-2023","BYU, Southern Utah, Utah",,,9.7500,,,A,Utah State,30925,Jenna Eagles
"Fri, Jan-20-2023",Southern Utah,9.7000,,9.1250,,,A,Utah State,30925,Jenna Eagles
"Fri, Jan-27-2023",BYU,9.7000,,9.6250,,,H,Utah State,30925,Jenna Eagles
"Fri, Feb-03-2023",Boise State,9.7250,,,,,A,Utah State,30925,Jenna Eagles
"Fri, Feb-10-2023",Boise State,9.6250,,9.8250,,,H,Utah State,30925,Jenna Eagles
"Fri, Feb-17-2023",Southern Utah,9.6500,,,9.8250,,H,Utah State,30925,Jenna Eagles
"Fri, Feb-24-2023",BYU,9.7250,,,9.7250,,A,Utah State,30925,Jenna Eagles
"Fri, Mar-03-2023","Alaska, Nebraska",9.7000,,9.0750,9.7750,,H,Utah State,30925,Jenna Eagles
"Fri, Mar-10-2023","California, Ohio State, Stanford",9.7750,,9.8250,9.8750,,A,Utah State,30925,Jenna Eagles
"Sat, Mar-18-2023","BYU, Boise State, Southern Utah",9.8000,,9.7750,9.7750,,A,Utah State,30925,Jenna Eagles
"Fri, Jan-13-2023","BYU, Southern Utah, Utah",,,,9.8500,,A,Utah State,31535,Amari Evans
"Fri, Jan-20-2023",Southern Utah,9.5750,9.7250,,9.8000,,A,Utah State,31535,Amari Evans
"Fri, Jan-27-2023",BYU,9.7500,,,9.8000,,H,Utah State,31535,Amari Evans
"Fri, Feb-03-2023",Boise State,9.7750,,,9.9000,,A,Utah State,31535,Amari Evans
"Fri, Feb-10-2023",Boise State,9.7750,,,,,H,Utah State,31535,Amari Evans
"Fri, Jan-13-2023","BYU, Southern Utah, Utah",9.8000,,,9.7000,,A,Utah State,31718,Payton Gatzlaff
"Fri, Jan-20-2023",Southern Utah,9.7000,,,,,A,Utah State,31718,Payton Gatzlaff
"Fri, Jan-27-2023",BYU,9.7250,,,9.7500,,H,Utah State,31718,Payton Gatzlaff
"Fri, Feb-03-2023",Boise State,9.7750,,,9.8250,,A,Utah State,31718,Payton Gatzlaff
"Fri, Feb-10-2023",Boise State,9.7250,,,9.7750,,H,Utah State,31718,Payton Gatzlaff
"Fri, Feb-17-2023",Southern Utah,9.7750,,,9.8250,,H,Utah State,31718,Payton Gatzlaff
"Fri, Feb-24-2023",BYU,9.8750,,,9.8000,,A,Utah State,31718,Payton Gatzlaff
"Fri, Mar-03-2023","Alaska, Nebraska",9.8000,,,9.7250,,H,Utah State,31718,Payton Gatzlaff
"Fri, Mar-10-2023","California, Ohio State, Stanford",9.7750,,,9.7250,,A,Utah State,31718,Payton Gatzlaff
"Sat, Mar-18-2023","BYU, Boise State, Southern Utah",9.7500,,,9.0250,,A,Utah State,31718,Payton Gatzlaff
"Fri, Jan-13-2023","BYU, Southern Utah, Utah",,9.8250,,,,A,Utah State,30794,Jessica Gutierrez
"Fri, Jan-20-2023",Southern Utah,,9.1750,,,,A,Utah State,30794,Jessica Gutierrez
"Fri, Jan-27-2023",BYU,,9.8000,,,,H,Utah State,30794,Jessica Gutierrez
"Fri, Feb-03-2023",Boise State,,9.7250,,,,A,Utah State,30794,Jessica Gutierrez
"Fri, Feb-10-2023",Boise State,,8.4750,,,,H,Utah State,30794,Jessica Gutierrez
"Fri, Feb-17-2023",Southern Utah,,9.7750,,,,H,Utah State,30794,Jessica Gutierrez
"Fri, Feb-24-2023",BYU,,9.7750,,9.5250,,A,Utah State,30794,Jessica Gutierrez
"Fri, Mar-03-2023","Alaska, Nebraska",,9.7750,,9.7250,,H,Utah State,30794,Jessica Gutierrez
"Fri, Mar-10-2023","California, Ohio State, Stanford",,9.7750,,,,A,Utah State,30794,Jessica Gutierrez
"Sat, Mar-18-2023","BYU, Boise State, Southern Utah",,9.6750,,,,A,Utah State,30794,Jessica Gutierrez
"Fri, Jan-13-2023","BYU, Southern Utah, Utah",,9.7750,,,,A,Utah State,31536,Dani Kirstine
"Fri, Jan-20-2023",Southern Utah,,9.8000,9.8000,,,A,Utah State,31536,Dani Kirstine
"Fri, Jan-27-2023",BYU,,9.8750,9.8750,,,H,Utah State,31536,Dani Kirstine
"Fri, Feb-03-2023",Boise State,,9.7750,9.5000,,,A,Utah State,31536,Dani Kirstine
"Fri, Feb-10-2023",Boise State,,9.2500,9.8000,,,H,Utah State,31536,Dani Kirstine
"Fri, Feb-17-2023",Southern Utah,,9.8750,9.1250,,,H,Utah State,31536,Dani Kirstine
"Fri, Feb-24-2023",BYU,,9.7750,9.2750,,,A,Utah State,31536,Dani Kirstine
"Fri, Mar-03-2023","Alaska, Nebraska",,9.2750,,,,H,Utah State,31536,Dani Kirstine
"Fri, Mar-10-2023","California, Ohio State, Stanford",,9.8500,9.7250,,,A,Utah State,31536,Dani Kirstine
"Sat, Mar-18-2023","BYU, Boise State, Southern Utah",,9.8500,9.7750,,,A,Utah State,31536,Dani Kirstine
"Fri, Jan-13-2023","BYU, Southern Utah, Utah",9.7750,,9.6250,9.8500,,A,Utah State,30586,Alivia Ostendorf
"Fri, Jan-20-2023",Southern Utah,9.7250,,9.6250,9.8000,,A,Utah State,30586,Alivia Ostendorf
"Fri, Jan-27-2023",BYU,9.7250,,,9.8500,,H,Utah State,30586,Alivia Ostendorf
"Fri, Feb-03-2023",Boise State,9.8250,,9.6750,9.9250,,A,Utah State,30586,Alivia Ostendorf
"Fri, Feb-10-2023",Boise State,9.8000,,9.7500,9.8250,,H,Utah State,30586,Alivia Ostendorf
"Fri, Feb-17-2023",Southern Utah,9.7500,,9.7500,9.8750,,H,Utah State,30586,Alivia Ostendorf
"Fri, Feb-24-2023",BYU,9.9000,,9.8000,9.9000,,A,Utah State,30586,Alivia Ostendorf
"Fri, Mar-03-2023","Alaska, Nebraska",9.8500,,9.7500,9.8500,,H,Utah State,30586,Alivia Ostendorf
"Fri, Mar-10-2023","California, Ohio State, Stanford",9.8750,,9.2250,9.9000,,A,Utah State,30586,Alivia Ostendorf
"Sat, Mar-18-2023","BYU, Boise State, Southern Utah",9.8500,,9.7500,9.8500,,A,Utah State,30586,Alivia Ostendorf
"Fri, Jan-13-2023","BYU, Southern Utah, Utah",9.5250,,,9.7750,,A,Utah State,32241,Marley Peterson
"Fri, Jan-20-2023",Southern Utah,,,,9.8000,,A,Utah State,32241,Marley Peterson
"Fri, Jan-27-2023",BYU,,,,9.8000,,H,Utah State,32241,Marley Peterson
"Fri, Feb-03-2023",Boise State,,,,8.9250,,A,Utah State,32241,Marley Peterson
"Fri, Jan-13-2023","BYU, Southern Utah, Utah",9.4000,9.8000,9.7500,,,A,Utah State,30001,Grace Rojas
"Fri, Jan-27-2023",BYU,,9.8500,9.6500,,,H,Utah State,30001,Grace Rojas
"Fri, Feb-03-2023",Boise State,,9.8500,9.1750,,,A,Utah State,30001,Grace Rojas
"Fri, Feb-10-2023",Boise State,,9.8750,9.0000,,,H,Utah State,30001,Grace Rojas
"Fri, Feb-17-2023",Southern Utah,,9.6000,,,,H,Utah State,30001,Grace Rojas
"Fri, Feb-24-2023",BYU,,9.7000,,,,A,Utah State,30001,Grace Rojas
"Fri, Mar-03-2023","Alaska, Nebraska",,9.8250,,,,H,Utah State,30001,Grace Rojas
"Fri, Mar-10-2023","California, Ohio State, Stanford",,9.7750,,,,A,Utah State,30001,Grace Rojas
"Sat, Mar-18-2023","BYU, Boise State, Southern Utah",,9.8000,,,,A,Utah State,30001,Grace Rojas
"Fri, Feb-10-2023",Boise State,9.1750,,,,,H,Utah State,32242,Chelsea Southam
"Fri, Feb-17-2023",Southern Utah,9.0500,,,,,H,Utah State,32242,Chelsea Southam
"Fri, Feb-24-2023",BYU,9.1000,,,,,A,Utah State,32242,Chelsea Southam
"Fri, Mar-03-2023","Alaska, Nebraska",9.7000,,,,,H,Utah State,32242,Chelsea Southam
"Fri, Mar-10-2023","California, Ohio State, Stanford",9.7250,,,,,A,Utah State,32242,Chelsea Southam
"Sat, Mar-18-2023","BYU, Boise State, Southern Utah",9.6250,,,,,A,Utah State,32242,Chelsea Southam
"Fri, Jan-13-2023","BYU, Southern Utah, Utah",9.7000,,,9.8000,,A,Utah State,31099,Angel Stuart
"Fri, Jan-20-2023",Southern Utah,9.6500,,,9.6500,,A,Utah State,31099,Angel Stuart
"Fri, Jan-27-2023",BYU,9.7250,,,,,H,Utah State,31099,Angel Stuart
"Fri, Feb-03-2023",Boise State,9.7250,,,,,A,Utah State,31099,Angel Stuart
"Fri, Feb-17-2023",Southern Utah,9.7250,,,9.7750,,H,Utah State,31099,Angel Stuart
"Fri, Mar-03-2023","Alaska, Nebraska",9.7250,,,,,H,Utah State,31099,Angel Stuart
"Fri, Mar-10-2023","California, Ohio State, Stanford",9.7000,,,9.7000,,A,Utah State,31099,Angel Stuart
"Sat, Mar-18-2023","BYU, Boise State, Southern Utah",9.7500,,,9.8500,,A,Utah State,31099,Angel Stuart
"Fri, Jan-13-2023","BYU, Southern Utah, Utah",,,9.9000,,,A,Utah State,30553,Sofi Sullivan
"Fri, Jan-20-2023",Southern Utah,,,9.8250,,,A,Utah State,30553,Sofi Sullivan
"Fri, Jan-27-2023",BYU,,,9.9250,,,H,Utah State,30553,Sofi Sullivan
"Fri, Feb-17-2023",Southern Utah,,,9.8500,,,H,Utah State,30553,Sofi Sullivan
"Fri, Feb-24-2023",BYU,,,9.8750,,,A,Utah State,30553,Sofi Sullivan
"Fri, Mar-03-2023","Alaska, Nebraska",,,9.9250,,,H,Utah State,30553,Sofi Sullivan
"Fri, Mar-10-2023","California, Ohio State, Stanford",,,9.9000,,,A,Utah State,30553,Sofi Sullivan
"Sat, Mar-18-2023","BYU, Boise State, Southern Utah",,,9.6750,,,A,Utah State,30553,Sofi Sullivan
"Fri, Mar-31-2023",,,,9.8750,,,A,Utah State,30553,Sofi Sullivan
"Fri, Jan-13-2023","BYU, Southern Utah, Utah",,,,9.8500,,A,Utah State,30554,Ariel Toomey
"Fri, Jan-20-2023",Southern Utah,,,,9.8250,,A,Utah State,30554,Ariel Toomey
"Fri, Jan-27-2023",BYU,,,,9.8750,,H,Utah State,30554,Ariel Toomey
"Fri, Feb-03-2023",Boise State,,,,9.8750,,A,Utah State,30554,Ariel Toomey
"Fri, Feb-10-2023",Boise State,,,,9.8250,,H,Utah State,30554,Ariel Toomey
"Fri, Feb-17-2023",Southern Utah,,,,9.9250,,H,Utah State,30554,Ariel Toomey
"Fri, Feb-24-2023",BYU,,,,9.8500,,A,Utah State,30554,Ariel Toomey
"Fri, Mar-03-2023","Alaska, Nebraska",,,,9.8500,,H,Utah State,30554,Ariel Toomey
"Fri, Mar-10-2023","California, Ohio State, Stanford",,,,9.9000,,A,Utah State,30554,Ariel Toomey
"Sat, Mar-18-2023","BYU, Boise State, Southern Utah",,,,9.8500,,A,Utah State,30554,Ariel Toomey
"Fri, Jan-06-2023","Fisk, Georgia, North Carolina, Oregon State, Rutgers, Southern Utah, Stanford",,,9.6750,,,A,Washington,30761,Morgan Bowles
"Sat, Jan-14-2023","Boise State, California, Iowa, Minnesota, Oregon State, Pittsburgh, UCLA",,,9.7500,,,A,Washington,30761,Morgan Bowles
"Sat, Jan-21-2023",UCLA,,,9.4500,,,H,Washington,30761,Morgan Bowles
"Fri, Feb-10-2023",Arizona,,,9.8250,,,A,Washington,30761,Morgan Bowles
"Mon, Feb-13-2023",Stanford,,,9.7500,,,A,Washington,30761,Morgan Bowles
"Mon, Feb-20-2023",Stanford,,9.6500,9.7500,,,H,Washington,30761,Morgan Bowles
"Sun, Feb-26-2023",Arizona State,,9.8750,9.8000,,,H,Washington,30761,Morgan Bowles
"Fri, Mar-03-2023","California, George Washington, LSU",,9.9250,8.9250,,,A,Washington,30761,Morgan Bowles
"Sun, Mar-12-2023","Florida, North Carolina State, Texas Woman's",,9.9250,9.8250,,,A,Washington,30761,Morgan Bowles
"Sat, Mar-18-2023","Arizona, Arizona State, California, Oregon State, Stanford, UCLA, Utah",,9.8000,9.7500,,,A,Washington,30761,Morgan Bowles
"Thu, Mar-30-2023",,,9.8500,9.3500,,,A,Washington,30761,Morgan Bowles
"Sat, Apr-01-2023",,,9.8500,9.6500,,,A,Washington,30761,Morgan Bowles
"Fri, Jan-06-2023","Fisk, Georgia, North Carolina, Oregon State, Rutgers, Southern Utah, Stanford",9.8000,9.6750,9.7000,,,A,Washington,29993,Brenna Brooks
"Sat, Jan-14-2023","Boise State, California, Iowa, Minnesota, Oregon State, Pittsburgh, UCLA",9.1750,9.8500,9.8000,,,A,Washington,29993,Brenna Brooks
"Sat, Jan-21-2023",UCLA,9.6750,9.7750,9.8500,,,H,Washington,29993,Brenna Brooks
"Sat, Jan-28-2023",Utah,9.8500,9.8000,9.8000,,,A,Washington,29993,Brenna Brooks
"Sat, Feb-04-2023",Oregon State,9.6750,9.7750,9.8250,,,H,Washington,29993,Brenna Brooks
"Fri, Feb-10-2023",Arizona,9.8500,9.8250,9.8750,,,A,Washington,29993,Brenna Brooks
"Mon, Feb-13-2023",Stanford,9.8500,9.8250,9.8500,,,A,Washington,29993,Brenna Brooks
"Mon, Feb-20-2023",Stanford,9.7750,9.8250,9.9500,,,H,Washington,29993,Brenna Brooks
"Sun, Feb-26-2023",Arizona State,9.8500,9.8500,9.8750,,,H,Washington,29993,Brenna Brooks
"Fri, Mar-03-2023","California, George Washington, LSU",9.8000,9.8250,9.8000,,,A,Washington,29993,Brenna Brooks
"Sun, Mar-12-2023","Florida, North Carolina State, Texas Woman's",9.7500,9.8000,9.6750,,,A,Washington,29993,Brenna Brooks
"Sat, Mar-18-2023","Arizona, Arizona State, California, Oregon State, Stanford, UCLA, Utah",9.6250,9.8250,9.9000,,,A,Washington,29993,Brenna Brooks
"Thu, Mar-30-2023",,9.8500,9.8250,9.8750,,,A,Washington,29993,Brenna Brooks
"Sat, Apr-01-2023",,9.7750,9.8000,9.5750,,,A,Washington,29993,Brenna Brooks
"Fri, Jan-06-2023","Fisk, Georgia, North Carolina, Oregon State, Rutgers, Southern Utah, Stanford",9.8000,,,9.9000,,A,Washington,29995,Amara Cunningham
"Sat, Jan-14-2023","Boise State, California, Iowa, Minnesota, Oregon State, Pittsburgh, UCLA",9.8500,,,9.8000,,A,Washington,29995,Amara Cunningham
"Sat, Jan-21-2023",UCLA,9.8750,,,9.9500,,H,Washington,29995,Amara Cunningham
"Sat, Jan-28-2023",Utah,9.8250,,,9.8750,,A,Washington,29995,Amara Cunningham
"Sat, Feb-04-2023",Oregon State,9.8750,,,9.9250,,H,Washington,29995,Amara Cunningham
"Fri, Feb-10-2023",Arizona,9.8750,,,9.9000,,A,Washington,29995,Amara Cunningham
"Mon, Feb-13-2023",Stanford,9.8500,,,9.9000,,A,Washington,29995,Amara Cunningham
"Mon, Feb-20-2023",Stanford,9.8000,,,9.8500,,H,Washington,29995,Amara Cunningham
"Sun, Feb-26-2023",Arizona State,9.7750,,,9.9750,,H,Washington,29995,Amara Cunningham
"Fri, Mar-03-2023","California, George Washington, LSU",9.8250,,,9.9000,,A,Washington,29995,Amara Cunningham
"Sun, Mar-12-2023","Florida, North Carolina State, Texas Woman's",9.7750,,,9.8250,,A,Washington,29995,Amara Cunningham
"Sat, Mar-18-2023","Arizona, Arizona State, California, Oregon State, Stanford, UCLA, Utah",9.7250,,,9.9000,,A,Washington,29995,Amara Cunningham
"Thu, Mar-30-2023",,9.8000,,,9.9000,,A,Washington,29995,Amara Cunningham
"Sat, Apr-01-2023",,9.9000,,,9.8500,,A,Washington,29995,Amara Cunningham
"Fri, Jan-06-2023","Fisk, Georgia, North Carolina, Oregon State, Rutgers, Southern Utah, Stanford",9.7000,,9.7500,8.0250,,A,Washington,29858,Kennedi Davis
"Sat, Jan-14-2023","Boise State, California, Iowa, Minnesota, Oregon State, Pittsburgh, UCLA",9.8500,,9.8250,,,A,Washington,29858,Kennedi Davis
"Sat, Jan-28-2023",Utah,9.7750,,9.8750,,,A,Washington,29858,Kennedi Davis
"Sat, Feb-04-2023",Oregon State,9.7500,,9.8500,,,H,Washington,29858,Kennedi Davis
"Fri, Feb-10-2023",Arizona,9.8250,,9.7000,,,A,Washington,29858,Kennedi Davis
"Mon, Feb-13-2023",Stanford,9.7750,,9.6500,,,A,Washington,29858,Kennedi Davis
"Mon, Feb-20-2023",Stanford,9.7500,,9.9500,,,H,Washington,29858,Kennedi Davis
"Sun, Feb-26-2023",Arizona State,9.8250,,9.9000,,,H,Washington,29858,Kennedi Davis
"Fri, Mar-03-2023","California, George Washington, LSU",9.8000,,9.0250,,,A,Washington,29858,Kennedi Davis
"Sun, Mar-12-2023","Florida, North Carolina State, Texas Woman's",9.8500,,9.9500,,,A,Washington,29858,Kennedi Davis
"Sat, Mar-18-2023","Arizona, Arizona State, California, Oregon State, Stanford, UCLA, Utah",9.8000,,9.9000,9.8750,,A,Washington,29858,Kennedi Davis
"Thu, Mar-30-2023",,9.8500,,9.9500,9.8000,,A,Washington,29858,Kennedi Davis
"Sat, Apr-01-2023",,9.8500,,9.8250,9.8250,,A,Washington,29858,Kennedi Davis
"Fri, Jan-06-2023","Fisk, Georgia, North Carolina, Oregon State, Rutgers, Southern Utah, Stanford",,,,9.5750,,A,Washington,32084,Emily Innes
"Sat, Jan-14-2023","Boise State, California, Iowa, Minnesota, Oregon State, Pittsburgh, UCLA",,,,9.8750,,A,Washington,32084,Emily Innes
"Sat, Jan-21-2023",UCLA,9.5000,,,9.7500,,H,Washington,32084,Emily Innes
"Sat, Jan-28-2023",Utah,9.7750,,,9.8000,,A,Washington,32084,Emily Innes
"Sat, Feb-04-2023",Oregon State,9.7000,,,9.8000,,H,Washington,32084,Emily Innes
"Fri, Feb-10-2023",Arizona,9.8250,,,9.8250,,A,Washington,32084,Emily Innes
"Mon, Feb-13-2023",Stanford,9.7750,,,9.8250,,A,Washington,32084,Emily Innes
"Mon, Feb-20-2023",Stanford,9.7250,,,9.8500,,H,Washington,32084,Emily Innes
"Sun, Feb-26-2023",Arizona State,9.8000,,,9.9250,,H,Washington,32084,Emily Innes
"Fri, Mar-03-2023","California, George Washington, LSU",9.8000,,,9.7250,,A,Washington,32084,Emily Innes
"Sun, Mar-12-2023","Florida, North Carolina State, Texas Woman's",9.8500,,,9.7750,,A,Washington,32084,Emily Innes
"Sat, Mar-18-2023","Arizona, Arizona State, California, Oregon State, Stanford, UCLA, Utah",9.7500,,,9.8000,,A,Washington,32084,Emily Innes
"Thu, Mar-30-2023",,9.7500,,,9.8000,,A,Washington,32084,Emily Innes
"Sat, Apr-01-2023",,9.8250,,,9.8250,,A,Washington,32084,Emily Innes
"Fri, Jan-06-2023","Fisk, Georgia, North Carolina, Oregon State, Rutgers, Southern Utah, Stanford",9.7250,9.8500,9.9000,9.8500,39.3250,A,Washington,31101,Skylar Killough-Wilhelm
"Sat, Jan-14-2023","Boise State, California, Iowa, Minnesota, Oregon State, Pittsburgh, UCLA",9.8500,9.8750,9.7500,9.8250,39.3000,A,Washington,31101,Skylar Killough-Wilhelm
"Sat, Jan-21-2023",UCLA,9.8500,9.8250,9.8500,9.8000,39.3250,H,Washington,31101,Skylar Killough-Wilhelm
"Sat, Jan-28-2023",Utah,9.8250,9.9000,9.6750,9.8500,39.2500,A,Washington,31101,Skylar Killough-Wilhelm
"Sat, Feb-04-2023",Oregon State,9.8000,9.9250,8.7000,9.8250,38.2500,H,Washington,31101,Skylar Killough-Wilhelm
"Fri, Feb-10-2023",Arizona,9.8750,9.9250,9.3500,9.9000,39.0500,A,Washington,31101,Skylar Killough-Wilhelm
"Mon, Feb-13-2023",Stanford,9.8750,9.8250,9.5750,9.8000,39.0750,A,Washington,31101,Skylar Killough-Wilhelm
"Mon, Feb-20-2023",Stanford,9.8000,9.9250,9.7750,9.9250,39.4250,H,Washington,31101,Skylar Killough-Wilhelm
"Sun, Feb-26-2023",Arizona State,9.8500,9.8750,9.8750,9.9500,39.5500,H,Washington,31101,Skylar Killough-Wilhelm
"Fri, Mar-03-2023","California, George Washington, LSU",9.8750,9.9250,9.8750,9.8250,39.5000,A,Washington,31101,Skylar Killough-Wilhelm
"Sun, Mar-12-2023","Florida, North Carolina State, Texas Woman's",9.8500,8.9500,9.8750,9.8000,38.4750,A,Washington,31101,Skylar Killough-Wilhelm
"Sat, Mar-18-2023","Arizona, Arizona State, California, Oregon State, Stanford, UCLA, Utah",9.8250,9.8000,9.9000,9.8750,39.4000,A,Washington,31101,Skylar Killough-Wilhelm
"Sat, Apr-01-2023",,9.3500,,,,,A,Washington,31101,Skylar Killough-Wilhelm
"Fri, Jan-06-2023","Fisk, Georgia, North Carolina, Oregon State, Rutgers, Southern Utah, Stanford",,9.7500,,,,A,Washington,31540,Deiah Moody
"Sat, Jan-14-2023","Boise State, California, Iowa, Minnesota, Oregon State, Pittsburgh, UCLA",,9.7750,9.7750,,,A,Washington,31540,Deiah Moody
"Sat, Jan-21-2023",UCLA,,9.7250,9.6750,,,H,Washington,31540,Deiah Moody
"Sat, Jan-28-2023",Utah,,9.8000,9.8000,,,A,Washington,31540,Deiah Moody
"Sat, Feb-04-2023",Oregon State,,9.8250,9.6000,,,H,Washington,31540,Deiah Moody
"Fri, Feb-10-2023",Arizona,,9.8250,9.9000,,,A,Washington,31540,Deiah Moody
"Mon, Feb-13-2023",Stanford,,9.8000,9.8500,,,A,Washington,31540,Deiah Moody
"Mon, Feb-20-2023",Stanford,,9.8250,9.7750,,,H,Washington,31540,Deiah Moody
"Sun, Feb-26-2023",Arizona State,,9.8500,9.2500,,,H,Washington,31540,Deiah Moody
"Fri, Mar-03-2023","California, George Washington, LSU",,9.8500,9.8250,,,A,Washington,31540,Deiah Moody
"Sun, Mar-12-2023","Florida, North Carolina State, Texas Woman's",,9.8500,9.7750,,,A,Washington,31540,Deiah Moody
"Sat, Mar-18-2023","Arizona, Arizona State, California, Oregon State, Stanford, UCLA, Utah",,9.7500,9.8750,,,A,Washington,31540,Deiah Moody
"Thu, Mar-30-2023",,,9.7750,9.8750,,,A,Washington,31540,Deiah Moody
"Sat, Apr-01-2023",,,9.6750,9.0000,,,A,Washington,31540,Deiah Moody
"Fri, Jan-06-2023","Fisk, Georgia, North Carolina, Oregon State, Rutgers, Southern Utah, Stanford",9.8000,,9.8250,9.8750,,A,Washington,31541,Lana Navarro
"Sat, Jan-14-2023","Boise State, California, Iowa, Minnesota, Oregon State, Pittsburgh, UCLA",9.8250,,9.7750,9.9000,,A,Washington,31541,Lana Navarro
"Sat, Jan-21-2023",UCLA,9.7750,,9.8500,9.9000,,H,Washington,31541,Lana Navarro
"Sat, Jan-28-2023",Utah,9.8250,,9.9000,9.8500,,A,Washington,31541,Lana Navarro
"Sat, Feb-04-2023",Oregon State,9.7750,,9.7500,9.8250,,H,Washington,31541,Lana Navarro
"Fri, Feb-10-2023",Arizona,9.7750,,9.7250,9.8250,,A,Washington,31541,Lana Navarro
"Mon, Feb-13-2023",Stanford,9.8000,,9.7500,9.8500,,A,Washington,31541,Lana Navarro
"Mon, Feb-20-2023",Stanford,9.7750,,9.9000,9.8000,,H,Washington,31541,Lana Navarro
"Sun, Feb-26-2023",Arizona State,9.8250,,9.8750,9.8000,,H,Washington,31541,Lana Navarro
"Fri, Mar-03-2023","California, George Washington, LSU",9.8500,,9.8000,9.7750,,A,Washington,31541,Lana Navarro
"Sun, Mar-12-2023","Florida, North Carolina State, Texas Woman's",9.8500,,9.8750,9.7250,,A,Washington,31541,Lana Navarro
"Sat, Mar-18-2023","Arizona, Arizona State, California, Oregon State, Stanford, UCLA, Utah",9.7000,,9.7000,9.4750,,A,Washington,31541,Lana Navarro
"Thu, Mar-30-2023",,9.8000,,9.8000,9.8500,,A,Washington,31541,Lana Navarro
"Sat, Apr-01-2023",,9.8000,,9.8500,9.8500,,A,Washington,31541,Lana Navarro
"Sat, Jan-14-2023","Boise State, California, Iowa, Minnesota, Oregon State, Pittsburgh, UCLA",,,,9.5000,,A,Washington,32086,Thu Nguyen
"Sat, Jan-21-2023",UCLA,,,,,,H,Washington,32086,Thu Nguyen
"Sat, Jan-28-2023",Utah,,,,9.8250,,A,Washington,32086,Thu Nguyen
"Sat, Feb-04-2023",Oregon State,,,,9.9000,,H,Washington,32086,Thu Nguyen
"Fri, Feb-10-2023",Arizona,,,,9.8250,,A,Washington,32086,Thu Nguyen
"Mon, Feb-13-2023",Stanford,,,,9.8250,,A,Washington,32086,Thu Nguyen
"Mon, Feb-20-2023",Stanford,,,,9.8250,,H,Washington,32086,Thu Nguyen
"Sun, Feb-26-2023",Arizona State,,,,9.8000,,H,Washington,32086,Thu Nguyen
"Fri, Mar-03-2023","California, George Washington, LSU",,,,9.7500,,A,Washington,32086,Thu Nguyen
"Sun, Mar-12-2023","Florida, North Carolina State, Texas Woman's",,,,9.8000,,A,Washington,32086,Thu Nguyen
"Thu, Mar-30-2023",,,,,9.2750,,A,Washington,32086,Thu Nguyen
"Sat, Apr-01-2023",,,,,9.7000,,A,Washington,32086,Thu Nguyen
"Fri, Jan-06-2023","Fisk, Georgia, North Carolina, Oregon State, Rutgers, Southern Utah, Stanford",,9.7000,,,,A,Washington,32087,Olivia Oppegard
"Sat, Jan-14-2023","Boise State, California, Iowa, Minnesota, Oregon State, Pittsburgh, UCLA",,9.8750,,,,A,Washington,32087,Olivia Oppegard
"Sat, Jan-21-2023",UCLA,,9.7500,,,,H,Washington,32087,Olivia Oppegard
"Sat, Jan-28-2023",Utah,,9.7000,,,,A,Washington,32087,Olivia Oppegard
"Sat, Feb-04-2023",Oregon State,,9.0750,,,,H,Washington,32087,Olivia Oppegard
"Fri, Feb-10-2023",Arizona,,9.7500,,,,A,Washington,32087,Olivia Oppegard
"Mon, Feb-13-2023",Stanford,,9.7000,,,,A,Washington,32087,Olivia Oppegard
"Sun, Feb-26-2023",Arizona State,,,,,,H,Washington,32087,Olivia Oppegard
"Sat, Mar-18-2023","Arizona, Arizona State, California, Oregon State, Stanford, UCLA, Utah",,9.6500,,,,A,Washington,32087,Olivia Oppegard
"Thu, Mar-30-2023",,,9.7500,,,,A,Washington,32087,Olivia Oppegard
"Sat, Apr-01-2023",,,9.7250,,,,A,Washington,32087,Olivia Oppegard
"Fri, Jan-06-2023","Fisk, Georgia, North Carolina, Oregon State, Rutgers, Southern Utah, Stanford",,,,9.7750,,A,Washington,30295,Hadley Roberts
"Sat, Jan-14-2023","Boise State, California, Iowa, Minnesota, Oregon State, Pittsburgh, UCLA",,,,9.8250,,A,Washington,30295,Hadley Roberts
"Sat, Jan-21-2023",UCLA,,,9.7000,9.7500,,H,Washington,30295,Hadley Roberts
"Sat, Jan-28-2023",Utah,,,,9.8000,,A,Washington,30295,Hadley Roberts
"Sat, Feb-04-2023",Oregon State,,,8.9000,9.7250,,H,Washington,30295,Hadley Roberts
"Fri, Feb-10-2023",Arizona,,,,9.8250,,A,Washington,30295,Hadley Roberts
"Mon, Feb-13-2023",Stanford,,,,9.8000,,A,Washington,30295,Hadley Roberts
"Mon, Feb-20-2023",Stanford,,,,9.8250,,H,Washington,30295,Hadley Roberts
"Sun, Feb-26-2023",Arizona State,,,,9.8250,,H,Washington,30295,Hadley Roberts
"Fri, Mar-03-2023","California, George Washington, LSU",,,,9.8000,,A,Washington,30295,Hadley Roberts
"Sun, Mar-12-2023","Florida, North Carolina State, Texas Woman's",,,,9.8250,,A,Washington,30295,Hadley Roberts
"Sat, Mar-18-2023","Arizona, Arizona State, California, Oregon State, Stanford, UCLA, Utah",,,,9.7750,,A,Washington,30295,Hadley Roberts
"Thu, Mar-30-2023",,,,9.8250,9.8250,,A,Washington,30295,Hadley Roberts
"Sat, Apr-01-2023",,,,9.5500,9.8000,,A,Washington,30295,Hadley Roberts
"Fri, Jan-06-2023","Fisk, Georgia, North Carolina, Oregon State, Rutgers, Southern Utah, Stanford",,9.7500,9.1500,,,A,Washington,31103,Taylor Russon
"Sat, Jan-14-2023","Boise State, California, Iowa, Minnesota, Oregon State, Pittsburgh, UCLA",,9.8250,,,,A,Washington,31103,Taylor Russon
"Sat, Jan-21-2023",UCLA,,9.8000,,9.8000,,H,Washington,31103,Taylor Russon
"Sat, Jan-28-2023",Utah,,9.8000,9.3250,,,A,Washington,31103,Taylor Russon
"Sat, Feb-04-2023",Oregon State,,9.7500,,,,H,Washington,31103,Taylor Russon
"Fri, Feb-10-2023",Arizona,,9.8500,,,,A,Washington,31103,Taylor Russon
"Mon, Feb-13-2023",Stanford,,9.8750,,,,A,Washington,31103,Taylor Russon
"Mon, Feb-20-2023",Stanford,,9.0750,,,,H,Washington,31103,Taylor Russon
"Sun, Feb-26-2023",Arizona State,,9.8250,,,,H,Washington,31103,Taylor Russon
"Fri, Mar-03-2023","California, George Washington, LSU",,9.8250,,,,A,Washington,31103,Taylor Russon
"Sun, Mar-12-2023","Florida, North Carolina State, Texas Woman's",,9.8000,,,,A,Washington,31103,Taylor Russon
"Sat, Mar-18-2023","Arizona, Arizona State, California, Oregon State, Stanford, UCLA, Utah",,9.8500,,,,A,Washington,31103,Taylor Russon
"Thu, Mar-30-2023",,,9.8750,,,,A,Washington,31103,Taylor Russon
"Sat, Apr-01-2023",,,9.2000,,,,A,Washington,31103,Taylor Russon
"Fri, Jan-06-2023","Fisk, Georgia, North Carolina, Oregon State, Rutgers, Southern Utah, Stanford",9.6750,,,,,A,Washington,32088,Emma Schrady
"Sat, Jan-14-2023","Boise State, California, Iowa, Minnesota, Oregon State, Pittsburgh, UCLA",9.7500,,,,,A,Washington,32088,Emma Schrady
"Sat, Jan-21-2023",UCLA,9.5750,,,,,H,Washington,32088,Emma Schrady
"Mon, Feb-13-2023",Stanford,,,,,,A,Washington,32088,Emma Schrady
"Sun, Feb-26-2023",Arizona State,,,,,,H,Washington,32088,Emma Schrady
"Thu, Mar-30-2023",,9.7000,,,,,A,Washington,32088,Emma Schrady
"Fri, Jan-06-2023","Fisk, Georgia, North Carolina, Oregon State, Rutgers, Southern Utah, Stanford",,9.7750,,,,A,Washington,32089,Lilly Tubbs
"Sat, Jan-14-2023","Boise State, California, Iowa, Minnesota, Oregon State, Pittsburgh, UCLA",,9.8500,,,,A,Washington,32089,Lilly Tubbs
"Sat, Jan-21-2023",UCLA,,9.8000,,,,H,Washington,32089,Lilly Tubbs
"Sat, Jan-28-2023",Utah,,9.7000,,,,A,Washington,32089,Lilly Tubbs
"Sat, Feb-04-2023",Oregon State,,9.8500,,,,H,Washington,32089,Lilly Tubbs
"Fri, Feb-10-2023",Arizona,,9.7750,,,,A,Washington,32089,Lilly Tubbs
"Mon, Feb-13-2023",Stanford,,9.8500,,,,A,Washington,32089,Lilly Tubbs
"Mon, Feb-20-2023",Stanford,,9.8750,,,,H,Washington,32089,Lilly Tubbs
"Sun, Feb-26-2023",Arizona State,,9.8500,,,,H,Washington,32089,Lilly Tubbs
"Fri, Mar-03-2023","California, George Washington, LSU",,9.9500,,,,A,Washington,32089,Lilly Tubbs
"Sun, Mar-12-2023","Florida, North Carolina State, Texas Woman's",,9.7500,,,,A,Washington,32089,Lilly Tubbs
"Thu, Mar-30-2023",,,9.9000,,,,A,Washington,32089,Lilly Tubbs
"Sat, Apr-01-2023",,,9.8500,,,,A,Washington,32089,Lilly Tubbs
"Fri, Jan-13-2023","Kent State, Maryland",9.7250,9.0500,,,,H,West Virginia,31550,Brooke Alban
"Fri, Jan-20-2023","New Hampshire, Towson, West Chester",9.5500,9.8750,,,,A,West Virginia,31550,Brooke Alban
"Sun, Jan-29-2023","Eastern Michigan, Iowa State, Towson",,9.6500,,,,H,West Virginia,31550,Brooke Alban
"Fri, Feb-03-2023",Pittsburgh,9.5000,9.8250,,,,A,West Virginia,31550,Brooke Alban
"Sun, Feb-12-2023",Denver,,9.7750,,,,A,West Virginia,31550,Brooke Alban
"Sun, Feb-19-2023",Bowling Green,,9.8500,,,,H,West Virginia,31550,Brooke Alban
"Fri, Feb-24-2023",Oklahoma,,9.8500,,,,A,West Virginia,31550,Brooke Alban
"Sun, Feb-26-2023",Texas Woman's,9.8250,9.8250,,,,A,West Virginia,31550,Brooke Alban
"Sun, Mar-05-2023","Central Michigan, Pittsburgh",9.8750,9.8000,,,,H,West Virginia,31550,Brooke Alban
"Fri, Mar-10-2023",LSU,9.8250,9.7500,,,,A,West Virginia,31550,Brooke Alban
"Sun, Mar-12-2023","Pennsylvania, Rutgers",9.8250,9.7250,,,,A,West Virginia,31550,Brooke Alban
"Sat, Mar-18-2023","Denver, Iowa State, Oklahoma",9.8500,9.0500,,,,H,West Virginia,31550,Brooke Alban
"Fri, Mar-31-2023",,9.7750,9.4500,,,,A,West Virginia,31550,Brooke Alban
"Fri, Jan-06-2023","Ball State, Florida, Lindenwood",,9.5750,9.8000,,,A,West Virginia,31113,Chloe Asper
"Fri, Jan-13-2023","Kent State, Maryland",,9.4250,9.7750,,,H,West Virginia,31113,Chloe Asper
"Fri, Jan-20-2023","New Hampshire, Towson, West Chester",,,9.5750,,,A,West Virginia,31113,Chloe Asper
"Sun, Jan-29-2023","Eastern Michigan, Iowa State, Towson",,,9.8500,,,H,West Virginia,31113,Chloe Asper
"Fri, Feb-03-2023",Pittsburgh,,9.7000,,,,A,West Virginia,31113,Chloe Asper
"Fri, Feb-03-2023",Pittsburgh,,,,9.8250,,A,West Virginia,31114,Ellen Collins
"Sun, Feb-12-2023",Denver,9.7250,,,,,A,West Virginia,31114,Ellen Collins
"Sun, Feb-19-2023",Bowling Green,9.6500,,,9.9000,,H,West Virginia,31114,Ellen Collins
"Fri, Feb-24-2023",Oklahoma,9.6750,,,9.9000,,A,West Virginia,31114,Ellen Collins
"Sun, Feb-26-2023",Texas Woman's,,,,9.8750,,A,West Virginia,31114,Ellen Collins
"Sun, Mar-05-2023","Central Michigan, Pittsburgh",,,,9.9000,,H,West Virginia,31114,Ellen Collins
"Fri, Mar-10-2023",LSU,,,,9.8500,,A,West Virginia,31114,Ellen Collins
"Sat, Mar-18-2023","Denver, Iowa State, Oklahoma",,,,9.8000,,H,West Virginia,31114,Ellen Collins
"Fri, Mar-31-2023",,,,,9.8750,,A,West Virginia,31114,Ellen Collins
"Fri, Jan-06-2023","Ball State, Florida, Lindenwood",,9.7250,9.4750,,,A,West Virginia,29989,Kendra Combs
"Fri, Jan-13-2023","Kent State, Maryland",,9.7500,9.7750,,,H,West Virginia,29989,Kendra Combs
"Fri, Jan-20-2023","New Hampshire, Towson, West Chester",,9.8750,9.8000,9.6500,,A,West Virginia,29989,Kendra Combs
"Sun, Jan-29-2023","Eastern Michigan, Iowa State, Towson",,9.8250,9.8250,9.8250,,H,West Virginia,29989,Kendra Combs
"Fri, Feb-03-2023",Pittsburgh,,9.7250,9.7000,9.8500,,A,West Virginia,29989,Kendra Combs
"Sun, Feb-12-2023",Denver,,9.8000,9.7750,9.8500,,A,West Virginia,29989,Kendra Combs
"Sun, Feb-19-2023",Bowling Green,,9.7750,9.7750,9.9000,,H,West Virginia,29989,Kendra Combs
"Fri, Feb-24-2023",Oklahoma,,9.6750,9.7500,,,A,West Virginia,29989,Kendra Combs
"Sun, Feb-26-2023",Texas Woman's,,9.7500,9.9000,9.7000,,A,West Virginia,29989,Kendra Combs
"Sun, Mar-05-2023","Central Michigan, Pittsburgh",,9.7500,9.9250,9.8750,,H,West Virginia,29989,Kendra Combs
"Fri, Mar-10-2023",LSU,,9.7750,9.8500,9.8250,,A,West Virginia,29989,Kendra Combs
"Sun, Mar-12-2023","Pennsylvania, Rutgers",,9.8000,9.8750,9.8750,,A,West Virginia,29989,Kendra Combs
"Sat, Mar-18-2023","Denver, Iowa State, Oklahoma",,9.7500,9.6500,9.9000,,H,West Virginia,29989,Kendra Combs
"Fri, Mar-31-2023",,,9.7250,9.3750,9.9000,,A,West Virginia,29989,Kendra Combs
"Fri, Jan-06-2023","Ball State, Florida, Lindenwood",,,,9.7750,,A,West Virginia,31551,Brynn Freehling
"Fri, Jan-13-2023","Kent State, Maryland",,,,9.0750,,H,West Virginia,31551,Brynn Freehling
"Sun, Mar-12-2023","Pennsylvania, Rutgers",,,,9.7000,,A,West Virginia,31551,Brynn Freehling
"Fri, Feb-03-2023",Pittsburgh,,,9.6000,,,A,West Virginia,31116,Agatha Handono
"Sun, Feb-12-2023",Denver,,,8.3500,,,A,West Virginia,31116,Agatha Handono
"Sun, Feb-19-2023",Bowling Green,,,9.5250,,,H,West Virginia,31116,Agatha Handono
"Fri, Jan-06-2023","Ball State, Florida, Lindenwood",9.7500,,,,,A,West Virginia,31552,Heidi Hartje
"Fri, Jan-20-2023","New Hampshire, Towson, West Chester",9.7250,,,,,A,West Virginia,31552,Heidi Hartje
"Fri, Jan-06-2023","Ball State, Florida, Lindenwood",,9.8250,9.7750,9.8500,,A,West Virginia,30557,Emily Holmes-Hackerd
"Fri, Jan-13-2023","Kent State, Maryland",,9.7250,9.6500,9.8500,,H,West Virginia,30557,Emily Holmes-Hackerd
"Fri, Jan-20-2023","New Hampshire, Towson, West Chester",,8.3500,9.7750,9.9250,,A,West Virginia,30557,Emily Holmes-Hackerd
"Sun, Jan-29-2023","Eastern Michigan, Iowa State, Towson",,,9.8000,9.9250,,H,West Virginia,30557,Emily Holmes-Hackerd
"Fri, Feb-03-2023",Pittsburgh,,,9.7500,9.8750,,A,West Virginia,30557,Emily Holmes-Hackerd
"Sun, Feb-12-2023",Denver,,9.7250,9.7750,9.8250,,A,West Virginia,30557,Emily Holmes-Hackerd
"Sun, Feb-19-2023",Bowling Green,,9.7250,9.7750,9.9500,,H,West Virginia,30557,Emily Holmes-Hackerd
"Fri, Feb-24-2023",Oklahoma,,9.8000,9.7000,9.8000,,A,West Virginia,30557,Emily Holmes-Hackerd
"Sun, Feb-26-2023",Texas Woman's,,9.8000,9.7250,9.9000,,A,West Virginia,30557,Emily Holmes-Hackerd
"Sun, Mar-05-2023","Central Michigan, Pittsburgh",,9.2750,9.8750,9.9500,,H,West Virginia,30557,Emily Holmes-Hackerd
"Fri, Mar-10-2023",LSU,,9.8500,9.8250,9.9000,,A,West Virginia,30557,Emily Holmes-Hackerd
"Sun, Mar-12-2023","Pennsylvania, Rutgers",,9.8250,9.7500,9.9250,,A,West Virginia,30557,Emily Holmes-Hackerd
"Sat, Mar-18-2023","Denver, Iowa State, Oklahoma",,9.7250,9.8500,9.9250,,H,West Virginia,30557,Emily Holmes-Hackerd
"Fri, Mar-31-2023",,,9.7500,9.8000,9.8500,,A,West Virginia,30557,Emily Holmes-Hackerd
"Fri, Jan-06-2023","Ball State, Florida, Lindenwood",9.7500,,,,,A,West Virginia,32091,Brooke Irwin
"Fri, Jan-13-2023","Kent State, Maryland",9.6250,,,,,H,West Virginia,32091,Brooke Irwin
"Fri, Jan-20-2023","New Hampshire, Towson, West Chester",9.7250,8.7500,,,,A,West Virginia,32091,Brooke Irwin
"Sun, Jan-29-2023","Eastern Michigan, Iowa State, Towson",9.8500,9.7250,,,,H,West Virginia,32091,Brooke Irwin
"Fri, Feb-03-2023",Pittsburgh,9.7750,,,,,A,West Virginia,32091,Brooke Irwin
"Sun, Feb-12-2023",Denver,9.7000,,,,,A,West Virginia,32091,Brooke Irwin
"Sun, Feb-19-2023",Bowling Green,9.8250,,,,,H,West Virginia,32091,Brooke Irwin
"Fri, Feb-24-2023",Oklahoma,9.7250,,,,,A,West Virginia,32091,Brooke Irwin
"Sun, Feb-26-2023",Texas Woman's,9.7750,,,,,A,West Virginia,32091,Brooke Irwin
"Sun, Mar-05-2023","Central Michigan, Pittsburgh",9.8500,,,,,H,West Virginia,32091,Brooke Irwin
"Fri, Mar-10-2023",LSU,9.5250,,,,,A,West Virginia,32091,Brooke Irwin
"Sun, Mar-12-2023","Pennsylvania, Rutgers",9.8500,,,,,A,West Virginia,32091,Brooke Irwin
"Sat, Mar-18-2023","Denver, Iowa State, Oklahoma",9.6750,,,,,H,West Virginia,32091,Brooke Irwin
"Fri, Mar-31-2023",,9.6250,,,,,A,West Virginia,32091,Brooke Irwin
"Fri, Jan-06-2023","Ball State, Florida, Lindenwood",,9.8000,9.5500,9.8250,,A,West Virginia,31553,Anna Leigh
"Fri, Jan-13-2023","Kent State, Maryland",,9.7250,,9.8000,,H,West Virginia,31553,Anna Leigh
"Fri, Jan-20-2023","New Hampshire, Towson, West Chester",,9.6750,,9.7250,,A,West Virginia,31553,Anna Leigh
"Sun, Jan-29-2023","Eastern Michigan, Iowa State, Towson",,9.7000,,9.8250,,H,West Virginia,31553,Anna Leigh
"Fri, Feb-03-2023",Pittsburgh,,9.7750,,9.7750,,A,West Virginia,31553,Anna Leigh
"Sun, Feb-12-2023",Denver,,9.7750,9.8000,9.7750,,A,West Virginia,31553,Anna Leigh
"Sun, Feb-19-2023",Bowling Green,,9.7500,9.7500,,,H,West Virginia,31553,Anna Leigh
"Fri, Feb-24-2023",Oklahoma,,9.8000,9.8500,9.8750,,A,West Virginia,31553,Anna Leigh
"Sun, Feb-26-2023",Texas Woman's,,9.8000,9.7750,9.8250,,A,West Virginia,31553,Anna Leigh
"Sun, Mar-05-2023","Central Michigan, Pittsburgh",,9.7500,9.8750,,,H,West Virginia,31553,Anna Leigh
"Fri, Mar-10-2023",LSU,,9.8000,9.8250,,,A,West Virginia,31553,Anna Leigh
"Sun, Mar-12-2023","Pennsylvania, Rutgers",,9.8250,9.7750,9.7750,,A,West Virginia,31553,Anna Leigh
"Sat, Mar-18-2023","Denver, Iowa State, Oklahoma",,9.7000,,,,H,West Virginia,31553,Anna Leigh
"Fri, Jan-06-2023","Ball State, Florida, Lindenwood",9.7500,,,9.8250,,A,West Virginia,31117,Kiana Lewis
"Fri, Jan-13-2023","Kent State, Maryland",9.8250,,,9.7750,,H,West Virginia,31117,Kiana Lewis
"Fri, Jan-20-2023","New Hampshire, Towson, West Chester",9.6750,,,9.8750,,A,West Virginia,31117,Kiana Lewis
"Sun, Jan-29-2023","Eastern Michigan, Iowa State, Towson",9.8250,,,9.9000,,H,West Virginia,31117,Kiana Lewis
"Fri, Feb-03-2023",Pittsburgh,9.7250,,,9.8000,,A,West Virginia,31117,Kiana Lewis
"Sun, Feb-12-2023",Denver,9.7500,,,9.8500,,A,West Virginia,31117,Kiana Lewis
"Sun, Feb-19-2023",Bowling Green,9.8000,,,9.9000,,H,West Virginia,31117,Kiana Lewis
"Fri, Feb-24-2023",Oklahoma,9.8000,,,9.7500,,A,West Virginia,31117,Kiana Lewis
"Sun, Feb-26-2023",Texas Woman's,9.8750,,,9.8250,,A,West Virginia,31117,Kiana Lewis
"Sun, Mar-05-2023","Central Michigan, Pittsburgh",9.9000,,,9.8750,,H,West Virginia,31117,Kiana Lewis
"Fri, Mar-10-2023",LSU,9.8500,,,9.9000,,A,West Virginia,31117,Kiana Lewis
"Sun, Mar-12-2023","Pennsylvania, Rutgers",9.7750,,,9.8250,,A,West Virginia,31117,Kiana Lewis
"Sat, Mar-18-2023","Denver, Iowa State, Oklahoma",9.9000,,,9.8500,,H,West Virginia,31117,Kiana Lewis
"Fri, Mar-31-2023",,9.7500,,,9.8000,,A,West Virginia,31117,Kiana Lewis
"Fri, Jan-06-2023","Ball State, Florida, Lindenwood",9.6750,,,,,A,West Virginia,32092,Carlee Nelson
"Fri, Jan-13-2023","Kent State, Maryland",9.7500,,9.6500,,,H,West Virginia,32092,Carlee Nelson
"Fri, Jan-20-2023","New Hampshire, Towson, West Chester",9.7250,,9.6500,,,A,West Virginia,32092,Carlee Nelson
"Sun, Jan-29-2023","Eastern Michigan, Iowa State, Towson",9.6750,,9.8750,,,H,West Virginia,32092,Carlee Nelson
"Fri, Feb-03-2023",Pittsburgh,9.6250,,8.3500,,,A,West Virginia,32092,Carlee Nelson
"Sat, Mar-18-2023","Denver, Iowa State, Oklahoma",,,9.6750,,,H,West Virginia,32092,Carlee Nelson
"Fri, Mar-31-2023",,,,9.8250,,,A,West Virginia,32092,Carlee Nelson
"Fri, Jan-06-2023","Ball State, Florida, Lindenwood",9.8000,9.0000,9.7000,9.8500,38.3500,A,West Virginia,30559,Abbie Pierson
"Fri, Jan-13-2023","Kent State, Maryland",9.7750,,9.7000,9.8250,,H,West Virginia,30559,Abbie Pierson
"Fri, Jan-20-2023","New Hampshire, Towson, West Chester",9.8500,,9.7750,9.8500,,A,West Virginia,30559,Abbie Pierson
"Sun, Jan-29-2023","Eastern Michigan, Iowa State, Towson",9.7750,,9.8000,9.8250,,H,West Virginia,30559,Abbie Pierson
"Fri, Feb-03-2023",Pittsburgh,9.6000,,9.7750,9.8250,,A,West Virginia,30559,Abbie Pierson
"Sun, Feb-12-2023",Denver,9.7500,,9.7000,9.8500,,A,West Virginia,30559,Abbie Pierson
"Sun, Feb-19-2023",Bowling Green,9.8500,,9.7750,9.9000,,H,West Virginia,30559,Abbie Pierson
"Fri, Feb-24-2023",Oklahoma,9.8250,,9.7750,9.8000,,A,West Virginia,30559,Abbie Pierson
"Sun, Feb-26-2023",Texas Woman's,9.9000,,9.2500,9.9000,,A,West Virginia,30559,Abbie Pierson
"Sun, Mar-05-2023","Central Michigan, Pittsburgh",9.9250,,9.8750,9.9250,,H,West Virginia,30559,Abbie Pierson
"Fri, Mar-10-2023",LSU,9.8000,,9.7750,9.8250,,A,West Virginia,30559,Abbie Pierson
"Sun, Mar-12-2023","Pennsylvania, Rutgers",9.9000,,9.8250,9.8250,,A,West Virginia,30559,Abbie Pierson
"Sat, Mar-18-2023","Denver, Iowa State, Oklahoma",9.8500,,9.8250,9.9000,,H,West Virginia,30559,Abbie Pierson
"Fri, Mar-31-2023",,9.8500,9.7000,9.7000,9.9000,39.1500,A,West Virginia,30559,Abbie Pierson
"Sun, Jan-29-2023","Eastern Michigan, Iowa State, Towson",,9.6500,,,,H,West Virginia,32095,Miranda Smith
"Fri, Feb-03-2023",Pittsburgh,,9.7750,,,,A,West Virginia,32095,Miranda Smith
"Sun, Feb-12-2023",Denver,,9.6750,,,,A,West Virginia,32095,Miranda Smith
"Sun, Feb-19-2023",Bowling Green,,8.9500,,,,H,West Virginia,32095,Miranda Smith
"Fri, Feb-24-2023",Oklahoma,,9.6500,,,,A,West Virginia,32095,Miranda Smith
"Sun, Feb-26-2023",Texas Woman's,,9.8000,,,,A,West Virginia,32095,Miranda Smith
"Sun, Mar-05-2023","Central Michigan, Pittsburgh",,9.7500,,,,H,West Virginia,32095,Miranda Smith
"Fri, Mar-10-2023",LSU,,9.7000,,,,A,West Virginia,32095,Miranda Smith
"Sun, Mar-12-2023","Pennsylvania, Rutgers",,9.7250,,,,A,West Virginia,32095,Miranda Smith
"Sat, Mar-18-2023","Denver, Iowa State, Oklahoma",,9.7250,,,,H,West Virginia,32095,Miranda Smith
"Fri, Mar-31-2023",,,9.7500,,,,A,West Virginia,32095,Miranda Smith
"Fri, Jan-06-2023","Ball State, Florida, Lindenwood",9.0500,,,,,A,West Virginia,32096,Emma Wehry
"Sun, Jan-29-2023","Eastern Michigan, Iowa State, Towson",9.8250,,,,,H,West Virginia,32096,Emma Wehry
"Fri, Feb-03-2023",Pittsburgh,9.7750,,,,,A,West Virginia,32096,Emma Wehry
"Sun, Feb-12-2023",Denver,9.6500,,,,,A,West Virginia,32096,Emma Wehry
"Sun, Feb-19-2023",Bowling Green,9.8750,,,,,H,West Virginia,32096,Emma Wehry
"Fri, Feb-24-2023",Oklahoma,9.7750,,9.7000,,,A,West Virginia,32096,Emma Wehry
"Sun, Feb-26-2023",Texas Woman's,9.9000,,9.8000,,,A,West Virginia,32096,Emma Wehry
"Sun, Mar-05-2023","Central Michigan, Pittsburgh",9.8750,,9.7500,,,H,West Virginia,32096,Emma Wehry
"Fri, Mar-10-2023",LSU,9.7500,,9.7250,,,A,West Virginia,32096,Emma Wehry
"Sun, Mar-12-2023","Pennsylvania, Rutgers",9.9000,,9.8000,,,A,West Virginia,32096,Emma Wehry
"Sat, Mar-18-2023","Denver, Iowa State, Oklahoma",9.8000,,8.9750,,,H,West Virginia,32096,Emma Wehry
"Fri, Mar-31-2023",,9.9000,,9.5500,,,A,West Virginia,32096,Emma Wehry
"Fri, Jan-06-2023","Ball State, Florida, Lindenwood",,9.5750,9.6750,9.8500,,A,West Virginia,30561,Kianna Yancey
"Fri, Jan-13-2023","Kent State, Maryland",9.8250,9.8000,9.7750,9.8500,39.2500,H,West Virginia,30561,Kianna Yancey
"Fri, Jan-20-2023","New Hampshire, Towson, West Chester",,9.8750,9.8500,9.8250,,A,West Virginia,30561,Kianna Yancey
"Sun, Jan-29-2023","Eastern Michigan, Iowa State, Towson",9.7500,9.8750,9.8500,9.9000,39.3750,H,West Virginia,30561,Kianna Yancey
"Fri, Feb-03-2023",Pittsburgh,,9.7500,9.8500,,,A,West Virginia,30561,Kianna Yancey
"Sun, Feb-12-2023",Denver,9.7000,9.8500,9.8250,9.7250,39.1000,A,West Virginia,30561,Kianna Yancey
"Sun, Feb-19-2023",Bowling Green,9.8500,9.7750,9.8500,9.9250,39.4000,H,West Virginia,30561,Kianna Yancey
"Fri, Feb-24-2023",Oklahoma,9.7500,9.7500,9.1000,9.7750,38.3750,A,West Virginia,30561,Kianna Yancey
"Sun, Feb-26-2023",Texas Woman's,9.7750,9.7750,9.8250,,,A,West Virginia,30561,Kianna Yancey
"Sun, Mar-05-2023","Central Michigan, Pittsburgh",9.8000,9.8500,9.9250,9.8750,39.4500,H,West Virginia,30561,Kianna Yancey
"Fri, Mar-10-2023",LSU,9.8500,9.8500,9.7000,9.8750,39.2750,A,West Virginia,30561,Kianna Yancey
"Sun, Mar-12-2023","Pennsylvania, Rutgers",9.7500,9.7750,9.8500,,,A,West Virginia,30561,Kianna Yancey
"Sat, Mar-18-2023","Denver, Iowa State, Oklahoma",9.7750,9.8000,9.8750,9.9000,39.3500,H,West Virginia,30561,Kianna Yancey
"Fri, Mar-31-2023",,9.8000,9.8500,9.7750,9.8250,39.2500,A,West Virginia,30561,Kianna Yancey
"Sun, Jan-08-2023","Illinois State, UW-Oshkosh",,,9.7250,9.6500,,H,Western Michigan,30562,Ronni Binstock
"Sun, Jan-15-2023",Illinois State,,,9.5000,,,A,Western Michigan,30562,Ronni Binstock
"Fri, Jan-20-2023",Bowling Green,9.7500,,9.8250,9.7750,,A,Western Michigan,30562,Ronni Binstock
"Sun, Jan-29-2023",Kent State,9.7000,,9.7250,9.8750,,A,Western Michigan,30562,Ronni Binstock
"Sat, Feb-04-2023","North Carolina, North Carolina State",,,9.6750,9.8500,,A,Western Michigan,30562,Ronni Binstock
"Sun, Feb-12-2023",Eastern Michigan,9.6750,,9.7500,9.9000,,H,Western Michigan,30562,Ronni Binstock
"Sun, Feb-19-2023",Central Michigan,9.7500,,9.8500,9.8750,,H,Western Michigan,30562,Ronni Binstock
"Fri, Feb-24-2023","Bowling Green, Fisk, George Washington, Ursinus College",9.6250,,9.2750,9.7000,,A,Western Michigan,30562,Ronni Binstock
"Sat, Mar-04-2023",Northern Illinois,9.7250,,9.8250,9.9250,,H,Western Michigan,30562,Ronni Binstock
"Sun, Mar-12-2023",Ball State,9.7750,,9.9000,9.9000,,A,Western Michigan,30562,Ronni Binstock
"Sat, Mar-18-2023",", Ball State, Bowling Green, Central Michigan, Eastern Michigan, Kent State, Northern Illinois",9.7250,,9.8500,9.8750,,A,Western Michigan,30562,Ronni Binstock
"Fri, Mar-31-2023",,9.7250,,9.6750,9.9000,,A,Western Michigan,30562,Ronni Binstock
"Sun, Jan-08-2023","Illinois State, UW-Oshkosh",9.7250,8.9750,,,,H,Western Michigan,31757,Halle Faulkner
"Sun, Jan-15-2023",Illinois State,9.8000,9.5750,,,,A,Western Michigan,31757,Halle Faulkner
"Fri, Jan-20-2023",Bowling Green,9.8250,9.7000,,,,A,Western Michigan,31757,Halle Faulkner
"Sun, Jan-29-2023",Kent State,9.8500,9.6000,,,,A,Western Michigan,31757,Halle Faulkner
"Sat, Feb-04-2023","North Carolina, North Carolina State",9.7750,8.8750,,,,A,Western Michigan,31757,Halle Faulkner
"Sun, Feb-12-2023",Eastern Michigan,9.8500,9.7500,,,,H,Western Michigan,31757,Halle Faulkner
"Sun, Feb-19-2023",Central Michigan,9.8000,9.7000,,,,H,Western Michigan,31757,Halle Faulkner
"Fri, Feb-24-2023","Bowling Green, Fisk, George Washington, Ursinus College",9.7750,9.8250,,,,A,Western Michigan,31757,Halle Faulkner
"Sat, Mar-04-2023",Northern Illinois,9.8250,9.8000,,,,H,Western Michigan,31757,Halle Faulkner
"Sun, Mar-12-2023",Ball State,9.7750,9.8000,,,,A,Western Michigan,31757,Halle Faulkner
"Sat, Mar-18-2023",", Ball State, Bowling Green, Central Michigan, Eastern Michigan, Kent State, Northern Illinois",9.7500,9.7750,,,,A,Western Michigan,31757,Halle Faulkner
"Fri, Mar-31-2023",,9.8250,9.7000,,,,A,Western Michigan,31757,Halle Faulkner
"Sun, Jan-08-2023","Illinois State, UW-Oshkosh",,,9.8250,,,H,Western Michigan,30563,Amanda Gruber
"Sun, Jan-15-2023",Illinois State,,,9.8500,9.8250,,A,Western Michigan,30563,Amanda Gruber
"Fri, Jan-20-2023",Bowling Green,,,9.8250,9.8500,,A,Western Michigan,30563,Amanda Gruber
"Sun, Jan-29-2023",Kent State,,,9.9000,,,A,Western Michigan,30563,Amanda Gruber
"Sat, Feb-04-2023","North Carolina, North Carolina State",,,9.7000,,,A,Western Michigan,30563,Amanda Gruber
"Sun, Feb-12-2023",Eastern Michigan,,,9.9000,9.5250,,H,Western Michigan,30563,Amanda Gruber
"Sun, Feb-19-2023",Central Michigan,,,9.8750,,,H,Western Michigan,30563,Amanda Gruber
"Fri, Feb-24-2023","Bowling Green, Fisk, George Washington, Ursinus College",,,9.9000,,,A,Western Michigan,30563,Amanda Gruber
"Sat, Mar-04-2023",Northern Illinois,,,9.9250,,,H,Western Michigan,30563,Amanda Gruber
"Sun, Mar-12-2023",Ball State,,,9.8750,,,A,Western Michigan,30563,Amanda Gruber
"Sat, Mar-18-2023",", Ball State, Bowling Green, Central Michigan, Eastern Michigan, Kent State, Northern Illinois",,,9.8750,,,A,Western Michigan,30563,Amanda Gruber
"Fri, Mar-31-2023",,,,9.9000,,,A,Western Michigan,30563,Amanda Gruber
"Sun, Jan-08-2023","Illinois State, UW-Oshkosh",9.6500,9.8500,9.6500,9.5250,38.6750,H,Western Michigan,31119,Sarah Moravansky
"Sun, Jan-15-2023",Illinois State,9.7000,9.7500,9.7250,9.6500,38.8250,A,Western Michigan,31119,Sarah Moravansky
"Fri, Jan-20-2023",Bowling Green,9.8500,9.8000,9.0750,,,A,Western Michigan,31119,Sarah Moravansky
"Sun, Jan-29-2023",Kent State,9.7750,9.8500,9.8500,9.7500,39.2250,A,Western Michigan,31119,Sarah Moravansky
"Sat, Feb-04-2023","North Carolina, North Carolina State",9.7750,9.8000,9.7750,9.7750,39.1250,A,Western Michigan,31119,Sarah Moravansky
"Sun, Feb-12-2023",Eastern Michigan,9.8250,9.9000,9.7500,9.8500,39.3250,H,Western Michigan,31119,Sarah Moravansky
"Sun, Feb-19-2023",Central Michigan,9.8250,9.8500,9.9000,9.5250,39.1000,H,Western Michigan,31119,Sarah Moravansky
"Fri, Feb-24-2023","Bowling Green, Fisk, George Washington, Ursinus College",9.8500,9.9000,9.7750,9.8250,39.3500,A,Western Michigan,31119,Sarah Moravansky
"Sat, Mar-04-2023",Northern Illinois,9.8250,9.8750,9.9000,9.6500,39.2500,H,Western Michigan,31119,Sarah Moravansky
"Sun, Mar-12-2023",Ball State,9.8250,9.8750,9.8250,9.6000,39.1250,A,Western Michigan,31119,Sarah Moravansky
"Sat, Mar-18-2023",", Ball State, Bowling Green, Central Michigan, Eastern Michigan, Kent State, Northern Illinois",9.8500,9.3750,8.2500,9.8250,37.3000,A,Western Michigan,31119,Sarah Moravansky
"Fri, Mar-31-2023",,9.8250,9.7250,9.1500,9.8000,38.5000,A,Western Michigan,31119,Sarah Moravansky
"Sun, Jan-08-2023","Illinois State, UW-Oshkosh",9.6000,,9.7750,9.8500,,H,Western Michigan,30565,Payton Murphy
"Sun, Jan-15-2023",Illinois State,9.7250,9.5500,9.8000,9.8250,38.9000,A,Western Michigan,30565,Payton Murphy
"Fri, Jan-20-2023",Bowling Green,9.8250,9.8250,9.8750,9.8750,39.4000,A,Western Michigan,30565,Payton Murphy
"Sun, Jan-29-2023",Kent State,9.8250,9.8750,9.2500,9.9000,38.8500,A,Western Michigan,30565,Payton Murphy
"Sat, Feb-04-2023","North Carolina, North Carolina State",9.8250,9.8250,9.7750,9.9250,39.3500,A,Western Michigan,30565,Payton Murphy
"Sun, Feb-12-2023",Eastern Michigan,9.8000,9.8750,9.8500,9.9750,39.5000,H,Western Michigan,30565,Payton Murphy
"Sun, Feb-19-2023",Central Michigan,9.7750,9.8500,9.8000,9.9000,39.3250,H,Western Michigan,30565,Payton Murphy
"Fri, Feb-24-2023","Bowling Green, Fisk, George Washington, Ursinus College",9.8500,9.8500,9.9000,9.9250,39.5250,A,Western Michigan,30565,Payton Murphy
"Sat, Mar-04-2023",Northern Illinois,9.8500,9.8750,9.9000,9.9250,39.5500,H,Western Michigan,30565,Payton Murphy
"Sun, Mar-12-2023",Ball State,9.8250,9.8500,9.9250,9.8750,39.4750,A,Western Michigan,30565,Payton Murphy
"Sat, Mar-18-2023",", Ball State, Bowling Green, Central Michigan, Eastern Michigan, Kent State, Northern Illinois",9.8000,9.8500,9.8250,9.9500,39.4250,A,Western Michigan,30565,Payton Murphy
"Fri, Mar-31-2023",,9.8000,9.8250,9.9000,9.9250,39.4500,A,Western Michigan,30565,Payton Murphy
"Sun, Jan-08-2023","Illinois State, UW-Oshkosh",9.7250,9.8000,9.5750,9.8500,38.9500,H,Western Michigan,31120,Dani Petrousek
"Sun, Jan-15-2023",Illinois State,9.6000,9.5500,9.3750,9.6250,38.1500,A,Western Michigan,31120,Dani Petrousek
"Fri, Jan-20-2023",Bowling Green,,9.7000,9.7250,9.4750,,A,Western Michigan,31120,Dani Petrousek
"Sun, Jan-29-2023",Kent State,9.7250,9.7250,9.7750,9.7500,38.9750,A,Western Michigan,31120,Dani Petrousek
"Sat, Feb-04-2023","North Carolina, North Carolina State",9.6750,9.8000,9.7500,9.8000,39.0250,A,Western Michigan,31120,Dani Petrousek
"Sun, Feb-12-2023",Eastern Michigan,9.6500,9.7750,9.7000,9.9000,39.0250,H,Western Michigan,31120,Dani Petrousek
"Sun, Feb-19-2023",Central Michigan,,9.8000,9.7750,9.8000,,H,Western Michigan,31120,Dani Petrousek
"Fri, Feb-24-2023","Bowling Green, Fisk, George Washington, Ursinus College",,9.0750,9.7500,9.8500,,A,Western Michigan,31120,Dani Petrousek
"Sat, Mar-04-2023",Northern Illinois,,9.8250,9.7500,9.8750,,H,Western Michigan,31120,Dani Petrousek
"Sun, Mar-12-2023",Ball State,,9.9000,9.8000,9.8750,,A,Western Michigan,31120,Dani Petrousek
"Sat, Mar-18-2023",", Ball State, Bowling Green, Central Michigan, Eastern Michigan, Kent State, Northern Illinois",9.7000,9.8250,9.7000,9.8500,39.0750,A,Western Michigan,31120,Dani Petrousek
"Fri, Mar-31-2023",,,9.7500,9.6500,9.8250,,A,Western Michigan,31120,Dani Petrousek
"Sun, Jan-08-2023","Illinois State, UW-Oshkosh",,9.8250,,,,H,Western Michigan,31121,Breckin Quoss
"Sat, Mar-04-2023",Northern Illinois,,9.5500,,,,H,Western Michigan,31121,Breckin Quoss
"Sat, Mar-18-2023",", Ball State, Bowling Green, Central Michigan, Eastern Michigan, Kent State, Northern Illinois",,9.6750,,,,A,Western Michigan,31121,Breckin Quoss
"Sun, Jan-08-2023","Illinois State, UW-Oshkosh",,9.7000,,9.8750,,H,Western Michigan,31760,DonnaKathryn Roy
"Sun, Jan-15-2023",Illinois State,,9.0250,,9.7750,,A,Western Michigan,31760,DonnaKathryn Roy
"Fri, Jan-20-2023",Bowling Green,,9.7750,,9.8000,,A,Western Michigan,31760,DonnaKathryn Roy
"Sun, Jan-29-2023",Kent State,,9.7000,,9.7500,,A,Western Michigan,31760,DonnaKathryn Roy
"Sat, Feb-04-2023","North Carolina, North Carolina State",,9.6250,,9.7000,,A,Western Michigan,31760,DonnaKathryn Roy
"Sun, Feb-12-2023",Eastern Michigan,,9.8000,,,,H,Western Michigan,31760,DonnaKathryn Roy
"Sun, Feb-19-2023",Central Michigan,,9.8250,,9.8750,,H,Western Michigan,31760,DonnaKathryn Roy
"Fri, Feb-24-2023","Bowling Green, Fisk, George Washington, Ursinus College",,9.9000,,9.7750,,A,Western Michigan,31760,DonnaKathryn Roy
"Sat, Mar-04-2023",Northern Illinois,,9.8000,,9.9000,,H,Western Michigan,31760,DonnaKathryn Roy
"Sun, Mar-12-2023",Ball State,,9.8000,,9.8250,,A,Western Michigan,31760,DonnaKathryn Roy
"Sat, Mar-18-2023",", Ball State, Bowling Green, Central Michigan, Eastern Michigan, Kent State, Northern Illinois",,9.3500,,9.8250,,A,Western Michigan,31760,DonnaKathryn Roy
"Fri, Mar-31-2023",,,9.7000,,9.8750,,A,Western Michigan,31760,DonnaKathryn Roy
"Sun, Jan-08-2023","Illinois State, UW-Oshkosh",9.4500,9.7000,,,,H,Western Michigan,31762,Abby Singh
"Sun, Jan-15-2023",Illinois State,9.7750,9.6250,,,,A,Western Michigan,31762,Abby Singh
"Fri, Jan-20-2023",Bowling Green,9.7750,9.7250,,,,A,Western Michigan,31762,Abby Singh
"Sun, Jan-29-2023",Kent State,9.5250,9.7750,,,,A,Western Michigan,31762,Abby Singh
"Sat, Feb-04-2023","North Carolina, North Carolina State",9.4000,9.7500,,,,A,Western Michigan,31762,Abby Singh
"Sun, Feb-12-2023",Eastern Michigan,,9.7500,,,,H,Western Michigan,31762,Abby Singh
"Sun, Feb-19-2023",Central Michigan,9.8250,9.8000,,,,H,Western Michigan,31762,Abby Singh
"Fri, Feb-24-2023","Bowling Green, Fisk, George Washington, Ursinus College",9.7000,9.8500,,,,A,Western Michigan,31762,Abby Singh
"Sat, Mar-04-2023",Northern Illinois,9.8250,,,,,H,Western Michigan,31762,Abby Singh
"Sun, Mar-12-2023",Ball State,9.1250,9.7750,,,,A,Western Michigan,31762,Abby Singh
"Fri, Mar-31-2023",,9.7500,9.7250,,,,A,Western Michigan,31762,Abby Singh
"Sun, Jan-08-2023","Illinois State, UW-Oshkosh",,,9.7250,,,H,Western Michigan,31763,Gigi Singh
"Sun, Jan-15-2023",Illinois State,,,9.0000,,,A,Western Michigan,31763,Gigi Singh
"Fri, Jan-20-2023",Bowling Green,,,9.7250,,,A,Western Michigan,31763,Gigi Singh
"Sun, Jan-29-2023",Kent State,,,8.8250,,,A,Western Michigan,31763,Gigi Singh
"Sat, Feb-04-2023","North Carolina, North Carolina State",,,9.6000,,,A,Western Michigan,31763,Gigi Singh
"Sun, Feb-12-2023",Eastern Michigan,,,9.7750,,,H,Western Michigan,31763,Gigi Singh
"Sun, Feb-19-2023",Central Michigan,,,9.7500,,,H,Western Michigan,31763,Gigi Singh
"Fri, Feb-24-2023","Bowling Green, Fisk, George Washington, Ursinus College",,,9.8250,,,A,Western Michigan,31763,Gigi Singh
"Sat, Mar-04-2023",Northern Illinois,,,9.8250,,,H,Western Michigan,31763,Gigi Singh
"Sun, Mar-12-2023",Ball State,,,8.2250,,,A,Western Michigan,31763,Gigi Singh
"Sat, Mar-18-2023",", Ball State, Bowling Green, Central Michigan, Eastern Michigan, Kent State, Northern Illinois",,,9.7250,,,A,Western Michigan,31763,Gigi Singh
"Fri, Mar-31-2023",,,,9.8250,,,A,Western Michigan,31763,Gigi Singh
"Sun, Jan-08-2023","Illinois State, UW-Oshkosh",9.8500,,,9.0250,,H,Western Michigan,31764,Cassie St. Clair
"Sun, Jan-15-2023",Illinois State,9.7000,,,9.7750,,A,Western Michigan,31764,Cassie St. Clair
"Fri, Jan-20-2023",Bowling Green,9.8000,,,9.7500,,A,Western Michigan,31764,Cassie St. Clair
"Sun, Jan-29-2023",Kent State,,,,9.8500,,A,Western Michigan,31764,Cassie St. Clair
"Sat, Feb-04-2023","North Carolina, North Carolina State",9.8250,,,9.8250,,A,Western Michigan,31764,Cassie St. Clair
"Sun, Feb-12-2023",Eastern Michigan,9.8000,,,9.9000,,H,Western Michigan,31764,Cassie St. Clair
"Sun, Feb-19-2023",Central Michigan,9.8500,,,9.9000,,H,Western Michigan,31764,Cassie St. Clair
"Fri, Feb-24-2023","Bowling Green, Fisk, George Washington, Ursinus College",9.8000,,,9.9000,,A,Western Michigan,31764,Cassie St. Clair
"Sat, Mar-04-2023",Northern Illinois,9.9250,,,9.6750,,H,Western Michigan,31764,Cassie St. Clair
"Sun, Mar-12-2023",Ball State,9.8250,,,9.9000,,A,Western Michigan,31764,Cassie St. Clair
"Sat, Mar-18-2023",", Ball State, Bowling Green, Central Michigan, Eastern Michigan, Kent State, Northern Illinois",9.8000,,,9.9000,,A,Western Michigan,31764,Cassie St. Clair
"Fri, Mar-31-2023",,9.9000,,,9.8750,,A,Western Michigan,31764,Cassie St. Clair
