Event,homeaway_factor
BB,0.0030107663283892687
FX,0.04167165940450266
UB,0.026660305343511402
VT,0.006358953886898356
AA,0.07770168496330168
